latitude,longitude,state,district,label,elevation
23.789749,93.035667,Mizoram,Aizawl,1,523.0
27.154889,88.493194,Sikkim,South Sikkim,1,1104.0
25.21112,92.999782,Assam,Dima Hasao,1,310.0
25.87416938336412,95.04800289717063,,,0,2236.0
23.442118,92.868912,Mizoram,Serchhip,1,794.0
23.710517,93.058403,Mizoram,Champhai,1,1071.0
25.6592756110367,91.78100558242204,,,0,969.0
22.84553,92.79944,Mizoram,Lunglei,1,1299.0
24.23782,92.612062,Mizoram,Kolasib,1,185.0
28.432550803973918,94.943384328276,,,0,1021.0
26.00561866077803,94.10887737105546,,,0,408.0
24.53080220747538,92.25004449741756,,,0,25.0
23.71138889,92.72444444,Mizoram,Aizawl,1,924.0
27.370861,88.683167,Sikkim,East Sikkim,1,2720.0
25.77601111,94.03071389,Nagaland,Kohima,1,581.0
23.53944444,92.65888889,Mizoram,Aizawl,1,552.0
25.942919523743956,91.65789062071164,,,0,453.0
26.36080722195623,93.8403402969708,,,0,145.0
23.20960722,93.13104722,Mizoram,Aizawl,1,911.0
25.00432539359104,93.88519277138332,,,0,1066.0
24.309861,94.234639,Manipur,Tengnoupal,1,534.0
27.70510472878508,91.61132101114038,,,0,3923.0
23.6935,92.570306,Mizoram,Mamit,1,960.0
25.822962770525194,93.87858496867108,,,0,698.0
25.549219786708303,94.04793426309126,,,0,2657.0
23.4807,92.7025,Mizoram,Aizawl,1,997.0
27.083160803961253,95.87473037487688,,,0,910.0
24.935611,93.654444,Manipur,Noney,1,472.0
25.451606810320865,93.91664576841912,,,0,1842.0
23.98693405381344,94.12010914087222,,,0,516.0
26.991078639055285,88.41341040512539,,,0,408.0
25.265492,94.098872,Manipur,Senapati,1,1202.0
25.301781796977824,90.81233657053438,,,0,591.0
22.77655192949201,92.76111829494,,,0,403.0
25.593778,94.822389,Nagaland,Phek,1,1381.0
22.006819995706383,92.50916702874706,,,0,437.0
24.09109,92.795724,Mizoram,Aizawl,1,923.0
24.64175,93.623222,Manipur,Noney,1,518.0
24.414992,92.241894,Tripura,North Tripura,1,61.0
28.06412065509868,94.46184098784676,,,0,872.0
26.16032911666604,94.7267048939192,,,0,2142.0
24.268528,94.103861,Manipur,Chandel,1,1269.0
27.046063990906337,88.60258121873768,,,0,1325.0
27.206611,88.442814,Sikkim,South Sikkim,1,1315.0
23.61972222,92.72527778,Mizoram,Aizawl,1,818.0
24.544361,93.674917,Manipur,Churachandpur,1,1052.0
23.50651919460667,93.41956747660974,,,0,1239.0
25.423400790205516,93.93573990451712,,,0,1482.0
25.137,93.04,Assam,Dima Hasao,1,639.0
27.388488633491,88.06890831626289,,,0,3200.0
25.853019915344976,93.8694900483884,,,0,163.0
27.315028,88.558611,Sikkim,East Sikkim,1,1233.0
25.019139,94.332472,Manipur,Ukhrul,1,1422.0
26.027539424967355,92.5913089237298,,,0,98.0
25.075567,92.363317,Meghalaya,East Jaintia Hills,1,168.0
27.270056,88.430139,Sikkim,South Sikkim,1,479.0
26.069722,94.223444,Nagaland,Wokha,1,1048.0
25.490961,92.070397,Meghalaya,West Jaintia Hills,1,1233.0
27.429556,88.611667,Sikkim,North Sikkim,1,1525.0
26.941840534496876,92.55243663633564,,,0,128.0
28.101031,95.282364,Arunachal Pradesh,East Siang,1,188.0
26.16297,91.7059,Assam,Kamrup,1,203.0
27.065789434691904,88.65628613381502,,,0,1766.0
25.380940539249465,92.89989624743248,,,0,442.0
25.679981175327782,93.4515708030748,,,0,265.0
27.083117,93.601735,Arunachal Pradesh,Papum Pare,1,240.0
22.882607,92.837952,Mizoram,Lunglei,1,609.0
24.416167,94.176167,Manipur,Tengnoupal,1,1330.0
25.314371217518005,92.44168154780172,,,0,996.0
24.37,92.81,Mizoram,Kolasib,1,224.0
23.618316,93.342403,Mizoram,Champhai,1,1522.0
25.23435214495209,92.74171687917584,,,0,1176.0
23.299407,92.696714,Mizoram,Serchhip,1,361.0
26.2748936506235,92.30848635038672,,,0,62.0
22.53113351010163,93.1448172908904,,,0,687.0
26.227500176295216,94.348906389602,,,0,652.0
28.87635937412684,95.004971932161,,,0,2065.0
27.242917,88.354417,Sikkim,South Sikkim,1,1610.0
28.28203611161517,95.43936218248676,,,0,1150.0
27.22920631462664,88.87414320040325,,,0,2922.0
24.0,93.99,Manipur,Chandel,1,1097.0
25.233583169254665,93.92528215682243,,,0,1789.0
23.853333,93.12458,Mizoram,Aizawl,1,300.0
25.55860286476669,93.52373534635164,,,0,305.0
23.134961,92.747843,Mizoram,Lunglei,1,851.0
23.305323,92.852358,Mizoram,Serchhip,1,1070.0
26.43689391886413,93.97954436732968,,,0,108.0
25.80344,94.399158,Nagaland,Phek,1,1803.0
26.109167,94.116167,Nagaland,Wokha,1,659.0
26.037672,94.572023,Nagaland,Zunheboto,1,1073.0
25.760111,94.366528,Nagaland,Phek,1,1715.0
23.688389,92.595583,Mizoram,Mamit,1,1122.0
25.667,94.094,Nagaland,Kohima,1,1328.0
25.758944,94.078028,Nagaland,Kohima,1,1189.0
23.336389,93.074722,Mizoram,Champhai,1,1140.0
23.1057,93.20275278,Mizoram,Aizawl,1,1154.0
27.686389,88.73875,Sikkim,North Sikkim,1,2658.0
25.15398187,93.02361022,Assam,Dima Hasao,1,611.0
25.85442778,94.15844444,Nagaland,Kohima,1,1532.0
26.985025577149337,93.71821262293264,,,0,102.0
23.461111,93.320472,Mizoram,Champhai,1,1324.0
27.837612776239983,91.914710742872,,,0,4817.0
28.92359997163988,95.70384120640595,,,0,2319.0
23.26125,93.337222,Mizoram,Champhai,1,1358.0
28.374471382053216,95.53352360763049,,,0,1920.0
24.401865707210227,93.21177560623012,,,0,154.0
23.805927687741228,91.45433473209724,,,0,55.0
25.36153137193753,94.69051788686927,,,0,1782.0
24.804167,93.471667,Manipur,Noney,1,544.0
27.093278,88.457444,Sikkim,South Sikkim,1,302.0
26.921503453066343,93.67783480334664,,,0,81.0
26.943433,95.385986,Arunachal Pradesh,Tirap,1,511.0
23.7885,93.024666,Mizoram,Aizawl,1,515.0
25.98760861490206,91.35312038129172,,,0,315.0
23.744028,92.698861,Mizoram,Aizawl,1,907.0
23.46025,93.01125,Mizoram,Serchhip,1,1441.0
23.62783838284804,92.16424015776948,,,0,142.0
24.55205833,93.25569167,Mizoram,Kolasib,1,235.0
24.51950468712859,94.03088653557344,,,0,842.0
25.037175245227942,93.34825438321612,,,0,362.0
28.118474309709995,96.33671439518942,,,0,1767.0
23.1617312239902,93.42551157458487,,,0,1106.0
23.9703338610689,92.5849008760903,,,0,528.0
24.97081509109548,94.31092993381526,,,0,926.0
23.151191,92.747211,Mizoram,Lunglei,1,897.0
25.081295549846047,92.16932450310397,,,0,36.0
23.00636736502991,92.35285670619444,,,0,44.0
27.540315638781568,93.81488848864473,,,0,1569.0
26.17108374173181,93.94071626161558,,,0,117.0
26.952846719529965,93.37768086516232,,,0,164.0
24.099117,92.916676,Mizoram,Aizawl,1,809.0
23.456613,93.006652,Mizoram,Serchhip,1,1411.0
26.131539534144277,92.38024177333932,,,0,133.0
25.210615989069534,92.45353197969789,,,0,570.0
26.173917,95.025556,Nagaland,Noklak,1,873.0
27.613444,88.656528,Sikkim,North Sikkim,1,1759.0
22.381001,92.978996,Mizoram,Saiha,1,708.0
23.54555556,92.72111111,Mizoram,Aizawl,1,808.0
26.899347986588754,92.54046591234923,,,0,118.0
28.409419103254905,96.02805116915432,,,0,1890.0
23.35040882279481,92.57039466175604,,,0,522.0
28.25721807016361,95.67750126649416,,,0,279.0
24.48982222200067,94.38411931091646,,,0,274.0
23.66030556,92.67244444,Mizoram,Aizawl,1,1016.0
26.428,94.668611,Nagaland,Mokokchung,1,1317.0
23.695444,92.861667,Mizoram,Aizawl,1,936.0
24.983806,93.497528,Manipur,Tamenglong,1,1156.0
26.117111,92.441028,Assam,Nagaon,1,184.0
25.22122760616063,94.70583580968344,,,0,1616.0
25.373121289751012,91.33489482670356,,,0,1479.0
25.22070956975064,92.9116245098461,,,0,785.0
22.916008,92.927841,Mizoram,Lunglei,1,439.0
24.42557586220809,93.69484806179888,,,0,870.0
25.669,94.051,Nagaland,Kohima,1,1402.0
23.200475,92.735007,Mizoram,Lunglei,1,749.0
26.95129686075131,88.52820461350547,,,0,468.0
23.084343,92.898597,Mizoram,Hnahthial,1,767.0
25.529,93.87,Manipur,Senapati,1,1596.0
23.720417,92.695667,Mizoram,Aizawl,1,911.0
23.53027778,92.69666667,Mizoram,Aizawl,1,832.0
23.586826653678543,92.00682049682464,,,0,115.0
25.205307,91.755686,Meghalaya,East Khasi Hills,1,439.0
26.195306,91.765639,Assam,Kamrup,1,85.0
27.48123095179095,88.37565575090946,,,0,3149.0
25.52659428034715,92.65662639628952,,,0,784.0
23.0287672691251,92.42745254754666,,,0,389.0
23.038630904845377,92.45462626809552,,,0,232.0
25.536,94.236,Nagaland,Phek,1,1737.0
25.3331009562684,94.60326937026711,,,0,1843.0
24.477126,92.205369,Tripura,North Tripura,1,32.0
28.259524,95.780336,Arunachal Pradesh,Lower Dibang Valley,1,661.0
24.37,92.86,Mizoram,Kolasib,1,292.0
23.99,93.94,Manipur,Chandel,1,1595.0
25.185889,94.520944,Manipur,Ukhrul,1,1441.0
23.76861111,92.85138889,Mizoram,Aizawl,1,772.0
23.059174,93.276033,Mizoram,Champhai,1,1391.0
24.911722,93.484361,Manipur,Tamenglong,1,1191.0
24.6108716524581,93.51927816664028,,,0,984.0
26.507639,94.688222,Nagaland,Mokokchung,1,422.0
25.3647358238454,92.92465394495332,,,0,259.0
25.687056,91.6485,Meghalaya,West Khasi Hills,1,1139.0
24.15,93.58,Manipur,Churachandpur,1,1003.0
24.107649795493277,92.71818041330329,,,0,191.0
24.789917,93.459806,Manipur,Noney,1,527.0
23.130578,92.743046,Mizoram,Lunglei,1,779.0
25.441081928237157,94.42798635766172,,,0,1078.0
25.311778,91.917528,Meghalaya,East Khasi Hills,1,1161.0
24.030876106851743,94.18618238673064,,,0,359.0
25.17455196887192,90.73701390283912,,,0,127.0
27.103111,88.402722,Sikkim,South Sikkim,1,913.0
25.581822,91.189944,Meghalaya,West Khasi Hills,1,1249.0
25.13636174506654,93.21464809526417,,,0,1258.0
25.391265,91.884164,Meghalaya,East Khasi Hills,1,1268.0
23.870583,93.095444,Mizoram,Aizawl,1,575.0
25.649856,91.154383,Meghalaya,West Khasi Hills,1,1161.0
25.52366560248625,93.26291905583494,,,0,556.0
23.911194692094647,92.59826137363962,,,0,488.0
23.063838,92.769004,Mizoram,Lunglei,1,897.0
24.73,93.15,Manipur,Jiribam,1,43.0
24.435198521883795,91.98170648169044,,,0,23.0
27.086905196206256,95.23443858602784,,,0,115.0
25.569222,91.217222,Meghalaya,West Khasi Hills,1,1293.0
25.669,94.114,Nagaland,Kohima,1,1348.0
24.979245971129483,91.911032182248,,,0,21.0
27.161,88.094306,Sikkim,West Sikkim,1,2159.0
24.5,92.77,Mizoram,Kolasib,1,115.0
23.98472222,92.68138889,Mizoram,Kolasib,1,454.0
23.2029,92.7369,Mizoram,Lunglei,1,786.0
26.57625,95.095842,Nagaland,Mon,1,1438.0
23.770936993130853,92.43626029646629,,,0,293.0
27.58816101421654,93.90712367913274,,,0,2411.0
27.06577432548437,88.54105174760201,,,0,1021.0
27.179034171517497,93.9891984731542,,,0,97.0
25.678,94.101,Nagaland,Kohima,1,1273.0
23.59055556,92.71611111,Mizoram,Aizawl,1,774.0
27.264246391662088,96.41104315396176,,,0,999.0
27.236139,93.715694,Arunachal Pradesh,Papum Pare,1,419.0
25.92044762634069,91.09773688264372,,,0,63.0
28.730189819938456,96.01588764508593,,,0,3476.0
27.151268397180896,95.62105570524596,,,0,835.0
23.9,92.39,Mizoram,Mamit,1,207.0
26.6470784839746,94.89334364717593,,,0,367.0
23.14968,92.749277,Mizoram,Lunglei,1,912.0
27.98333,96.40433,Arunachal Pradesh,Anjaw,1,390.0
26.235278,94.215556,Nagaland,Wokha,1,415.0
28.085275034038148,93.49755746382516,,,0,2128.0
25.940703,94.750969,Nagaland,Kiphire,1,1970.0
26.058972,93.406972,Assam,Karbi Anglong,1,335.0
23.5975,92.81388889,Mizoram,Aizawl,1,568.0
25.659,94.107,Nagaland,Kohima,1,1406.0
24.215868,92.802452,Mizoram,Aizawl,1,694.0
26.07411331513176,94.82980664662358,,,0,1166.0
24.94415720838589,92.27757604201862,,,0,15.0
28.12156461580468,95.6908486009082,,,0,188.0
22.01764635212625,93.18264251740744,,,0,1458.0
24.82375,93.523861,Manipur,Tamenglong,1,417.0
28.910292524798272,95.59263267133228,,,0,3295.0
22.47,92.63,Mizoram,Lawngtlai,1,88.0
27.113811135942875,96.02724030420627,,,0,1010.0
28.28700099283207,95.42317264326287,,,0,1151.0
25.317455726593177,94.6481013279524,,,0,1414.0
25.14965,92.214519,Meghalaya,East Jaintia Hills,1,65.0
26.130417,94.138889,Nagaland,Wokha,1,574.0
26.150578,94.602548,Nagaland,Zunheboto,1,1713.0
26.015316791148496,92.71350332671696,,,0,68.0
26.022833,92.274028,Assam,West Karbi Anglong,1,283.0
25.13486111,92.382,Meghalaya,Jaintia Hills,1,188.0
25.28743134437641,93.7712022461768,,,0,1680.0
24.887612555159887,93.30276652539696,,,0,586.0
23.838404669663017,91.97233394954834,,,0,128.0
24.108313390650235,94.25529992496502,,,0,193.0
27.29975,88.419778,Sikkim,South Sikkim,1,1330.0
27.89846086468553,93.31270135819112,,,0,1027.0
23.473361,93.222167,Mizoram,Champhai,1,1048.0
25.686,94.043,Nagaland,Kohima,1,1003.0
27.381306,88.690444,Sikkim,East Sikkim,1,3090.0
25.86742165572603,91.68678336898846,,,0,566.0
25.19358012047285,91.29658078972076,,,0,21.0
25.59918706441921,91.10247431677234,,,0,964.0
28.87174973366287,94.6939831506994,,,0,1444.0
23.225542,92.798363,Mizoram,Lunglei,1,979.0
22.986418,92.999901,Mizoram,Lunglei,1,1214.0
25.03257058011176,91.81596448939705,,,0,19.0
23.164812,92.743396,Mizoram,Lunglei,1,800.0
24.23777778,92.95583333,Mizoram,Aizawl,1,664.0
27.261342910349164,92.5923595833282,,,0,2019.0
22.711,92.839996,Mizoram,Lunglei,1,744.0
24.13197230836498,93.16945767513668,,,0,1046.0
22.739346696888763,92.913491728774,,,0,333.0
25.390356713092267,91.32324752860616,,,0,1503.0
27.38614715736516,95.7261584322171,,,0,168.0
27.50634587057837,93.66784031453255,,,0,1041.0
25.136047,92.222064,Meghalaya,East Jaintia Hills,1,156.0
25.75297778,91.88535278,Meghalaya,Ri-Bhoi,1,821.0
28.265836,95.563875,Arunachal Pradesh,Lower Dibang Valley,1,497.0
23.78,92.36,Mizoram,Mamit,1,713.0
26.05393345025925,92.36930831152522,,,0,422.0
24.98380127886348,91.74369164514916,,,0,10.0
26.785222,95.070556,Nagaland,Mon,1,914.0
27.025440611939107,88.31265177577286,,,0,2065.0
28.634732214652995,95.41035153596135,,,0,2544.0
24.07508144935658,92.71895028177089,,,0,171.0
24.3225,94.23361,Manipur,Chandel,1,417.0
23.84777778,92.83694444,Mizoram,Aizawl,1,376.0
24.171224993610515,93.68257430304502,,,0,1106.0
22.5,92.68,Mizoram,Lawngtlai,1,931.0
27.79149767597789,93.80715865792214,,,0,867.0
24.201154,92.944079,Mizoram,Aizawl,1,584.0
26.816351798202938,94.2446609561766,,,0,88.0
28.763802,95.868513,Arunachal Pradesh,Dibang Valley,1,1319.0
26.987652130390924,93.86562149060772,,,0,85.0
27.339806,88.227361,Sikkim,West Sikkim,1,1192.0
25.050694,94.555139,Manipur,Ukhrul,1,1707.0
27.31739447484409,88.9493090292304,,,0,4196.0
24.18566111,93.53935278,Mizoram,Aizawl,1,673.0
24.2025406498892,94.3229735429331,,,0,169.0
26.60358,93.481,Assam,Karbi Anglong,1,106.0
27.405445840248976,88.87055019176871,,,0,3947.0
27.03130117150746,88.32257842172731,,,0,1806.0
24.577151438294727,94.2467252827126,,,0,797.0
26.19330556,91.77725,Assam,Kamrup (Metro),1,172.0
27.26525,88.789556,Sikkim,East Sikkim,1,3567.0
27.206917,92.537667,Arunachal Pradesh,West Kameng,1,1227.0
23.04542856124686,93.4663828600392,,,0,1003.0
22.834258764224337,93.40239768821964,,,0,958.0
24.962970175461948,93.32518305939612,,,0,283.0
26.840694,95.080333,Nagaland,Mon,1,290.0
26.40653,94.95814,Nagaland,Mon,1,661.0
27.498485872879044,88.35472878385329,,,0,3799.0
25.455128711782933,94.43737448455283,,,0,1085.0
23.56952,93.100523,Mizoram,Champhai,1,639.0
28.22408,96.55872,Arunachal Pradesh,Anjaw,1,1642.0
25.68611667,94.04302778,Nagaland,Kohima,1,1003.0
23.927951732751204,93.89658211519402,,,0,1511.0
26.908126884608592,95.71822367112009,,,0,1494.0
25.84494,92.61514,Assam,West Karbi Anglong,1,322.0
28.704861670035218,95.82976462501618,,,0,1180.0
25.28090556,91.36584722,Meghalaya,South West Khasi Hills,1,993.0
24.35137778,93.34095556,Mizoram,Kolasib,1,315.0
24.18131232087966,92.1896878467324,,,0,84.0
27.76346114082328,88.62615219607656,,,0,4115.0
27.21773067116459,94.00851097845064,,,0,100.0
26.308690164501023,91.93245724572488,,,0,57.0
25.379443861362137,91.3473309527077,,,0,1508.0
23.255426,92.890915,Mizoram,Serchhip,1,838.0
27.58987677552978,96.62374989734056,,,0,1845.0
24.99596818190953,91.29328267842943,,,0,9.0
26.01061,91.86886,Meghalaya,Ri-Bhoi,1,342.0
26.380896284423397,95.09070578509694,,,0,2295.0
24.675210753262206,93.39232471337714,,,0,707.0
26.766762077144367,92.443472937077,,,0,97.0
27.71295118778576,92.9179246652639,,,0,2420.0
25.386353306548,93.99466111610876,,,0,1443.0
25.469025818478748,94.73547422476636,,,0,2032.0
23.27003462610563,92.40153115210109,,,0,109.0
24.753524777837843,93.844878864142,,,0,772.0
25.146994617514245,92.46915746944852,,,0,220.0
26.037381,94.037386,Nagaland,Wokha,1,280.0
28.56525,95.148333,Arunachal Pradesh,Upper Siang,1,1083.0
23.47241620720734,93.46792017522516,,,0,1113.0
25.630858,91.887601,Meghalaya,East Khasi Hills,1,1232.0
26.193278,94.295222,Nagaland,Wokha,1,915.0
27.466137,96.407194,Arunachal Pradesh,Changlang,1,537.0
28.030576111421382,96.30880424146136,,,0,1014.0
25.084611,92.335667,Meghalaya,East Jaintia Hills,1,147.0
24.17263631357639,92.7471176461183,,,0,125.0
25.4777308857668,94.44708541483796,,,0,1266.0
23.958289654131647,92.5026848482886,,,0,416.0
27.98389091906893,96.50610384156076,,,0,2639.0
23.94,92.37,Mizoram,Mamit,1,688.0
25.651,94.289,Nagaland,Phek,1,1785.0
25.647937136977276,89.95399179593298,,,0,27.0
25.121417,93.654972,Manipur,Tamenglong,1,1220.0
27.910417,94.739528,Arunachal Pradesh,Lepa rada,1,482.0
25.681244582444023,93.24332488079956,,,0,286.0
27.207606,88.676047,Sikkim,East Sikkim,1,725.0
25.773583,94.086833,Nagaland,Kohima,1,1357.0
28.344658127661685,95.29882135820576,,,0,1156.0
23.73638889,92.8,Mizoram,Aizawl,1,375.0
25.906359918287578,91.79059582839336,,,0,472.0
25.231772268595726,93.45521794958174,,,0,810.0
26.10354316087367,92.56897071790311,,,0,126.0
27.649194,93.874,Arunachal Pradesh,Lower Subansiri,1,1625.0
25.531739,91.296177,Meghalaya,West Khasi Hills,1,1460.0
25.03589329601932,91.61116570455262,,,0,10.0
25.191246199545,92.51497881072662,,,0,469.0
29.135525693699467,95.62682280438617,,,0,3600.0
25.090569310896026,91.88707489787184,,,0,15.0
25.15933333,93.017,Assam,Dima Hasao,1,685.0
23.51372282937441,92.41811799337054,,,0,955.0
26.122864,94.638388,Nagaland,Zunheboto,1,1206.0
25.077539677836068,93.18629282448906,,,0,426.0
25.665,94.096,Nagaland,Kohima,1,1395.0
28.148164769652745,95.6304584110756,,,0,231.0
26.466366681696453,95.181989378307,,,0,2038.0
26.15664064741904,92.26134144870242,,,0,58.0
24.511569324402355,93.46513155482606,,,0,420.0
24.211504,92.679258,Mizoram,Kolasib,1,713.0
24.804586,93.655719,Manipur,Noney,1,613.0
23.293142,92.857091,Mizoram,Serchhip,1,918.0
28.165529043683534,96.82173412384512,,,0,4154.0
28.640954601907907,94.80229522377071,,,0,1391.0
23.414307223013054,92.57338681224746,,,0,247.0
27.5569445947262,92.7984285473151,,,0,784.0
27.09118112678414,92.459267640416,,,0,2319.0
27.314336849996742,93.67110990382795,,,0,1553.0
25.684752236635685,92.89431883562348,,,0,168.0
28.23969,96.52778,Arunachal Pradesh,Anjaw,1,1626.0
26.129859026208496,92.33680956547578,,,0,60.0
24.09185827829628,93.0081271759702,,,0,713.0
27.931570940721997,95.29592998499808,,,0,148.0
25.115417,93.63925,Manipur,Tamenglong,1,1235.0
25.051856371577,93.1518552579548,,,0,634.0
25.20818074420913,93.49169954127584,,,0,1420.0
28.42416657956109,94.87383573540812,,,0,1172.0
24.067478,92.893471,Mizoram,Aizawl,1,1006.0
25.59300708057606,90.9496126294045,,,0,796.0
25.321102,91.927514,Meghalaya,East Khasi Hills,1,1099.0
25.463814072699183,91.95698925150434,,,0,1704.0
26.547167,95.092167,Nagaland,Mon,1,1428.0
27.925610495289835,94.564273141017,,,0,962.0
23.305111,93.311528,Mizoram,Champhai,1,1490.0
25.265158,92.202239,Meghalaya,West Jaintia Hills,1,689.0
27.81342710924901,94.61590993013893,,,0,628.0
25.317724350981603,92.89241740957824,,,0,507.0
25.175249582608448,93.5602950608879,,,0,818.0
26.794472,95.072722,Nagaland,Mon,1,725.0
24.069401,92.91857,Mizoram,Aizawl,1,753.0
23.49901,92.702759,Mizoram,Aizawl,1,921.0
24.80777728183839,92.93368724379276,,,0,15.0
25.26345659993675,92.8793272893911,,,0,542.0
27.60259344950818,93.69299123478618,,,0,1447.0
23.24454722,93.17027222,Mizoram,Aizawl,1,861.0
28.05997,96.48664,Arunachal Pradesh,Anjaw,1,495.0
23.492025461558946,92.22651510356182,,,0,221.0
26.432193461596377,95.10955270808986,,,0,2070.0
25.615092,91.309872,Meghalaya,South West Khasi Hills,1,1423.0
26.098268,94.392683,Nagaland,Zunheboto,1,575.0
24.022316341292296,94.13250198017845,,,0,492.0
28.29501676001761,95.43447802950188,,,0,1474.0
25.37004955183441,91.28315302919972,,,0,1238.0
25.109261448751944,92.74540298754144,,,0,1129.0
27.35805556,88.62111111,Sikkim,East Sikkim,1,1734.0
25.571,92.55128,Meghalaya,West Jaintia Hills,1,836.0
25.10723759862742,92.5637818554214,,,0,980.0
27.341847686210578,96.35339495646863,,,0,1042.0
27.59027778,88.65394444,Sikkim,North Sikkim,1,1677.0
27.034865576448148,88.25563778429473,,,0,1979.0
23.341111,93.080583,Mizoram,Champhai,1,1053.0
26.980337963233275,93.82074231157851,,,0,86.0
25.75756256033768,92.82649354100154,,,0,115.0
24.63888633937117,94.0157473658819,,,0,778.0
28.46999076204565,95.66617310083568,,,0,1602.0
25.056374448287404,93.34781272433564,,,0,586.0
24.37,93.5,Manipur,Churachandpur,1,840.0
26.189306,91.787944,Assam,Kamrup,1,70.0
23.468508,93.270788,Mizoram,Champhai,1,970.0
27.555840142397276,96.16003799191756,,,0,348.0
24.788715422044667,92.94980840694356,,,0,26.0
23.51510302894877,92.51985549854284,,,0,299.0
25.466528,94.552028,Manipur,Ukhrul,1,1253.0
22.618557953056047,93.0485683719458,,,0,1933.0
26.965045772087485,95.11612634913918,,,0,132.0
24.913611,94.242028,Manipur,Ukhrul,1,1408.0
23.311604,93.313134,Mizoram,Champhai,1,1513.0
23.376068020821936,92.55783402505268,,,0,376.0
24.4,92.8,Mizoram,Kolasib,1,110.0
25.70480022624889,91.73388845209249,,,0,901.0
25.599815,91.860028,Meghalaya,East Khasi Hills,1,1292.0
25.2047964362802,93.52088492103216,,,0,917.0
25.377501591966546,94.3778953637336,,,0,877.0
25.166053265989344,93.4351904051424,,,0,939.0
28.527881566734084,96.4425834998007,,,0,4025.0
23.974632602369383,92.55515525311144,,,0,250.0
24.03,93.81,Manipur,Chandel,1,1268.0
23.321301376839585,92.9524414328055,,,0,871.0
28.486252723779184,96.0123477611918,,,0,3572.0
28.217204,95.789599,Arunachal Pradesh,Lower Dibang Valley,1,958.0
25.811024625988885,91.79281318729063,,,0,612.0
27.220472,88.281028,Sikkim,West Sikkim,1,1432.0
27.233417,88.634806,Sikkim,East Sikkim,1,1493.0
24.549256,93.667681,Manipur,Churachandpur,1,1078.0
25.985317,94.021903,Nagaland,Wokha,1,773.0
25.809897776739824,94.58420825426596,,,0,2385.0
28.476722,95.841356,Arunachal Pradesh,Dibang Valley,1,866.0
24.468751423066216,93.539122254622,,,0,776.0
23.62,92.72472222,Mizoram,Aizawl,1,819.0
24.653156,93.646406,Manipur,Noney,1,601.0
28.254781722020045,95.29253587280736,,,0,1276.0
23.64119,93.085929,Mizoram,Champhai,1,1128.0
26.87164592558131,92.66604258842074,,,0,101.0
26.534806630704185,94.58074435206682,,,0,283.0
27.05005562587695,88.26616732531416,,,0,2110.0
26.6502564673523,94.41534122487634,,,0,153.0
28.239110347065186,96.6761568856927,,,0,2882.0
25.83025,94.076639,Nagaland,Kohima,1,826.0
25.087417,93.618333,Manipur,Tamenglong,1,1158.0
24.85487675389176,92.51064749425665,,,0,20.0
28.16452306546384,96.3792150253212,,,0,3355.0
23.164169,92.74339,Mizoram,Lunglei,1,830.0
22.78087383552184,92.74588121048085,,,0,353.0
25.636747,91.162711,Meghalaya,West Khasi Hills,1,1267.0
22.86739,92.75764,Mizoram,Lunglei,1,1132.0
23.729422,92.716596,Mizoram,Aizawl,1,1052.0
23.828321,92.73701,Mizoram,Aizawl,1,1242.0
26.093083,95.036278,Nagaland,Noklak,1,1735.0
28.846067,95.865922,Arunachal Pradesh,Dibang Valley,1,1399.0
22.22,92.96,Mizoram,Saiha,1,1307.0
23.056612,92.699997,Mizoram,Lunglei,1,899.0
23.021145,92.770981,Mizoram,Lunglei,1,1001.0
25.770064,93.937891,Nagaland,Kohima,1,791.0
25.228272,91.687776,Meghalaya,East Khasi Hills,1,580.0
28.47666554196257,95.71545415195858,,,0,2085.0
25.84782,93.70174,Assam,Karbi Anglong,1,158.0
25.652361,94.735889,Nagaland,Phek,1,1715.0
25.27342,91.578074,Meghalaya,East Khasi Hills,1,1287.0
22.128260414838092,93.17575366844623,,,0,936.0
25.68703,94.12442,Nagaland,Kohima,1,1265.0
23.373849,93.383061,Mizoram,Champhai,1,860.0
28.134772557337374,95.98614996526648,,,0,1732.0
25.419444,94.5775,Manipur,Ukhrul,1,1498.0
24.79825,93.724083,Manipur,Noney,1,854.0
23.58722222,92.71361111,Mizoram,Aizawl,1,813.0
27.374206738641547,88.95182086090904,,,0,3480.0
27.39838889,88.62566667,Sikkim,North Sikkim,1,1758.0
22.302705968863712,92.82460233528676,,,0,167.0
25.151917,94.312167,Manipur,Ukhrul,1,1405.0
23.34044123529853,93.62774104660878,,,0,1283.0
26.957129320616303,95.11371084915804,,,0,137.0
24.834028,93.644,Manipur,Noney,1,483.0
25.602951619432005,93.624939443516,,,0,370.0
25.069806,94.541667,Manipur,Ukhrul,1,1579.0
25.434089177939804,94.22204985765026,,,0,1416.0
25.444028,93.4265,Assam,Dima Hasao,1,418.0
23.376472,93.384778,Mizoram,Champhai,1,891.0
23.36611855110637,92.50224079661488,,,0,553.0
24.498554665915535,93.25375147266432,,,0,151.0
25.096524563920543,93.55299474384888,,,0,1271.0
25.726,93.773,Nagaland,Dimapur,1,343.0
23.14085,93.142487,Mizoram,Serchhip,1,1215.0
24.033017,92.26034,Tripura,North Tripura,1,199.0
24.605864206008317,92.40690488354498,,,0,23.0
24.45763218928239,93.7347327429868,,,0,800.0
27.613692686008083,93.05180242666364,,,0,971.0
26.132470742711103,91.09335162873276,,,0,45.0
26.03165732043372,94.7076496384274,,,0,1941.0
23.296419,93.095813,Mizoram,Champhai,1,1335.0
27.031483179340565,88.50353696278202,,,0,799.0
25.366337639700934,90.401350569285,,,0,178.0
23.929083,92.922778,Mizoram,Aizawl,1,1110.0
27.62167812259633,91.58977469715062,,,0,3254.0
25.9145213710169,93.97363787241792,,,0,187.0
25.756850014771963,91.15014243483186,,,0,717.0
27.339833,93.805167,Arunachal Pradesh,Papum Pare,1,774.0
24.934336,94.460091,Manipur,Kamjong,1,1953.0
24.672316,94.26374,Manipur,Kamjong,1,1095.0
27.495623920798906,88.37489331302481,,,0,3736.0
25.41529285066093,93.67837808911128,,,0,685.0
25.68895029671853,92.81281480462336,,,0,188.0
25.400815225245584,93.8291099420458,,,0,966.0
27.098417,88.400167,Sikkim,South Sikkim,1,684.0
26.679025860828418,93.68451255526595,,,0,80.0
26.956154345180405,88.22676852132338,,,0,1047.0
24.631861,93.721889,Manipur,Noney,1,1327.0
25.05141137649589,92.6617609001472,,,0,711.0
27.88316832566724,94.54058535323686,,,0,950.0
22.836016,92.759361,Mizoram,Lunglei,1,625.0
25.497078,94.553583,Manipur,Ukhrul,1,919.0
28.38066921232476,94.88193359001755,,,0,1148.0
24.013482590222758,92.42512162978834,,,0,160.0
25.337239,94.039708,Manipur,Senapati,1,1121.0
24.640072,93.627392,Manipur,Noney,1,453.0
25.15144,93.0331,Assam,Dima Hasao,1,454.0
23.79,92.36,Mizoram,Mamit,1,722.0
23.653556,92.035139,Tripura,Dhalai,1,282.0
28.988114980759583,95.7182978714404,,,0,2740.0
25.796384171813465,92.34648755864649,,,0,794.0
25.793333,94.958014,Nagaland,Kiphire,1,1770.0
26.07675,94.558611,Nagaland,Zunheboto,1,1826.0
28.02424810342269,96.2209795749776,,,0,774.0
23.699472,92.716167,Mizoram,Aizawl,1,987.0
25.488168602894586,94.47141610876784,,,0,1147.0
23.34952168465142,93.56613417451332,,,0,1345.0
25.817194,94.280058,Nagaland,Wokha,1,842.0
24.952,94.529028,Manipur,Kamjong,1,1490.0
25.134293,92.38155,Meghalaya,East Jaintia Hills,1,244.0
27.37734760888305,93.95747820067255,,,0,676.0
24.34421944,93.03191111,Mizoram,Kolasib,1,41.0
27.385946567627435,96.14580243338536,,,0,213.0
25.669678,91.102908,Meghalaya,West Khasi Hills,1,1032.0
26.033583,91.867083,Meghalaya,Ri-Bhoi,1,116.0
24.14,94.01,Manipur,Chandel,1,1132.0
24.957209,94.473616,Manipur,Kamjong,1,1890.0
25.77451050099443,91.71078661356395,,,0,806.0
25.14275,94.320139,Manipur,Ukhrul,1,1647.0
27.98781647992378,94.87062799728984,,,0,835.0
25.674,92.157667,Meghalaya,East Khasi Hills,1,807.0
26.08593964718888,94.71089753549585,,,0,1990.0
25.257448750451715,92.91735587995782,,,0,836.0
23.301587,92.868485,Mizoram,Serchhip,1,864.0
22.883968,92.735397,Mizoram,Lunglei,1,861.0
26.089206487589312,91.2864303339278,,,0,45.0
23.139660897052423,91.490102315949,,,0,16.0
27.382757954844205,92.42568241542938,,,0,2526.0
27.38347055651448,93.15470853349504,,,0,1842.0
25.935708,91.714556,Meghalaya,Ri-Bhoi,1,281.0
23.59833333,92.85194444,Mizoram,Aizawl,1,1213.0
23.39194444,92.75611111,Mizoram,Aizawl,1,1310.0
26.915400133796865,93.58055665272433,,,0,92.0
23.057222,93.080002,Mizoram,Serchhip,1,1570.0
27.991497111200516,94.08295097691484,,,0,1889.0
25.319355463623427,93.76615770337956,,,0,1669.0
23.74035833,92.71311667,Mizoram,Aizawl,1,926.0
27.201477071004405,92.47654969272976,,,0,1389.0
27.64102819510183,96.26288000022492,,,0,309.0
26.30326231838114,95.26699273793986,,,0,1769.0
25.44138889,92.19108333,Meghalaya,West Jaintia Hills,1,1318.0
26.410232843226144,93.14596487965082,,,0,669.0
24.36,92.89,Mizoram,Kolasib,1,122.0
24.676078,94.253133,Manipur,Kamjong,1,1025.0
25.268519,94.047614,Manipur,Senapati,1,1336.0
26.017,94.254306,Nagaland,Wokha,1,1246.0
26.95405727598566,95.30375175504844,,,0,389.0
23.31587785238349,92.2433354843584,,,0,94.0
25.3211814431381,92.98201578433978,,,0,234.0
27.903417,93.371722,Arunachal Pradesh,Kurung Kumey,1,894.0
28.632361,95.037917,Arunachal Pradesh,Upper Siang,1,476.0
26.21305556,91.6925,Assam,Kamrup (Metro),1,73.0
27.00606606160699,92.69569962403818,,,0,132.0
27.449807,96.444466,Arunachal Pradesh,Changlang,1,603.0
26.93172998806917,95.05662368823212,,,0,112.0
23.306168670504643,93.54314537393228,,,0,1803.0
28.717524594685464,95.15177793181476,,,0,3603.0
24.636444,93.606694,Manipur,Noney,1,978.0
26.02122875761651,95.12215385102604,,,0,2230.0
24.10864167,93.54198333,Mizoram,Aizawl,1,741.0
27.713944,88.557361,Sikkim,North Sikkim,1,2610.0
22.745880569107243,92.4304811036491,,,0,106.0
28.46491767994804,96.58091399858432,,,0,2782.0
25.2975,91.46167,Meghalaya,South West Khasi Hills,1,1075.0
26.374604791436692,91.95178210427284,,,0,52.0
25.880190694348364,93.75207456686846,,,0,168.0
25.396222,94.450472,Manipur,Ukhrul,1,1550.0
25.09055556,92.35972222,Meghalaya,Jaintia Hills,1,203.0
23.68075,92.571917,Mizoram,Mamit,1,925.0
25.25342817678387,94.63575468147064,,,0,1760.0
23.307135,92.707624,Mizoram,Serchhip,1,458.0
28.071615491757065,95.39036145537516,,,0,152.0
24.893403937495023,92.9430941706272,,,0,47.0
23.272548,92.874296,Mizoram,Serchhip,1,1024.0
23.950646667601507,92.58979221385484,,,0,614.0
25.079944,94.294667,Manipur,Ukhrul,1,1174.0
25.33034520181161,94.60516367755392,,,0,1910.0
27.062298,93.531487,Arunachal Pradesh,Papum Pare,1,282.0
26.699016453031103,95.50304139603747,,,0,1241.0
25.677,94.104,Nagaland,Kohima,1,1358.0
24.768694,93.45725,Manipur,Noney,1,493.0
23.70416667,92.71222222,Mizoram,Aizawl,1,1040.0
23.299628,92.855609,Mizoram,Serchhip,1,950.0
25.8515,92.69203,Assam,West Karbi Anglong,1,464.0
28.092333092995407,95.68089282019588,,,0,187.0
26.63018275083236,94.8089218027344,,,0,404.0
25.233923557716583,93.76747696839924,,,0,1899.0
25.77289277958834,90.67598058871904,,,0,184.0
28.42267672510204,95.76610071964348,,,0,1298.0
23.66,92.72916667,Mizoram,Aizawl,1,835.0
26.132252874571847,91.54489219719753,,,0,49.0
24.775917,93.453139,Manipur,Noney,1,529.0
27.27352778,88.57783333,Sikkim,East Sikkim,1,937.0
26.34075,93.78861,Assam,Karbi Anglong,1,253.0
27.666841660697983,96.31163408577837,,,0,419.0
25.281122,92.345397,Meghalaya,East Jaintia Hills,1,864.0
24.48381854172836,92.96429292951032,,,0,89.0
27.381556,88.691806,Sikkim,East Sikkim,1,3097.0
23.268811,92.665508,Mizoram,Lunglei,1,885.0
23.490702,93.33685,Mizoram,Champhai,1,1373.0
23.310846,92.858915,Mizoram,Serchhip,1,1053.0
25.4345053066008,94.3472396775194,,,0,1372.0
25.121,92.915028,Assam,Dima Hasao,1,306.0
24.41467294590757,93.3050174912176,,,0,542.0
25.156306,93.678917,Manipur,Tamenglong,1,1036.0
24.718567,93.500017,Manipur,Noney,1,200.0
23.026520554451675,93.18040961581082,,,0,904.0
25.723,93.778,Nagaland,Dimapur,1,471.0
22.469469,92.878334,Mizoram,Lawngtlai,1,668.0
26.885896,95.562013,Arunachal Pradesh,Tirap,1,1409.0
25.156542,92.198469,Meghalaya,West Jaintia Hills,1,68.0
25.05851775897191,92.5932608927278,,,0,292.0
26.059222,94.2445,Nagaland,Wokha,1,1445.0
28.265266,95.56964,Arunachal Pradesh,Lower Dibang Valley,1,566.0
23.476232,92.913652,Mizoram,Serchhip,1,1010.0
25.094429919214228,91.53183746109418,,,0,12.0
25.397944,94.551083,Manipur,Ukhrul,1,980.0
26.282667,94.475667,Nagaland,Mokokchung,1,1253.0
25.554349274094992,95.1081000526802,,,0,314.0
24.13354665607673,93.185288281793,,,0,1171.0
28.435528219017232,95.72643798177673,,,0,1134.0
25.409417,94.599722,Manipur,Ukhrul,1,1671.0
25.216944,93.011361,Assam,Dima Hasao,1,484.0
25.60711616,93.92787222,Nagaland,Peren,1,1928.0
28.8384210948156,96.0995153174546,,,0,3645.0
26.527330269430585,94.27001271886132,,,0,313.0
25.04305556,92.42041667,Meghalaya,Jaintia Hills,1,149.0
28.66895014918589,95.91132226778169,,,0,1892.0
24.075726813032013,93.37620216313172,,,0,962.0
27.475120746601156,88.65881474738342,,,0,2452.0
25.76,93.95,Nagaland,Dimapur,1,976.0
25.03722930803169,92.28303221475596,,,0,19.0
26.491389,94.824444,Nagaland,Longleng,1,1213.0
26.07278021705706,93.82408258443392,,,0,127.0
23.470722,93.246639,Mizoram,Champhai,1,900.0
26.767972,95.087028,Nagaland,Mon,1,1013.0
24.000334,93.300278,Mizoram,Champhai,1,1188.0
22.491185508675315,92.38579250561352,,,0,304.0
26.89763497444265,88.31273287283874,,,0,1234.0
24.94740079024148,92.18667238403316,,,0,18.0
27.25858333,88.46166667,Sikkim,East Sikkim,1,581.0
22.73377870814923,92.91127915266158,,,0,322.0
23.44583333,92.68444444,Mizoram,Aizawl,1,847.0
22.41,92.6,Mizoram,Lawngtlai,1,141.0
23.309914,92.853522,Mizoram,Serchhip,1,969.0
27.422111,93.014639,Arunachal Pradesh,East Kameng,1,630.0
27.38641375638163,93.25990667943236,,,0,2205.0
26.818889,95.072222,Nagaland,Mon,1,526.0
25.391571012790763,91.31750546981816,,,0,1464.0
24.33,93.55,Manipur,Churachandpur,1,1025.0
27.375139,88.708028,Sikkim,East Sikkim,1,3159.0
28.267216,95.559542,Arunachal Pradesh,Lower Dibang Valley,1,408.0
24.24755556,93.54809722,Mizoram,Aizawl,1,1166.0
23.60435754667457,92.5307467296149,,,0,395.0
24.158503281354072,94.24767657761664,,,0,316.0
25.122381,92.243069,Meghalaya,East Jaintia Hills,1,137.0
26.12731272794462,92.59895261169248,,,0,62.0
27.701333,88.565083,Sikkim,North Sikkim,1,2390.0
25.751694,94.316361,Nagaland,Phek,1,1268.0
27.78308162582548,93.7323839626086,,,0,1360.0
26.188846274221216,94.7313485334403,,,0,2015.0
26.834972,95.080528,Nagaland,Mon,1,287.0
25.700692,94.775594,Nagaland,Phek,1,1418.0
25.47420141663846,91.4189276184861,,,0,1614.0
27.00877790068265,88.38571099960284,,,0,1047.0
25.527781,91.263214,Meghalaya,West Khasi Hills,1,1339.0
23.045557,92.772557,Mizoram,Lunglei,1,1015.0
25.991671250506,93.64471108972931,,,0,187.0
23.792555,93.029892,Mizoram,Aizawl,1,559.0
27.99028605973798,95.5356532650176,,,0,144.0
28.193864,95.805469,Arunachal Pradesh,Lower Dibang Valley,1,764.0
27.4775583074288,96.5230922373784,,,0,933.0
24.1,93.5,Manipur,Churachandpur,1,847.0
26.239167,94.071111,Nagaland,Wokha,1,237.0
28.1945,95.227917,Arunachal Pradesh,Upper Siang,1,348.0
23.394333,93.374861,Mizoram,Champhai,1,1155.0
25.46223469032712,94.46607064236828,,,0,1379.0
28.17487290218588,96.3226340873612,,,0,2273.0
23.27560647804559,92.99727115930212,,,0,837.0
23.605091,92.72184,Mizoram,Aizawl,1,799.0
27.286208121591844,92.87188324886073,,,0,378.0
22.84635256270364,93.10656897210522,,,0,614.0
26.286178511311668,94.31134766353456,,,0,508.0
25.812,92.55069,Assam,West Karbi Anglong,1,505.0
25.83357603743444,92.40557555718432,,,0,762.0
28.822521,95.92931,Arunachal Pradesh,Dibang Valley,1,1535.0
26.098222,92.439389,Assam,Nagaon,1,344.0
22.871384543485853,93.1978887336154,,,0,838.0
26.04123125697252,90.96151553827104,,,0,47.0
22.599475862876385,92.75996089688492,,,0,372.0
25.51797160933637,94.84862586420044,,,0,2056.0
25.757308184022687,92.37093936706376,,,0,785.0
27.101111,88.403333,Sikkim,South Sikkim,1,805.0
27.31686486485872,92.9133817092791,,,0,1072.0
25.86362451847482,93.83612368064657,,,0,163.0
24.506317,94.180147,Manipur,Tengnoupal,1,1508.0
28.93684578734236,94.81635047531424,,,0,500.0
25.79555492798198,94.60592267481238,,,0,1689.0
23.74972222,92.73888889,Mizoram,Aizawl,1,1020.0
25.6293908704674,93.2457103259811,,,0,417.0
25.612630130180012,92.76916280062844,,,0,371.0
23.999111,93.285309,Mizoram,Champhai,1,1399.0
25.549639,91.247472,Meghalaya,West Khasi Hills,1,1337.0
22.392,92.978996,Mizoram,Saiha,1,468.0
25.01342954212201,93.40107874217549,,,0,479.0
27.41671864815798,88.41368987307551,,,0,2926.0
27.54810833,88.60807778,Sikkim,North Sikkim,1,1762.0
22.93319170813199,93.09254793411807,,,0,1160.0
25.217886,91.73381,Meghalaya,East Khasi Hills,1,877.0
27.43361615885896,92.00898586127654,,,0,3996.0
27.158,88.347972,Sikkim,South Sikkim,1,1390.0
24.043492,92.775423,Mizoram,Aizawl,1,977.0
22.63747763250431,93.07251144622336,,,0,914.0
23.666608,93.350691,Mizoram,Champhai,1,1242.0
23.2749303146964,93.0001771302088,,,0,795.0
25.51717084282636,92.62304828640345,,,0,719.0
27.54798677291113,96.59548107543888,,,0,1005.0
27.473358134151137,91.7978544165494,,,0,3852.0
27.11243036610054,93.00433278911215,,,0,937.0
22.06,92.66,Mizoram,Lawngtlai,1,187.0
25.611284,93.912865,Nagaland,Peren,1,1661.0
25.02638706558043,92.02155570950382,,,0,9.0
24.8385,94.357083,Manipur,Kamjong,1,1512.0
23.16465199233649,92.39522187724644,,,0,104.0
26.235585423049898,94.35075796154904,,,0,558.0
24.53732787912664,94.29833671933568,,,0,912.0
22.788198,92.825165,Mizoram,Lunglei,1,740.0
26.565249912387134,94.14481051902072,,,0,93.0
27.185972,88.205833,Sikkim,West Sikkim,1,1694.0
25.569175556955614,90.97821125690778,,,0,843.0
27.161806,93.136194,Arunachal Pradesh,East Kameng,1,1424.0
27.099707,95.641075,Arunachal Pradesh,Tirap,1,1075.0
28.096651672809955,96.2080114620756,,,0,2398.0
28.472966,95.857242,Arunachal Pradesh,Dibang Valley,1,844.0
24.78002778,92.45372222,Assam,Karimganj,1,44.0
22.27,93.05,Mizoram,Saiha,1,1126.0
25.21381523085774,94.19380235473328,,,0,1089.0
27.200861,88.340861,Sikkim,West Sikkim,1,995.0
23.46567595717904,92.47562434692638,,,0,337.0
25.356887554587967,92.33728367671496,,,0,1188.0
28.054193723076548,95.53940496164483,,,0,178.0
24.248558,92.954177,Mizoram,Aizawl,1,710.0
23.73555556,92.78833333,Mizoram,Aizawl,1,529.0
25.4722072446166,93.86754710310043,,,0,1419.0
28.31676090634617,96.40629751362528,,,0,4071.0
23.42425,93.168778,Mizoram,Champhai,1,1003.0
23.62055556,92.85083333,Mizoram,Aizawl,1,1090.0
25.269949,91.875273,Meghalaya,East Khasi Hills,1,1073.0
26.08875,94.202444,Nagaland,Wokha,1,1029.0
25.68044,94.07336,Nagaland,Kohima,1,1259.0
26.52015036219445,95.04280437855644,,,0,1094.0
22.46,92.73,Mizoram,Lawngtlai,1,923.0
22.58172914323991,93.12144016630718,,,0,743.0
23.850861,92.743083,Mizoram,Aizawl,1,1274.0
24.975145256161145,93.90194170344544,,,0,850.0
25.40023,91.5159,Meghalaya,West Khasi Hills,1,1592.0
23.164443,92.742682,Mizoram,Lunglei,1,827.0
28.265965,95.560934,Arunachal Pradesh,Lower Dibang Valley,1,405.0
24.869917,94.592417,Manipur,Kamjong,1,789.0
27.98601407867977,94.1321216429247,,,0,1733.0
28.286076180769683,95.03538494159476,,,0,716.0
25.156833,93.017694,Assam,Dima Hasao,1,637.0
24.26294247231858,92.74511004686282,,,0,60.0
28.95584954198222,96.25132956032058,,,0,3174.0
27.062539324739603,88.24972343868737,,,0,1907.0
27.798700701301645,93.8698653575181,,,0,778.0
25.238045,92.801279,Assam,Dima Hasao,1,1272.0
25.636698584771278,91.70487920042684,,,0,1446.0
26.042388431956372,91.68015355160436,,,0,388.0
27.290240908170176,93.58640040260912,,,0,1792.0
23.34977143758237,92.54292342621986,,,0,654.0
25.106281681860963,92.55437504979166,,,0,1166.0
26.838721411183403,94.29320466765522,,,0,86.0
25.177773451533334,90.53838862558376,,,0,69.0
24.23,93.93,Manipur,Chandel,1,901.0
24.804448,93.235711,Manipur,Tamenglong,1,188.0
27.043883,95.72822,Arunachal Pradesh,Changlang,1,1091.0
24.04777778,92.66777778,Mizoram,Kolasib,1,668.0
25.609472,94.806111,Nagaland,Phek,1,1176.0
23.202129,92.681442,Mizoram,Lunglei,1,1019.0
25.568534,93.726285,Nagaland,Peren,1,1116.0
23.58027778,92.715,Mizoram,Aizawl,1,918.0
22.731503995101463,92.93633896175822,,,0,544.0
27.88651089451936,96.41952554315723,,,0,1639.0
25.414061771656925,93.88820388713656,,,0,1755.0
27.453801601107752,88.75639036098545,,,0,4310.0
23.565232784428947,93.43461762234968,,,0,1271.0
22.700001,92.994003,Mizoram,Lawngtlai,1,1152.0
25.752726304556823,91.5211743228544,,,0,687.0
27.52838889,88.59972222,Sikkim,North Sikkim,1,1557.0
28.05117283704472,95.7215779478084,,,0,179.0
25.688655443420878,92.69187365903524,,,0,513.0
26.11,94.76,Assam,Dima Hasao,1,1005.0
25.07089724634613,91.72176147901128,,,0,9.0
27.132196828684805,93.93812384409416,,,0,95.0
26.226028,95.043389,Nagaland,Tuensang,1,1316.0
22.958107355750347,92.56735481456856,,,0,552.0
25.99145882937376,93.8724545222489,,,0,143.0
28.290792860686544,95.48142290734364,,,0,1855.0
26.556861,94.680944,Nagaland,Mokokchung,1,645.0
27.123833,88.225333,Sikkim,West Sikkim,1,463.0
25.083061,92.360322,Meghalaya,East Jaintia Hills,1,240.0
25.786594,94.922778,Nagaland,Kiphire,1,1850.0
23.69472222,92.85916667,Mizoram,Aizawl,1,906.0
25.489611,94.553306,Manipur,Ukhrul,1,1011.0
23.53805556,92.66166667,Mizoram,Aizawl,1,568.0
28.388211520672872,96.00296374422042,,,0,2082.0
25.753983362112866,91.9597615693352,,,0,973.0
27.23280438081301,92.30893959932176,,,0,2393.0
28.024169,94.582184,Arunachal Pradesh,Lepa rada,1,604.0
25.39057885924537,93.72889023072024,,,0,746.0
27.46600187666808,93.76138882170362,,,0,1113.0
23.60138889,92.76472222,Mizoram,Aizawl,1,498.0
24.2,92.42,Mizoram,Mamit,1,556.0
23.98458105350644,91.56886107942609,,,0,56.0
25.92233,92.50819,Assam,West Karbi Anglong,1,360.0
22.82979419724968,92.52729337624442,,,0,237.0
26.56,94.36,Assam,Jorhat,1,196.0
23.885639,92.857861,Mizoram,Aizawl,1,707.0
22.45,93.09,Mizoram,Saiha,1,1405.0
27.161917,88.509639,Sikkim,South Sikkim,1,1023.0
23.90222222,92.91888889,Mizoram,Aizawl,1,1070.0
26.79906659498605,92.72820990840668,,,0,90.0
26.20198626069996,91.52886041015832,,,0,54.0
25.05708004630833,93.1842811085112,,,0,213.0
23.18077,92.735789,Mizoram,Lunglei,1,817.0
23.04345,92.772408,Mizoram,Lunglei,1,1075.0
25.874724596147253,93.9269237663258,,,0,233.0
24.54,93.11,Manipur,Pherzawl,1,297.0
27.24125,93.746889,Arunachal Pradesh,Papum Pare,1,428.0
25.159367,92.202078,Meghalaya,West Jaintia Hills,1,102.0
25.497159018878826,90.58595924585796,,,0,277.0
26.198,90.298,Assam,Goalpara,1,45.0
25.699496,93.682743,Nagaland,Chumoukedima,1,342.0
23.295052329975743,92.97539161059844,,,0,926.0
27.641139,88.612,Sikkim,North Sikkim,1,1881.0
26.55646566151372,95.19771772198304,,,0,1431.0
22.455999,92.948997,Mizoram,Saiha,1,582.0
25.05801943745101,91.40670828158096,,,0,9.0
28.612897073631444,94.83037438381136,,,0,1292.0
25.713,94.309,Nagaland,Phek,1,1467.0
23.30554,92.854877,Mizoram,Serchhip,1,954.0
25.144776839431223,92.7967576162355,,,0,1056.0
24.1,94.04,Manipur,Chandel,1,1267.0
25.692,94.065,Nagaland,Kohima,1,932.0
24.25655704289161,93.48318321213598,,,0,622.0
24.00419444,92.67780556,Mizoram,Kolasib,1,604.0
25.185167,94.308972,Manipur,Ukhrul,1,1327.0
22.507,92.886002,Mizoram,Lawngtlai,1,711.0
27.198392293787187,93.97681428765812,,,0,100.0
23.425583,93.168278,Mizoram,Champhai,1,986.0
24.898,93.487722,Manipur,Tamenglong,1,1256.0
25.40980435423932,93.19041161846138,,,0,293.0
24.28,93.18,Manipur,Pherzawl,1,743.0
26.02661935853749,95.13133235250709,,,0,2585.0
27.54652580186152,88.03149633971593,,,0,5218.0
25.92734462900243,92.21804236875894,,,0,673.0
25.307624404417243,93.8946353236357,,,0,1912.0
23.88527778,92.8575,Mizoram,Aizawl,1,702.0
23.143806,93.031219,Mizoram,Serchhip,1,1223.0
28.080686515189527,95.79899967982068,,,0,221.0
25.351883575448326,91.1250319024359,,,0,596.0
27.707259566223453,88.40318010541591,,,0,4939.0
25.76305,94.078305,Nagaland,Kohima,1,1243.0
23.42722222,92.71277778,Mizoram,Aizawl,1,940.0
23.694333,93.183335,Mizoram,Champhai,1,1430.0
22.57613022959225,92.4401144039711,,,0,122.0
25.056,94.600667,Manipur,Ukhrul,1,1501.0
25.448506,94.031956,Manipur,Senapati,1,1747.0
25.873020015715227,95.02350999756176,,,0,2520.0
24.683139,94.400917,Manipur,Kamjong,1,894.0
24.4588,94.223469,Manipur,Tengnoupal,1,1435.0
24.896326589717997,94.73983690840208,,,0,363.0
25.093078,92.348025,Meghalaya,East Jaintia Hills,1,165.0
25.14763204885887,94.657863014843,,,0,2217.0
28.443033,94.668074,Arunachal Pradesh,West Siang,1,458.0
27.245028,88.226861,Sikkim,West Sikkim,1,1745.0
22.43515298565611,92.48848777466556,,,0,443.0
24.53688300393191,94.3936850335686,,,0,583.0
25.088513756802044,92.56890617357662,,,0,793.0
24.816242,93.523119,Manipur,Noney,1,335.0
25.744,94.242,Nagaland,Kohima,1,831.0
24.59271897229109,92.89059231805118,,,0,34.0
26.548056,95.0905,Nagaland,Mon,1,1415.0
23.696979,93.041829,Mizoram,Champhai,1,809.0
27.2114880334816,88.84211091829906,,,0,1608.0
28.1198593620592,95.70541490337898,,,0,188.0
23.91,92.45,Mizoram,Mamit,1,217.0
25.044111,94.233778,Manipur,Senapati,1,1472.0
27.472240265817664,88.6528726814476,,,0,2642.0
28.775604778003405,95.57492200045162,,,0,2501.0
28.617054775172267,95.949743971796,,,0,1593.0
25.089430621181624,91.80350541340722,,,0,11.0
25.60054167,93.92484444,Nagaland,Kohima,1,1844.0
23.871636150622844,93.77185980571376,,,0,854.0
27.304689861269093,96.32084975303712,,,0,619.0
23.535189,92.846042,Mizoram,Aizawl,1,1197.0
28.3526796583855,95.65300288842148,,,0,1369.0
25.56287847891708,93.02393170977412,,,0,140.0
26.229861,95.0515,Nagaland,Tuensang,1,1313.0
26.14425,94.246194,Nagaland,Wokha,1,1196.0
25.738742627696983,92.58860798426625,,,0,794.0
23.03953713572739,92.61272211528748,,,0,247.0
26.33838241364931,95.16061536474405,,,0,1184.0
26.378425008935796,94.01761518110148,,,0,105.0
25.661,94.055,Nagaland,Kohima,1,1444.0
22.89947833328937,93.39326709161304,,,0,984.0
27.165278,88.348528,Sikkim,South Sikkim,1,1088.0
25.234728715436148,94.23943617160158,,,0,1261.0
25.691862712250405,91.8006259401568,,,0,875.0
24.677098130590547,93.95702098312508,,,0,778.0
24.111036356933194,92.6442461118724,,,0,123.0
28.18681164633775,96.07698735856395,,,0,2238.0
23.56388889,92.70805556,Mizoram,Aizawl,1,836.0
26.87510760059232,95.02404025717472,,,0,336.0
24.121242106136247,92.65198806391618,,,0,104.0
28.498464,95.828278,Arunachal Pradesh,Dibang Valley,1,780.0
24.81735247183432,94.0111136629375,,,0,859.0
25.65839,93.11808,Assam,Dima Hasao,1,353.0
25.65162575685816,94.64135902963238,,,0,675.0
23.61472222,92.79583333,Mizoram,Aizawl,1,380.0
27.409861,88.543722,Sikkim,North Sikkim,1,1517.0
27.225709326267637,95.81009287377772,,,0,439.0
23.971078,92.682781,Mizoram,Kolasib,1,321.0
22.53261617736809,93.07439424772365,,,0,510.0
25.10891061170084,94.7594402382358,,,0,1719.0
24.847417,94.358028,Manipur,Kamjong,1,1489.0
25.416056,93.284222,Assam,Dima Hasao,1,276.0
25.531698,91.295995,Meghalaya,West Khasi Hills,1,1460.0
23.163528,93.281056,Mizoram,Champhai,1,1529.0
25.969628,94.634169,Nagaland,Kiphire,1,1212.0
28.303771,94.948727,Arunachal Pradesh,East Siang,1,363.0
25.661,94.388,Nagaland,Phek,1,1308.0
24.14934211758877,94.23794291309474,,,0,312.0
25.73890163868561,92.47288140378264,,,0,836.0
23.37141937316232,93.5735126047749,,,0,908.0
26.92591968934992,92.86875685996088,,,0,101.0
25.040072753242857,93.6845074120041,,,0,1569.0
27.159194,88.444361,Sikkim,South Sikkim,1,1312.0
23.496232442228767,93.45631208246562,,,0,1032.0
25.36729773790569,90.86666550836205,,,0,269.0
27.160636,93.738873,Arunachal Pradesh,Papum Pare,1,245.0
25.716862734168068,94.97716516134886,,,0,2585.0
25.96675,94.031917,Nagaland,Kohima,1,883.0
26.551111,94.79,Nagaland,Longleng,1,1016.0
27.863722,93.473389,Arunachal Pradesh,Kurung Kumey,1,847.0
26.15052778,91.72766667,Assam,Kamrup,1,86.0
28.217543,95.792489,Arunachal Pradesh,Lower Dibang Valley,1,952.0
23.208082,92.507889,Mizoram,Lunglei,1,686.0
25.29778,91.45972,Meghalaya,South West Khasi Hills,1,1067.0
27.481789838274903,93.99555033699916,,,0,2378.0
23.74111111,92.71083333,Mizoram,Aizawl,1,823.0
27.358583,88.840194,Sikkim,East Sikkim,1,3835.0
23.112284,92.746288,Mizoram,Lunglei,1,793.0
27.315028,88.558139,Sikkim,East Sikkim,1,1237.0
24.35,93.66,Manipur,Churachandpur,1,1171.0
23.306105,92.671296,Mizoram,Lunglei,1,517.0
24.17,93.58,Manipur,Churachandpur,1,962.0
23.807952,92.834037,Mizoram,Aizawl,1,534.0
25.263722,94.544833,Manipur,Ukhrul,1,1251.0
25.277934,91.575,Meghalaya,East Khasi Hills,1,1166.0
27.31439815741865,93.72231180252014,,,0,1736.0
27.426361,88.583028,Sikkim,North Sikkim,1,1658.0
28.35226871698642,95.03627565858692,,,0,408.0
24.08033448445565,94.32867849202516,,,0,142.0
27.90467,96.35917,Arunachal Pradesh,Lohit,1,986.0
26.83358940108194,94.94305074448668,,,0,513.0
27.574427707632147,88.80551392530978,,,0,4749.0
22.902089,92.879909,Mizoram,Hnahthial,1,431.0
23.65538889,92.71161111,Mizoram,Aizawl,1,826.0
25.68326350445753,91.80521921840344,,,0,875.0
22.866783,92.772026,Mizoram,Lunglei,1,1158.0
25.569278,92.2025,Meghalaya,East Khasi Hills,1,1249.0
24.778778,93.782778,Manipur,Kangpokpi,1,911.0
25.61061111,93.92184722,Nagaland,Peren,1,1681.0
25.46823135624739,94.81162549597452,,,0,2257.0
23.295774,92.740012,Mizoram,Serchhip,1,745.0
23.293863,92.741368,Mizoram,Serchhip,1,771.0
25.589342789224585,91.38740272132634,,,0,1539.0
25.288417,94.539528,Manipur,Ukhrul,1,1424.0
24.599858,93.725225,Manipur,Churachandpur,1,1037.0
28.481352022884977,96.7266837499514,,,0,3127.0
27.026758441731936,95.79566853914145,,,0,1643.0
25.180611,94.525278,Manipur,Ukhrul,1,1309.0
24.586282952688016,94.16928247606452,,,0,1393.0
27.1288482189038,92.35202026335864,,,0,2356.0
25.13,93.27,Assam,Dima Hasao,1,547.0
26.022983,94.582272,Nagaland,Zunheboto,1,1558.0
24.13,93.29,Manipur,Churachandpur,1,1026.0
28.27346880698201,95.14271902036369,,,0,877.0
25.017134125085946,93.45016541602364,,,0,186.0
25.66772222,94.08908333,Nagaland,Kohima,1,1338.0
27.704306,88.560694,Sikkim,North Sikkim,1,2529.0
25.11728394936855,92.08503671456052,,,0,15.0
23.019636209032743,92.60373876997136,,,0,153.0
27.46423619442661,92.75930335663053,,,0,1759.0
26.46821808500604,94.95698779880576,,,0,838.0
25.619625,91.616567,Meghalaya,West Khasi Hills,1,1506.0
23.003800494595225,92.61943626327282,,,0,263.0
24.341232717187783,94.43981497425506,,,0,160.0
22.9444099863292,92.59533580841128,,,0,77.0
23.940106,92.680592,Mizoram,Aizawl,1,254.0
23.59722222,92.81194444,Mizoram,Aizawl,1,667.0
24.836588,94.354848,Manipur,Kamjong,1,1500.0
23.39896482448411,92.49463278804528,,,0,569.0
23.88319,92.869,Mizoram,Aizawl,1,671.0
27.03814479792613,94.00051464093508,,,0,85.0
27.291528,92.391778,Arunachal Pradesh,West Kameng,1,1802.0
23.77361111,92.84944444,Mizoram,Aizawl,1,737.0
25.08586,92.35869,Meghalaya,Jaintia Hills,1,355.0
21.935005254087184,93.11339647775868,,,0,1034.0
23.415506879075203,93.45737297789142,,,0,1323.0
26.703194,94.633917,Nagaland,Mokokchung,1,135.0
27.101194,88.394611,Sikkim,South Sikkim,1,629.0
26.333833,94.284333,Nagaland,Wokha,1,823.0
27.27458333,88.55002778,Sikkim,East Sikkim,1,1171.0
27.773552980512665,92.91031660953615,,,0,1402.0
26.589367401971604,94.86283099536644,,,0,441.0
24.820667,93.525444,Manipur,Noney,1,390.0
26.461667,94.855,Nagaland,Longleng,1,866.0
27.389908687654422,93.74807790826686,,,0,773.0
23.018354885068632,92.23062511936962,,,0,34.0
23.10100556,93.19393611,Mizoram,Aizawl,1,1048.0
28.15450237245693,96.36667170470764,,,0,2911.0
27.705193902891544,96.54570782469716,,,0,1499.0
23.757805,92.561473,Mizoram,Mamit,1,769.0
24.566073383704065,92.2225228334522,,,0,60.0
25.707367986552832,93.4009761011154,,,0,273.0
25.905561,94.768481,Nagaland,Kiphire,1,1416.0
28.330279049869635,95.7037220374307,,,0,1132.0
27.235501003666435,89.04374522012529,,,0,2854.0
24.543369799455306,92.99907671269284,,,0,395.0
25.331873683057697,93.69318360727392,,,0,561.0
23.575952274976924,92.28794367198212,,,0,197.0
27.485550039678685,93.192291863623,,,0,2218.0
24.940166636296063,93.18010472346852,,,0,62.0
25.691453,91.645731,Meghalaya,West Khasi Hills,1,1273.0
25.571,94.166,Nagaland,Kohima,1,1345.0
25.954636,94.607456,Nagaland,Kiphire,1,1541.0
23.87925,92.87127778,Mizoram,Aizawl,1,787.0
27.140759602921268,88.8260438609025,,,0,1771.0
23.780138,93.152916,Mizoram,Champhai,1,759.0
26.2917592601169,93.971837157231,,,0,108.0
27.61554031558937,88.51168658531127,,,0,4003.0
25.775196068043734,91.96029814992804,,,0,911.0
25.686,94.119,Nagaland,Kohima,1,1431.0
23.21795,92.998007,Mizoram,Serchhip,1,1110.0
25.731,94.087,Nagaland,Kohima,1,1448.0
23.65530556,92.7025,Mizoram,Aizawl,1,912.0
27.706015117023764,88.67206278537562,,,0,4363.0
26.121056,91.716389,Assam,Kamrup,1,65.0
25.460853256700773,94.7142124188306,,,0,2180.0
24.556741549935992,93.44683294649518,,,0,577.0
25.466278,94.552528,Manipur,Ukhrul,1,1251.0
22.94605922019814,92.60958614575654,,,0,119.0
28.09932143361236,96.36885321190118,,,0,3415.0
25.092111,94.370444,Manipur,Ukhrul,1,1735.0
27.215056,88.393306,Sikkim,South Sikkim,1,1562.0
23.13335087061337,92.33938191602142,,,0,270.0
22.24,92.62,Mizoram,Lawngtlai,1,198.0
24.901194,94.342444,Manipur,Kamjong,1,1388.0
25.259326,91.872712,Meghalaya,East Khasi Hills,1,1001.0
25.46875918675734,94.22220795500816,,,0,1583.0
27.51423215583995,93.26930001226025,,,0,2882.0
22.464916,92.916107,Mizoram,Lawngtlai,1,737.0
26.627369101393647,94.87242154202266,,,0,467.0
25.56726648953784,94.68748107077548,,,0,1339.0
27.243806,88.2725,Sikkim,West Sikkim,1,1626.0
25.62067,94.21483,Nagaland,Phek,1,1030.0
27.39187013371152,93.16577100995912,,,0,1643.0
27.44965572184548,88.21507349871472,,,0,4117.0
26.09660278,94.368725,Nagaland,Wokha,1,635.0
25.65850723210205,93.54530511965146,,,0,232.0
28.237008,95.776204,Arunachal Pradesh,Lower Dibang Valley,1,844.0
26.15478,91.77411,Assam,Kamrup (Metro),1,105.0
22.14251987318138,92.5293049978293,,,0,186.0
28.174806,95.025111,Arunachal Pradesh,West Siang,1,264.0
27.300945,95.992838,Arunachal Pradesh,Changlang,1,372.0
25.08869652275224,91.69126804788534,,,0,9.0
26.864074301900143,88.20049281435858,,,0,1247.0
25.607778,94.837944,Nagaland,Phek,1,1330.0
23.7413587,92.7075844,Mizoram,Aizawl,1,901.0
24.026138,93.240166,Mizoram,Champhai,1,691.0
25.25345305921749,94.43436774068228,,,0,1244.0
25.549017351652196,94.44718737773664,,,0,1085.0
23.741806,92.72525,Mizoram,Aizawl,1,967.0
24.87663899637981,94.1187632279248,,,0,909.0
25.452417,94.018919,Manipur,Senapati,1,1564.0
25.34599233693862,92.9152647295642,,,0,580.0
27.71836510611248,96.44028031918432,,,0,1237.0
24.7955,93.73605556,Manipur,Noney,1,1188.0
27.754806,94.715444,Arunachal Pradesh,West Siang,1,387.0
27.171139,88.354611,Sikkim,South Sikkim,1,1235.0
27.45929541217208,88.29354969026828,,,0,3308.0
25.047906,92.404822,Meghalaya,East Jaintia Hills,1,86.0
23.072620196548044,93.4080311879519,,,0,1456.0
27.6318060022844,96.57205071175412,,,0,2502.0
27.05325177509541,93.71523630259804,,,0,440.0
28.449446874707387,96.56380586633318,,,0,2066.0
26.28220626185192,94.97266726654772,,,0,2044.0
24.10451924355478,92.72101144597168,,,0,157.0
25.982436,92.057405,Meghalaya,Ri-Bhoi,1,407.0
25.410413262526237,93.5919901495612,,,0,1198.0
24.069728,92.918457,Mizoram,Aizawl,1,757.0
27.50321628576655,88.87020057269334,,,0,3892.0
23.004421,92.988426,Mizoram,Lunglei,1,982.0
23.801054,93.168762,Mizoram,Champhai,1,554.0
23.366684925760108,92.44928713151624,,,0,268.0
25.184528,93.125639,Assam,Dima Hasao,1,630.0
23.725325606319256,93.31375366779848,,,0,1257.0
25.080309349995854,91.8632816147056,,,0,11.0
23.745083,92.6955,Mizoram,Aizawl,1,935.0
27.253778,93.507778,Arunachal Pradesh,Papum Pare,1,955.0
28.808133,95.926984,Arunachal Pradesh,Dibang Valley,1,1447.0
28.32640402946432,95.4670330004593,,,0,1681.0
25.618,94.209,Nagaland,Phek,1,839.0
25.729639,94.795675,Nagaland,Phek,1,1402.0
27.33325,88.213583,Sikkim,West Sikkim,1,1394.0
25.601858037684945,94.94138070265257,,,0,2090.0
28.173434,95.836605,Arunachal Pradesh,Lower Dibang Valley,1,473.0
27.307072,93.806008,Arunachal Pradesh,Lower Subansiri,1,718.0
25.97461,92.51375,Assam,West Karbi Anglong,1,172.0
25.318628,94.092053,Manipur,Senapati,1,1204.0
28.22381,96.53644,Arunachal Pradesh,Anjaw,1,1446.0
27.727766708816493,92.8746806481929,,,0,2520.0
25.19403161407368,93.53024545130502,,,0,729.0
23.719306,92.869058,Mizoram,Aizawl,1,762.0
24.327663972357847,93.4095231619271,,,0,1788.0
23.65666667,92.72694444,Mizoram,Aizawl,1,849.0
25.71906,94.10883,Nagaland,Kohima,1,1317.0
26.82907778296052,95.16414741704014,,,0,599.0
27.252167,88.272778,Sikkim,West Sikkim,1,1477.0
24.16360559951737,92.85705580722018,,,0,295.0
26.77361511191649,93.31640488103388,,,0,86.0
24.38829256704699,93.41016388683038,,,0,594.0
24.51951143407359,94.05474615412956,,,0,881.0
25.092083,92.35925,Meghalaya,East Jaintia Hills,1,211.0
26.061,90.605,Assam,Goalpara,1,64.0
25.476440116601125,94.31800109646242,,,0,2296.0
22.72853386945023,93.11326247396296,,,0,851.0
24.95039608641532,93.94774737321085,,,0,1099.0
25.640389,94.732444,Nagaland,Phek,1,1835.0
22.9015,92.83319,Mizoram,Lunglei,1,793.0
26.129142099669785,92.25083182571552,,,0,60.0
25.855449545773094,93.8562306034743,,,0,164.0
24.36,93.54,Manipur,Churachandpur,1,1217.0
24.839028,94.357083,Manipur,Kamjong,1,1519.0
28.04670321613668,94.7356528465169,,,0,582.0
27.20754520944233,88.01717149253584,,,0,3441.0
28.212275,95.802589,Arunachal Pradesh,Lower Dibang Valley,1,957.0
28.399412931285617,96.11607710380444,,,0,2972.0
27.10375,93.61529,Arunachal Pradesh,Papum Pare,1,411.0
22.599558554171043,92.76262590087836,,,0,335.0
25.21741336900894,91.50793511107824,,,0,150.0
24.85855126166912,93.34925369899476,,,0,806.0
27.270019,93.799333,Arunachal Pradesh,Papum Pare,1,414.0
24.717889,94.2235,Manipur,Kangpokpi,1,1604.0
25.697168565299645,92.25705974461005,,,0,930.0
25.91896570784364,93.1004724096133,,,0,122.0
27.591806,91.865028,Arunachal Pradesh,Tawang,1,2925.0
27.18014592335658,93.89075085295572,,,0,119.0
23.152298,93.28066,Mizoram,Champhai,1,1421.0
24.17622112156994,94.3043649824163,,,0,165.0
28.193511348125888,95.3643877994509,,,0,520.0
22.19,92.98,Mizoram,Saiha,1,958.0
27.71972288818797,93.20250245873254,,,0,1902.0
25.926068459624137,93.95743027140958,,,0,178.0
26.905401446495784,95.69550635019876,,,0,2108.0
25.687083,91.650858,Meghalaya,West Khasi Hills,1,1111.0
26.067626107656203,93.76259998320312,,,0,141.0
25.921468312115632,93.90839374384984,,,0,156.0
22.18,93.01,Mizoram,Saiha,1,1109.0
27.09903082086749,94.99323779302588,,,0,105.0
24.630083,93.606139,Manipur,Noney,1,904.0
23.8019843139647,93.48619921971512,,,0,1373.0
27.577204560002567,88.34184041743926,,,0,2612.0
25.78214,93.80528,Nagaland,Dimapur,1,457.0
23.281521,92.868857,Mizoram,Serchhip,1,971.0
27.41095102911304,88.21166764697524,,,0,2567.0
26.88765979073534,95.7829045264554,,,0,1249.0
25.81542,92.5535,Assam,West Karbi Anglong,1,470.0
27.7139567348545,94.80134547566462,,,0,331.0
23.053806,92.704918,Mizoram,Lunglei,1,902.0
24.40404555105284,92.43539708199486,,,0,37.0
25.199528,93.625278,Nagaland,Peren,1,423.0
28.01661,96.44172,Arunachal Pradesh,Anjaw,1,431.0
24.642109604417858,93.7775960841306,,,0,777.0
26.2417798262685,93.84642688774956,,,0,126.0
26.97495092884304,93.52387196671113,,,0,184.0
23.09759444,93.21089444,Mizoram,Aizawl,1,924.0
23.847818722825465,93.67926331949556,,,0,1198.0
26.672805394791016,95.298295042127,,,0,1385.0
28.164524453271305,95.92171975237964,,,0,1149.0
24.811301,94.355581,Manipur,Kamjong,1,1593.0
22.5886,92.970001,Mizoram,Lawngtlai,1,859.0
29.026835539019945,94.85397883695946,,,0,1694.0
25.696439419355727,90.31096655468592,,,0,413.0
27.40809716535067,95.86633601747886,,,0,148.0
22.917629,92.75267,Mizoram,Lunglei,1,1126.0
25.81175,92.55003,Assam,West Karbi Anglong,1,510.0
23.56583333,92.72666667,Mizoram,Aizawl,1,789.0
23.87,92.5,Mizoram,Mamit,1,873.0
23.088409,92.793564,Mizoram,Lunglei,1,486.0
24.766246310684277,94.4722333444855,,,0,714.0
26.013528,92.266083,Assam,West Karbi Anglong,1,358.0
28.121421858546107,94.71201950678304,,,0,851.0
27.19069725717982,96.39215844429658,,,0,946.0
23.75138889,92.69583333,Mizoram,Aizawl,1,769.0
28.276547093890567,96.6740110178736,,,0,3281.0
23.304833,93.306778,Mizoram,Champhai,1,1535.0
25.642595955385637,90.97587535132487,,,0,780.0
23.380806,93.128917,Mizoram,Champhai,1,1303.0
22.9918813359875,93.106200514654,,,0,707.0
28.291556,95.199111,Arunachal Pradesh,Upper Siang,1,678.0
25.492333,94.555444,Manipur,Ukhrul,1,1017.0
25.356583,94.525306,Manipur,Ukhrul,1,1459.0
24.74844044595933,94.46167081276528,,,0,517.0
24.10641389,93.12339944,Mizoram,Kolasib,1,973.0
27.447230303715493,93.5944444586901,,,0,1029.0
23.936333,93.118858,Mizoram,Aizawl,1,1508.0
23.71305556,92.70895833,Mizoram,Aizawl,1,981.0
23.903454657515898,93.49272564645752,,,0,932.0
24.949167,94.155389,Manipur,Ukhrul,1,1057.0
25.55125,91.297056,Meghalaya,South West Khasi Hills,1,1475.0
26.384347,94.443397,Nagaland,Mokokchung,1,955.0
26.28558520629594,94.99527575156608,,,0,1860.0
26.42769420347821,94.22563760694008,,,0,267.0
28.245371,95.774057,Arunachal Pradesh,Lower Dibang Valley,1,783.0
25.15154847907601,91.82991292686104,,,0,12.0
24.528457026627613,94.2980348807544,,,0,1117.0
23.4973846648844,93.43678483039588,,,0,1122.0
26.075944,91.820806,Meghalaya,Ri-Bhoi,1,222.0
27.074045718151385,88.59617784605908,,,0,1704.0
24.37418802053348,91.59752923863878,,,0,57.0
23.56761441202181,92.15973623356334,,,0,110.0
27.203194,88.600278,Sikkim,East Sikkim,1,980.0
23.74256944,92.73774444,Mizoram,Aizawl,1,911.0
25.928567388786227,95.00303765921085,,,0,1906.0
23.52383405212793,92.39987834571562,,,0,396.0
28.062733708795506,93.42963164412026,,,0,648.0
25.359728801380264,92.88233381719174,,,0,678.0
25.325778,94.515694,Manipur,Ukhrul,1,1288.0
24.248168472061792,93.71866875016572,,,0,1216.0
26.101275236900285,93.69506335025174,,,0,198.0
23.208694,92.50975,Mizoram,Lunglei,1,741.0
24.10027778,92.79583333,Mizoram,Kolasib,1,822.0
28.506306,94.873361,Arunachal Pradesh,West Siang,1,1230.0
25.62769503540842,94.6739171319271,,,0,886.0
24.709973713584784,93.79059636368248,,,0,791.0
25.6489,91.8965,Meghalaya,East Khasi Hills,1,1079.0
23.108018,92.746279,Mizoram,Lunglei,1,763.0
23.131844,92.744715,Mizoram,Lunglei,1,811.0
23.935,92.67777778,Mizoram,Kolasib,1,241.0
25.65823056,94.12258333,Nagaland,Kohima,1,1274.0
24.979,93.496,Manipur,Tamenglong,1,1154.0
23.52861111,92.6975,Mizoram,Aizawl,1,825.0
22.5236553787857,93.21563456385852,,,0,924.0
27.066980524296604,88.22826636563735,,,0,1055.0
23.902619831686785,93.46609811081107,,,0,1042.0
26.23779406309708,92.60056658939504,,,0,59.0
26.3925,94.918611,Nagaland,Tuensang,1,781.0
26.727722,95.033056,Nagaland,Mon,1,687.0
24.94225,94.541056,Manipur,Kamjong,1,1520.0
25.344994388786517,94.4238915563166,,,0,972.0
25.851871351483855,93.830473116048,,,0,165.0
24.517056,93.817056,Manipur,Bishnupur,1,784.0
28.51517656458237,95.98280103631826,,,0,3653.0
26.861815703343527,95.21827308684492,,,0,836.0
26.506389,94.796111,Nagaland,Longleng,1,1152.0
23.55027778,92.70444444,Mizoram,Aizawl,1,834.0
27.066060594750557,95.41474583832684,,,0,493.0
22.87355833,92.75595278,Mizoram,Lunglei,1,1075.0
24.80144212683172,94.64758865572296,,,0,1117.0
27.4763735397091,88.8263923447595,,,0,4625.0
25.065886717094067,92.19043044297464,,,0,18.0
27.93466380823213,95.79929265711276,,,0,145.0
24.37023056,93.34268889,Mizoram,Kolasib,1,273.0
26.68523318976499,94.8928306933644,,,0,1111.0
25.61526829111704,92.58592640278914,,,0,735.0
25.881797,94.654425,Nagaland,Kiphire,1,1907.0
23.303906,92.853173,Mizoram,Serchhip,1,1037.0
27.343929698698165,95.66749146524047,,,0,153.0
24.74,93.15,Manipur,Jiribam,1,87.0
23.500142563320463,92.45583034642598,,,0,199.0
26.78055970651584,94.3718656940869,,,0,96.0
23.4731,92.7119,Mizoram,Aizawl,1,1091.0
24.710833,92.481167,Assam,Karimganj,1,48.0
25.665,94.104,Nagaland,Kohima,1,1401.0
25.965083,94.426806,Nagaland,Zunheboto,1,1101.0
23.415165,92.722199,Mizoram,Aizawl,1,1081.0
27.219444,88.234361,Sikkim,West Sikkim,1,1286.0
25.791616,91.658242,Meghalaya,Eastern-West Khasi Hill,1,743.0
27.13228783146115,93.4372702560929,,,0,1102.0
27.191674680437803,95.3529967743884,,,0,126.0
25.22026,91.720198,Meghalaya,East Khasi Hills,1,565.0
22.897339,92.549866,Mizoram,Lunglei,1,139.0
27.368917,88.794611,Sikkim,East Sikkim,1,3894.0
24.549075182572665,94.23048109973308,,,0,902.0
27.448306,88.519667,Sikkim,North Sikkim,1,875.0
25.38318967614613,91.34546183330598,,,0,1410.0
27.244056,88.348056,Sikkim,South Sikkim,1,1568.0
27.63512336863378,94.90150794953598,,,0,111.0
27.452751733974,88.33343274133055,,,0,2281.0
23.605611,93.08682,Mizoram,Champhai,1,1128.0
25.786141322309515,93.66575535869592,,,0,175.0
25.042333,94.241111,Manipur,Senapati,1,1507.0
25.695,94.459,Nagaland,Phek,1,1561.0
24.03804454317573,93.39180529086464,,,0,1901.0
23.828278,92.023389,Tripura,Dhalai,1,114.0
27.090944,88.406833,Sikkim,South Sikkim,1,290.0
27.527333,88.590778,Sikkim,North Sikkim,1,1510.0
25.405,93.372194,Assam,Dima Hasao,1,434.0
25.04151320788865,91.98839118471528,,,0,15.0
25.971300715877423,93.79340037650236,,,0,155.0
28.10430163156924,96.03365553144268,,,0,1409.0
24.291028,94.124056,Manipur,Chandel,1,1319.0
27.554911787846013,88.80482067274542,,,0,4669.0
25.044947,92.420261,Meghalaya,East Jaintia Hills,1,181.0
25.19669444,93.01858333,Assam,Dima Hasao (N.C. Hills),1,453.0
25.64366,91.899342,Meghalaya,East Khasi Hills,1,1060.0
23.793444,92.125833,Tripura,Dhalai,1,189.0
26.327972,94.527389,Nagaland,Mokokchung,1,1337.0
23.88815841470837,92.5877062757172,,,0,821.0
27.76712341324907,96.2622669968612,,,0,282.0
25.102484977389445,93.52416058027936,,,0,1602.0
28.98172065143194,95.9478951016314,,,0,2454.0
25.573653,91.831023,Meghalaya,East Khasi Hills,1,1357.0
24.99125555288644,93.92828825597562,,,0,991.0
23.38606173304644,92.496537357989,,,0,438.0
25.581944,94.858139,Nagaland,Phek,1,1215.0
25.238701067960527,94.62033305932168,,,0,2023.0
25.16763410417248,94.58726607728836,,,0,2154.0
25.116,93.643278,Manipur,Tamenglong,1,1192.0
26.456512868434448,94.26411993145162,,,0,255.0
27.190295,95.716317,Arunachal Pradesh,Changlang,1,577.0
28.38802692383062,95.6347835858552,,,0,1676.0
23.62645406236464,92.43047453381357,,,0,846.0
23.65955556,92.67111111,Mizoram,Aizawl,1,1018.0
24.11294757333619,93.67835397800236,,,0,1164.0
25.687442,91.656183,Meghalaya,West Khasi Hills,1,1045.0
27.659789379709267,88.42779901607943,,,0,4283.0
23.670556,92.728528,Mizoram,Aizawl,1,716.0
23.33022222,92.78886111,Mizoram,Aizawl,1,661.0
24.342363842996924,92.27481247874032,,,0,48.0
26.305043044508658,91.9447822528566,,,0,55.0
28.105952,96.447724,Arunachal Pradesh,Anjaw,1,1427.0
23.658861,92.963722,Mizoram,Aizawl,1,1133.0
25.079667,94.296361,Manipur,Ukhrul,1,1139.0
25.298951,91.726475,Meghalaya,East Khasi Hills,1,1507.0
27.55138985918368,93.0516657049452,,,0,1607.0
24.030588,92.668422,Mizoram,Kolasib,1,914.0
26.168556,95.04825,Nagaland,Noklak,1,1118.0
24.63989428147349,94.4408064877137,,,0,409.0
28.143839,95.285971,Arunachal Pradesh,East Siang,1,184.0
25.65977222,91.63440556,Meghalaya,Eastern-West Khasi Hill,1,1407.0
25.118,93.014,Assam,Dima Hasao,1,621.0
25.714656233259863,92.58495764886383,,,0,742.0
23.33445568134309,92.54052818655852,,,0,597.0
26.390968369862502,94.26654303102578,,,0,177.0
24.64121112523302,94.06072119505583,,,0,780.0
25.56245620946428,94.00213393349752,,,0,2254.0
25.950660895586434,92.1150856473946,,,0,641.0
26.09686389,94.36771667,Nagaland,Wokha,1,636.0
23.744264818029983,91.96138287569252,,,0,175.0
24.975961,93.567983,Manipur,Tamenglong,1,937.0
25.46909987791811,94.32050413914352,,,0,2184.0
25.168928,93.739886,Manipur,Tamenglong,1,771.0
22.873558,92.755951,Mizoram,Lunglei,1,1075.0
24.884950605286026,94.07789582356884,,,0,805.0
27.731510676805694,93.36158748118204,,,0,1348.0
24.97184133495636,93.27197529928648,,,0,227.0
25.368927364321586,92.94647006689516,,,0,442.0
23.150939,92.748258,Mizoram,Lunglei,1,881.0
25.64213,91.851852,Meghalaya,East Khasi Hills,1,1104.0
24.861126866773635,92.18103157246748,,,0,16.0
25.105612333481112,91.69305824288422,,,0,10.0
23.90527778,92.92083333,Mizoram,Aizawl,1,1045.0
22.97279919743344,92.37634686724866,,,0,35.0
28.014765,94.569467,Arunachal Pradesh,Lepa rada,1,556.0
23.80515704817985,93.24963031803752,,,0,1895.0
26.721128973756528,92.55490330176067,,,0,80.0
25.123694025116485,93.5018452308614,,,0,616.0
26.74587509662842,95.36472078988812,,,0,1012.0
28.488264,95.842761,Arunachal Pradesh,Dibang Valley,1,813.0
27.190191,88.325507,Sikkim,Soreng,1,522.0
25.691,94.121,Nagaland,Kohima,1,1396.0
28.14787,95.279987,Arunachal Pradesh,East Siang,1,213.0
23.219172,92.67691,Mizoram,Lunglei,1,781.0
28.17434184453997,96.47067320700064,,,0,1694.0
24.84833,93.45917,Manipur,Tamenglong,1,988.0
22.28035314131493,92.50650945392096,,,0,308.0
23.953337904282574,91.17090577408028,,,0,7.0
22.70974139116972,92.76664698197207,,,0,277.0
25.536972,91.973639,Meghalaya,East Khasi Hills,1,1648.0
27.070857359538355,93.01355264721514,,,0,845.0
25.865037501935337,95.25122901058398,,,0,2042.0
23.13488,92.747567,Mizoram,Lunglei,1,844.0
24.888556,93.641472,Manipur,Noney,1,410.0
25.80273575921341,91.52802593485951,,,0,308.0
25.24868889,93.85251111,Manipur,Kangpokpi,1,1029.0
25.001134024833476,91.8498625618438,,,0,10.0
27.320612719035896,88.00460885725204,,,0,2318.0
25.581829,91.765659,Meghalaya,East Khasi Hills,1,1694.0
22.680324375657356,92.78347739714523,,,0,385.0
23.88583333,92.85055556,Mizoram,Aizawl,1,514.0
22.765005649486408,92.93504357363952,,,0,630.0
25.1478502232041,92.72913664928149,,,0,1669.0
24.788639,93.772167,Manipur,Kangpokpi,1,1086.0
24.942778,93.495333,Manipur,Tamenglong,1,1252.0
27.8112096079145,88.43188592731195,,,0,4671.0
26.0586115568992,92.64924961552086,,,0,64.0
22.635651044885968,93.10596449101875,,,0,389.0
23.226894,92.638527,Mizoram,Lunglei,1,763.0
27.27872778,88.12502778,Sikkim,Namchi,1,1840.0
25.743,93.798,Nagaland,Dimapur,1,354.0
26.206778,94.215,Nagaland,Wokha,1,665.0
24.17361739064486,92.85471977213447,,,0,239.0
27.568028,92.993944,Arunachal Pradesh,East Kameng,1,547.0
26.446867881185103,94.18745631107154,,,0,185.0
26.068028,94.317833,Nagaland,Wokha,1,1067.0
27.28425,88.370056,Sikkim,South Sikkim,1,1939.0
28.308841,95.973238,Arunachal Pradesh,Lower Dibang Valley,1,899.0
23.982908463923952,92.60320473990316,,,0,451.0
26.011075,94.523236,Nagaland,Zunheboto,1,1835.0
25.151005208543644,92.8055145837336,,,0,1201.0
27.846380546133982,95.21778447028412,,,0,136.0
24.02,93.56,Manipur,Churachandpur,1,789.0
23.826811744831208,94.07861997805618,,,0,634.0
25.622638238056528,90.68921010631118,,,0,367.0
27.252667,88.694194,Sikkim,East Sikkim,1,1456.0
24.936361,94.160028,Manipur,Ukhrul,1,946.0
25.66315,91.90180278,Meghalaya,Ri-Bhoi,1,1017.0
25.17789696684276,93.4318135720632,,,0,717.0
22.580416041669864,92.81192696045642,,,0,518.0
23.02280556,92.67255556,Mizoram,Kolasib,1,350.0
27.179639,88.519778,Sikkim,East Sikkim,1,332.0
25.224808,91.696177,Meghalaya,East Khasi Hills,1,367.0
25.462426471915197,90.95566620528795,,,0,461.0
23.71125,92.660167,Mizoram,Aizawl,1,272.0
25.338631,91.777559,Meghalaya,East Khasi Hills,1,1416.0
27.49091704600609,91.77319781598425,,,0,3014.0
25.412400106076355,93.59971829585125,,,0,1152.0
25.292632345972606,92.90989629050272,,,0,793.0
22.9,92.48,Mizoram,Lunglei,1,128.0
25.181222,94.524611,Manipur,Ukhrul,1,1317.0
28.289977243112705,96.08056476017929,,,0,1042.0
23.56361111,92.73277778,Mizoram,Aizawl,1,595.0
22.88926394226952,92.40079240213043,,,0,60.0
22.73,92.65,Mizoram,Lunglei,1,657.0
25.0681092981182,92.18958903257952,,,0,20.0
23.116585,92.745325,Mizoram,Lunglei,1,737.0
24.09,92.37,Mizoram,Mamit,1,155.0
28.026733,94.593471,Arunachal Pradesh,Lepa rada,1,661.0
22.789967,92.820396,Mizoram,Lunglei,1,716.0
23.67555556,92.7225,Mizoram,Aizawl,1,770.0
27.47126545143656,93.83555032416332,,,0,1725.0
26.0046,93.9814,Nagaland,Wokha,1,473.0
28.447882815010814,94.56052774448833,,,0,1535.0
25.034611,94.31925,Manipur,Ukhrul,1,1231.0
25.95548110907053,92.71735190025072,,,0,69.0
25.391723,91.871851,Meghalaya,East Khasi Hills,1,1585.0
25.970032,92.056762,Meghalaya,Ri-Bhoi,1,606.0
25.739703340651896,90.2533980351606,,,0,160.0
26.95678413800709,94.91597672941244,,,0,116.0
23.615139,92.594944,Mizoram,Mamit,1,1068.0
26.12600908161514,93.06269180830488,,,0,82.0
27.09425726355812,92.89957292829422,,,0,1102.0
25.012250685956403,93.8911812162707,,,0,1051.0
24.644889,93.619583,Manipur,Noney,1,749.0
23.77795290225522,93.31030532690464,,,0,1058.0
22.961938671446596,92.63549633731054,,,0,474.0
25.425611,93.364444,Assam,Dima Hasao,1,391.0
28.58250580124427,94.7191711865897,,,0,1572.0
27.220721937874032,93.87242985828078,,,0,235.0
27.38086400477036,88.89728775764138,,,0,4248.0
24.99083,93.50583,Manipur,Tamenglong,1,1206.0
27.013291378936557,92.39071801433664,,,0,938.0
22.892341080731967,93.40919069809507,,,0,1224.0
25.21925982058076,93.5240109988001,,,0,984.0
27.01330593697004,88.32012517626968,,,0,1444.0
25.239068,91.174728,Meghalaya,South West Khasi Hills,1,543.0
25.44743611,91.59103889,Meghalaya,East Khasi Hills,1,1628.0
25.820664,94.912642,Nagaland,Kiphire,1,1697.0
26.475333,94.454833,Nagaland,Mokokchung,1,1093.0
25.208256,91.69041,Meghalaya,East Khasi Hills,1,363.0
27.476591893572557,92.9136185374623,,,0,1047.0
25.11952110970538,92.46836015741589,,,0,935.0
23.62,92.85055556,Mizoram,Aizawl,1,1092.0
24.956472,94.155694,Manipur,Ukhrul,1,1158.0
22.915947,92.928337,Mizoram,Lunglei,1,422.0
28.39325157396538,95.70774896548704,,,0,1024.0
23.2964156915066,92.59025875269528,,,0,367.0
24.17638889,92.57333333,Mizoram,Kolasib,1,70.0
26.45915892578805,95.12314056138958,,,0,1864.0
24.98,92.96,Assam,Cachar,1,166.0
24.47200117361403,93.30211462096604,,,0,673.0
25.281,91.57330556,Meghalaya,East Khasi Hills,1,1325.0
25.63861,94.115,Nagaland,Kohima,1,1320.0
26.136306350402897,92.59649562225373,,,0,61.0
24.53889082498185,94.50338867830926,,,0,202.0
25.92103,92.50708,Assam,West Karbi Anglong,1,372.0
23.40353214919072,92.57491624828457,,,0,212.0
25.44794962771815,91.17880875000672,,,0,766.0
25.1447058042344,92.7829262525302,,,0,1092.0
28.15271108155268,95.66233603360966,,,0,220.0
27.83875,93.977278,Arunachal Pradesh,Upper Subansiri,1,625.0
28.60960049088635,95.3129239779746,,,0,2240.0
27.307958,93.498326,Arunachal Pradesh,East Kameng,1,1622.0
22.987687875687755,92.5615976693104,,,0,553.0
27.47699428946788,93.85410396205332,,,0,1825.0
27.36196854976301,92.91397657520558,,,0,1950.0
26.18456537467143,92.08295712139552,,,0,59.0
25.039506422278112,91.72197350731108,,,0,12.0
25.076659883147705,92.2004622545953,,,0,17.0
27.66294705227141,88.87888290695504,,,0,4794.0
25.442479828362178,94.42253209402516,,,0,1085.0
28.237716,95.535611,Arunachal Pradesh,East Siang,1,581.0
27.325005406606792,88.00055740973876,,,0,2024.0
25.545061,91.269778,Meghalaya,West Khasi Hills,1,1386.0
27.591389,91.9025,Arunachal Pradesh,Tawang,1,2527.0
25.1225879503183,92.62411347352553,,,0,621.0
24.798333,93.655056,Manipur,Noney,1,430.0
24.852,94.366303,Manipur,Kamjong,1,1472.0
24.870889633059623,94.14724031476972,,,0,874.0
25.14,93.3,Assam,Dima Hasao,1,1188.0
23.225619,92.924909,Mizoram,Serchhip,1,451.0
28.522578974195543,94.75877213834949,,,0,2587.0
27.44012945204088,88.87112514036201,,,0,3669.0
27.55458697220445,88.04263365096254,,,0,5422.0
26.95642516537423,88.51228014867347,,,0,766.0
27.069615,93.550726,Arunachal Pradesh,Papum Pare,1,353.0
23.304778,93.329472,Mizoram,Champhai,1,1265.0
25.757346212346903,93.61926748529189,,,0,177.0
23.914472,92.27125,Tripura,North Tripura,1,733.0
25.68625,91.118358,Meghalaya,West Khasi Hills,1,1057.0
24.34,92.74,Mizoram,Kolasib,1,141.0
27.09725,88.3825,Sikkim,Namchi,1,282.0
24.00286395525714,94.22338534792462,,,0,165.0
24.901444,94.338306,Manipur,Kamjong,1,1404.0
27.774112795612165,93.32398949369068,,,0,1672.0
24.02317886391236,92.426030539044,,,0,119.0
25.607458,91.157039,Meghalaya,West Khasi Hills,1,1184.0
27.25333333,88.53194444,Sikkim,East Sikkim,1,539.0
25.216588254665897,93.4828112573154,,,0,1704.0
26.34607460201089,91.73793352889862,,,0,62.0
27.588830577572452,93.48526511118904,,,0,2376.0
25.856018,94.427396,Nagaland,Zunheboto,1,1762.0
28.70394069212438,95.78445883240828,,,0,2197.0
23.223807,92.944448,Mizoram,Serchhip,1,485.0
27.71320103180874,96.4033900738702,,,0,1086.0
23.70777778,92.71611111,Mizoram,Aizawl,1,1008.0
27.629276386615643,92.92221191738533,,,0,1711.0
23.309091,92.86293,Mizoram,Serchhip,1,1037.0
25.520338963830355,92.62017986723689,,,0,719.0
26.095662488523143,94.93494714134782,,,0,1042.0
25.965944,94.216972,Nagaland,Kohima,1,1239.0
23.355,92.76972222,Mizoram,Aizawl,1,950.0
28.479902,95.839317,Arunachal Pradesh,Dibang Valley,1,843.0
27.32663889,88.61016667,Sikkim,East Sikkim,1,1587.0
24.93900979388096,93.25448062018928,,,0,91.0
23.299312,92.692614,Mizoram,Serchhip,1,418.0
25.15775,93.72275,Manipur,Tamenglong,1,746.0
25.273477,91.577794,Meghalaya,East Khasi Hills,1,1279.0
27.218278,88.232472,Sikkim,West Sikkim,1,1241.0
25.097997,92.355972,Meghalaya,East Jaintia Hills,1,115.0
26.886415509972803,88.6175295698654,,,0,173.0
25.091766699267087,93.1902076107828,,,0,941.0
22.256492469274445,92.87254916056456,,,0,547.0
24.991602683546883,91.602151270598,,,0,12.0
25.652,94.03,Nagaland,Kohima,1,1593.0
27.527194,88.603222,Sikkim,North Sikkim,1,1490.0
23.93361111,92.67388889,Mizoram,Kolasib,1,213.0
27.369630103347536,93.5532546799169,,,0,1354.0
25.511080052683056,94.0647766375402,,,0,2161.0
27.788389,93.526528,Arunachal Pradesh,Kurung Kumey,1,722.0
25.256259,91.868197,Meghalaya,East Khasi Hills,1,978.0
24.54298829618592,94.30042300429784,,,0,997.0
23.310167,93.311889,Mizoram,Champhai,1,1505.0
23.075575,93.315376,Mizoram,Champhai,1,1108.0
23.643814400518536,93.44387325781688,,,0,1071.0
26.62411404789908,95.23576884111831,,,0,962.0
23.14046,93.343507,Mizoram,Champhai,1,1172.0
23.396903829478497,92.55248726823744,,,0,527.0
23.702056,92.993222,Mizoram,Aizawl,1,890.0
25.68981810103573,91.3291226494571,,,0,1222.0
26.437583726262105,95.16738962177502,,,0,1267.0
25.786861,94.446,Nagaland,Phek,1,1096.0
27.38417925146713,91.71103477845662,,,0,1311.0
24.013044,92.920237,Mizoram,Aizawl,1,1069.0
23.552783892945573,93.51500354653976,,,0,1312.0
25.18498993902712,92.79185938879814,,,0,1107.0
24.12,93.58,Manipur,Churachandpur,1,1002.0
23.785944,93.154137,Mizoram,Champhai,1,716.0
23.689256,93.192172,Mizoram,Champhai,1,1197.0
25.04881285648321,92.19022293595948,,,0,17.0
28.109824589556258,96.3526863105318,,,0,2534.0
25.629,93.855,Nagaland,Peren,1,1354.0
25.53,93.72,Nagaland,Peren,1,1205.0
28.23153,96.54272,Arunachal Pradesh,Anjaw,1,1668.0
24.32685551671961,92.44512255128386,,,0,109.0
25.00275801013776,93.39186749109167,,,0,587.0
27.172444,88.386972,Sikkim,South Sikkim,1,1771.0
24.22527778,92.97777778,Mizoram,Aizawl,1,668.0
23.217324,92.99812,Mizoram,Serchhip,1,1082.0
24.183717,92.798909,Mizoram,Aizawl,1,743.0
26.99249659038718,95.62665212992589,,,0,1694.0
27.756511,93.417861,Arunachal Pradesh,Kra Daadi,1,1056.0
25.22,93.29,Assam,Dima Hasao,1,884.0
23.73027778,92.76861111,Mizoram,Aizawl,1,728.0
25.475852646446697,94.45695371412606,,,0,1161.0
23.93395,92.65928,Mizoram,Aizawl,1,201.0
25.113475,92.350506,Meghalaya,East Jaintia Hills,1,258.0
25.18103933574224,92.61303530229922,,,0,1428.0
28.167982,95.431764,Arunachal Pradesh,East Siang,1,463.0
24.32,93.76,Manipur,Bishnupur,1,887.0
27.86772842176938,96.22942177993792,,,0,231.0
23.56233889,93.11890833,Mizoram,Kolasib,1,816.0
27.768557982549204,94.51533708933884,,,0,306.0
25.504641629189138,90.96245494842844,,,0,624.0
26.099975,91.876625,Assam,Kamrup,1,94.0
25.53664217360524,93.1545978791395,,,0,288.0
25.50478461273712,92.69203031477956,,,0,601.0
23.71111111,92.87861111,Mizoram,Aizawl,1,592.0
27.279889,88.436472,Sikkim,South Sikkim,1,571.0
25.200398345774627,94.5971669496328,,,0,2183.0
24.58239901249007,92.45798235657404,,,0,22.0
24.37580551021069,93.77928522982782,,,0,808.0
27.184208973643557,95.99982607452878,,,0,1236.0
27.362028,92.244028,Arunachal Pradesh,West Kameng,1,1581.0
27.11357248389034,95.96055587092684,,,0,992.0
26.184315625352607,93.51935928246743,,,0,1035.0
23.60861111,92.8096,Mizoram,Aizawl,1,498.0
23.07859,92.870544,Mizoram,Lunglei,1,421.0
25.8562406345054,93.8729692733,,,0,164.0
25.078449891171648,93.71232519421204,,,0,1397.0
25.133863208129743,92.4852356507148,,,0,128.0
25.81678,92.71878,Assam,West Karbi Anglong,1,205.0
25.842358,94.702953,Nagaland,Kiphire,1,1814.0
23.93194444,92.65222222,Mizoram,Kolasib,1,214.0
25.159469,91.528337,Meghalaya,East Khasi Hills,1,44.0
23.76077858669749,92.45427829568764,,,0,314.0
25.434999665700047,93.60000637868808,,,0,881.0
25.30904114593235,94.66068210284202,,,0,1535.0
27.371806,88.677167,Sikkim,East Sikkim,1,2572.0
24.209473,92.27134,Tripura,North Tripura,1,135.0
25.060088,92.807089,Assam,Dima Hasao,1,186.0
27.440892333264507,88.23903806714425,,,0,3197.0
24.56261684359301,93.91743983262914,,,0,770.0
25.535252937070453,93.5593591818162,,,0,442.0
24.158371276649888,93.1376672681411,,,0,876.0
25.273217,91.609962,Meghalaya,East Khasi Hills,1,399.0
24.032231709188057,93.3911484788575,,,0,1821.0
27.48610260461146,93.7129065544718,,,0,981.0
28.256434,95.57515,Arunachal Pradesh,Lower Dibang Valley,1,462.0
23.348700955992623,92.29790192567988,,,0,134.0
24.639361,93.659444,Manipur,Noney,1,808.0
26.535556,94.788056,Nagaland,Longleng,1,1025.0
26.88647537222904,94.45566945793696,,,0,92.0
27.34675,93.018528,Arunachal Pradesh,East Kameng,1,780.0
27.14837859470908,92.71155165179358,,,0,839.0
27.441361,92.117417,Arunachal Pradesh,West Kameng,1,2548.0
25.688011,91.658069,Meghalaya,West Khasi Hills,1,1032.0
25.828558,94.239531,Nagaland,Kohima,1,734.0
25.72404743275397,95.00259447049169,,,0,2728.0
24.83111717520355,93.32950434522336,,,0,686.0
24.455645770896176,94.42402576563882,,,0,188.0
27.449173198638672,92.8354192113124,,,0,1477.0
25.390145,91.87196,Meghalaya,East Khasi Hills,1,1569.0
27.35333333,88.61666667,Sikkim,East Sikkim,1,1722.0
25.203954513731983,92.61791001390172,,,0,1552.0
27.758611,93.997222,Arunachal Pradesh,Lower Subansiri,1,426.0
26.785722,95.071889,Nagaland,Mon,1,863.0
28.162497,95.441244,Arunachal Pradesh,East Siang,1,484.0
26.085333,94.49025,Nagaland,Zunheboto,1,1498.0
23.77342080998603,94.1217038839442,,,0,230.0
24.459852736187013,93.5011467013393,,,0,1341.0
24.94695345968365,90.94087686238204,,,0,11.0
22.579611,92.870552,Mizoram,Lawngtlai,1,983.0
27.589612497970062,93.49967787869502,,,0,2072.0
24.641417,93.596611,Manipur,Noney,1,1073.0
23.788722,92.837833,Mizoram,Aizawl,1,622.0
25.684410822684335,90.26443705388375,,,0,392.0
28.32253422200929,95.2611720977384,,,0,2119.0
27.72187526076322,88.46821349211935,,,0,4605.0
24.83636,94.37622,Manipur,Kamjong,1,1439.0
27.26934824578403,92.89109317389752,,,0,377.0
26.00867557666847,92.76028681186892,,,0,71.0
27.306861,88.368444,Sikkim,South Sikkim,1,1954.0
25.057903323111518,92.68081382463794,,,0,651.0
25.733348224419547,91.33694039217822,,,0,815.0
25.608,94.146,Nagaland,Kohima,1,1524.0
28.316561794336145,95.38383556074729,,,0,2616.0
26.906307291175008,95.226028837862,,,0,603.0
26.26175,95.103444,Nagaland,Noklak,1,1294.0
22.933441,92.708267,Mizoram,Lunglei,1,820.0
23.805313,92.592663,Mizoram,Mamit,1,523.0
25.522768,91.892701,Meghalaya,East Khasi Hills,1,1837.0
27.077978607984623,92.26120933755818,,,0,2273.0
26.79010647629098,94.28931274777548,,,0,99.0
24.06194444,92.59444444,Mizoram,Kolasib,1,51.0
24.36661191598954,93.80971864763686,,,0,777.0
27.213556,88.321833,Sikkim,West Sikkim,1,472.0
22.26135898931151,92.81891813734984,,,0,353.0
28.793279,94.848477,Arunachal Pradesh,Upper Siang,1,1046.0
23.26126111,93.15070556,Mizoram,Aizawl,1,1098.0
22.67,92.56,Mizoram,Lawngtlai,1,471.0
23.297637,92.74119,Mizoram,Serchhip,1,769.0
23.829501,92.736459,Mizoram,Aizawl,1,1263.0
25.701,94.089,Nagaland,Kohima,1,1350.0
25.126222,94.456278,Manipur,Ukhrul,1,1876.0
25.844972,94.328611,Nagaland,Zunheboto,1,904.0
25.721,94.039,Nagaland,Kohima,1,975.0
28.029673505128063,96.364173843101,,,0,1424.0
23.76821,92.539681,Mizoram,Mamit,1,523.0
23.00133869304677,92.56368082344044,,,0,464.0
25.25492596675862,94.18816997760356,,,0,1844.0
25.037833,92.440417,Meghalaya,East Jaintia Hills,1,307.0
23.60753,93.092644,Mizoram,Champhai,1,1005.0
26.4231373,94.3822611,Nagaland,Mokokchung,1,526.0
27.45878947118328,88.27749210535882,,,0,3581.0
25.242,93.14,Assam,Dima Hasao,1,650.0
26.15553353655468,94.7336111760822,,,0,1936.0
28.475200723166324,95.37454994223972,,,0,2545.0
27.65987851112479,93.04280976568894,,,0,784.0
25.1625278,93.0103333,Assam,Dima Hasao,1,591.0
24.45318146265415,94.31307521522258,,,0,607.0
28.006348390037047,93.62110794144093,,,0,689.0
22.743211754973917,93.10300064051914,,,0,376.0
26.72084880613601,94.34933414137753,,,0,109.0
24.557033702589308,94.57029905405231,,,0,529.0
28.23028869366668,95.97520680037478,,,0,2921.0
26.323083,93.093167,Assam,Karbi Anglong,1,99.0
26.46,94.852222,Nagaland,Longleng,1,829.0
25.966581,94.565806,Nagaland,Kiphire,1,1840.0
25.788378,94.96105,Nagaland,Kiphire,1,1977.0
25.529056,91.923722,Meghalaya,East Khasi Hills,1,1748.0
22.31504782775482,92.51436760345932,,,0,191.0
25.721861,94.780667,Nagaland,Phek,1,1496.0
25.139167,93.669444,Manipur,Tamenglong,1,1128.0
25.31800088548824,94.71298976376475,,,0,1645.0
27.700188384016503,92.0406440231462,,,0,3398.0
23.110589932787896,92.96815498406814,,,0,451.0
26.01260952489732,90.50134487449424,,,0,457.0
25.96581616811081,92.1860526697294,,,0,667.0
26.150626183403958,92.17588285230468,,,0,53.0
24.3,93.84,Manipur,Bishnupur,1,835.0
26.99055865232803,88.49724912852925,,,0,953.0
26.417456764416706,94.74775912543603,,,0,984.0
25.06138473406563,93.09650547655365,,,0,249.0
25.51046111,91.70312778,Meghalaya,East Khasi Hills,1,1795.0
27.734427753105926,93.77777185670678,,,0,1673.0
26.758579647891946,92.90045521036411,,,0,74.0
26.171972,92.002611,Assam,Kamrup,1,80.0
27.05066971797234,95.79074195547304,,,0,1637.0
24.993,93.161583,Assam,Cachar,1,189.0
25.220764,91.187,Meghalaya,South West Khasi Hills,1,457.0
27.19950556,88.32696111,Sikkim,Geyzing,1,509.0
28.071998424891834,95.73072837100328,,,0,180.0
27.37205303958464,93.57329114288716,,,0,1648.0
28.546556301762354,95.88416025866668,,,0,1973.0
25.133911,92.222392,Meghalaya,East Jaintia Hills,1,170.0
24.827,93.478472,Manipur,Noney,1,481.0
25.84541,93.68312,Assam,Karbi Anglong,1,177.0
28.379478087225,95.83045131206786,,,0,1999.0
28.01958264027312,94.66635313168452,,,0,952.0
22.57250598409405,92.81932657467692,,,0,241.0
25.590139,94.846333,Nagaland,Phek,1,1155.0
27.70455538841719,94.82959185783544,,,0,248.0
27.352771345821747,93.47248095467268,,,0,1702.0
27.810492806760724,94.50479305210368,,,0,719.0
24.86835643421924,92.1521770770708,,,0,16.0
27.406377188675727,93.23201009885588,,,0,2231.0
28.287317,94.947651,Arunachal Pradesh,East Siang,1,301.0
26.683567674155285,94.9420657984474,,,0,418.0
25.81868424867392,91.93854124745371,,,0,777.0
26.112639,94.405194,Nagaland,Zunheboto,1,574.0
26.075774618931167,92.53501426361971,,,0,133.0
27.112268,95.736125,Arunachal Pradesh,Changlang,1,525.0
28.402199411563625,95.36086973691128,,,0,1649.0
25.167528,94.294861,Manipur,Ukhrul,1,1540.0
24.66764543873818,92.86901609214412,,,0,26.0
27.121611,88.237,Sikkim,West Sikkim,1,473.0
23.315806,92.859192,Mizoram,Serchhip,1,1060.0
24.27899722,92.642375,Mizoram,Kolasib,1,69.0
25.26955329152404,89.99896336580682,,,0,28.0
25.605061,94.772156,Nagaland,Phek,1,1631.0
26.20769185708033,92.51023142114478,,,0,60.0
25.075167,92.370953,Meghalaya,East Jaintia Hills,1,159.0
28.109161,95.269084,Arunachal Pradesh,East Siang,1,406.0
26.036794543209027,93.83197018083798,,,0,138.0
28.06038342741826,94.87897584747984,,,0,884.0
24.27,93.67,Manipur,Churachandpur,1,824.0
23.316827086945672,92.57477615023186,,,0,328.0
23.851723,93.186775,Mizoram,Champhai,1,963.0
24.834386,93.715025,Manipur,Noney,1,813.0
25.074439,92.371186,Meghalaya,East Jaintia Hills,1,112.0
27.42198727982057,88.43396742506222,,,0,2727.0
26.169252156724127,94.3573725170218,,,0,541.0
23.474833,93.229,Mizoram,Champhai,1,1013.0
24.51947918448316,93.47680026037396,,,0,505.0
27.036339,95.564677,Arunachal Pradesh,Tirap,1,686.0
25.317534004718997,93.72286581215616,,,0,1071.0
25.205528,93.020139,Assam,Dima Hasao,1,346.0
27.259833,88.711722,Sikkim,East Sikkim,1,1109.0
24.637806,93.69075,Manipur,Noney,1,1310.0
28.035740404351756,94.91310743314334,,,0,1379.0
25.926471682676045,93.8093774056163,,,0,143.0
24.48192194229423,93.70105438643434,,,0,989.0
23.75215122541453,92.9080245763678,,,0,816.0
25.267405909969558,94.37099712106496,,,0,1560.0
23.84,92.37,Mizoram,Mamit,1,433.0
23.95610258204241,92.49420353776978,,,0,744.0
26.84523863766381,92.60651920769322,,,0,98.0
27.134444,92.599611,Arunachal Pradesh,West Kameng,1,343.0
27.27811389725696,92.12469517908468,,,0,2701.0
24.036336,92.770846,Mizoram,Aizawl,1,945.0
22.424,92.977997,Mizoram,Saiha,1,805.0
22.872238,92.750557,Mizoram,Lunglei,1,1053.0
23.411146,92.752193,Mizoram,Aizawl,1,1154.0
28.169583,95.223917,Arunachal Pradesh,East Siang,1,301.0
26.204472,94.214861,Nagaland,Wokha,1,602.0
24.543806,93.676528,Manipur,Churachandpur,1,1062.0
26.202972,94.213417,Nagaland,Wokha,1,464.0
25.875639,94.0395,Nagaland,Kohima,1,1047.0
25.896389,94.203556,Nagaland,Kohima,1,1380.0
23.956528,93.041084,Mizoram,Aizawl,1,1072.0
26.07696720714073,94.82163946903889,,,0,928.0
27.458768,96.440093,Arunachal Pradesh,Changlang,1,618.0
25.601028,94.829722,Nagaland,Phek,1,1480.0
23.73666667,92.85611111,Mizoram,Aizawl,1,766.0
25.31870647272041,93.78543351609822,,,0,1394.0
23.457028,93.006722,Mizoram,Serchhip,1,1403.0
22.607601914374072,92.78703108283428,,,0,198.0
25.216620329255708,92.32713696490045,,,0,704.0
27.128167197855426,93.43083713377932,,,0,1343.0
24.22,94.07,Manipur,Chandel,1,1623.0
25.752806,94.213306,Nagaland,Kohima,1,1060.0
26.858012313945128,93.6759158587541,,,0,75.0
25.71540019393634,91.30471608883332,,,0,971.0
27.43994323666541,88.82478943130207,,,0,4450.0
24.499972,94.195769,Manipur,Tengnoupal,1,1067.0
23.02181439517204,92.53817623411584,,,0,567.0
27.4655443626717,96.26914847401568,,,0,864.0
23.503611,92.615556,Mizoram,Mamit,1,664.0
25.219409442626045,94.23065325183804,,,0,1034.0
27.690611889910933,94.04149681363153,,,0,1843.0
22.74060713420996,92.76124000231307,,,0,326.0
25.824278,94.147472,Nagaland,Kohima,1,1402.0
25.37465995710325,93.98710856349042,,,0,1851.0
26.125556,94.134639,Nagaland,Wokha,1,612.0
28.0498205855731,93.77661195972188,,,0,1771.0
26.079683754543105,92.6029405922962,,,0,59.0
23.39708364193604,93.0041837579756,,,0,832.0
25.66083,94.10278,Nagaland,Kohima,1,1483.0
25.566,93.863,Nagaland,Peren,1,1672.0
26.17562,94.888105,Nagaland,Tuensang,1,2206.0
26.342596206650565,91.6674827823882,,,0,53.0
23.204981,92.57457,Mizoram,Lunglei,1,814.0
25.1084887750796,91.6149503118321,,,0,17.0
24.73,93.18,Manipur,Jiribam,1,242.0
24.366806,94.163389,Manipur,Tengnoupal,1,1197.0
25.60337311667446,93.45808534551688,,,0,267.0
23.412032583873756,92.3998772236635,,,0,172.0
24.33,93.15,Manipur,Pherzawl,1,524.0
27.6257529606,88.52188826013932,,,0,4446.0
27.501772686233625,88.1233561900442,,,0,4104.0
25.771726009408543,91.95686309118334,,,0,912.0
23.387941,92.842291,Mizoram,Serchhip,1,964.0
25.666,94.258,Nagaland,Phek,1,1576.0
24.6479648648792,94.06169179990752,,,0,781.0
25.54231,92.1,Meghalaya,East Khasi Hills,1,1336.0
26.597234851717296,94.91493106939792,,,0,392.0
25.775676872404105,91.95308630805162,,,0,933.0
25.271909011657883,92.90625295713718,,,0,755.0
27.763722,93.992333,Arunachal Pradesh,Lower Subansiri,1,330.0
25.300281,91.944944,Meghalaya,East Khasi Hills,1,1136.0
27.062322613396457,95.12258077694068,,,0,107.0
24.81786397662328,92.40536609049072,,,0,19.0
27.36940304585451,88.10472467980223,,,0,2824.0
23.907555,93.015114,Mizoram,Aizawl,1,1106.0
27.316944,88.560056,Sikkim,East Sikkim,1,1271.0
27.64807791176912,92.14093218220596,,,0,3676.0
27.89311,96.36336,Arunachal Pradesh,Lohit,1,850.0
25.563,94.14,Nagaland,Kohima,1,1711.0
28.68111367225298,94.54197620945072,,,0,2629.0
27.822301143164815,96.30484892413196,,,0,283.0
23.487813,93.20758,Mizoram,Champhai,1,1080.0
25.653181,92.041194,Meghalaya,East Khasi Hills,1,957.0
25.8027918492867,91.57957465075272,,,0,367.0
26.81453114413852,94.78655475079968,,,0,112.0
27.15028074266781,93.9340016108085,,,0,91.0
26.18149108141812,92.10185548145289,,,0,62.0
25.87975,94.358722,Nagaland,Zunheboto,1,573.0
25.272698633985957,92.44686304853934,,,0,701.0
27.709963774984995,91.85158112136384,,,0,4282.0
25.206763,91.231417,Meghalaya,South West Khasi Hills,1,142.0
23.616457256984443,92.53596616826036,,,0,448.0
25.56842598144341,89.80270655352736,,,0,27.0
25.42342165269889,91.20667424245818,,,0,1187.0
25.225772,91.863037,Meghalaya,East Khasi Hills,1,791.0
23.492991867024266,92.48405064040448,,,0,606.0
23.712694,92.66025,Mizoram,Aizawl,1,208.0
25.538422,94.136039,Nagaland,Kohima,1,1693.0
28.239482,95.774559,Arunachal Pradesh,Lower Dibang Valley,1,862.0
24.79472222,93.65577778,Manipur,Noney,1,415.0
24.267872,94.117978,Manipur,Chandel,1,1204.0
25.092981,92.353708,Meghalaya,East Jaintia Hills,1,124.0
27.28847,88.30139,Sikkim,Namchi,1,1135.0
25.671944,91.096139,Meghalaya,West Khasi Hills,1,998.0
23.43936111,92.76144444,Mizoram,Aizawl,1,1498.0
22.04445787921397,92.75573038350431,,,0,115.0
25.205623,91.736208,Meghalaya,East Khasi Hills,1,545.0
26.628487347519087,94.90003011513424,,,0,482.0
23.470917,93.296417,Mizoram,Champhai,1,1282.0
25.671481174787942,91.7938536211086,,,0,909.0
27.43640118636957,94.04589062460676,,,0,1206.0
23.182152,92.734299,Mizoram,Lunglei,1,748.0
24.52,93.1,Manipur,Pherzawl,1,414.0
22.28141169809949,92.89517517570496,,,0,506.0
27.273506497078337,93.31202748896796,,,0,1774.0
25.6655,91.090556,Meghalaya,West Khasi Hills,1,936.0
23.890278,92.272528,Tripura,North Tripura,1,759.0
28.20867,96.53222,Arunachal Pradesh,Anjaw,1,1356.0
27.54145444043341,96.63724266326696,,,0,1637.0
23.069585,92.765797,Mizoram,Lunglei,1,800.0
27.539694,92.991306,Arunachal Pradesh,East Kameng,1,756.0
25.896244,94.758128,Nagaland,Kiphire,1,1558.0
25.924464552858797,95.06820345700164,,,0,2477.0
25.271625045089063,93.80173764002042,,,0,1614.0
23.234898,92.911307,Mizoram,Serchhip,1,670.0
25.169028,93.741083,Manipur,Tamenglong,1,778.0
27.3688278706192,88.07695879456341,,,0,2701.0
25.79040056070929,94.59016397008484,,,0,1695.0
27.82681075672017,96.58024595581368,,,0,2124.0
25.199811767215746,94.24742708897467,,,0,1203.0
27.54554721236228,93.2516274803832,,,0,1879.0
23.217224,92.949684,Mizoram,Serchhip,1,472.0
25.14586111,93.02419444,Assam,Dima Hasao,1,704.0
25.03099350612777,91.53304476598716,,,0,11.0
22.83358,92.955582,Mizoram,Lunglei,1,1372.0
25.43798959810057,91.19473834541984,,,0,1181.0
27.63113582866182,93.07594590330775,,,0,1006.0
27.094637509743368,88.52075706192697,,,0,1172.0
25.663444,91.915944,Meghalaya,Ri-Bhoi,1,948.0
28.274019,94.962496,Arunachal Pradesh,East Siang,1,349.0
24.24496,92.683014,Mizoram,Kolasib,1,467.0
23.53888889,92.6625,Mizoram,Aizawl,1,626.0
27.377299667133983,91.9085910020316,,,0,3230.0
27.061649466130607,88.85376274839925,,,0,1009.0
26.468611,94.806389,Nagaland,Longleng,1,1147.0
23.31484295494445,92.9360609195422,,,0,681.0
22.91165,92.929871,Mizoram,Lunglei,1,383.0
28.40566133381424,95.64059535100934,,,0,997.0
23.517632,93.075702,Mizoram,Champhai,1,1078.0
24.356285250413496,92.3663785938189,,,0,103.0
26.38778,94.82583,Nagaland,Tuensang,1,1648.0
23.4249929866315,93.430437962689,,,0,1290.0
28.56048720580965,95.89099247430153,,,0,2132.0
27.426,88.514,Sikkim,North Sikkim,1,669.0
23.076241083870386,92.2363526951468,,,0,34.0
25.5,90.22,Meghalaya,West Garo Hills,1,407.0
27.833306,93.978611,Arunachal Pradesh,Upper Subansiri,1,671.0
25.748246608111515,91.17439709722888,,,0,840.0
23.41297283504684,93.48276109528004,,,0,1777.0
25.012111,94.464833,Manipur,Ukhrul,1,1799.0
25.16799023665576,94.04388054527024,,,0,941.0
25.326631432564987,93.792941979118,,,0,1191.0
24.709111,94.198528,Manipur,Kangpokpi,1,1331.0
25.61285278,93.92066111,Nagaland,Peren,1,1684.0
25.44168932817252,93.85715070567954,,,0,1640.0
25.493694,94.555833,Manipur,Ukhrul,1,976.0
23.141474,92.750577,Mizoram,Lunglei,1,838.0
25.436639,93.405917,Assam,Dima Hasao,1,388.0
24.290714,94.038094,Manipur,Chandel,1,1089.0
24.791389,93.735417,Manipur,Noney,1,1119.0
25.557833,90.818103,Meghalaya,East Garo hills,1,514.0
23.725545906219317,92.130520660051,,,0,287.0
23.675142,93.023551,Mizoram,Aizawl,1,570.0
26.434722,94.863056,Nagaland,Longleng,1,790.0
25.66675,91.121472,Meghalaya,West Khasi Hills,1,1050.0
22.786629,92.62748,Mizoram,Lunglei,1,350.0
26.02897,91.87197,Meghalaya,Ri-Bhoi,1,155.0
27.457761781787823,88.13154696045981,,,0,3629.0
24.621762718184677,94.03897738736958,,,0,777.0
23.201843,92.579666,Mizoram,Lunglei,1,728.0
25.075196450587285,91.92144510264087,,,0,15.0
23.469247,92.744068,Mizoram,Aizawl,1,1365.0
24.798806,93.464667,Manipur,Noney,1,530.0
23.73044444,92.75108333,Mizoram,Aizawl,1,969.0
25.05442109619758,93.00091096395006,,,0,903.0
27.363417,92.24375,Arunachal Pradesh,West Kameng,1,1596.0
25.068100228899475,93.71056916635138,,,0,1507.0
25.509358,91.719631,Meghalaya,East Khasi Hills,1,1743.0
25.7641457,94.0781772,Nagaland,Kohima,1,1244.0
23.846786,92.655892,Mizoram,Mamit,1,75.0
27.103058708484152,95.92527520320806,,,0,834.0
27.14535183485499,95.95010562293068,,,0,1239.0
28.5718942437449,95.9317722241032,,,0,2990.0
23.23035,92.79808,Mizoram,Lunglei,1,984.0
23.08280103252068,93.52721870424683,,,0,1850.0
25.59540595141438,90.95457796810796,,,0,846.0
28.03100985175119,95.85542654498929,,,0,202.0
25.72288861220141,92.59599761945532,,,0,682.0
24.039833,93.232864,Mizoram,Champhai,1,941.0
26.216583,94.240556,Nagaland,Wokha,1,296.0
26.053667,94.307917,Nagaland,Wokha,1,1013.0
25.86632281277123,91.78060831881244,,,0,710.0
24.962718705629285,93.37945350647716,,,0,898.0
27.158361,88.521833,Sikkim,East Sikkim,1,596.0
25.65587222,94.12442778,Nagaland,Kohima,1,1303.0
25.72761119158664,90.61077857015464,,,0,229.0
27.09810896347444,95.83453385417828,,,0,1148.0
25.869194,94.324889,Nagaland,Zunheboto,1,593.0
25.376083,91.876944,Meghalaya,East Khasi Hills,1,1421.0
24.31,93.18,Manipur,Pherzawl,1,692.0
24.611109183057824,93.80605184412082,,,0,770.0
24.30905556,92.70394444,Mizoram,Kolasib,1,508.0
25.053859029657136,92.9026421051444,,,0,691.0
24.88287318700855,93.2904711813281,,,0,210.0
22.789585,92.621895,Mizoram,Lunglei,1,399.0
23.634868709112823,93.4798477144594,,,0,1323.0
25.420806,93.371056,Assam,Dima Hasao,1,393.0
25.859602378331267,93.89152647084605,,,0,176.0
26.24641153089481,92.48099825747016,,,0,60.0
24.423345739138657,92.3558447082978,,,0,63.0
23.49278640458916,92.49132759964216,,,0,620.0
25.789861,94.850694,Nagaland,Kiphire,1,725.0
24.37789193085484,92.59149385083572,,,0,83.0
24.576735322129178,93.59214550298702,,,0,1518.0
28.191017068661417,95.34149573810254,,,0,1181.0
28.636530250661146,95.92281611080712,,,0,1153.0
24.934833,94.184944,Manipur,Ukhrul,1,964.0
25.552,94.36,Nagaland,Phek,1,1640.0
27.141944,88.180222,Sikkim,West Sikkim,1,836.0
28.543178,94.633991,Arunachal Pradesh,West Siang,1,720.0
23.304815857679465,92.94294624549632,,,0,664.0
25.447158369818425,91.94231951211528,,,0,1550.0
24.107028,92.276667,Tripura,North Tripura,1,564.0
25.990158,94.508392,Nagaland,Kiphire,1,1772.0
28.695089717301933,94.36784250784892,,,0,3095.0
25.596560392523184,90.1250586084896,,,0,350.0
24.159316641497146,93.78804806354373,,,0,905.0
25.837642445365574,91.27945673827836,,,0,233.0
27.161306,88.512944,Sikkim,South Sikkim,1,895.0
23.71581111,92.70935,Mizoram,Aizawl,1,902.0
25.794083,94.415944,Nagaland,Phek,1,1455.0
28.06811915490004,94.13732022866375,,,0,673.0
27.28666667,88.55347222,Sikkim,East Sikkim,1,1695.0
26.749722,94.827222,Nagaland,Tuensang,1,621.0
26.95834712983393,88.22334836994759,,,0,1135.0
25.187826942478942,92.61898892521776,,,0,1515.0
23.350426726866583,92.41258161270656,,,0,301.0
25.136919283499733,92.56000421288718,,,0,388.0
24.678261437296374,93.75303364218902,,,0,1021.0
25.045389,92.410444,Meghalaya,East Jaintia Hills,1,87.0
23.935689880204357,92.57531448932922,,,0,387.0
24.33331944,93.65702778,Mizoram,Aizawl,1,1097.0
25.54189187002195,94.43055729188596,,,0,1309.0
25.105414,92.972784,Assam,Dima Hasao,1,386.0
23.4725,92.71444444,Mizoram,Aizawl,1,1075.0
23.67805556,92.72,Mizoram,Aizawl,1,1020.0
24.8145,93.246,Manipur,Tamenglong,1,130.0
24.487761713378315,93.24150685362198,,,0,264.0
23.38151,92.844938,Mizoram,Serchhip,1,928.0
25.523,93.873,Manipur,Senapati,1,1617.0
24.15364444,93.02183611,Mizoram,Kolasib,1,306.0
23.001787637353203,92.44358027257108,,,0,134.0
26.70019678110205,94.46989650210386,,,0,121.0
24.38360971922982,94.34957292455888,,,0,515.0
25.54630353268193,93.25112578960947,,,0,306.0
25.55697,94.15322,Nagaland,Kohima,1,1471.0
22.87848266686277,93.09774550537853,,,0,1203.0
26.854925295573068,95.02607789301604,,,0,147.0
26.251247164919864,93.49443832148349,,,0,803.0
27.45951309625133,88.11069233024098,,,0,3627.0
25.674,94.081,Nagaland,Kohima,1,1342.0
27.260861,88.233278,Sikkim,West Sikkim,1,1170.0
27.17000174387071,96.22839713003276,,,0,661.0
22.05,92.66,Mizoram,Lawngtlai,1,174.0
23.603268986927745,92.51453649042064,,,0,152.0
22.5,92.887001,Mizoram,Lawngtlai,1,703.0
27.24144,88.60681,Sikkim,East Sikkim,1,1379.0
22.19599461402132,92.47736273785722,,,0,677.0
24.99,92.45,Assam,Cachar,1,18.0
27.85676185143532,94.45398910778788,,,0,1043.0
28.18469857253248,95.13832250690945,,,0,1242.0
28.32089568483497,96.3010750913056,,,0,3446.0
27.43937877491882,88.44574218094094,,,0,2449.0
22.43,92.870003,Mizoram,Lawngtlai,1,592.0
24.704083,94.187361,Manipur,Kangpokpi,1,1248.0
25.057018434791797,91.76995804362696,,,0,11.0
24.490983,94.16515,Manipur,Tengnoupal,1,1430.0
25.054944,94.530528,Manipur,Ukhrul,1,1545.0
25.507528,91.224333,Meghalaya,West Khasi Hills,1,1361.0
24.341427286573406,93.44126329204418,,,0,1344.0
25.19735276084925,92.28013767547,,,0,763.0
25.30274697120647,94.4313978607502,,,0,1376.0
27.22075,88.699833,Sikkim,East Sikkim,1,1137.0
25.977194,92.354778,Assam,West Karbi Anglong,1,572.0
24.97678164232442,92.19255531988271,,,0,15.0
23.54833333,92.71083333,Mizoram,Aizawl,1,959.0
25.914367,94.458981,Nagaland,Zunheboto,1,1645.0
23.821,92.094417,Tripura,Dhalai,1,118.0
25.140742440810264,91.85887710267116,,,0,13.0
24.37,92.89,Mizoram,Aizawl,1,45.0
24.747694,93.462667,Manipur,Noney,1,513.0
25.30080205132993,92.945722396411,,,0,544.0
23.308629,92.860039,Mizoram,Serchhip,1,993.0
27.158972,88.090944,Sikkim,West Sikkim,1,2192.0
25.0225765458415,93.44596377717076,,,0,182.0
24.775167,93.440722,Manipur,Noney,1,578.0
27.833712334181573,94.0323897140587,,,0,1342.0
27.101083,88.400417,Sikkim,South Sikkim,1,788.0
23.844109,92.928779,Mizoram,Aizawl,1,1826.0
24.391333133411557,93.77414050966492,,,0,873.0
25.29908198827066,94.38506691534684,,,0,1288.0
23.235716,92.744499,Mizoram,Serchhip,1,764.0
27.927440994164535,94.51579966938264,,,0,1057.0
23.847224,92.927508,Mizoram,Aizawl,1,1796.0
23.541929,93.382376,Mizoram,Champhai,1,1584.0
25.254094629063434,91.11203701930098,,,0,487.0
28.19367916290553,95.691290164591,,,0,217.0
27.137784025276755,88.6020439886306,,,0,1553.0
25.56,94.153,Nagaland,Kohima,1,1539.0
23.658944,92.964056,Mizoram,Aizawl,1,1179.0
28.191615248038534,96.74503181658535,,,0,2196.0
28.7131284740001,95.12110216671589,,,0,2932.0
23.448329,93.209889,Mizoram,Champhai,1,1390.0
22.59351346351449,93.03976856567908,,,0,763.0
28.39105839976756,95.62265748709046,,,0,1601.0
27.230583,88.306056,Sikkim,West Sikkim,1,715.0
26.93326567608113,88.50817023622282,,,0,735.0
27.240389,88.234028,Sikkim,West Sikkim,1,1623.0
26.172917,92.762778,Assam,Nagaon,1,105.0
22.869579,92.824974,Mizoram,Lunglei,1,970.0
25.620361,91.617083,Meghalaya,West Khasi Hills,1,1502.0
24.832953808060772,93.15733430845592,,,0,38.0
25.13501660162949,92.49001487608592,,,0,148.0
25.49151667,91.77329444,Meghalaya,East Khasi Hills,1,1802.0
27.240028,88.486472,Sikkim,East Sikkim,1,380.0
26.66325,94.617083,Nagaland,Mokokchung,1,427.0
23.00075176261848,92.52608849915516,,,0,246.0
27.240556,88.48025,Sikkim,East Sikkim,1,384.0
23.147798,92.749742,Mizoram,Lunglei,1,905.0
25.124422433897312,92.69198935448924,,,0,1292.0
27.237694,88.598806,Sikkim,East Sikkim,1,1212.0
24.9400484830614,92.37201392337082,,,0,15.0
28.94356969934873,94.89299800014244,,,0,739.0
24.14088588087548,94.2506376518501,,,0,286.0
28.33440532252793,95.07688106286136,,,0,987.0
24.890806,94.319308,Manipur,Kamjong,1,1315.0
26.50657737501618,95.14734230322176,,,0,1350.0
22.806959469284678,92.5039191261678,,,0,88.0
23.62972222,92.72666667,Mizoram,Aizawl,1,748.0
24.826361,94.5255,Manipur,Kamjong,1,1246.0
24.29522409861886,94.37682086741324,,,0,182.0
27.27996094515076,93.5957359241976,,,0,1798.0
23.73305556,92.69944444,Mizoram,Aizawl,1,894.0
24.43,92.55,Assam,Hailakandi,1,38.0
24.13,94.0,Manipur,Chandel,1,1030.0
28.337741192672524,95.08020947881914,,,0,1219.0
23.438997,92.877502,Mizoram,Serchhip,1,688.0
25.28122704619765,92.8797500163478,,,0,633.0
25.901125,94.82785,Nagaland,Kiphire,1,630.0
25.36910807182967,92.17532722395124,,,0,1311.0
25.66917,94.10722,Nagaland,Kohima,1,1452.0
25.802361,94.430556,Nagaland,Phek,1,1153.0
27.09122028373165,88.58188338298707,,,0,1342.0
27.59042423504212,94.53336258310556,,,0,138.0
27.444508086326746,94.55335471809228,,,0,96.0
27.07091717821088,88.61834929320511,,,0,2088.0
26.10904818430551,91.33318671077636,,,0,41.0
22.527,92.891998,Mizoram,Lawngtlai,1,739.0
27.07483750946389,93.35328077708814,,,0,542.0
26.955742170708447,93.89027414797856,,,0,87.0
23.687417,92.054528,Tripura,Dhalai,1,182.0
27.237116958989134,96.10173796497918,,,0,769.0
24.728611,94.224861,Manipur,Ukhrul,1,1662.0
25.559778,92.226278,Meghalaya,East Khasi Hills,1,1279.0
25.437036,91.857168,Meghalaya,East Khasi Hills,1,1810.0
24.95,92.8,Assam,Cachar,1,37.0
27.28119444,88.58952778,Sikkim,East Sikkim,1,985.0
22.09455105378046,92.55532501798632,,,0,383.0
25.17956592138392,94.60989338721816,,,0,2583.0
25.131917,94.338583,Manipur,Ukhrul,1,1667.0
25.890032,92.621245,Assam,West Karbi Anglong,1,468.0
24.94977363735665,93.27267376421102,,,0,213.0
27.56941667,88.65272222,Sikkim,North Sikkim,1,1482.0
24.948724512250827,93.1331943863746,,,0,45.0
26.233861,94.4725,Nagaland,Zunheboto,1,986.0
22.832573,92.892761,Mizoram,Lunglei,1,445.0
25.47823865844033,94.27179670281804,,,0,1626.0
27.474550932291063,88.31145923243626,,,0,4044.0
25.56692677897279,93.00857449304324,,,0,137.0
25.67469444,91.88652778,Manipur,Ri-Bhoi,1,1062.0
28.4806736725928,94.4381467462474,,,0,2612.0
25.012750807080057,94.09105566701416,,,0,1238.0
25.347353,92.010558,Meghalaya,West Jaintia Hills,1,1095.0
23.486306,93.220639,Mizoram,Khawzawl,1,819.0
23.183332,92.794724,Mizoram,Lunglei,1,967.0
27.152983084519924,88.79622738907985,,,0,1586.0
27.317417,88.182861,Sikkim,West Sikkim,1,1390.0
23.006939,92.98938,Mizoram,Lunglei,1,1146.0
24.96,92.66,Assam,Cachar,1,39.0
23.74820051811639,92.4506510356211,,,0,325.0
27.22166400589284,95.4249605539806,,,0,162.0
24.521075090909317,93.4969010681826,,,0,689.0
22.27,93.06,Mizoram,Saiha,1,954.0
25.148303,92.176236,Meghalaya,West Jaintia Hills,1,176.0
24.817939,93.688678,Manipur,Noney,1,650.0
24.346507030250223,93.42847046554016,,,0,1701.0
26.491773952004536,94.18984613735932,,,0,107.0
25.040214674027432,92.58832485808593,,,0,662.0
24.89662307519781,92.7721625449744,,,0,32.0
27.329151539402428,93.6669112191116,,,0,1882.0
23.60555556,92.725,Mizoram,Aizawl,1,906.0
23.906324787158752,93.87175650685948,,,0,1938.0
25.29943246007625,92.93055494720323,,,0,628.0
27.815103071299283,91.9387153321738,,,0,4712.0
27.124778,88.445083,Sikkim,South Sikkim,1,637.0
23.32101936831323,92.54567467385574,,,0,714.0
25.909906016767195,93.13495719161736,,,0,164.0
22.20075829443685,92.34128420247188,,,0,35.0
26.965004373221408,88.60110936762811,,,0,447.0
27.04695393153134,88.67003686323721,,,0,1347.0
23.953333,92.233139,Tripura,North Tripura,1,127.0
27.419911798201973,93.9952862708532,,,0,1413.0
25.65778,94.05683,Nagaland,Kohima,1,1514.0
24.20005549776434,92.8649211426594,,,0,104.0
24.822665369660164,94.64314564183002,,,0,535.0
27.94183101492953,93.6747827498528,,,0,1951.0
23.950277,93.217056,Mizoram,Champhai,1,972.0
26.033361,94.257111,Nagaland,Wokha,1,1434.0
25.567423,89.979711,Meghalaya,South West Garo Hills,1,47.0
23.555561,93.072462,Mizoram,Champhai,1,974.0
22.43688128970788,93.16885690011112,,,0,692.0
25.354239,92.572861,Meghalaya,East Jaintia Hills,1,994.0
26.697833,94.635056,Nagaland,Mokokchung,1,155.0
26.17672222,91.76525,Assam,Kamrup (Metro),1,87.0
27.018583,92.635667,Arunachal Pradesh,West Kameng,1,221.0
25.09178,92.35469,Meghalaya,East Jaintia Hills,1,159.0
25.17203340885762,94.80084392803391,,,0,936.0
28.830316,95.877843,Arunachal Pradesh,Dibang Valley,1,1579.0
25.205465,91.755789,Meghalaya,East Khasi Hills,1,457.0
27.298118783018637,92.49098751562664,,,0,1944.0
25.374072,90.8146,Meghalaya,South West Khasi Hills,1,213.0
26.516111,94.785833,Nagaland,Longleng,1,977.0
28.490519,95.832301,Arunachal Pradesh,Dibang Valley,1,761.0
27.078502129662223,93.16016542096416,,,0,750.0
28.82690467410174,96.2305935128607,,,0,3223.0
24.464773418564736,93.9732760957291,,,0,856.0
28.23094532560168,95.38225834211852,,,0,1298.0
24.940536600604734,93.14608689701171,,,0,95.0
25.880861,94.300667,Nagaland,Kohima,1,1027.0
25.524242099564542,93.40840096123983,,,0,472.0
25.61305052393109,91.09587820517012,,,0,964.0
25.878917,94.223889,Nagaland,Kohima,1,1426.0
25.5666318589632,93.22063757893808,,,0,335.0
23.125807,92.817886,Mizoram,Lunglei,1,889.0
25.21494444,93.02161111,Assam,Dima Hasao (N.C. Hills),1,618.0
23.149163,92.750431,Mizoram,Lunglei,1,911.0
28.314666831008463,96.05436125844852,,,0,1007.0
23.427611,93.336861,Mizoram,Champhai,1,1278.0
28.639156852771425,94.87401458027568,,,0,1312.0
25.500811925035634,90.98399323791968,,,0,644.0
28.58467768734408,94.90900651914572,,,0,1898.0
23.44129,92.865395,Mizoram,Serchhip,1,795.0
25.44779345023113,94.66795558252429,,,0,1953.0
25.899021009173065,92.36996468376977,,,0,550.0
26.66834933039084,94.92996876177396,,,0,488.0
26.278279582744528,94.0162653197614,,,0,116.0
25.728507765500503,91.31767508181387,,,0,718.0
24.28575,94.128222,Manipur,Chandel,1,1284.0
27.014546734948784,88.45079887229089,,,0,416.0
26.09655275120336,94.95191474405635,,,0,863.0
23.60271761365762,93.5147946090337,,,0,1313.0
25.44944850317053,89.84252257531996,,,0,46.0
27.31583333,88.60666667,Sikkim,East Sikkim,1,1453.0
25.57428,91.831851,Meghalaya,East Khasi Hills,1,1362.0
25.569778,91.21575,Meghalaya,West Khasi Hills,1,1282.0
27.25252778,88.52777778,Sikkim,East Sikkim,1,682.0
25.156889,92.198194,Meghalaya,West Jaintia Hills,1,63.0
28.145629,95.275805,Arunachal Pradesh,East Siang,1,253.0
22.954846833270988,92.58284470499842,,,0,122.0
23.068354,93.002747,Mizoram,Lunglei,1,968.0
28.00075064990021,95.4155914614166,,,0,135.0
25.12411616494552,91.96110155561844,,,0,15.0
24.75381563386765,92.5936761849344,,,0,23.0
25.8,93.83,Nagaland,Dimapur,1,539.0
28.013971426400296,94.82718145544636,,,0,894.0
25.25658622730347,94.40317415425072,,,0,1497.0
24.645275,93.628828,Manipur,Noney,1,479.0
24.950983277234883,92.35979658545963,,,0,16.0
24.512278186952003,94.38614936162554,,,0,310.0
26.73888372933748,95.43483870585727,,,0,1618.0
23.51944444,92.70055556,Mizoram,Aizawl,1,789.0
26.64370550162313,94.41042165425516,,,0,152.0
24.575157157167904,93.97983075394788,,,0,779.0
25.617112480329265,90.89800050872245,,,0,704.0
25.16875,93.742306,Manipur,Tamenglong,1,761.0
26.153556,92.038694,Assam,Kamrup,1,87.0
23.160357,92.743677,Mizoram,Lunglei,1,848.0
24.833889,94.220167,Manipur,Ukhrul,1,1214.0
27.550288427876787,94.09312296963776,,,0,1404.0
24.76606111,93.30076667,Mizoram,Kolasib,1,451.0
27.140889,88.368222,Sikkim,South Sikkim,1,1244.0
22.054367121025603,93.02954755608586,,,0,940.0
27.39272095075289,88.11085244181393,,,0,2792.0
25.53,93.73,Nagaland,Peren,1,1280.0
25.165222,93.69575,Manipur,Tamenglong,1,984.0
26.89592388830311,88.30953481702656,,,0,1466.0
24.874222,93.466667,Manipur,Tamenglong,1,1334.0
26.302262457197923,95.24481188424612,,,0,2392.0
24.27,93.18,Manipur,Pherzawl,1,759.0
25.022462082702503,93.8203524425964,,,0,2175.0
25.18452778,93.12563889,Assam,Dima Hasao,1,630.0
27.590639,91.876806,Arunachal Pradesh,Tawang,1,2877.0
25.190884466933564,94.72047270558711,,,0,1607.0
22.786274,92.620659,Mizoram,Lunglei,1,422.0
27.217278,88.236944,Sikkim,West Sikkim,1,1170.0
25.0364589751874,93.87540002262485,,,0,1844.0
25.735478,93.686541,Nagaland,Chumoukedima,1,221.0
26.98682668608959,88.02718462948309,,,0,2394.0
26.103028,92.440889,Assam,Nagaon,1,310.0
25.54005956739584,94.04717968573782,,,0,2641.0
25.026575896782404,93.82013223410684,,,0,2020.0
23.183361,93.066742,Mizoram,Serchhip,1,1033.0
26.82418749913877,95.62650951722382,,,0,2121.0
23.8789641037136,92.5567924313625,,,0,237.0
28.10688640446694,96.0334005783968,,,0,1356.0
24.28,92.64,Mizoram,Kolasib,1,51.0
25.3843514276207,94.00709232882188,,,0,1388.0
26.24646168076467,94.30403752670276,,,0,524.0
23.053093460083343,93.45306748358078,,,0,918.0
26.48667883375007,95.19196502372895,,,0,1503.0
24.030416,92.901491,Mizoram,Aizawl,1,974.0
25.68074858470946,91.7449403945039,,,0,964.0
23.38512381068283,92.56617246428829,,,0,425.0
23.135405,93.368299,Mizoram,Champhai,1,688.0
24.940775434125054,93.2399385552709,,,0,93.0
25.75295193630205,93.4618927595325,,,0,227.0
25.72486,93.131083,Assam,Dima Hasao,1,160.0
25.576203,92.057722,Meghalaya,East Khasi Hills,1,1173.0
25.529,93.952,Manipur,Senapati,1,1692.0
25.716,94.085,Nagaland,Kohima,1,1376.0
25.471500741096456,94.45842722591978,,,0,1182.0
28.14005,95.266592,Arunachal Pradesh,East Siang,1,506.0
25.171924011386768,93.53033431362434,,,0,784.0
25.047597186886748,92.06934005425292,,,0,15.0
25.013472,93.530472,Manipur,Tamenglong,1,1067.0
28.06857620314684,95.4374958728942,,,0,152.0
25.813294,94.968222,Nagaland,Kiphire,1,1691.0
25.948350817747794,91.77977700269427,,,0,441.0
22.4702975088568,93.19806093373836,,,0,540.0
27.70290650959864,93.53700143616904,,,0,2051.0
25.17010684760209,94.77473599998662,,,0,1170.0
25.03592999825723,92.30947871150448,,,0,19.0
26.4527822,94.375268,Nagaland,Mokokchung,1,258.0
23.204481,92.575792,Mizoram,Lunglei,1,768.0
25.444306,93.423944,Assam,Dima Hasao,1,400.0
23.34312066999289,92.5848575015395,,,0,413.0
28.37693597256289,96.13432764810506,,,0,1984.0
25.440582082772696,91.2916930459676,,,0,1461.0
23.659444445004095,92.39749519663124,,,0,623.0
24.384311,92.126028,Tripura,North Tripura,1,49.0
23.619406965960163,93.53409292491772,,,0,1715.0
27.15844,95.755292,Arunachal Pradesh,Changlang,1,552.0
27.512997341298117,93.84926947469816,,,0,1686.0
25.340415,91.774142,Meghalaya,East Khasi Hills,1,1441.0
23.117416,92.79612,Mizoram,Lunglei,1,944.0
26.08400767035033,94.93688053809788,,,0,808.0
27.589422915026955,88.4970059374915,,,0,3148.0
24.09,93.9,Manipur,Chandel,1,1009.0
28.469481,95.849951,Arunachal Pradesh,Dibang Valley,1,863.0
23.421903,92.715601,Mizoram,Aizawl,1,1020.0
27.26,88.381361,Sikkim,South Sikkim,1,1540.0
25.94535956722308,94.93370655278204,,,0,776.0
27.248722,92.737722,Arunachal Pradesh,West Kameng,1,1404.0
27.477913217669364,88.26646433620044,,,0,3811.0
25.77261828110473,90.19982853490464,,,0,164.0
27.490353159355497,88.18245124993254,,,0,3539.0
25.15713889,93.01719444,Assam,Dima Hasao (N.C. Hills),1,651.0
24.26558333,92.69169444,Mizoram,Kolasib,1,516.0
23.499713,92.7015,Mizoram,Aizawl,1,897.0
24.10687222,93.08849722,Mizoram,Kolasib,1,216.0
25.6975,94.43,Nagaland,Phek,1,1812.0
27.583611,91.973056,Arunachal Pradesh,Tawang,1,2104.0
24.791125,93.72522,Manipur,Kangpokpi,1,1038.0
24.791306,93.735667,Tripura,West Tripura,1,1119.0
26.10711111,91.78916667,Assam,Kamrup (Metro),1,68.0
26.93567100081273,95.73076702060531,,,0,1529.0
23.629013739810613,92.480739987637,,,0,571.0
26.508167020347408,93.72934552647529,,,0,120.0
25.343528,92.069028,Meghalaya,West Jaintia Hills,1,1235.0
25.880850284910395,93.8688523912142,,,0,156.0
23.94630700860063,92.54713178398266,,,0,150.0
25.67,94.113,Nagaland,Kohima,1,1350.0
24.903401115334063,92.27051971485666,,,0,23.0
22.93809435861364,92.65051409658004,,,0,181.0
23.71721667,92.70777778,Mizoram,Aizawl,1,906.0
27.161544170303205,93.98072680995732,,,0,92.0
25.738751774519827,92.68257872478794,,,0,405.0
27.799950865944,93.3097480769657,,,0,2330.0
23.468357,92.591717,Mizoram,Mamit,1,884.0
27.189261,88.595686,Sikkim,East Sikkim,1,443.0
27.095278,93.615694,Arunachal Pradesh,Papum Pare,1,336.0
26.838721601645272,94.86694444929066,,,0,288.0
25.956781,91.852883,Meghalaya,Ri-Bhoi,1,400.0
27.160444,88.512472,Sikkim,South Sikkim,1,908.0
24.190711,92.943593,Mizoram,Aizawl,1,521.0
28.01781,96.44275,Arunachal Pradesh,Anjaw,1,437.0
27.23542323999466,93.90284691825347,,,0,259.0
26.82859133081572,93.53917747803746,,,0,80.0
25.5301867321779,90.91119121685736,,,0,609.0
25.71459006046766,90.96748115811984,,,0,758.0
23.072695,93.218956,Mizoram,Champhai,1,634.0
24.022079,92.771729,Mizoram,Aizawl,1,798.0
26.12911111,91.74911111,Assam,Kamrup,1,71.0
22.28917123433949,93.3647432020804,,,0,1117.0
25.80414722,93.98611389,Nagaland,Kohima,1,502.0
23.394081047803414,92.4582377876446,,,0,335.0
25.062833,94.577722,Manipur,Ukhrul,1,1534.0
26.119417,92.439972,Assam,Nagaon,1,162.0
23.60480592064396,92.38276795714576,,,0,317.0
25.435444,94.061928,Manipur,Senapati,1,1445.0
26.111529,94.634066,Nagaland,Zunheboto,1,1196.0
23.059264,93.275647,Mizoram,Champhai,1,1395.0
24.84141967844197,93.16461878565954,,,0,41.0
23.75286,92.73307,Mizoram,Aizawl,1,1047.0
27.455857919430887,88.44668028804261,,,0,2819.0
23.254263,93.238127,Mizoram,Champhai,1,1132.0
26.867603914574428,95.262770198269,,,0,1445.0
26.99570784957949,95.3171538561493,,,0,763.0
23.647960079932457,92.44352314702692,,,0,550.0
25.650352,94.026955,Nagaland,Kohima,1,1497.0
27.563167,92.975139,Arunachal Pradesh,East Kameng,1,522.0
23.98997222,92.68061111,Mizoram,Kolasib,1,489.0
24.979266147897203,93.90181464627013,,,0,890.0
27.631675025145668,88.96489596367947,,,0,4375.0
27.801194,93.541667,Arunachal Pradesh,Kurung Kumey,1,926.0
24.6060682359184,93.95837954349447,,,0,774.0
27.31663889,88.45861111,Sikkim,East Sikkim,1,524.0
25.487139,93.493528,Nagaland,Peren,1,471.0
25.318671965831243,92.22944883243652,,,0,1139.0
28.09311605591097,96.697309300793,,,0,2783.0
22.483166,92.885551,Mizoram,Lawngtlai,1,961.0
24.95,92.73,Assam,Cachar,1,63.0
25.65057222,91.89351389,Meghalaya,East Khasi Hills,1,1135.0
24.824111,93.474139,Manipur,Noney,1,508.0
25.01764019588675,92.6660878711734,,,0,278.0
28.59536280888652,94.92437920830162,,,0,2331.0
26.19107664989016,94.04205805883078,,,0,268.0
23.464206,92.737583,Mizoram,Aizawl,1,1275.0
24.862146,93.595644,Manipur,Noney,1,427.0
24.14,93.38,Manipur,Churachandpur,1,1188.0
27.549389,92.979028,Arunachal Pradesh,East Kameng,1,636.0
24.811139,93.417,Manipur,Noney,1,483.0
26.003224,94.611549,Nagaland,Zunheboto,1,2066.0
23.75279814609132,93.251054015864,,,0,1373.0
25.401906726775778,91.93701258729747,,,0,1580.0
24.992889,94.230583,Manipur,Ukhrul,1,972.0
25.940978,91.724644,Meghalaya,Ri-Bhoi,1,308.0
23.1378,92.749869,Mizoram,Lunglei,1,839.0
28.024691,94.553634,Arunachal Pradesh,Lepa rada,1,488.0
25.993560173959203,91.73960561243796,,,0,412.0
25.306346488208757,92.988191865458,,,0,343.0
25.460630513467837,92.32853395663024,,,0,1293.0
25.18719577911157,94.60936451723288,,,0,2380.0
23.790132,92.672097,Mizoram,Aizawl,1,358.0
25.118,93.64775,Manipur,Tamenglong,1,1217.0
23.71638889,92.72111111,Mizoram,Aizawl,1,983.0
24.48857222,93.36792222,Mizoram,Kolasib,1,268.0
25.337936538430043,93.8051692446208,,,0,1333.0
25.061375,92.795906,Assam,Dima Hasao,1,271.0
25.45662315110137,93.90028770905325,,,0,1997.0
24.78380556,92.45563889,Assam,Karimganj,1,33.0
26.073778,94.482194,Nagaland,Zunheboto,1,1244.0
25.67316222644964,91.33388841087051,,,0,1355.0
25.89087038074931,93.82790397731311,,,0,146.0
25.34006648765746,94.92509442167592,,,0,1862.0
23.447015,92.866917,Mizoram,Serchhip,1,914.0
23.311771903829857,92.9945574222828,,,0,912.0
26.11816667,91.71330556,Assam,Kamrup (Metro),1,72.0
24.387708,94.155764,Manipur,Tengnoupal,1,1215.0
23.9865,92.709806,Mizoram,Kolasib,1,628.0
23.092278,92.789948,Mizoram,Lunglei,1,422.0
25.364889,91.881,Meghalaya,East Khasi Hills,1,1446.0
25.50335,91.28335,Meghalaya,West Khasi Hills,1,1414.0
27.83852676394145,94.23196445448832,,,0,531.0
24.62606137529911,93.77931696281529,,,0,784.0
22.838732,92.791954,Mizoram,Lunglei,1,1138.0
27.758817290348546,93.19809925139594,,,0,1687.0
26.810268818097345,92.77508143744052,,,0,80.0
27.74055410911457,94.5338467193628,,,0,620.0
23.32366040306679,93.5068187021404,,,0,1349.0
28.31314835325401,95.36296119831036,,,0,3077.0
25.101372699675704,91.75563371258691,,,0,14.0
25.449349,91.817118,Meghalaya,East Khasi Hills,1,1793.0
22.899906,92.868828,Mizoram,Lunglei,1,370.0
25.352574718084043,93.97527090861465,,,0,1787.0
24.1,93.57,Manipur,Churachandpur,1,793.0
25.332083,94.526639,Manipur,Ukhrul,1,1162.0
25.763347,91.657153,Meghalaya,West Khasi Hills,1,849.0
25.71252766560477,94.91887411826332,,,0,939.0
23.745444,92.749556,Mizoram,Aizawl,1,808.0
24.374432114778998,92.4224840074322,,,0,54.0
23.783846,92.553747,Mizoram,Mamit,1,645.0
24.91131910679442,93.92823898029198,,,0,1038.0
22.58702282747453,92.78096878944989,,,0,303.0
25.134194,92.383528,Meghalaya,Jaintia Hills,1,168.0
23.614192951349896,92.53274652412924,,,0,387.0
24.3,92.7,Mizoram,Kolasib,1,367.0
25.839583,94.007194,Nagaland,Kohima,1,1215.0
25.728,94.112,Nagaland,Kohima,1,1285.0
26.215889,94.212083,Nagaland,Wokha,1,578.0
25.395041567641265,91.1260449999091,,,0,596.0
22.368999,92.934998,Mizoram,Saiha,1,451.0
23.62194444,92.72305556,Mizoram,Aizawl,1,814.0
22.97153547747437,92.35939079394188,,,0,84.0
25.791802,93.803309,Nagaland,Chumoukedima,1,295.0
28.198566,95.813206,Arunachal Pradesh,Lower Dibang Valley,1,842.0
24.433611,94.249544,Manipur,Tengnoupal,1,1336.0
26.0054,93.9794,Nagaland,Wokha,1,446.0
25.111556,93.629972,Manipur,Tamenglong,1,1218.0
24.752877753897096,94.2879509382884,,,0,650.0
25.880083,94.234167,Nagaland,Kohima,1,1399.0
22.65,92.71,Mizoram,Lunglei,1,243.0
25.23297222,93.03325,Assam,Dima Hasao,1,559.0
25.08325,94.503639,Manipur,Ukhrul,1,1690.0
23.65416667,92.70222222,Mizoram,Aizawl,1,919.0
27.235861,88.433167,Sikkim,South Sikkim,1,1207.0
27.524822336660737,93.08961010658618,,,0,949.0
23.146464,93.306249,Mizoram,Champhai,1,1635.0
25.553,94.148,Nagaland,Kohima,1,1497.0
22.33,92.73,Mizoram,Lawngtlai,1,142.0
27.452277067701207,96.10085710001016,,,0,202.0
28.10655555977991,96.09241590290962,,,0,1333.0
23.647667,93.299727,Mizoram,Champhai,1,1733.0
24.05722222,92.66583333,Mizoram,Kolasib,1,516.0
24.13,92.52,Mizoram,Mamit,1,302.0
23.2029,92.7371,Mizoram,Lunglei,1,794.0
24.53,92.84,Assam,Cachar,1,31.0
26.68647990174422,94.952394856286,,,0,458.0
23.205373717582763,93.41922934605633,,,0,1225.0
25.65443889,91.63345833,Meghalaya,Eastern-West Khasi Hill,1,1438.0
26.110135,94.870921,Nagaland,Zunheboto,1,1906.0
23.519139,92.5795,Mizoram,Mamit,1,800.0
26.194406,95.020358,Nagaland,Noklak,1,1271.0
28.338377085431127,95.47521202311398,,,0,872.0
25.803984,91.659801,Meghalaya,Eastern-West Khasi Hill,1,686.0
24.55963495019265,94.3168853915289,,,0,743.0
26.418611,94.966111,Nagaland,Tuensang,1,738.0
25.236227475067352,91.51008312881834,,,0,482.0
23.265058215037424,92.28186988990856,,,0,106.0
25.372139,91.879889,Meghalaya,East Khasi Hills,1,1437.0
25.19972222,93.01672222,Assam,Dima Hasao (N.C. Hills),1,418.0
25.290310035168247,94.2135972546128,,,0,1495.0
23.66083333,92.67277778,Mizoram,Aizawl,1,1025.0
27.129836522510843,95.5077063178326,,,0,390.0
27.95964,96.40178,Arunachal Pradesh,Lohit,1,716.0
28.996767047991224,95.7541171127119,,,0,1951.0
23.67472222,92.71722222,Mizoram,Aizawl,1,1099.0
27.080299,93.574089,Arunachal Pradesh,Papum Pare,1,313.0
24.52308611,93.57206944,Mizoram,Aizawl,1,758.0
25.948886,94.706133,Nagaland,Kiphire,1,1800.0
26.758306,94.955806,Nagaland,Mon,1,1016.0
25.58567489701844,94.98359652139048,,,0,1080.0
28.437163095462637,95.37151781275269,,,0,1391.0
23.058,93.280568,Mizoram,Champhai,1,1404.0
27.20615197479061,92.39450317836588,,,0,1458.0
25.733262,91.675754,Meghalaya,Eastern-West Khasi Hill,1,742.0
27.280353403957328,93.62049723580547,,,0,1249.0
28.14531,96.54897,Arunachal Pradesh,Anjaw,1,1007.0
26.2718264569213,91.79517645515452,,,0,50.0
23.74116667,92.69455556,Mizoram,Aizawl,1,948.0
25.23,93.29,Assam,Dima Hasao,1,949.0
27.075988622081823,95.12602647614092,,,0,107.0
23.319184,92.856725,Mizoram,Serchhip,1,1024.0
25.79498439541296,92.3792895557118,,,0,770.0
28.103902,95.27946,Arunachal Pradesh,East Siang,1,201.0
25.614,94.496,Nagaland,Phek,1,753.0
23.786150768906097,91.73994607141222,,,0,210.0
25.43703395766023,91.28807948991631,,,0,1447.0
23.548132,93.077509,Mizoram,Champhai,1,1009.0
28.528778,95.173278,Arunachal Pradesh,Upper Siang,1,793.0
25.761763947022946,92.74084653095557,,,0,201.0
27.184102516812043,93.93358106224134,,,0,102.0
24.40520278,93.06672222,Mizoram,Kolasib,1,349.0
25.971569,94.511647,Nagaland,Kiphire,1,1583.0
26.62125,95.12575,Nagaland,Mon,1,1132.0
25.129169,92.388306,Meghalaya,East Jaintia Hills,1,152.0
23.49722222,92.70333333,Mizoram,Aizawl,1,905.0
25.626417,91.887028,Meghalaya,East Khasi Hills,1,1261.0
25.683,94.054,Nagaland,Kohima,1,1214.0
25.599762,91.860814,Meghalaya,East Khasi Hills,1,1298.0
25.36557789102808,93.95774895798986,,,0,1166.0
22.924142846897045,93.26314218500713,,,0,947.0
24.46633378390102,92.43188297839946,,,0,27.0
25.52164,94.13426,Nagaland,Kohima,1,1729.0
27.665417,93.892222,Arunachal Pradesh,Lower Subansiri,1,1463.0
28.073393901087115,95.17472256473935,,,0,1287.0
23.351755619817386,92.97628027553846,,,0,1360.0
25.810267325734863,94.65669268452147,,,0,1257.0
22.615999,92.913002,Mizoram,Lawngtlai,1,1201.0
25.797613821968397,91.39920384913864,,,0,349.0
27.14124775278726,95.46142216376155,,,0,177.0
24.12,92.46,Mizoram,Mamit,1,129.0
28.940482,95.82044,Arunachal Pradesh,Dibang Valley,1,1431.0
24.968380176385885,91.95245664033555,,,0,58.0
24.467910225802683,92.4225698387362,,,0,29.0
24.17180556,93.54406667,Mizoram,Aizawl,1,659.0
27.0089462343514,93.87202017014545,,,0,85.0
27.166528,88.401333,Sikkim,South Sikkim,1,1517.0
25.18466681880822,93.52362376941883,,,0,770.0
26.030972,92.474139,Assam,West Karbi Anglong,1,231.0
26.966603941819724,93.73182106869636,,,0,90.0
27.43210060559598,88.44616492204047,,,0,2582.0
23.56340364150624,92.9355409900172,,,0,1261.0
25.2625,92.384639,Meghalaya,East Jaintia Hills,1,849.0
27.307111,93.806306,Arunachal Pradesh,Papum Pare,1,720.0
22.804701,92.816734,Mizoram,Lunglei,1,828.0
25.88363090221452,93.32659582868251,,,0,269.0
24.768472,93.457389,Manipur,Noney,1,517.0
27.08155,93.61438,Arunachal Pradesh,Papum Pare,1,286.0
25.635,94.253,Nagaland,Phek,1,1058.0
25.618,94.468,Nagaland,Phek,1,981.0
25.693222,91.0555,Meghalaya,West Khasi Hills,1,926.0
23.59404318905928,93.5328174255571,,,0,1525.0
26.473959238294,94.25677128340708,,,0,241.0
25.35477844358491,94.78960047180875,,,0,1708.0
26.0161442589346,93.88997406256384,,,0,142.0
24.90487896936929,91.50314960882808,,,0,10.0
27.44099120764947,88.05467525636466,,,0,4494.0
25.885208,94.244494,Nagaland,Wokha,1,1324.0
25.662,94.096,Nagaland,Kohima,1,1434.0
24.194015,92.944562,Mizoram,Aizawl,1,536.0
24.87861599895933,93.83458643883222,,,0,804.0
27.603709381741396,88.78410131200027,,,0,4501.0
23.50611111,92.69694444,Mizoram,Aizawl,1,830.0
25.140417,93.020389,Assam,Dima Hasao,1,732.0
24.16179899384345,93.68915298713144,,,0,1265.0
23.909111,93.02375,Mizoram,Aizawl,1,1096.0
23.673156777211283,93.43881481790308,,,0,1174.0
25.65653,94.09061,Nagaland,Kohima,1,1575.0
26.236111,94.212639,Nagaland,Wokha,1,394.0
24.86768363897705,94.4443220132654,,,0,1074.0
24.19,94.02,Manipur,Chandel,1,1314.0
23.053747,92.704163,Mizoram,Lunglei,1,906.0
25.563,91.885,Meghalaya,East Khasi Hills,1,1572.0
28.16317,95.450433,Arunachal Pradesh,East Siang,1,442.0
27.166611,88.417528,Sikkim,South Sikkim,1,1799.0
28.088159,96.458999,Arunachal Pradesh,Anjaw,1,951.0
25.4375,93.404444,Assam,Dima Hasao,1,376.0
25.282267,92.341433,Meghalaya,East Jaintia Hills,1,946.0
22.669304434619946,92.76905325615756,,,0,213.0
28.37715429119606,95.68822122763945,,,0,1305.0
25.301559,91.922585,Meghalaya,East Khasi Hills,1,1190.0
26.3848,90.5943,Assam,Bongaigaon,1,121.0
23.406389,92.75325,Mizoram,Aizawl,1,1109.0
26.93255965038093,88.3186748319111,,,0,2079.0
27.183932739592453,88.99585545239395,,,0,2997.0
22.89164039055732,92.62641458708602,,,0,182.0
24.87437035721367,92.76368692215956,,,0,30.0
24.69325,94.259444,Manipur,Kamjong,1,1459.0
23.838370341576265,91.4728781562267,,,0,51.0
23.239637,92.748175,Mizoram,Serchhip,1,756.0
25.02147124136318,94.8530320275448,,,0,437.0
22.320999,92.772003,Mizoram,Lawngtlai,1,308.0
23.466139,93.312778,Mizoram,Champhai,1,1356.0
27.80156791531028,92.02108401921448,,,0,4879.0
28.0897641905841,96.6063713176455,,,0,2257.0
27.158583,88.466306,Sikkim,South Sikkim,1,1190.0
23.370099105409636,93.56390574434356,,,0,1109.0
25.089064279170334,91.77017122480464,,,0,8.0
25.998952087059003,91.67879494974116,,,0,356.0
27.158222,88.34325,Sikkim,West Sikkim,1,1335.0
24.216509,92.802591,Mizoram,Aizawl,1,690.0
23.638822,93.066182,Mizoram,Champhai,1,871.0
23.54277778,92.67638889,Mizoram,Aizawl,1,665.0
26.32168956922217,94.68553842422033,,,0,1109.0
25.134049243704997,91.89390552500366,,,0,18.0
24.724333,93.273111,Manipur,Tamenglong,1,835.0
25.283410785578248,94.44380267855747,,,0,1623.0
27.46400559320168,91.70868737507996,,,0,2590.0
26.33131866803986,91.78510466566244,,,0,54.0
23.119344,92.742996,Mizoram,Lunglei,1,827.0
27.10577889141853,92.6795714898273,,,0,552.0
25.705608703271444,91.29202287808646,,,0,1150.0
26.08528697871186,95.1777047536404,,,0,2963.0
25.803806,94.065556,Nagaland,Kohima,1,1255.0
23.388162,93.312962,Mizoram,Champhai,1,1241.0
23.54833333,92.70472222,Mizoram,Aizawl,1,900.0
28.153634598579742,95.36781090496324,,,0,295.0
25.642198,91.851055,Meghalaya,East Khasi Hills,1,1109.0
27.47008333873731,88.17442599381927,,,0,3804.0
28.470167,95.233333,Arunachal Pradesh,Upper Siang,1,979.0
25.909153,94.477497,Nagaland,Zunheboto,1,1910.0
27.87413200778838,95.00740582394992,,,0,287.0
22.899348693067196,92.63327147771456,,,0,119.0
26.19025,91.806472,Assam,Kamrup,1,84.0
26.98474236176491,88.59591063248226,,,0,973.0
25.16631508286303,91.8120796933652,,,0,26.0
28.43925427449965,94.28798072756784,,,0,3537.0
23.281443,92.840145,Mizoram,Serchhip,1,662.0
23.317943970968408,92.3068426175562,,,0,109.0
25.756817608947703,92.57661725244672,,,0,614.0
25.65137778,94.12166667,Nagaland,Kohima,1,1234.0
23.458538,93.260555,Mizoram,Champhai,1,802.0
25.572492,91.209156,Meghalaya,West Khasi Hills,1,1263.0
24.79742148681561,92.91001725335131,,,0,24.0
25.10070038698965,93.50233277652003,,,0,859.0
27.720400744409066,94.23704939017752,,,0,1227.0
22.45,92.57,Mizoram,Lawngtlai,1,121.0
27.241056,93.749306,Arunachal Pradesh,Papum Pare,1,405.0
23.815163142338207,93.46373328487812,,,0,1144.0
25.131411086724874,91.80956312828754,,,0,11.0
24.003889,93.323502,Mizoram,Champhai,1,698.0
22.54,92.68,Mizoram,Lawngtlai,1,555.0
27.768546065251005,88.4120788687397,,,0,4111.0
25.115833,93.645833,Manipur,Tamenglong,1,1240.0
25.39691585842876,90.26307975489216,,,0,116.0
25.38193042941058,93.72434303707948,,,0,606.0
25.367496059818524,93.85352852918123,,,0,1989.0
25.386191,91.874586,Meghalaya,East Khasi Hills,1,1520.0
23.6426934993979,93.53976149149574,,,0,1339.0
23.236857422601982,93.4110298929804,,,0,1143.0
23.754988667699912,92.16079553786888,,,0,486.0
25.031988415131245,91.70324402805709,,,0,10.0
24.12567005552696,93.7455880548066,,,0,1140.0
25.02056219793437,94.69968660875205,,,0,806.0
24.88616549746219,93.03420256056744,,,0,55.0
22.91,92.47,Mizoram,Lunglei,1,186.0
24.5960125904427,93.94015031701224,,,0,770.0
25.10622222,92.8845,Assam,Dima Hasao,1,319.0
24.47831888881005,93.42269862781195,,,0,424.0
23.17969705825938,92.31143532781856,,,0,112.0
25.12,93.37,Manipur,Tamenglong,1,759.0
23.017555,92.771515,Mizoram,Lunglei,1,942.0
25.078146780007785,92.61066020060836,,,0,337.0
25.79464167,93.99172222,Nagaland,Kohima,1,524.0
25.12186,92.388583,Meghalaya,Jaintia Hills,1,113.0
23.66666667,92.72388889,Mizoram,Aizawl,1,829.0
26.261111,94.809444,Nagaland,Tuensang,1,1114.0
25.82895388596909,91.71595229948352,,,0,659.0
23.440973,92.87909,Mizoram,Serchhip,1,649.0
23.983667,92.683333,Mizoram,Kolasib,1,436.0
22.9799517655629,92.53595161179608,,,0,184.0
27.367611,92.2415,Arunachal Pradesh,West Kameng,1,1604.0
25.66994551121117,91.28740732534273,,,0,1411.0
22.930269146853306,93.02143091570684,,,0,424.0
23.50004061603489,92.5090618947842,,,0,807.0
27.58278649412119,93.05297368415988,,,0,1117.0
23.6868033,92.7251987,Mizoram,Aizawl,1,856.0
27.90107548212205,95.44985273940048,,,0,130.0
25.53088148213468,94.92509178658771,,,0,581.0
26.280584257476523,91.61517083420888,,,0,50.0
26.13377361778767,91.5404008201358,,,0,44.0
23.824722,92.260722,Tripura,North Tripura,1,847.0
27.045117208217203,88.1467702239106,,,0,1596.0
23.459039,93.324774,Mizoram,Champhai,1,1326.0
28.160853,95.446925,Arunachal Pradesh,East Siang,1,482.0
23.187383,92.89826,Mizoram,Serchhip,1,885.0
27.142028,88.172139,Sikkim,West Sikkim,1,781.0
27.079640445512325,92.24117086160167,,,0,2443.0
25.410389,94.579361,Manipur,Ukhrul,1,1544.0
26.65859953841828,95.26454958545708,,,0,1763.0
24.766472,93.434167,Manipur,Noney,1,694.0
27.732154964000184,93.53603898958472,,,0,1630.0
23.470109,92.740615,Mizoram,Aizawl,1,1289.0
25.07,93.43,Manipur,Tamenglong,1,971.0
23.142357,92.750961,Mizoram,Lunglei,1,867.0
26.345933443899625,93.18531452933594,,,0,593.0
27.28081944,88.57090278,Sikkim,East Sikkim,1,1250.0
25.560816722626377,94.02218108333278,,,0,2387.0
25.3375,94.527806,Manipur,Ukhrul,1,1128.0
24.69686814973845,94.0288871744002,,,0,784.0
24.030793,92.793313,Mizoram,Aizawl,1,632.0
27.64962436445516,88.34624275377823,,,0,4316.0
25.677,94.241,Nagaland,Kohima,1,1003.0
25.469456435811374,94.91617749431208,,,0,1606.0
23.55388889,92.70472222,Mizoram,Aizawl,1,834.0
27.294889,88.079944,Sikkim,West Sikkim,1,2067.0
27.418646677476996,95.94430999612923,,,0,171.0
27.177667,93.148694,Arunachal Pradesh,East Kameng,1,1547.0
27.447181,96.439865,Arunachal Pradesh,Changlang,1,560.0
27.5091,88.53848,Sikkim,North Sikkim,1,1233.0
25.623,94.336,Nagaland,Phek,1,1829.0
24.66018679314678,92.1120738480187,,,0,11.0
25.443264,94.0392,Manipur,Senapati,1,1491.0
24.889031,94.306125,Manipur,Kamjong,1,1217.0
23.388377,92.845102,Mizoram,Serchhip,1,929.0
28.037974515909017,93.51468715622556,,,0,2215.0
28.079818,96.46838,Arunachal Pradesh,Anjaw,1,821.0
25.2161,91.38912222,Meghalaya,East Khasi Hills,1,162.0
27.492281902144605,92.89459055513564,,,0,1037.0
23.125311,92.820023,Mizoram,Lunglei,1,874.0
27.708863102228776,88.66716038384625,,,0,4671.0
24.449306,94.221778,Manipur,Tengnoupal,1,1475.0
26.112611,95.039028,Nagaland,Noklak,1,1784.0
27.602728933232303,94.5788802473446,,,0,122.0
24.112481183819447,92.70546870627822,,,0,463.0
25.197283,92.2225,Meghalaya,West Jaintia Hills,1,569.0
25.335955261005928,94.78755458457609,,,0,1314.0
28.892458599112743,94.82102842680004,,,0,1137.0
25.882916,94.036198,Nagaland,Kohima,1,1108.0
27.036444324211,88.6185565961704,,,0,1616.0
28.71487257540079,94.60874313425786,,,0,2166.0
25.293653785708027,91.12962500346929,,,0,224.0
23.989380266227,92.5539588596037,,,0,136.0
26.855046925134417,92.88543376333556,,,0,87.0
24.28,93.68,Manipur,Churachandpur,1,851.0
24.732139,93.479194,Manipur,Noney,1,380.0
24.956083,94.522278,Manipur,Kamjong,1,1498.0
23.707126,93.187183,Mizoram,Champhai,1,1120.0
27.44142816964903,88.71157987309999,,,0,2673.0
25.549907494726657,93.48157992023668,,,0,442.0
26.813917,95.075667,Nagaland,Mon,1,573.0
23.682158,92.858383,Mizoram,Aizawl,1,982.0
23.73388889,92.79388889,Mizoram,Aizawl,1,320.0
25.351311,94.222514,Manipur,Senapati,1,1714.0
24.871889,94.580417,Manipur,Kamjong,1,919.0
25.316639,94.504278,Manipur,Ukhrul,1,1372.0
26.71922530102152,95.34744723081464,,,0,1036.0
28.370771414708138,96.23507976812188,,,0,2193.0
28.097163,95.270824,Arunachal Pradesh,East Siang,1,338.0
23.763809527767386,94.0767425158256,,,0,433.0
27.090083,88.413139,Sikkim,South Sikkim,1,293.0
25.327713773592063,94.38540254004904,,,0,1067.0
24.931167,94.227111,Manipur,Ukhrul,1,1302.0
28.394544498603747,95.70651231178992,,,0,1153.0
23.60861111,92.85055556,Mizoram,Aizawl,1,1123.0
24.845611,93.498778,Manipur,Noney,1,262.0
25.843202584125592,93.8630884146752,,,0,172.0
25.462319,91.096836,Meghalaya,West Khasi Hills,1,876.0
24.41,92.8,Mizoram,Kolasib,1,64.0
25.17,93.29,Assam,Dima Hasao,1,705.0
22.288440460360786,92.83605194215866,,,0,181.0
28.57511349253379,96.03550013232538,,,0,2136.0
29.054594227653556,95.7779198985392,,,0,2197.0
25.14341667,92.37805556,Meghalaya,Jaintia Hills,1,206.0
24.558690829246878,92.9954249003447,,,0,391.0
25.416389,94.067894,Manipur,Senapati,1,1267.0
23.977965531203008,92.5910237721148,,,0,337.0
23.99025,92.68066667,Mizoram,Kolasib,1,494.0
23.72916667,92.75888889,Mizoram,Aizawl,1,978.0
26.93819,92.70402,Assam,Sonitpur,1,133.0
24.78766667,93.66666667,Manipur,Noney,1,662.0
25.345,91.891,Meghalaya,East Khasi Hills,1,1539.0
24.820688613841394,93.34932824812743,,,0,692.0
23.779444,93.023918,Mizoram,Aizawl,1,426.0
23.42722222,92.71194444,Mizoram,Aizawl,1,873.0
25.49625,94.554722,Manipur,Ukhrul,1,943.0
25.139611,93.019556,Assam,Dima Hasao,1,741.0
25.750617,94.237358,Nagaland,Kohima,1,944.0
25.73338889,94.02372222,Nagaland,Kohima,1,1005.0
27.254389,88.145306,Sikkim,West Sikkim,1,1478.0
24.44623665853933,92.88227204273372,,,0,152.0
28.216309329298294,95.40987585588312,,,0,1394.0
27.74075,88.54525,Sikkim,North Sikkim,1,2762.0
28.37954997062043,95.16937793786028,,,0,1712.0
26.00810272100906,91.37158978677677,,,0,55.0
26.209389,94.116411,Nagaland,Wokha,1,527.0
24.997972,94.020444,Manipur,Kangpokpi,1,803.0
23.606555633015603,93.41293363033722,,,0,1134.0
27.25061389,88.46280278,Sikkim,East Sikkim,1,528.0
25.678306,91.07975,Meghalaya,West Khasi Hills,1,988.0
25.077089989048016,93.10607150782374,,,0,522.0
24.037336,92.922455,Mizoram,Aizawl,1,913.0
25.456767072815445,94.76777147875512,,,0,2221.0
25.558489,91.230911,Meghalaya,West Khasi Hills,1,1315.0
27.430445973486435,93.7570339929879,,,0,932.0
28.40547459775796,95.15832477098122,,,0,1500.0
25.60512,93.706701,Nagaland,Peren,1,544.0
24.156422403988152,92.87221629730053,,,0,234.0
25.10045498350132,91.3593850538283,,,0,9.0
24.903391816306385,93.8633592306258,,,0,807.0
24.239943151099244,92.5460916809545,,,0,89.0
28.105572,96.447685,Arunachal Pradesh,Anjaw,1,1416.0
25.679,94.096,Nagaland,Kohima,1,1255.0
23.141445,93.33848,Mizoram,Champhai,1,1344.0
22.779691663891697,92.90488108509072,,,0,462.0
25.681,94.387,Nagaland,Phek,1,1468.0
25.624,94.361,Nagaland,Phek,1,1835.0
26.928040229201116,88.54145903431302,,,0,412.0
28.110596799510898,94.30313898833568,,,0,1701.0
25.110656973964534,91.50303768189764,,,0,11.0
26.718556,95.033222,Nagaland,Mon,1,591.0
27.37055556,88.61611111,Sikkim,East Sikkim,1,1894.0
27.841103427184944,94.57213009009544,,,0,1251.0
24.801111,93.653111,Manipur,Noney,1,419.0
26.310526331779737,95.0586041030435,,,0,2210.0
26.00361111,92.86361111,Meghalaya,Ri-Bhoi,1,77.0
26.163847084277997,94.94731269691316,,,0,1510.0
25.569,94.234,Nagaland,Phek,1,1627.0
23.54130278,93.10256944,Mizoram,Kolasib,1,635.0
24.5716,93.17273056,Mizoram,Kolasib,1,208.0
25.152367,92.195708,Meghalaya,West Jaintia Hills,1,146.0
26.840420811998506,92.83561156319722,,,0,83.0
26.952708404430027,95.2975132188466,,,0,581.0
24.797278,93.737778,Manipur,Noney,1,1165.0
25.250901455305907,94.44432355645787,,,0,1444.0
23.72222222,92.79861111,Mizoram,Aizawl,1,215.0
25.654383666988053,91.25082975828956,,,0,1570.0
27.587116689692703,94.02472543884583,,,0,2684.0
25.565333,91.225667,Meghalaya,West Khasi Hills,1,1325.0
24.22,94.08,Manipur,Chandel,1,1401.0
25.14838429653412,94.79552398818257,,,0,1246.0
28.22680867335305,96.30578283606307,,,0,2000.0
25.129740974529085,92.5526141977968,,,0,286.0
24.956844850617443,93.19909507188429,,,0,81.0
23.61,92.80722222,Mizoram,Aizawl,1,432.0
26.178,94.41275,Nagaland,Zunheboto,1,960.0
25.20779526248793,92.91982876844766,,,0,798.0
25.450503202068617,94.6841364258568,,,0,2106.0
28.237713078184985,96.21736627929832,,,0,3561.0
26.643275586647917,95.31631353968169,,,0,1838.0
26.55,94.44,Nagaland,Mokokchung,1,532.0
27.176944,88.402056,Sikkim,South Sikkim,1,1926.0
25.97628867072038,92.19151735196928,,,0,415.0
25.605559,93.898552,Nagaland,Peren,1,1577.0
25.66667,94.10972,Nagaland,Kohima,1,1425.0
23.308769,92.862258,Mizoram,Serchhip,1,1032.0
23.754359,92.690207,Mizoram,Aizawl,1,689.0
25.813064,94.971453,Nagaland,Kiphire,1,1761.0
22.563525482714912,92.77366314279396,,,0,475.0
28.007812527509884,95.5402480086721,,,0,148.0
26.175722,95.030222,Nagaland,Noklak,1,826.0
25.81193484313888,91.74636583726084,,,0,590.0
22.25,93.09,Mizoram,Saiha,1,1490.0
22.664833829197093,92.78776288797394,,,0,611.0
27.246944,88.184833,Sikkim,West Sikkim,1,1639.0
25.39155556,93.11316667,Assam,Dima Hasao (N.C. Hills),1,208.0
24.8705,94.589944,Manipur,Kamjong,1,817.0
24.526075,93.05379167,Mizoram,Kolasib,1,107.0
24.00972222,92.76555556,Mizoram,Kolasib,1,729.0
27.965986160185366,95.75384085540708,,,0,156.0
27.188273709363777,94.04864900432344,,,0,91.0
26.9411597454034,88.35156543433513,,,0,1001.0
27.963658101337813,88.43722461721507,,,0,4955.0
25.634,94.255,Nagaland,Phek,1,1080.0
24.60853333,93.41668333,Mizoram,Kolasib,1,944.0
24.46,92.52,Assam,Hailakandi,1,104.0
27.272681096128807,93.63089512846256,,,0,1061.0
26.12385782124755,94.91928172434918,,,0,1454.0
28.222532762447315,96.61695011471524,,,0,2503.0
27.386902623961724,88.88440750099788,,,0,3811.0
22.67,92.68,Mizoram,Lunglei,1,426.0
25.129607702354782,92.50421202043698,,,0,688.0
28.825143683982684,96.05278660953525,,,0,3479.0
27.670798016861383,88.40583179259677,,,0,4016.0
27.476575981293728,88.40598468529326,,,0,3415.0
25.887525,94.797508,Nagaland,Kiphire,1,899.0
27.704028,88.56175,Sikkim,North Sikkim,1,2450.0
24.787526,93.662891,Manipur,Noney,1,470.0
27.57265148737136,88.97170693243089,,,0,4152.0
25.861165668251303,92.2586020196458,,,0,763.0
25.32821428977272,93.75778503821802,,,0,1501.0
22.91452778,92.89333333,Mizoram,Hnahthial,1,583.0
26.773611,95.077611,Nagaland,Mon,1,997.0
25.09218782774129,91.91785204988582,,,0,11.0
27.259694,88.550417,Sikkim,East Sikkim,1,643.0
24.965668013479878,93.30359306727564,,,0,156.0
27.92691483269186,93.74924537072836,,,0,1659.0
23.54380556,92.70136111,Mizoram,Aizawl,1,777.0
27.300188,96.010838,Arunachal Pradesh,Changlang,1,262.0
23.270548,92.877577,Mizoram,Serchhip,1,1087.0
27.43320866817416,93.29256185385589,,,0,2657.0
23.587,92.622389,Mizoram,Mamit,1,813.0
22.946084732493716,92.63239485294416,,,0,118.0
25.87653333,94.13359167,Nagaland,Kohima,1,1227.0
23.69472222,92.85972222,Mizoram,Aizawl,1,937.0
25.43003525435841,90.55930717888955,,,0,861.0
23.1124375435176,92.4474084187312,,,0,105.0
26.383049202370188,94.3115469313208,,,0,242.0
25.544506,92.102033,Meghalaya,East Khasi Hills,1,1298.0
27.54375,88.58475,Sikkim,North Sikkim,1,1593.0
27.381917,88.640333,Sikkim,East Sikkim,1,1689.0
24.038279,93.140945,Mizoram,Aizawl,1,1037.0
27.281028,88.227667,Sikkim,West Sikkim,1,1290.0
23.811722,92.959917,Mizoram,Aizawl,1,1333.0
28.257863546891667,95.1395114056078,,,0,1340.0
23.62111111,92.72444444,Mizoram,Aizawl,1,795.0
23.327149161955106,92.92522108016014,,,0,861.0
28.201524541218337,94.56760186701467,,,0,722.0
27.746911397212244,88.60844307747126,,,0,4211.0
27.206653,88.679953,Sikkim,East Sikkim,1,749.0
23.67138889,92.72361111,Mizoram,Aizawl,1,927.0
25.647514,91.055144,Meghalaya,West Khasi Hills,1,975.0
25.744728492341704,93.0500368653964,,,0,189.0
25.62269444,91.16914444,Meghalaya,West Khasi Hills,1,1222.0
27.202087980502583,92.09898844157036,,,0,2722.0
24.267658,94.117506,Manipur,Chandel,1,1222.0
27.60695393656379,88.92402279202362,,,0,3645.0
25.226046,91.701458,Meghalaya,East Khasi Hills,1,506.0
24.61143150650254,94.22728545099504,,,0,1101.0
25.086499549121545,92.13509848126382,,,0,16.0
27.45526591365277,92.47651072321844,,,0,1763.0
24.96884536274076,91.28648052725636,,,0,16.0
23.708217,92.761489,Mizoram,Aizawl,1,823.0
23.201281,92.735108,Mizoram,Lunglei,1,761.0
25.09089640576974,91.7527922017472,,,0,15.0
27.37475,88.782889,Sikkim,East Sikkim,1,3896.0
26.95266,93.44166,Assam,Sonitpur,1,154.0
26.454943591192382,95.1177960856307,,,0,1945.0
26.775944,95.072583,Nagaland,Mon,1,1008.0
25.311458,94.058922,Manipur,Senapati,1,1065.0
28.10098184605217,94.52253267434791,,,0,1047.0
22.870518,92.703873,Mizoram,Lunglei,1,516.0
22.785034,92.834671,Mizoram,Lunglei,1,660.0
25.13271341761122,92.77319240179146,,,0,885.0
24.914778,94.242583,Manipur,Ukhrul,1,1419.0
27.263194,88.377139,Sikkim,South Sikkim,1,1576.0
24.3147285705156,92.29026237573083,,,0,46.0
25.319936265627927,92.29668192187192,,,0,1166.0
23.51975,92.579556,Mizoram,Mamit,1,800.0
23.959278,93.123558,Mizoram,Aizawl,1,1379.0
26.235639,94.213417,Nagaland,Wokha,1,388.0
28.52825400933601,95.31777411451402,,,0,2390.0
26.034806,94.519889,Nagaland,Zunheboto,1,1860.0
24.187212,92.633859,Mizoram,Kolasib,1,199.0
25.602,94.427,Nagaland,Phek,1,838.0
25.563544191273568,92.64917753926792,,,0,624.0
25.36320912559415,92.2577072752928,,,0,1251.0
25.568056,91.737944,Meghalaya,West Khasi Hills,1,1710.0
26.98226142739906,93.10620529839916,,,0,337.0
24.970298554373088,93.90526515289451,,,0,841.0
27.161444,88.410556,Sikkim,South Sikkim,1,1569.0
24.608129500117613,93.0542646433568,,,0,105.0
26.002188,94.623681,Nagaland,Zunheboto,1,2022.0
25.73651061885046,91.96229428315492,,,0,1079.0
28.1915,95.225917,Arunachal Pradesh,Upper Siang,1,352.0
25.318206,94.091428,Manipur,Senapati,1,1213.0
28.073482783939166,93.8539508962602,,,0,1765.0
25.671,94.217,Nagaland,Phek,1,796.0
28.21825395743225,95.38477025776366,,,0,1182.0
27.017107292561683,88.66058728990593,,,0,1439.0
27.15479534332226,96.01206833040202,,,0,1458.0
22.494249394492144,93.24930704947818,,,0,815.0
25.545722,91.520556,Meghalaya,West Khasi Hills,1,1674.0
27.900716389222183,93.82373269664156,,,0,1930.0
25.49551944,91.49585278,Meghalaya,Eastern-West Khasi Hill,1,1584.0
27.378444,88.541667,Sikkim,North Sikkim,1,1767.0
25.110417,93.791806,Manipur,Senapati,1,750.0
28.003118598606328,96.50746941206164,,,0,2239.0
27.39305556,88.63527778,Sikkim,North Sikkim,1,1570.0
26.704905252746222,92.57296868961946,,,0,73.0
25.42275258260419,92.40061870106751,,,0,1190.0
27.448716961305177,93.18406105823364,,,0,1978.0
25.295881,91.071747,Meghalaya,West Khasi Hills,1,411.0
27.20190550954193,89.08233440656153,,,0,1966.0
24.51,93.12,Manipur,Pherzawl,1,731.0
27.4286029865697,88.40362930647429,,,0,2704.0
25.502583,94.661194,Nagaland,Phek,1,1607.0
28.244256,95.920559,Arunachal Pradesh,Lower Dibang Valley,1,2625.0
26.21287482489917,92.7019143227214,,,0,64.0
24.93516673159039,94.68648916605726,,,0,770.0
27.412111,88.627083,Sikkim,North Sikkim,1,1402.0
26.69061436074036,94.91932641194305,,,0,1197.0
25.85396759364839,92.06692159072335,,,0,753.0
27.666124382411592,95.07099060535268,,,0,112.0
25.19949763008363,92.65542844200006,,,0,1205.0
27.43353195386273,93.1952903927341,,,0,2172.0
24.849270089148973,94.45683174777048,,,0,733.0
26.98236408751489,88.47918266029956,,,0,524.0
25.236319545623388,94.33974347113708,,,0,1625.0
27.752611,94.7175,Arunachal Pradesh,West Siang,1,380.0
25.62415465203494,93.6453908799696,,,0,306.0
25.222501,91.714409,Meghalaya,East Khasi Hills,1,525.0
27.872722,93.456306,Arunachal Pradesh,Kurung Kumey,1,807.0
27.539094253269383,88.76698571998278,,,0,4610.0
23.71446389,92.71146389,Mizoram,Aizawl,1,988.0
28.124751997442157,95.88750247057348,,,0,837.0
26.11266667,91.85388889,Assam,Kamrup,1,188.0
28.359553,95.948576,Arunachal Pradesh,Lower Dibang Valley,1,729.0
26.220506,94.550504,Nagaland,Mokokchung,1,1374.0
25.694,94.107,Nagaland,Kohima,1,1423.0
25.907417,94.429519,Nagaland,Kohima,1,1101.0
25.96962905193168,93.86539866830732,,,0,147.0
25.88692,92.61347,Assam,West Karbi Anglong,1,440.0
27.95098002678424,95.58612918139474,,,0,134.0
23.65888889,92.72861111,Mizoram,Aizawl,1,847.0
24.025542,92.91546,Mizoram,Aizawl,1,1033.0
23.04044884354253,92.41605815442864,,,0,344.0
27.728472,88.551667,Sikkim,North Sikkim,1,2665.0
23.388585,93.2446,Mizoram,Champhai,1,696.0
23.86222222,92.83666667,Mizoram,Aizawl,1,239.0
22.29,93.08,Mizoram,Saiha,1,954.0
23.499418,92.905021,Mizoram,Aizawl,1,972.0
24.80487108210901,94.26489968320554,,,0,948.0
22.63450094787502,93.06856693299812,,,0,879.0
25.126361,93.901333,Manipur,Senapati,1,1727.0
25.320828047830098,91.1524467235944,,,0,526.0
28.0181951998087,95.73500926402846,,,0,160.0
25.662,94.108,Nagaland,Kohima,1,1391.0
27.21525,88.402278,Sikkim,South Sikkim,1,2026.0
24.35,92.84,Mizoram,Kolasib,1,326.0
24.164611900828277,91.98058934556929,,,0,46.0
27.589,91.873194,Arunachal Pradesh,Tawang,1,2813.0
25.91448512176618,92.39392216035124,,,0,683.0
22.92292804929731,93.2836443212577,,,0,954.0
22.94515622919216,92.62249159935048,,,0,76.0
26.62197883066708,95.2751826377152,,,0,1044.0
24.605209959386183,93.81120698011752,,,0,770.0
27.122052701605185,88.58526978864185,,,0,1862.0
26.155,91.798167,Assam,Kamrup,1,86.0
24.78571840700368,94.00429296258544,,,0,1090.0
25.29725,93.630083,Nagaland,Peren,1,1294.0
26.18122951984129,92.25531618211797,,,0,62.0
26.625556,94.970833,Nagaland,Mon,1,356.0
23.841713,92.911476,Mizoram,Aizawl,1,1138.0
25.444167,93.425528,Assam,Dima Hasao,1,416.0
24.62913321915566,93.87728204382792,,,0,774.0
22.6277763069152,92.34953459018004,,,0,99.0
28.119989206752088,96.68394797625434,,,0,1621.0
27.41310347828926,93.95009427730264,,,0,712.0
26.89262754163758,88.18994314897716,,,0,1605.0
25.57255,91.828833,Meghalaya,East Khasi Hills,1,1326.0
23.306654,92.707482,Mizoram,Serchhip,1,426.0
25.01781885074528,93.90056707815178,,,0,1088.0
23.74150833,92.70785833,Mizoram,Aizawl,1,888.0
22.60183695985433,92.82027914150795,,,0,729.0
27.51803021433569,88.40387973888944,,,0,2533.0
25.414028,94.58,Manipur,Ukhrul,1,1522.0
23.207082,92.509726,Mizoram,Lunglei,1,735.0
24.58122339908072,93.94121246936386,,,0,774.0
25.71896558857698,90.89495642696244,,,0,637.0
24.599425,93.30004722,Mizoram,Kolasib,1,520.0
25.79570889429036,91.32203283530126,,,0,179.0
27.96098200725668,95.77579591094768,,,0,147.0
25.317628,94.070336,Manipur,Senapati,1,1076.0
27.477877728292576,92.86236614528272,,,0,1768.0
25.066024116244048,93.89236325231768,,,0,1836.0
25.356361,92.004972,Meghalaya,West Jaintia Hills,1,905.0
22.630764183218805,92.7570824495412,,,0,381.0
27.34550330371794,92.68985454915628,,,0,1807.0
25.420397948632942,94.79301950273197,,,0,2211.0
27.143343,95.743034,Arunachal Pradesh,Changlang,1,562.0
24.600231,93.695483,Manipur,Churachandpur,1,1106.0
25.346964,94.198264,Manipur,Senapati,1,1745.0
23.34352830340389,92.54727028252228,,,0,463.0
22.66,92.855003,Mizoram,Lunglei,1,980.0
23.801624,92.960437,Mizoram,Aizawl,1,1244.0
25.792278481752657,95.13695893503242,,,0,2726.0
25.422535,92.989119,Assam,Dima Hasao,1,210.0
25.27525347533909,93.79301352834908,,,0,1515.0
25.13056554134344,91.94700417012818,,,0,19.0
25.08609159673557,93.48456549383896,,,0,445.0
28.309975,95.952909,Arunachal Pradesh,Lower Dibang Valley,1,1405.0
23.329548853124017,92.4381925092841,,,0,559.0
25.060389,94.535472,Manipur,Ukhrul,1,1584.0
24.012306,91.451778,Tripura,West Tripura,1,67.0
25.309111,93.470694,Assam,Dima Hasao,1,1597.0
25.105108,93.621136,Manipur,Tamenglong,1,1091.0
25.016266076494016,93.80788388189158,,,0,2173.0
22.286874550360597,93.25296872223431,,,0,1138.0
25.077361,93.611028,Manipur,Tamenglong,1,1049.0
27.00542786722335,93.96679624035714,,,0,83.0
22.15,92.99,Mizoram,Saiha,1,635.0
24.503011759724256,94.38617676677922,,,0,391.0
25.6742792203038,91.34253221339834,,,0,1410.0
24.91349357273369,93.0158986248236,,,0,67.0
25.079358780561652,93.5408221574816,,,0,1289.0
25.001497287152265,91.20831806484436,,,0,6.0
25.092840443145416,93.73166742730608,,,0,1718.0
23.3228,92.862406,Mizoram,Serchhip,1,946.0
22.97955473584051,92.52574397994329,,,0,121.0
27.204556,88.647222,Sikkim,East Sikkim,1,662.0
23.31637,92.854172,Mizoram,Serchhip,1,895.0
25.50368056,91.72342222,Meghalaya,East Khasi Hills,1,1748.0
25.663303,91.1347,Meghalaya,West Khasi Hills,1,1128.0
23.403243595872425,92.53122212843968,,,0,667.0
25.30022495218263,92.98299152064156,,,0,303.0
23.373277076136542,93.5922499753769,,,0,1045.0
27.31852018850088,93.94882927335102,,,0,429.0
23.598139,92.599111,Mizoram,Mamit,1,1010.0
25.552992,90.814503,Meghalaya,West Khasi Hills,1,503.0
25.675,94.075,Nagaland,Kohima,1,1399.0
24.60067222,93.37223056,Mizoram,Kolasib,1,854.0
26.86830902953561,88.46902410462337,,,0,194.0
22.691,92.841003,Mizoram,Lunglei,1,905.0
27.123889,88.319778,Sikkim,West Sikkim,1,408.0
24.84,93.91,Manipur,West Imphal,1,806.0
25.20390224676183,93.516548325982,,,0,1076.0
24.96280242689149,93.95293742444387,,,0,876.0
26.949664159518868,88.34124512699243,,,0,919.0
26.31769234127093,91.53781433843662,,,0,46.0
26.46497812180943,91.89463333250796,,,0,60.0
25.06136540666257,92.13645138819189,,,0,17.0
27.16993889,88.51481944,Sikkim,South Sikkim,1,473.0
22.51,92.74,Mizoram,Lawngtlai,1,625.0
25.542806,92.096972,Meghalaya,East Khasi Hills,1,1308.0
25.839901580869014,93.88705599788958,,,0,448.0
23.7297625783982,91.96551472034226,,,0,218.0
25.995570896561095,91.75178538065845,,,0,416.0
23.83675,92.916556,Mizoram,Aizawl,1,1124.0
26.974544231888085,88.17771451661784,,,0,1502.0
26.2394701767992,91.54825232593048,,,0,49.0
27.547111,88.602667,Sikkim,North Sikkim,1,1718.0
27.416565733077597,88.43881773429798,,,0,2514.0
25.44874139552288,94.33585774007152,,,0,1340.0
25.91151331946345,91.03185463071527,,,0,66.0
25.439907334590277,93.654689728727,,,0,1206.0
25.355286946635555,93.77567715946432,,,0,1261.0
25.971736,94.576933,Nagaland,Kiphire,1,1839.0
23.2747,92.647873,Mizoram,Lunglei,1,651.0
23.832916,93.301888,Mizoram,Champhai,1,1237.0
24.19,94.2,Manipur,Chandel,1,787.0
26.264066182386543,94.00282753442391,,,0,111.0
27.627371002869747,94.80994528210648,,,0,111.0
25.5275,91.918861,Meghalaya,East Khasi Hills,1,1775.0
22.324342051949014,92.47518554800416,,,0,137.0
22.29,92.63,Mizoram,Lawngtlai,1,116.0
23.613722,92.851889,Mizoram,Aizawl,1,1066.0
25.45903056,90.70813333,Meghalaya,South Garo Hills,1,185.0
27.583084942117654,92.7478088500148,,,0,1490.0
26.82211049372446,94.92573768997993,,,0,301.0
27.70289863908397,94.88622723502372,,,0,123.0
26.46549606925366,94.7329588104366,,,0,562.0
23.4785,92.7043,Mizoram,Aizawl,1,981.0
25.5407188,94.1334216,Nagaland,Kohima,1,1705.0
27.44671691103393,88.86627882633258,,,0,3981.0
24.26297222,92.69216667,Mizoram,Kolasib,1,521.0
28.45542958998189,94.95447035760024,,,0,2126.0
27.592091607028017,95.14765119348698,,,0,107.0
25.481567451824752,92.59059590192209,,,0,745.0
23.98,93.55,Manipur,Churachandpur,1,809.0
26.205583,91.963222,Assam,Kamrup,1,70.0
27.40237575610549,88.0783881088199,,,0,3834.0
23.54055556,92.71638889,Mizoram,Aizawl,1,906.0
25.241800746250014,93.76649179348595,,,0,1821.0
26.30528300459961,91.80407908555198,,,0,49.0
27.875483911194294,88.81780894498955,,,0,5038.0
25.03024047144645,93.09681063389758,,,0,380.0
25.879364427857844,90.2876846078661,,,0,59.0
27.12344167,88.24483889,Sikkim,South Sikkim,1,460.0
25.287361,94.528472,Manipur,Ukhrul,1,1142.0
23.952942359916797,92.57490572668172,,,0,364.0
23.56472023605632,93.02056194399346,,,0,679.0
22.31934914308642,92.39565297337543,,,0,431.0
26.55160397452944,93.33016239002173,,,0,408.0
22.86439280926875,93.11243536059376,,,0,477.0
24.950139,93.481278,Manipur,Tamenglong,1,908.0
25.485100822354557,94.32037192166965,,,0,2022.0
24.60002222,93.37166389,Mizoram,Kolasib,1,863.0
23.860167,93.194778,Mizoram,Champhai,1,912.0
25.18556583402854,94.40163939421402,,,0,1359.0
25.706892986346823,91.3650126560868,,,0,849.0
24.43208492763691,94.4470091196646,,,0,174.0
25.269239588203817,93.70998121710328,,,0,757.0
22.33,92.63,Mizoram,Lawngtlai,1,112.0
23.089111,92.555168,Mizoram,Lunglei,1,167.0
27.299135,96.010349,Arunachal Pradesh,Changlang,1,301.0
27.648662226664268,88.45162354723405,,,0,2995.0
24.11775125929765,92.05077260508116,,,0,104.0
22.58672745762644,93.10429354458144,,,0,979.0
28.72289153990276,95.82429124239528,,,0,2447.0
22.96825076955409,92.55663006530958,,,0,575.0
22.08,92.65,Mizoram,Lawngtlai,1,145.0
25.159,93.712056,Manipur,Tamenglong,1,1042.0
23.48961089695322,92.49223862171826,,,0,634.0
25.282313642370504,93.90181126704935,,,0,1086.0
27.12142197769348,88.73844244018905,,,0,2953.0
23.529815704065587,93.57154285274278,,,0,1218.0
28.60537706026558,94.46520744813968,,,0,3562.0
26.556,94.680167,Nagaland,Mokokchung,1,644.0
28.518337272912103,95.62502603921207,,,0,1474.0
25.288472,93.489611,Nagaland,Peren,1,1496.0
25.208593,91.742294,Meghalaya,East Khasi Hills,1,733.0
27.844158231694458,88.54430155153938,,,0,3811.0
24.919917,94.567111,Manipur,Kamjong,1,1188.0
24.506028345486968,94.02505199391284,,,0,816.0
25.82536524692379,94.65425053954792,,,0,1633.0
25.137,93.018,Assam,Dima Hasao,1,742.0
27.6937190740628,88.48397345631129,,,0,4242.0
23.322777488504222,92.9699128539863,,,0,1485.0
25.916527,94.461248,Nagaland,Zunheboto,1,1769.0
23.30374,92.672816,Mizoram,Lunglei,1,553.0
22.05634228663871,93.20744448051391,,,0,986.0
28.96644024192931,95.7279407233133,,,0,2693.0
23.271163283331088,93.42990325072066,,,0,1398.0
25.74993133896637,90.23932621193136,,,0,217.0
24.960609511662557,94.69424508574824,,,0,1549.0
25.033628,92.439331,Meghalaya,East Jaintia Hills,1,349.0
22.759804383035878,93.16161902897451,,,0,985.0
27.452375859145512,88.33225034267,,,0,2333.0
23.69361111,92.7225,Mizoram,Aizawl,1,869.0
27.946449586979657,96.63318104515731,,,0,1822.0
26.732306,95.055722,Nagaland,Mon,1,949.0
26.561861,94.686611,Nagaland,Mokokchung,1,638.0
25.15492435105494,94.65947853251618,,,0,2309.0
26.117194,94.336972,Nagaland,Wokha,1,1037.0
22.841455,92.891235,Mizoram,Lunglei,1,530.0
27.19113346184559,95.55764645468264,,,0,595.0
28.25897,96.54433,Arunachal Pradesh,Anjaw,1,1693.0
28.053678016901102,94.04226806031755,,,0,1389.0
25.096333,93.61925,Manipur,Tamenglong,1,1152.0
27.57341633043233,88.71254830026754,,,0,3094.0
25.388056,94.550083,Manipur,Ukhrul,1,943.0
23.73611111,92.75130556,Mizoram,Aizawl,1,902.0
26.20261,91.14528,Assam,Dima Hasao,1,37.0
23.53083333,92.73055556,Mizoram,Aizawl,1,986.0
27.240444,93.064361,Arunachal Pradesh,East Kameng,1,817.0
25.438495,91.862917,Meghalaya,East Khasi Hills,1,1668.0
25.756889,94.478472,Nagaland,Phek,1,796.0
27.56111111,88.65452778,Sikkim,North Sikkim,1,1412.0
28.309981080860243,96.41192240197684,,,0,3485.0
25.445423660360728,94.40544724832216,,,0,846.0
23.97072789941075,94.15888727805763,,,0,353.0
27.7231,93.9587,Arunachal Pradesh,Lower Subansiri,1,575.0
27.42834115404137,92.6307642340289,,,0,1759.0
24.09007745053779,93.40299358465752,,,0,736.0
24.439842,94.184347,Manipur,Tengnoupal,1,1455.0
28.20891146480427,95.06319394113208,,,0,1395.0
28.088359432977423,95.48809905568592,,,0,177.0
25.386381661684368,92.3608247308828,,,0,1257.0
23.471041,92.85503,Mizoram,Serchhip,1,1076.0
23.00052509935724,92.5262504260302,,,0,262.0
27.47027372439561,94.66132043488278,,,0,100.0
24.10861091490736,93.69366108889912,,,0,1276.0
25.091851846927504,91.47488969445288,,,0,6.0
23.50882222,93.09170278,Mizoram,Kolasib,1,685.0
25.828928,94.898075,Nagaland,Kiphire,1,1687.0
26.765172196900643,95.1961949991826,,,0,1113.0
27.7011314569953,88.88857679089458,,,0,4373.0
25.766346835606143,93.25688849761876,,,0,168.0
27.156944,88.230778,Sikkim,West Sikkim,1,1485.0
26.711639,95.014944,Nagaland,Mon,1,726.0
25.078165077064124,92.56271415838393,,,0,537.0
28.509013430254456,95.60862840268284,,,0,2116.0
23.4052539163104,92.57601902858086,,,0,303.0
27.230706302608866,92.48324120774836,,,0,1847.0
22.660692,92.855602,Mizoram,Lunglei,1,980.0
25.315444,94.504417,Manipur,Ukhrul,1,1378.0
24.8155,94.572222,Manipur,Kamjong,1,920.0
26.35248167502108,91.95694997399134,,,0,52.0
28.18327637199974,96.3814794661062,,,0,2290.0
25.624367093746574,93.63758315825356,,,0,358.0
25.936056,94.216444,Nagaland,Kohima,1,1173.0
27.01647503834413,93.79989366817917,,,0,92.0
27.18822222,88.56238889,Sikkim,East Sikkim,1,468.0
23.89083333,92.92055556,Mizoram,Aizawl,1,1045.0
25.667,94.051,Nagaland,Kohima,1,1408.0
25.809861,94.428972,Nagaland,Phek,1,1218.0
24.17120846148604,92.8507632328978,,,0,390.0
23.302106,92.649524,Mizoram,Lunglei,1,730.0
23.08240064822669,92.62844743313798,,,0,390.0
24.066822,92.893593,Mizoram,Aizawl,1,1003.0
24.334825836514245,92.3609937097324,,,0,92.0
25.076963028412752,93.10080584048208,,,0,499.0
25.058833,94.55125,Manipur,Ukhrul,1,1775.0
26.53740067589177,94.26974662300124,,,0,260.0
24.18372222,92.94961111,Mizoram,Aizawl,1,456.0
28.711525528168742,95.98762140767614,,,0,2116.0
26.759167,95.110972,Nagaland,Mon,1,918.0
25.1638056,93.010861,Assam,Dima Hasao,1,596.0
26.378844907425474,95.10801696763218,,,0,2121.0
25.227063,91.691293,Meghalaya,East Khasi Hills,1,482.0
25.98733847326205,91.6995785219786,,,0,436.0
25.597614,91.153233,Meghalaya,West Khasi Hills,1,1143.0
26.182583,94.263361,Nagaland,Wokha,1,1033.0
24.479302552794937,94.4119437072456,,,0,228.0
22.496,92.975998,Mizoram,Saiha,1,839.0
24.32,93.75,Manipur,Bishnupur,1,849.0
24.039139,92.106944,Tripura,Dhalai,1,136.0
22.07161175966697,93.05995523045576,,,0,563.0
23.49,92.70555556,Mizoram,Aizawl,1,1034.0
23.32522222,92.70047222,Mizoram,Kolasib,1,371.0
27.445927352383848,93.95675810941792,,,0,1276.0
27.137667,88.342694,Sikkim,South Sikkim,1,1215.0
23.733083,92.675611,Mizoram,Aizawl,1,770.0
23.970444,92.927167,Mizoram,Aizawl,1,1222.0
26.473675928948573,95.12707185387131,,,0,2166.0
27.11452838096616,88.59063056866535,,,0,1842.0
25.662561593295926,94.95128628068156,,,0,1998.0
24.839722,94.224944,Manipur,Ukhrul,1,1203.0
24.253234340045445,92.74632833481654,,,0,63.0
25.116350877576725,91.60707083655548,,,0,17.0
24.814386,94.32344,Manipur,Kamjong,1,1241.0
23.667553,92.89259,Mizoram,Saitual,1,372.0
23.449827,92.8599,Mizoram,Serchhip,1,777.0
28.16129356449873,95.67093482609766,,,0,204.0
26.158193,91.755807,Assam,Kamrup,1,59.0
26.0641,91.889136,Assam,Kamrup,1,79.0
26.589881785774637,95.29712857510148,,,0,742.0
22.7819479754096,92.37331597031654,,,0,95.0
23.962278,93.035309,Mizoram,Aizawl,1,1022.0
23.193468,92.734849,Mizoram,Lunglei,1,793.0
26.254505487558216,93.45252134221263,,,0,827.0
26.037575,94.589138,Nagaland,Zunheboto,1,1234.0
23.890777537628296,91.19373730336424,,,0,7.0
24.798,93.736,Manipur,Noney,1,1151.0
23.47,92.7215,Mizoram,Aizawl,1,1096.0
25.671,94.14,Nagaland,Kohima,1,1300.0
22.49,93.01,Mizoram,Saiha,1,1173.0
23.474611,93.241556,Mizoram,Champhai,1,890.0
25.56663056,91.91370556,Meghalaya,East Khasi Hills,1,1530.0
24.940583,94.008889,Manipur,Kangpokpi,1,819.0
24.21,93.29,Manipur,Churachandpur,1,986.0
25.112858585356463,94.18625748321074,,,0,1423.0
23.09561111,93.20786389,Mizoram,Aizawl,1,1000.0
28.28665309133114,96.32035491187813,,,0,2722.0
25.146989617753302,93.57183541019783,,,0,833.0
22.96703,92.925728,Mizoram,Lunglei,1,775.0
25.46246270849145,93.9175016805426,,,0,1043.0
25.167444,93.735472,Manipur,Tamenglong,1,777.0
27.03511411369224,88.48394771620792,,,0,710.0
24.676779197140576,92.8307117992402,,,0,25.0
25.188611,94.520917,Manipur,Ukhrul,1,1485.0
25.57596247920251,91.4456532138526,,,0,1649.0
25.584328694393065,92.61072767255162,,,0,722.0
25.443417,93.421444,Assam,Dima Hasao,1,416.0
23.75161678540592,93.22867914781143,,,0,734.0
27.965819,94.293672,Arunachal Pradesh,Upper Subansiri,1,234.0
24.97682516766969,93.27181734967184,,,0,193.0
25.131994654406835,92.54151731073786,,,0,160.0
24.40334546822084,92.44588520754226,,,0,55.0
25.646219,94.0334861,Nagaland,Kohima,1,1596.0
25.032119,92.462636,Assam,Cachar,1,69.0
27.08696769394714,89.02017574756809,,,0,2128.0
26.061861,92.147889,Assam,Kamrup,1,110.0
26.129722,94.019194,Nagaland,Wokha,1,257.0
24.22,93.2,Manipur,Pherzawl,1,819.0
24.11,93.32,Manipur,Churachandpur,1,636.0
26.0038,93.9873,Nagaland,Wokha,1,531.0
25.728650106773987,90.537525091282,,,0,240.0
25.358220915627587,92.90707116058802,,,0,492.0
27.60527305707605,88.8042425088235,,,0,4746.0
23.420362818351045,92.54146841447805,,,0,478.0
24.80592,93.23789,Manipur,Tamenglong,1,186.0
24.03686627133509,93.71721156652173,,,0,1150.0
25.38163333,90.06033889,Meghalaya,West Garo Hills,1,82.0
25.914742557539867,92.7928881202143,,,0,75.0
24.170329,92.641325,Mizoram,Kolasib,1,137.0
23.251004,92.63667,Mizoram,Lunglei,1,749.0
27.504186029083357,94.1926303333568,,,0,308.0
25.736,94.012,Nagaland,Phek,1,986.0
27.162391996867505,96.08693987504591,,,0,880.0
23.972027,93.014893,Mizoram,Aizawl,1,752.0
24.717684692291584,92.36197391992572,,,0,18.0
24.199185,92.992094,Mizoram,Aizawl,1,268.0
23.415,92.7375,Mizoram,Aizawl,1,1090.0
24.225991189563427,93.70434610023727,,,0,1182.0
25.047444,92.409156,Meghalaya,East Jaintia Hills,1,67.0
27.096444,88.433375,Sikkim,South Sikkim,1,887.0
23.206413,92.632701,Mizoram,Lunglei,1,549.0
25.6291966,94.10177,Nagaland,Kohima,1,1495.0
24.99521947693085,91.40746871846136,,,0,8.0
26.957040053467438,88.66852642225317,,,0,294.0
24.4259,93.13580556,Mizoram,Kolasib,1,524.0
24.628361,93.604917,Manipur,Noney,1,902.0
25.265389,94.541472,Manipur,Ukhrul,1,1261.0
23.03016667,92.67336111,Mizoram,Kolasib,1,307.0
22.798575822316973,92.70939340398893,,,0,491.0
27.576373198073025,92.43798912687603,,,0,3197.0
25.65835,91.177014,Meghalaya,West Khasi Hills,1,1156.0
27.55525,88.647556,Sikkim,North Sikkim,1,1730.0
26.582861,95.020306,Nagaland,Mon,1,523.0
22.41,93.02,Mizoram,Saiha,1,1264.0
23.001178975391877,92.57253301681992,,,0,231.0
27.3305,88.215639,Sikkim,West Sikkim,1,1504.0
26.204865114619967,92.3490367930634,,,0,60.0
23.788666,93.386139,Mizoram,Champhai,1,1309.0
27.403722,92.141056,Arunachal Pradesh,West Kameng,1,1968.0
26.351485749169164,95.35369612901911,,,0,1848.0
23.195522,92.90062,Mizoram,Serchhip,1,861.0
28.11108127814703,96.63230107868668,,,0,2125.0
24.284759009306107,93.24413421877674,,,0,287.0
22.85619915595313,93.35886360266144,,,0,1039.0
24.985389,93.49275,Manipur,Tamenglong,1,1059.0
23.464394,92.855608,Mizoram,Serchhip,1,1073.0
26.09326478140303,93.6539872630344,,,0,273.0
24.15,94.1,Manipur,Chandel,1,1049.0
23.109925,93.20970833,Mizoram,Aizawl,1,1095.0
25.79408558510422,92.86034056400774,,,0,89.0
28.520563996049884,95.91725626763946,,,0,1826.0
27.22122778,88.735475,Sikkim,East Sikkim,1,1263.0
25.854840364308576,93.90291252151904,,,0,243.0
25.21,93.31,Assam,Dima Hasao,1,870.0
24.56062778,93.18938889,Mizoram,Kolasib,1,110.0
27.97474972039614,95.8056066882036,,,0,151.0
25.705716352155623,93.44137541051208,,,0,281.0
27.5840439848107,92.7274278820053,,,0,2090.0
25.210246085326936,94.78388805131203,,,0,1691.0
23.173258,92.611929,Mizoram,Lunglei,1,793.0
27.510250957667733,93.1186130810692,,,0,1219.0
25.566,94.26,Nagaland,Phek,1,1852.0
24.870028,94.588778,Manipur,Kamjong,1,823.0
25.165028,92.388056,Meghalaya,East Jaintia Hills,1,420.0
25.291626969884355,94.37469504268452,,,0,1281.0
24.725331563869368,94.58619620899042,,,0,245.0
26.685462397479306,94.25271872616018,,,0,107.0
25.65975,94.747083,Nagaland,Phek,1,1714.0
25.540056,91.314142,Meghalaya,West Khasi Hills,1,1513.0
28.509,95.177639,Arunachal Pradesh,Upper Siang,1,699.0
27.493622271246505,93.743973640641,,,0,1123.0
23.381533,92.854115,Mizoram,Serchhip,1,863.0
27.62097179985297,88.42586303774648,,,0,3064.0
25.924,92.50939,Assam,West Karbi Anglong,1,348.0
27.291083,93.796806,Arunachal Pradesh,Papum Pare,1,574.0
27.779240529956496,94.89395594590026,,,0,415.0
25.434979657412608,94.2191948762578,,,0,1319.0
26.966813877637648,88.1780190621262,,,0,1442.0
24.944083,94.538667,Manipur,Kamjong,1,1533.0
28.16017733147291,95.54873118384774,,,0,267.0
23.32871975022381,93.59104352557098,,,0,574.0
26.219030408569463,90.60505902533932,,,0,30.0
26.05925,94.251972,Nagaland,Wokha,1,1474.0
23.60972222,92.80027778,Mizoram,Aizawl,1,427.0
27.3612903598491,93.5993102127529,,,0,1916.0
24.82121344347224,92.39546324887188,,,0,18.0
25.029437269987284,93.88225371022588,,,0,1422.0
27.302389,93.055833,Arunachal Pradesh,East Kameng,1,1144.0
25.28319363448507,92.28843743888268,,,0,892.0
23.739767247722448,93.2621619854542,,,0,1108.0
27.171719253402376,93.5139675048251,,,0,2188.0
26.0885,94.263944,Nagaland,Wokha,1,1453.0
25.6466,91.157592,Meghalaya,West Khasi Hills,1,1197.0
24.94062328443638,92.1856864174991,,,0,17.0
27.374583,88.542444,Sikkim,North Sikkim,1,1809.0
25.68772,94.14044,Nagaland,Kohima,1,1309.0
27.443058233557327,96.07419817117496,,,0,193.0
25.99733812720076,94.3833379439564,,,0,695.0
24.974227848109837,92.35700210994496,,,0,16.0
28.988882908815768,94.79178074368454,,,0,1587.0
23.140461,93.343504,Mizoram,Champhai,1,1172.0
25.197378894037225,92.66876832029516,,,0,1307.0
25.72349016193298,92.45863059129816,,,0,903.0
22.47019229875199,92.4039731167914,,,0,253.0
27.393166526746576,91.84456924399136,,,0,2474.0
24.6476775767092,93.86301340482945,,,0,773.0
24.2504,94.096483,Manipur,Chandel,1,1047.0
23.60847333422286,92.51313475506704,,,0,119.0
25.10275,92.986944,Assam,Dima Hasao,1,612.0
24.3636684050856,92.33898677752832,,,0,54.0
29.006445516100104,95.92484537646703,,,0,3868.0
25.635,94.217,Nagaland,Phek,1,880.0
22.618105227617352,93.18225766860355,,,0,1270.0
24.927139,93.789333,Manipur,Kangpokpi,1,1639.0
25.31758731724444,92.93331745257116,,,0,377.0
26.41520259644618,94.11974099522492,,,0,101.0
27.46028536168537,93.18676995659654,,,0,1345.0
25.944361,94.023222,Nagaland,Kohima,1,509.0
27.012690243917596,95.29543270787812,,,0,320.0
27.282444,88.598917,Sikkim,East Sikkim,1,828.0
23.73555556,92.83583333,Mizoram,Aizawl,1,617.0
28.497061533730264,95.45942579028709,,,0,2630.0
24.916083,94.486889,Manipur,Kamjong,1,1752.0
26.0405,92.0355,Assam,Kamrup,1,235.0
28.330336,95.794313,Arunachal Pradesh,Dibang Valley,1,681.0
25.23908,90.63944,Meghalaya,South Garo hills,1,73.0
23.830683541507547,93.76793938619444,,,0,1498.0
25.625145751917813,90.93394331539122,,,0,795.0
28.194651,95.807085,Arunachal Pradesh,Lower Dibang Valley,1,799.0
28.407411526429783,95.55913585322983,,,0,2256.0
25.69488854241828,92.92003832856648,,,0,163.0
25.209427,91.646032,Meghalaya,East Khasi Hills,1,607.0
22.57565353368929,93.28565941313867,,,0,1103.0
24.32126131654009,94.40497756207763,,,0,176.0
23.587361,92.601278,Mizoram,Mamit,1,921.0
26.21083333,91.68944444,Assam,Kamrup (Metro),1,68.0
26.994942,95.474591,Arunachal Pradesh,Tirap,1,662.0
23.443878,92.85593,Mizoram,Serchhip,1,893.0
25.78417,93.80028,Nagaland,Dimapur,1,251.0
25.468389,94.544917,Manipur,Ukhrul,1,1040.0
25.544936,91.267672,Meghalaya,West Khasi Hills,1,1369.0
24.97228,93.03289,Assam,Cachar,1,157.0
25.598454,93.897602,Nagaland,Peren,1,1552.0
26.984542328835985,93.70405980721846,,,0,105.0
26.00968433739853,91.68969162137542,,,0,399.0
27.54308333,88.62675,Sikkim,Mangan,1,1364.0
25.107940473138587,91.36007939637751,,,0,13.0
26.17755556,91.76588889,Assam,Kamrup (Metro),1,96.0
28.434292,95.876106,Arunachal Pradesh,Dibang Valley,1,643.0
23.57027778,92.70722222,Mizoram,Aizawl,1,847.0
23.149094,92.750808,Mizoram,Lunglei,1,905.0
27.527402125404283,93.72021534782148,,,0,1668.0
24.948056,94.534778,Manipur,Kamjong,1,1522.0
23.588472,92.599,Mizoram,Mamit,1,885.0
25.17136,93.01102,Assam,Dima Hasao,1,700.0
24.916019731872765,92.42957888804249,,,0,18.0
23.442296,92.695903,Mizoram,Aizawl,1,482.0
27.072206,95.634021,Arunachal Pradesh,Tirap,1,933.0
22.363001,92.861,Mizoram,Lawngtlai,1,337.0
26.747179862329578,94.7705330589204,,,0,402.0
26.105806,91.62275,Assam,Kamrup,1,64.0
27.315730642712136,88.70749595188074,,,0,2884.0
25.861009819657557,93.83469492099216,,,0,162.0
26.680722,94.639306,Nagaland,Mokokchung,1,184.0
25.073953472628386,91.6649735960806,,,0,11.0
27.8703856814896,88.35279861592586,,,0,4690.0
24.37303442409889,94.34190455056226,,,0,256.0
23.088615,92.849403,Mizoram,Lunglei,1,808.0
27.098814932226727,88.81491791077298,,,0,1771.0
22.78916,92.981087,Mizoram,Lunglei,1,1114.0
25.966742,94.502006,Nagaland,Kiphire,1,1775.0
28.3264137775422,95.2992188076673,,,0,1178.0
27.09540726990113,95.81018833852409,,,0,1143.0
26.32235951366233,95.05240665621504,,,0,1618.0
22.9634,92.737465,Mizoram,Lunglei,1,748.0
25.13037380245115,91.44802123613748,,,0,14.0
27.58925,91.795667,Arunachal Pradesh,Tawang,1,2587.0
25.13,93.29,Assam,Dima Hasao,1,989.0
26.166943962591155,92.66608042885562,,,0,66.0
25.593944,94.810925,Nagaland,Phek,1,1470.0
24.94970812334296,91.66303046629928,,,0,7.0
26.053164,94.045167,Nagaland,Wokha,1,396.0
25.2781957824048,94.4513648725679,,,0,1411.0
25.123,93.033,Assam,Dima Hasao,1,665.0
27.821889,94.730417,Arunachal Pradesh,West Siang,1,653.0
27.019379,95.555899,Arunachal Pradesh,Tirap,1,716.0
27.167972,88.224778,Sikkim,West Sikkim,1,1459.0
25.343583,93.566972,Nagaland,Peren,1,938.0
26.902710220365098,94.84731300403432,,,0,102.0
24.946407216846747,94.67008599355545,,,0,651.0
25.728964,94.795497,Nagaland,Phek,1,1459.0
23.544051340111988,93.46930351586724,,,0,1109.0
27.26352778,88.19047222,Sikkim,Gyalshing,1,1048.0
23.0566439843866,92.61426468641388,,,0,406.0
28.083529184721268,95.11948666144453,,,0,1232.0
25.67,94.062,Nagaland,Kohima,1,1459.0
26.14258938552581,93.57721055025348,,,0,916.0
23.73361111,92.84833333,Mizoram,Aizawl,1,727.0
22.561611,92.877502,Mizoram,Lawngtlai,1,894.0
28.14355853555193,95.67137448206891,,,0,196.0
25.085833,94.107222,Manipur,Senapati,1,837.0
26.801821817019743,94.6820118499961,,,0,104.0
25.531576771628643,94.98971859554898,,,0,484.0
27.315778,88.178944,Sikkim,West Sikkim,1,1518.0
27.228556,88.493889,Sikkim,South Sikkim,1,357.0
26.749972,95.064389,Nagaland,Mon,1,843.0
26.166905,94.876367,Nagaland,Tuensang,1,2171.0
25.619,94.206,Nagaland,Phek,1,965.0
27.181167,88.192028,Sikkim,West Sikkim,1,1956.0
27.159972,88.379083,Sikkim,South Sikkim,1,1256.0
27.132794,95.687302,Arunachal Pradesh,Changlang,1,646.0
27.238917,93.806083,Arunachal Pradesh,Papum Pare,1,281.0
23.71688889,92.72083333,Mizoram,Aizawl,1,1004.0
25.119917,93.653333,Manipur,Tamenglong,1,1213.0
23.98,94.02,Manipur,Chandel,1,1112.0
24.34909341732818,94.40295578938652,,,0,181.0
23.46722222,92.74083333,Mizoram,Aizawl,1,1304.0
24.41365725779968,93.43528708344836,,,0,688.0
27.629944,88.619833,Sikkim,North Sikkim,1,1882.0
28.633823272702347,94.96272702549408,,,0,1446.0
25.77,93.93,Nagaland,Dimapur,1,729.0
27.030291984572496,95.12268037209664,,,0,112.0
24.813306,93.243417,Manipur,Tengnoupal,1,122.0
25.160306,93.689306,Manipur,Tamenglong,1,1007.0
23.39166667,92.75527778,Mizoram,Aizawl,1,1310.0
25.08772222,92.36086111,Meghalaya,Jaintia Hills,1,431.0
27.133556,88.39475,Sikkim,South Sikkim,1,1665.0
25.3587814627226,92.22480220125765,,,0,1269.0
27.191667,92.610111,Arunachal Pradesh,West Kameng,1,1549.0
25.245869,94.014442,Manipur,Senapati,1,1088.0
25.541611,92.0125,Meghalaya,East Khasi Hills,1,1418.0
23.693,92.014361,Tripura,Dhalai,1,246.0
24.487679737647948,93.47510388952114,,,0,756.0
24.56870189874805,92.87851315631848,,,0,41.0
28.264331,95.565798,Arunachal Pradesh,Lower Dibang Valley,1,498.0
25.592972,92.055139,Meghalaya,East Khasi Hills,1,1003.0
24.31,93.12,Manipur,Pherzawl,1,624.0
28.65405169432209,95.78338423936653,,,0,2788.0
23.981083,93.287392,Mizoram,Champhai,1,1395.0
27.188694,93.136056,Arunachal Pradesh,East Kameng,1,1540.0
23.77699664297053,93.50430232061656,,,0,1589.0
23.507782403985797,92.07651939761278,,,0,103.0
28.41396773980685,96.380216013205,,,0,4083.0
26.787,95.070083,Nagaland,Mon,1,885.0
25.717,94.086,Nagaland,Kohima,1,1390.0
25.851889,94.005056,Nagaland,Kohima,1,901.0
22.32,93.02,Mizoram,Saiha,1,1249.0
26.364256963194787,93.98287147207309,,,0,110.0
23.985195603010038,92.31119795943748,,,0,149.0
26.563667,95.090139,Nagaland,Mon,1,1382.0
23.40159196510864,93.48724933044792,,,0,1576.0
23.705262,93.008904,Mizoram,Aizawl,1,710.0
27.53720028534449,88.04421196341818,,,0,4942.0
23.214589,92.572672,Mizoram,Lunglei,1,818.0
24.214366,92.680404,Mizoram,Kolasib,1,680.0
23.5625,92.70777778,Mizoram,Aizawl,1,806.0
27.31893628756203,91.86868384894709,,,0,3869.0
26.99538328245168,88.16146032294468,,,0,2171.0
24.33,92.84,Mizoram,Kolasib,1,459.0
23.149588,92.749562,Mizoram,Lunglei,1,903.0
27.07391267010468,88.60260221031649,,,0,1946.0
22.062230095273915,93.11945801265452,,,0,666.0
23.54166667,92.70194444,Mizoram,Aizawl,1,872.0
25.082306,94.551722,Manipur,Ukhrul,1,1534.0
23.61222222,92.79944444,Mizoram,Aizawl,1,392.0
27.157361,88.171667,Sikkim,West Sikkim,1,1463.0
27.190833,88.596889,Sikkim,East Sikkim,1,467.0
27.00626417778858,88.21387042122974,,,0,2303.0
26.37421493883795,95.13577339537164,,,0,2130.0
28.02381710382204,95.36891352697528,,,0,160.0
27.19594821565345,93.91969148180394,,,0,110.0
24.969056,94.173528,Manipur,Ukhrul,1,1000.0
25.033514,92.435539,Meghalaya,East Jaintia Hills,1,360.0
26.36992247041081,94.11605454629776,,,0,109.0
27.06208286523705,88.7719634218126,,,0,1960.0
26.06940617135187,94.82020832466112,,,0,886.0
25.2571329081838,94.72291782450256,,,0,2228.0
28.34054100327896,95.66975767420531,,,0,1284.0
23.477806,93.236611,Mizoram,Champhai,1,916.0
26.01134062792291,91.67644000893634,,,0,515.0
27.345028,88.246639,Sikkim,West Sikkim,1,1675.0
24.17,92.52,Mizoram,Mamit,1,65.0
28.937833,95.820661,Arunachal Pradesh,Dibang Valley,1,1449.0
28.076727266724184,96.289658611032,,,0,1514.0
25.71891959423148,90.96663856905704,,,0,652.0
23.297894,93.332441,Mizoram,Champhai,1,1310.0
24.950314736450284,93.30488272258684,,,0,188.0
24.97,92.72,Assam,Cachar,1,57.0
25.005580568346524,93.77568542779773,,,0,1596.0
25.18567954447285,94.64934420020752,,,0,2030.0
24.900092809651014,92.25572810594204,,,0,16.0
23.963589018581366,94.2863233557528,,,0,151.0
23.423348,92.715571,Mizoram,Aizawl,1,998.0
25.624498480387956,93.51071983776366,,,0,246.0
23.10112,92.852784,Mizoram,Serchhip,1,772.0
25.581333,94.627306,Nagaland,Phek,1,1642.0
25.682,94.094,Nagaland,Kohima,1,1224.0
23.53972222,92.69944444,Mizoram,Aizawl,1,783.0
23.70781105649776,93.25743563204487,,,0,918.0
25.73140899426955,92.34770331535438,,,0,788.0
27.60611929638332,88.56697670202796,,,0,4392.0
27.56009690518709,88.04234658573185,,,0,5297.0
26.506389,94.787222,Nagaland,Longleng,1,1039.0
23.297584007059264,92.46200112588508,,,0,342.0
25.138112016651217,92.4607091648866,,,0,175.0
23.869861,92.877444,Mizoram,Aizawl,1,978.0
25.073217,92.372161,Meghalaya,East Jaintia Hills,1,85.0
26.13441667,91.74875,Assam,Kamrup (Metro),1,108.0
27.2525,88.4606,Sikkim,Gangtok District,1,550.0
24.92472247804378,92.50882867114598,,,0,17.0
22.91486981047237,92.62369221707937,,,0,159.0
24.65181009740117,93.81099440836378,,,0,770.0
26.197944,95.015972,Nagaland,Noklak,1,1441.0
28.625114,95.852703,Arunachal Pradesh,Dibang Valley,1,865.0
27.418877974439376,92.89998458189022,,,0,1809.0
25.26851,91.580418,Meghalaya,East Khasi Hills,1,1227.0
23.67694444,92.71722222,Mizoram,Aizawl,1,1096.0
25.044442,92.427761,Meghalaya,East Jaintia Hills,1,236.0
26.01420084696744,95.01313833600597,,,0,1086.0
23.2028,92.7368,Mizoram,Lunglei,1,777.0
26.2488845333363,91.39122668793732,,,0,48.0
28.249718,95.546273,Arunachal Pradesh,Lower Dibang Valley,1,616.0
23.13879806080065,92.41442007461464,,,0,123.0
27.2132496310199,92.87731238282385,,,0,894.0
24.94323818347092,93.87767490507092,,,0,825.0
24.99279287612124,92.312612875184,,,0,17.0
23.954071470606696,92.06262515408156,,,0,115.0
26.299889,94.249667,Nagaland,Wokha,1,1094.0
23.003608969352783,92.5743130656286,,,0,233.0
24.182783,92.949911,Mizoram,Aizawl,1,455.0
23.746722,92.695972,Mizoram,Aizawl,1,816.0
23.90736407703799,93.4628127741429,,,0,1124.0
25.17039689306789,92.83571755591096,,,0,1040.0
27.545302500634534,93.12629158213235,,,0,1253.0
25.43561,91.862056,Meghalaya,Jaintia Hills,1,1635.0
26.0037678302009,92.69454227233378,,,0,67.0
23.69978243018283,92.12718436554157,,,0,227.0
25.43862987483808,93.58687806355888,,,0,1100.0
23.68638889,92.85833333,Mizoram,Aizawl,1,927.0
24.316528,94.138083,Manipur,Tengnoupal,1,1266.0
26.359722,94.935556,Nagaland,Mon,1,1280.0
25.76504922062324,92.432823745994,,,0,992.0
22.36,93.05,Mizoram,Saiha,1,1451.0
26.28773457008657,92.3620330745466,,,0,59.0
27.07536075749799,95.89868152159582,,,0,991.0
27.660361792120224,92.1604832852748,,,0,3827.0
22.15,92.88,Mizoram,Saiha,1,577.0
25.13316622655796,92.46499843203055,,,0,270.0
24.117279053583097,92.62922428764082,,,0,98.0
25.35981767396251,92.3169438160748,,,0,1212.0
24.978139,94.614861,Manipur,Kamjong,1,1478.0
23.94722222,92.68527778,Mizoram,Kolasib,1,283.0
28.455284,95.854018,Arunachal Pradesh,Dibang Valley,1,826.0
24.924528,94.559833,Manipur,Kamjong,1,1268.0
26.437193894295312,93.4434078919832,,,0,493.0
24.39309740184566,93.89857132019112,,,0,776.0
23.67058333,92.72530556,Mizoram,Aizawl,1,862.0
24.34,92.71,Mizoram,Kolasib,1,169.0
24.659394062771444,93.76971541257149,,,0,781.0
26.233444,94.795278,Nagaland,Tuensang,1,1674.0
27.368333,92.241583,Arunachal Pradesh,West Kameng,1,1633.0
24.139861,92.319167,Tripura,North Tripura,1,109.0
27.4792069004888,88.39552195133622,,,0,3151.0
23.050664706787856,92.47672078300664,,,0,62.0
28.089809965042896,95.61303393521789,,,0,196.0
25.231929996523125,94.73503582657789,,,0,1545.0
23.0663973385056,92.4929366792811,,,0,120.0
26.10891667,91.74175,Assam,Kamrup,1,87.0
27.35225172675847,93.16515085205462,,,0,2352.0
24.762667,93.255556,Manipur,Tamenglong,1,635.0
25.145070119981533,92.69279312094604,,,0,1367.0
24.798028,93.735972,Manipur,Noney,1,1142.0
25.749430967981542,91.7575555200978,,,0,710.0
25.221164,91.719886,Meghalaya,East Khasi Hills,1,528.0
23.77833333,92.84666667,Mizoram,Aizawl,1,665.0
23.311529,92.85443,Mizoram,Serchhip,1,958.0
27.04780018548071,92.76559964192548,,,0,240.0
24.949274,94.473427,Manipur,Kamjong,1,1834.0
24.289333,94.277139,Manipur,Tengnoupal,1,618.0
25.682,94.096,Nagaland,Kohima,1,1288.0
26.90305597702876,93.66076927921364,,,0,89.0
28.455655,94.680282,Arunachal Pradesh,West Siang,1,389.0
25.60688056,93.92055833,Nagaland,Peren,1,1718.0
22.88,92.47,Mizoram,Lunglei,1,87.0
23.207889,93.255917,Mizoram,Champhai,1,1439.0
24.14,93.93,Manipur,Chandel,1,952.0
25.22219960146102,92.87491500472184,,,0,721.0
24.683139,93.696258,Manipur,Noney,1,1082.0
23.237767,93.308461,Mizoram,Champhai,1,1465.0
25.63424887155888,93.27510214399324,,,0,382.0
25.970531,94.574903,Nagaland,Kiphire,1,1847.0
23.392638464284374,92.52812693538289,,,0,686.0
26.11987224997043,93.89430832599722,,,0,128.0
23.291063,92.860374,Mizoram,Serchhip,1,886.0
25.955769,94.605419,Nagaland,Kiphire,1,1604.0
23.222925,92.940842,Mizoram,Serchhip,1,414.0
27.174428355138865,88.83707654944952,,,0,1397.0
26.758056,95.11175,Nagaland,Mon,1,926.0
24.134722,92.277639,Tripura,North Tripura,1,376.0
26.12602237893312,90.10534142391018,,,0,30.0
25.647,94.481,Nagaland,Phek,1,1375.0
27.663154054697323,88.5089529606934,,,0,4592.0
25.984390032145047,93.79080301918204,,,0,137.0
25.811395,94.401171,Nagaland,Phek,1,1818.0
27.773972,94.7135,Arunachal Pradesh,West Siang,1,619.0
22.898329,92.893478,Mizoram,Lunglei,1,591.0
25.024735541573023,92.9135981704966,,,0,285.0
28.222151777384354,95.68988284143774,,,0,230.0
23.29315964549379,92.93481686216148,,,0,633.0
27.73469699130572,88.41088269900796,,,0,4966.0
25.81868829095718,92.20609809427027,,,0,928.0
25.428889,94.043861,Manipur,Senapati,1,1451.0
22.901092779086888,92.6408575054734,,,0,263.0
24.33,92.72,Mizoram,Kolasib,1,375.0
25.02266657539254,93.40937115350742,,,0,773.0
25.20518745499331,92.9020315775991,,,0,665.0
25.177862006099677,93.55265522223073,,,0,832.0
25.914247,94.841489,Nagaland,Kiphire,1,932.0
28.40903812448564,95.47403653405472,,,0,2048.0
25.64490250923156,92.33956272064302,,,0,940.0
27.4290692374619,93.72058888722552,,,0,739.0
27.33721304178572,95.17782224300068,,,0,115.0
25.612,94.209,Nagaland,Phek,1,975.0
25.068158,92.380058,Meghalaya,East Jaintia Hills,1,68.0
26.088361,94.264222,Nagaland,Wokha,1,1459.0
23.74083333,92.74111111,Mizoram,Aizawl,1,953.0
27.54853979926205,91.72625017061544,,,0,2155.0
27.973138934510416,94.1438436104376,,,0,1207.0
26.101029775212915,92.3823310268317,,,0,409.0
27.589916899472787,94.14262692326102,,,0,636.0
24.200746,92.98517,Mizoram,Aizawl,1,259.0
26.903188701911493,95.04682112644814,,,0,133.0
26.969560333155183,88.54429679465393,,,0,793.0
25.291375409549808,92.90933474760806,,,0,779.0
27.336816718206,93.5700665628199,,,0,2148.0
27.23924,88.48416,Sikkim,East Sikkim,1,378.0
24.15,94.08,Manipur,Chandel,1,1709.0
24.31044289403954,93.4237889567386,,,0,1920.0
26.005750390661408,94.10588226100816,,,0,361.0
22.30741872185528,92.90234564371367,,,0,360.0
24.904258181785437,92.2187507725042,,,0,17.0
28.271062189785063,94.4765533131225,,,0,1764.0
27.02982450938708,88.36667227109619,,,0,1089.0
27.240194,88.486278,Sikkim,East Sikkim,1,399.0
28.56518561521337,94.88656535626052,,,0,1773.0
24.58152098570602,93.51163667431138,,,0,774.0
27.77633168460011,94.82458607561377,,,0,593.0
25.25170768110371,93.67282460384502,,,0,1034.0
26.91778311192801,95.10864940010424,,,0,134.0
23.634633331604352,92.48872895409046,,,0,451.0
27.785182748178805,94.84015406155318,,,0,321.0
25.155611,93.676639,Manipur,Tamenglong,1,1031.0
25.378476010184137,92.22204036618744,,,0,1258.0
25.657083,91.147397,Meghalaya,West Khasi Hills,1,1160.0
23.350187,92.778852,Mizoram,Aizawl,1,837.0
23.169669268944773,93.4354500208886,,,0,1454.0
26.404231454994108,93.64092344660511,,,0,171.0
27.3145,88.8365,Sikkim,East Sikkim,1,4088.0
25.206885,91.740497,Meghalaya,East Khasi Hills,1,678.0
27.84642096022336,94.64059884283606,,,0,959.0
26.1127029105446,93.80224647568576,,,0,132.0
25.56335,93.737232,Nagaland,Peren,1,1247.0
23.581766,92.713413,Mizoram,Aizawl,1,853.0
25.416419,94.077794,Manipur,Senapati,1,1517.0
26.65072070833817,94.79457459034734,,,0,443.0
27.25590431388329,94.0958813358938,,,0,92.0
25.72628,94.10003,Nagaland,Kohima,1,1223.0
25.6614043809669,89.88315452012436,,,0,26.0
23.58583333,92.71638889,Mizoram,Aizawl,1,952.0
25.320194,94.504472,Manipur,Ukhrul,1,1338.0
23.681206,93.019927,Mizoram,Aizawl,1,598.0
27.187917839541893,93.99839576824724,,,0,96.0
28.250531557016785,95.39920946719344,,,0,2062.0
26.701222,94.635083,Nagaland,Mokokchung,1,140.0
25.14625,93.671194,Manipur,Tamenglong,1,1086.0
24.26,92.96,Mizoram,Aizawl,1,706.0
24.28,92.81,Mizoram,Kolasib,1,580.0
25.389028,91.874917,Meghalaya,East Khasi Hills,1,1409.0
27.239998,93.807194,Arunachal Pradesh,Papum Pare,1,269.0
28.31683246701191,94.38555547874992,,,0,3046.0
25.63177941927483,94.6608277642584,,,0,1067.0
27.300833,93.802833,Arunachal Pradesh,Papum Pare,1,665.0
23.72222222,92.80138889,Mizoram,Aizawl,1,203.0
26.13496055109912,93.76668388331768,,,0,142.0
23.83277778,92.8325,Mizoram,Aizawl,1,350.0
25.921927248874,92.75748428790816,,,0,77.0
26.94377290742033,88.59034521322808,,,0,702.0
23.395502316172426,92.57765748346036,,,0,253.0
23.190022,92.554302,Mizoram,Lunglei,1,631.0
27.43424303594961,88.1295306196894,,,0,4066.0
27.424235916385967,95.85483362888108,,,0,149.0
22.88,92.48,Mizoram,Lunglei,1,66.0
27.095747405086303,88.69805080185142,,,0,2055.0
24.29869425606135,94.40818931924774,,,0,154.0
25.746722,92.111139,Meghalaya,East Khasi Hills,1,898.0
23.40451936109234,92.54323051191636,,,0,295.0
27.75700426391182,88.87725728938192,,,0,4427.0
26.92665571578261,94.97456423396488,,,0,138.0
25.34416963226842,93.39931336441956,,,0,700.0
25.206892,91.736341,Meghalaya,East Khasi Hills,1,614.0
26.001972,94.183667,Nagaland,Kohima,1,1328.0
25.9281493488162,93.21236441332763,,,0,216.0
26.38551758105869,95.2420764994776,,,0,680.0
23.64444444,92.72527778,Mizoram,Aizawl,1,816.0
27.2969615314656,93.69168265925924,,,0,1362.0
27.690111,93.632556,Arunachal Pradesh,Kra Daadi,1,1014.0
25.599575,91.1782,Meghalaya,West Khasi Hills,1,1133.0
26.056083,93.406528,Assam,Karbi Anglong,1,220.0
27.467196658623315,88.27885995673363,,,0,4097.0
25.11238889,93.00575,Assam,Dima Hasao (N.C. Hills),1,567.0
23.54888889,92.70555556,Mizoram,Aizawl,1,921.0
25.544889,91.263722,Meghalaya,West Khasi Hills,1,1363.0
25.204,93.059,Assam,Dima Hasao,1,574.0
27.543472,92.95525,Arunachal Pradesh,East Kameng,1,1248.0
24.618889,93.705833,Manipur,Noney,1,1452.0
24.33577001341264,92.29301196105574,,,0,44.0
23.08297691737698,92.61921495536389,,,0,572.0
26.275,94.770278,Nagaland,Tuensang,1,1954.0
25.474194231831625,93.2625893353357,,,0,296.0
23.302071368232973,92.36501667133916,,,0,148.0
25.41592327473152,93.95110550996154,,,0,927.0
24.34,93.62,Manipur,Moirang,1,1176.0
26.099448116993354,92.71931752029128,,,0,60.0
27.0692579513056,92.29414831994475,,,0,2550.0
26.914207067848448,93.59439605757036,,,0,90.0
28.2625,96.5465,Arunachal Pradesh,Anjaw,1,1678.0
25.21674513326765,92.91734620685776,,,0,657.0
25.436694,93.402944,Assam,Dima Hasao,1,372.0
26.027583,91.886556,Meghalaya,Ri-Bhoi,1,91.0
23.7275,92.77,Mizoram,Aizawl,1,736.0
28.789647,95.894965,Arunachal Pradesh,East Siang,1,1602.0
23.987037241013116,94.13055193698804,,,0,277.0
24.56981667,93.2734,Mizoram,Kolasib,1,274.0
23.58388889,92.71722222,Mizoram,Aizawl,1,976.0
27.367309356451266,92.34113181107688,,,0,2690.0
27.192989,88.603083,Sikkim,East Sikkim,1,484.0
23.193401,92.900218,Mizoram,Serchhip,1,830.0
25.50917735682003,94.88973420844394,,,0,887.0
25.665,94.247,Nagaland,Phek,1,1479.0
26.029334455395656,92.578209690805,,,0,72.0
26.919385475231763,88.41783128345719,,,0,803.0
28.716426,94.969346,Arunachal Pradesh,Upper Siang,1,360.0
24.4724475942677,93.69337038896266,,,0,982.0
23.29459243041768,92.95472777275984,,,0,727.0
24.890333,93.466667,Manipur,Tamenglong,1,1440.0
26.951433127991788,95.80196009474234,,,0,1739.0
22.533993751521223,93.13468792166933,,,0,791.0
24.8905,94.607056,Manipur,Kamjong,1,675.0
23.632661702582816,92.53647507281076,,,0,643.0
24.773504258274635,94.73035643150992,,,0,241.0
25.977569,94.322217,Nagaland,Kohima,1,1083.0
25.682,94.12,Nagaland,Kohima,1,1454.0
25.443082,92.989873,Assam,Dima Hasao,1,300.0
27.535056,88.610194,Sikkim,North Sikkim,1,1417.0
25.95867065459265,94.93186114764622,,,0,777.0
25.749423708857638,91.11261307555378,,,0,612.0
27.238222,93.806444,Arunachal Pradesh,Papum Pare,1,275.0
25.624,94.206,Nagaland,Phek,1,1003.0
25.00222155415918,92.09243677437836,,,0,12.0
26.92820106950285,88.35378036425568,,,0,1111.0
28.3797545968247,96.0140145058758,,,0,2418.0
23.885279,93.207726,Mizoram,Champhai,1,1096.0
26.9358,92.70369,Assam,Sonitpur,1,125.0
26.156611,94.621778,Nagaland,Tuensang,1,1751.0
27.497222,92.104667,Arunachal Pradesh,West Kameng,1,4166.0
25.059861,94.584889,Manipur,Ukhrul,1,1537.0
25.61,94.139,Nagaland,Kohima,1,1528.0
25.91157190681892,93.87800309879242,,,0,151.0
27.390683276016127,92.8254034471912,,,0,622.0
25.146528,93.941722,Manipur,Kangpokpi,1,1287.0
25.2207826953779,94.61909335192912,,,0,2213.0
22.568556,92.87944,Mizoram,Lawngtlai,1,1037.0
25.321975,92.504228,Meghalaya,East Jaintia Hills,1,1143.0
25.697,94.105,Nagaland,Kohima,1,1350.0
25.567,94.164,Nagaland,Kohima,1,1313.0
25.57395,92.058583,Meghalaya,East Khasi Hills,1,1187.0
23.53805556,92.69388889,Mizoram,Aizawl,1,716.0
25.881639,94.212861,Nagaland,Kohima,1,1401.0
23.629553,93.077474,Mizoram,Champhai,1,1001.0
23.54666667,92.70333333,Mizoram,Aizawl,1,877.0
24.768917,93.457306,Manipur,Noney,1,490.0
26.27187675443688,93.84846226458312,,,0,127.0
24.02,93.97,Manipur,Chandel,1,1164.0
24.017521958467476,92.17744692992332,,,0,81.0
23.71166667,92.87833333,Mizoram,Aizawl,1,612.0
24.19,94.19,Manipur,Chandel,1,915.0
25.359331,91.974469,Meghalaya,East Khasi Hills,1,1167.0
25.21471261313381,92.29481483918369,,,0,786.0
27.46267858570217,88.25142656940935,,,0,4036.0
27.867650913714414,96.43989344329144,,,0,1175.0
25.407972,94.596917,Manipur,Ukhrul,1,1673.0
28.2039234388588,95.63675771733742,,,0,273.0
22.011688615917056,92.61939626321134,,,0,240.0
24.019066703657145,92.56435518884211,,,0,118.0
25.013335488731265,93.09305731971708,,,0,559.0
25.617787,91.872745,Meghalaya,East Khasi Hills,1,1254.0
26.434552162591245,94.24504234891532,,,0,217.0
27.53523278521706,88.88207566214693,,,0,3808.0
24.37,92.87,Mizoram,Kolasib,1,162.0
28.49872951652589,95.91158114579277,,,0,2115.0
26.631694189546188,94.84047863412536,,,0,567.0
25.57644128941673,93.55292642762808,,,0,329.0
26.084065,94.398745,Nagaland,Zunheboto,1,765.0
24.365715,92.930137,Mizoram,Aizawl,1,610.0
25.614657,91.870692,Meghalaya,East Khasi Hills,1,1289.0
26.2095,94.232083,Nagaland,Wokha,1,404.0
25.9899,94.5679,Nagaland,Kiphire,1,1548.0
28.06244,96.49775,Arunachal Pradesh,Anjaw,1,507.0
24.14945168266895,93.17881752687252,,,0,1063.0
25.158361,94.461472,Manipur,Ukhrul,1,1909.0
26.98821829867421,88.47946086855922,,,0,448.0
24.492825,93.58643611,Mizoram,Aizawl,1,632.0
27.372611,88.541022,Sikkim,Gangtok District,1,1848.0
27.017628506781488,88.39820166380048,,,0,788.0
27.395556,88.517528,Sikkim,North Sikkim,1,739.0
23.856972,93.046112,Mizoram,Aizawl,1,886.0
23.511710542805563,92.48845105190895,,,0,642.0
26.069917,94.411639,Nagaland,Zunheboto,1,916.0
24.559486738049845,94.47701803629626,,,0,219.0
23.894667,92.287972,Tripura,North Tripura,1,323.0
25.10531970195199,93.48317750996983,,,0,543.0
25.7517,93.73449,Nagaland,Dimapur,1,308.0
28.016345057841747,94.87584947600912,,,0,1317.0
27.549557316104288,93.20272548611676,,,0,1284.0
28.827269212663214,94.9607894531152,,,0,1275.0
23.826694,92.603833,Mizoram,Mamit,1,449.0
25.324583,91.940667,Meghalaya,East Khasi Hills,1,825.0
27.397384583210645,88.09107212797846,,,0,3922.0
23.29189541981831,92.97160550159828,,,0,831.0
26.395944,94.460056,Nagaland,Mokokchung,1,824.0
24.32836667,93.00923056,Mizoram,Kolasib,1,430.0
25.561281,92.330142,Meghalaya,West Jaintia hills,1,1064.0
25.555969,94.764325,Nagaland,Phek,1,1119.0
25.095972,94.375944,Manipur,Ukhrul,1,1682.0
26.994134585930425,88.16674082421368,,,0,2167.0
23.74861111,92.73861111,Mizoram,Aizawl,1,948.0
27.155028,88.319556,Sikkim,West Sikkim,1,1397.0
25.0904550599935,92.53698860218604,,,0,902.0
27.91647,96.33161,Arunachal Pradesh,Lohit,1,1189.0
25.4301176678188,93.91704962180842,,,0,1981.0
25.68474375462016,92.46180194166509,,,0,802.0
21.849040056391964,92.65311408963773,,,0,278.0
22.956161462117866,93.25199950127084,,,0,787.0
28.089549,96.457818,Arunachal Pradesh,Anjaw,1,950.0
25.867083,94.614828,Nagaland,Kiphire,1,1786.0
26.4264397193059,94.0716875530152,,,0,103.0
25.85541246571984,93.90647567981684,,,0,270.0
28.14116,95.27472,Arunachal Pradesh,East Siang,1,417.0
24.06111111,92.59972222,Mizoram,Kolasib,1,81.0
26.10175,92.040222,Assam,Kamrup,1,82.0
24.352076,92.225188,Tripura,North Tripura,1,64.0
24.040967,92.774357,Mizoram,Aizawl,1,943.0
22.768888834785223,93.14320122447836,,,0,585.0
25.84267,93.45244,Assam,Karbi Anglong,1,190.0
23.54111111,92.69444444,Mizoram,Aizawl,1,606.0
26.85454403644709,93.7468431529387,,,0,80.0
28.44810008565976,95.13743946300644,,,0,1634.0
23.168362,92.74061,Mizoram,Lunglei,1,787.0
25.442278,94.563833,Manipur,Ukhrul,1,1509.0
25.659,94.112,Nagaland,Kohima,1,1376.0
25.2874498075352,92.61079324983722,,,0,1304.0
26.61196282441459,95.27510470631027,,,0,1140.0
27.267811781929776,88.8669277482567,,,0,2751.0
25.750583,94.180833,Nagaland,Kohima,1,738.0
25.229706,91.745297,Meghalaya,East Khasi Hills,1,679.0
25.098667,94.390222,Manipur,Ukhrul,1,1745.0
27.128972,88.262111,Sikkim,West Sikkim,1,408.0
25.09225,93.619972,Manipur,Tamenglong,1,1185.0
25.06347002883217,93.05877118802772,,,0,1214.0
23.3396251162452,93.4441600957618,,,0,1127.0
27.53787734873305,96.39291478943768,,,0,454.0
26.043611,92.440944,Assam,West Karbi Anglong,1,445.0
25.19102153550907,94.59482005687114,,,0,2423.0
26.10548504103647,92.51375880384764,,,0,76.0
24.218066,92.951214,Mizoram,Aizawl,1,602.0
23.379732,93.383565,Mizoram,Champhai,1,945.0
26.03402090969585,92.35881343473596,,,0,555.0
25.02313076994678,93.80713608405732,,,0,1932.0
27.281319875717493,93.6062634983297,,,0,1544.0
27.421969745362222,89.08976621892187,,,0,4307.0
22.075101291129705,92.6002212750377,,,0,281.0
23.753302419107733,93.2717672942834,,,0,1180.0
25.347534067233248,93.8513498060166,,,0,1914.0
23.55097,93.215688,Mizoram,Champhai,1,1300.0
27.06335842438984,93.97194347362826,,,0,87.0
25.408417,94.587083,Manipur,Ukhrul,1,1692.0
26.730222,95.02025,Nagaland,Mon,1,654.0
23.53555556,92.72333333,Mizoram,Aizawl,1,910.0
23.77161111,92.75913889,Mizoram,Aizawl,1,1056.0
22.921371152926973,93.41371041906454,,,0,1344.0
26.725444,95.022,Nagaland,Mon,1,644.0
28.066477196949727,94.79855349430288,,,0,619.0
26.39526450451186,94.31282697376209,,,0,233.0
25.96783718110289,93.8643224643878,,,0,148.0
24.666123865967755,93.44800317772948,,,0,531.0
23.195616,92.546251,Mizoram,Lunglei,1,579.0
25.15667,93.01275,Assam,Dima Hasao,1,564.0
24.94938931590213,92.36200217306688,,,0,14.0
24.55,92.74,Assam,Hailakandi,1,56.0
25.19260086901028,92.66237609795992,,,0,1424.0
23.414441924996428,92.46196821838453,,,0,337.0
27.259306,88.423028,Sikkim,South Sikkim,1,828.0
24.16966667,91.76686111,Tripura,Dhalai,1,78.0
24.794722,93.655778,Manipur,Noney,1,415.0
25.483154418210592,94.60901245681374,,,0,1215.0
27.958496714698093,94.81632531368923,,,0,1302.0
23.56416667,92.70805556,Mizoram,Aizawl,1,847.0
22.25860937083964,92.82341903186612,,,0,244.0
25.619397,91.61704,Meghalaya,South West Khasi Hills,1,1509.0
25.79,90.44,Meghalaya,West Garo Hills,1,197.0
27.07930098203558,93.93370755223256,,,0,91.0
24.09876734422233,91.5122029255836,,,0,42.0
22.93856186864198,93.37262023476671,,,0,736.0
26.378518274110284,93.57873827726154,,,0,312.0
24.035493368123323,93.75832506155542,,,0,989.0
27.46527752336745,88.03210155043779,,,0,3865.0
25.910339701046908,92.22625423215824,,,0,624.0
27.195083,88.631992,Sikkim,East Sikkim,1,575.0
25.356475,91.225489,Meghalaya,West Khasi Hills,1,1030.0
25.93225816666776,91.34389578963652,,,0,183.0
25.652324072826097,94.63591258715756,,,0,556.0
27.58256933812464,94.0209121409885,,,0,2577.0
26.275864784022936,92.61018907656543,,,0,62.0
25.82773969698582,91.76980996271824,,,0,698.0
28.762606744570515,94.662045133108,,,0,2028.0
24.05,93.57,Manipur,Churachandpur,1,730.0
23.32829167,93.12184167,Mizoram,Aizawl,1,869.0
25.905508980855544,93.8215735063505,,,0,146.0
23.24008033656297,93.39753111958996,,,0,941.0
26.01308089273561,92.17441312597664,,,0,351.0
23.497388,92.855013,Mizoram,Serchhip,1,923.0
28.47671909660596,96.02118721017683,,,0,3234.0
25.20738889,93.12277778,Assam,Dima Hasao (N.C. Hills),1,683.0
23.292305162729267,93.42336580132606,,,0,1401.0
25.170425,92.989085,Assam,Dima Hasao,1,637.0
24.22,94.24,Manipur,Chandel,1,603.0
23.94293320545168,92.54368693592946,,,0,163.0
23.56404167,93.10752222,Mizoram,Kolasib,1,758.0
24.11524577242912,93.69750243217148,,,0,1303.0
24.25,92.68,Mizoram,Kolasib,1,466.0
28.57737845146575,94.957409641057,,,0,2285.0
25.854528,94.15725,Nagaland,Kohima,1,1479.0
24.9400900626252,92.39796491423752,,,0,17.0
24.86297222,93.62397222,Manipur,Tamenglong,1,351.0
26.251111,94.808889,Nagaland,Tuensang,1,1216.0
24.313459967646747,92.11186326845647,,,0,46.0
27.25722664816969,91.8992889026929,,,0,3902.0
25.230047,92.221119,Meghalaya,West Jaintia Hills,1,440.0
25.353335724376592,92.89548023257422,,,0,528.0
27.259722,88.248972,Sikkim,West Sikkim,1,1125.0
23.393332,92.758148,Mizoram,Aizawl,1,1296.0
25.145290291598403,93.527540412029,,,0,641.0
24.96,92.98,Assam,Cachar,1,60.0
26.059498888269044,94.75167959737192,,,0,1517.0
23.05374,92.70755,Mizoram,Lunglei,1,860.0
25.459292,93.737054,Nagaland,Peren,1,1525.0
24.128131686562952,92.11405785283048,,,0,48.0
25.792131,94.95655,Nagaland,Kiphire,1,1747.0
28.884433751293948,95.13151447712596,,,0,1576.0
23.679,92.039278,Tripura,Dhalai,1,179.0
24.668168002528567,94.55592094149038,,,0,219.0
27.763,94.037,Arunachal Pradesh,Kamle,1,484.0
22.93169537325889,92.6092967130356,,,0,93.0
22.45505820350173,93.2707427140883,,,0,1652.0
25.767683,94.709381,Nagaland,Kiphire,1,653.0
24.736244480080018,94.54021116937211,,,0,394.0
22.834824,92.758766,Mizoram,Lunglei,1,636.0
25.94404214745857,95.09288389957098,,,0,3004.0
23.91852926053328,93.93729305756963,,,0,1469.0
25.284653891668174,92.02780842279635,,,0,841.0
26.684139,94.639083,Nagaland,Mokokchung,1,162.0
26.45072891527085,94.74042600571876,,,0,657.0
27.969938515401395,95.89931989931068,,,0,173.0
24.97086425314496,94.68517772171424,,,0,1211.0
27.1404245544389,88.7544920906864,,,0,2702.0
26.433004884907213,95.20387621361606,,,0,1269.0
27.762,94.712278,Arunachal Pradesh,West Siang,1,472.0
22.35,92.66,Mizoram,Lawngtlai,1,122.0
25.2163079746172,91.51291476187964,,,0,420.0
23.740417,92.795083,Mizoram,Aizawl,1,367.0
22.9984874084016,92.6125264301176,,,0,250.0
23.85527778,92.90472222,Mizoram,Aizawl,1,1093.0
24.075449700496083,93.38299762865005,,,0,874.0
25.930722,94.048417,Nagaland,Kohima,1,706.0
24.8133,93.5472,Manipur,Tamenglong,1,429.0
25.061472,94.549694,Manipur,Ukhrul,1,1734.0
27.315904,96.18349,Arunachal Pradesh,Changlang,1,315.0
25.04307747336717,91.86960299587255,,,0,11.0
25.849897695624023,90.92015120739556,,,0,297.0
25.25563793462302,92.55516663113698,,,0,870.0
25.2316944,93.1614167,Assam,Dima Hasao,1,436.0
25.67761389,91.89865833,Meghalaya,Ri-Bhoi,1,997.0
27.488407125335467,88.90416561078064,,,0,2940.0
26.935328705217252,88.22011464198128,,,0,778.0
26.42123898317659,94.50733868687404,,,0,654.0
26.835240556447463,94.64502360615428,,,0,103.0
24.52393610743673,94.30315608396744,,,0,1102.0
26.92013,92.75994,Assam,Sonitpur,1,128.0
25.146778,93.030972,Assam,Dima Hasao,1,483.0
24.00694616980889,93.6475315192398,,,0,1368.0
28.814470692996096,95.04655277690271,,,0,3234.0
27.193794,88.650528,Sikkim,East Sikkim,1,1131.0
25.398083,93.297528,Assam,Dima Hasao,1,354.0
25.052607463181413,92.21330064688549,,,0,18.0
25.211814,92.065517,Meghalaya,West Jaintia Hills,1,629.0
25.964631,94.574406,Nagaland,Kiphire,1,1940.0
28.478540515072464,95.36576629613448,,,0,2306.0
23.9784320294516,92.62922507405594,,,0,87.0
27.4382749249548,88.67413514502799,,,0,2685.0
23.95,94.07,Manipur,Chandel,1,1020.0
23.473662,93.312845,Mizoram,Champhai,1,1512.0
28.263731,95.551326,Arunachal Pradesh,Lower Dibang Valley,1,475.0
25.569543,93.736,Nagaland,Peren,1,1209.0
27.50269292195732,95.89557964172717,,,0,159.0
26.279395719046185,94.31072920620542,,,0,598.0
27.433991756863605,93.5678355062311,,,0,1107.0
25.628361,91.037139,Meghalaya,West Khasi Hills,1,929.0
24.871361,93.778667,Manipur,Kangpokpi,1,1163.0
27.086139,92.584361,Arunachal Pradesh,West Kameng,1,271.0
23.080278,92.858612,Mizoram,Lunglei,1,574.0
28.1020138955656,95.5784816281618,,,0,213.0
25.25117395994572,92.61423947741602,,,0,1188.0
28.752815,94.893869,Arunachal Pradesh,Upper Siang,1,649.0
27.430071481974352,88.42718336407799,,,0,2817.0
24.27,92.5,Assam,Hailakandi,1,41.0
26.46779935331027,94.7259492624392,,,0,517.0
25.164030299451827,92.76344801914662,,,0,1474.0
23.712528,92.64775,Mizoram,Mamit,1,376.0
26.013722,94.009083,Nagaland,Wokha,1,701.0
23.151833,92.746339,Mizoram,Lunglei,1,894.0
24.3,93.69,Manipur,Churachandpur,1,816.0
25.23707,91.43212,Meghalaya,East Khasi Hills,1,686.0
25.213856746141115,93.53305048416053,,,0,947.0
26.81775,95.072917,Nagaland,Mon,1,553.0
23.872722,92.874083,Mizoram,Aizawl,1,937.0
22.32,93.14,Mizoram,Saiha,1,1536.0
24.549944,93.668361,Manipur,Churachandpur,1,1106.0
25.854417,94.15525,Nagaland,Kohima,1,1405.0
25.55657715876812,93.31390372337214,,,0,353.0
27.124556,88.139778,Sikkim,West Sikkim,1,1376.0
23.63111111,92.72388889,Mizoram,Aizawl,1,867.0
25.836419,94.526964,Nagaland,Kiphire,1,858.0
26.55998724054009,94.6093599640666,,,0,299.0
25.934647,94.787967,Nagaland,Kiphire,1,899.0
26.98416600606805,88.09542158662795,,,0,1809.0
25.827011,94.733178,Nagaland,Kiphire,1,1266.0
24.023916,93.194336,Mizoram,Champhai,1,1261.0
27.159639,88.318889,Sikkim,West Sikkim,1,1342.0
27.66536396579131,96.46640245327804,,,0,1807.0
27.74675174058271,88.63268403670243,,,0,4139.0
25.691444,91.057,Meghalaya,West Khasi Hills,1,927.0
28.14416117754951,96.71318127202952,,,0,2629.0
25.044136,92.430244,Meghalaya,East Jaintia Hills,1,261.0
23.47631635747428,93.53558143722488,,,0,1528.0
23.95942,92.943345,Mizoram,Aizawl,1,984.0
22.64350025086903,92.76178069876816,,,0,355.0
25.809925,94.398172,Nagaland,Phek,1,1804.0
23.65918333062493,92.42303414895083,,,0,782.0
28.44736601514883,96.80506723609103,,,0,3482.0
26.071556,91.734028,Assam,Kamrup,1,304.0
27.596639,91.878972,Arunachal Pradesh,Tawang,1,2895.0
22.43,92.75,Mizoram,Lawngtlai,1,563.0
24.44347778,93.15817778,Mizoram,Kolasib,1,65.0
27.302861,88.373944,Sikkim,South Sikkim,1,1777.0
26.05161593247172,92.69365458580008,,,0,63.0
25.46138868493309,93.91338820548091,,,0,1340.0
23.714703,92.873933,Mizoram,Aizawl,1,530.0
25.910917,94.416361,Nagaland,Zunheboto,1,1352.0
25.072404500101182,93.11834394090552,,,0,498.0
26.466876426725648,94.31215370255156,,,0,189.0
25.68525,94.12347,Nagaland,Kohima,1,1313.0
29.054381369228743,95.97811058911248,,,0,3570.0
23.498889,93.311889,Mizoram,Champhai,1,1538.0
27.90868503976997,94.61727675156406,,,0,1138.0
23.94,92.68277778,Mizoram,Kolasib,1,258.0
22.94362045046401,92.636369472006,,,0,124.0
25.801608,94.935386,Nagaland,Kiphire,1,2174.0
23.73019444,92.75141667,Mizoram,Aizawl,1,960.0
25.85961926694982,93.87579449401328,,,0,163.0
25.35075939589369,94.6013490389496,,,0,1960.0
23.021692,92.752975,Mizoram,Lunglei,1,729.0
24.066639,92.277417,Tripura,North Tripura,1,561.0
25.626151834215595,93.24532298072954,,,0,476.0
27.25619016744169,95.58782636316737,,,0,153.0
23.51055556,92.69972222,Mizoram,Aizawl,1,824.0
23.475522,93.313978,Mizoram,Champhai,1,1563.0
28.133778,94.788,Arunachal Pradesh,West Siang,1,365.0
27.555611,92.962194,Arunachal Pradesh,East Kameng,1,814.0
27.381278,88.632611,Sikkim,East Sikkim,1,1763.0
27.46238339453919,92.43812689067558,,,0,1794.0
25.12728057656197,91.8248721941181,,,0,11.0
25.3885647931108,91.3386539711114,,,0,1496.0
28.272,95.208417,Arunachal Pradesh,Upper Siang,1,606.0
23.067473,92.767201,Mizoram,Lunglei,1,843.0
25.17431304174588,93.46636212892676,,,0,1721.0
23.467855259177444,92.47169301538464,,,0,266.0
23.883306,92.861917,Mizoram,Aizawl,1,711.0
28.57054477105391,95.91389801819328,,,0,2530.0
25.421028,94.070472,Manipur,Senapati,1,1449.0
25.853164871181956,90.85878970666084,,,0,323.0
27.48564784855136,88.3583799939766,,,0,3843.0
23.886262110614148,92.57566043231408,,,0,644.0
23.116265381861112,93.51295171102748,,,0,1517.0
26.23371182450171,94.36697810624294,,,0,615.0
25.079753124324757,92.20302886182058,,,0,16.0
24.10015917,93.10461389,Mizoram,Kolasib,1,464.0
26.032223,94.590515,Nagaland,Zunheboto,1,1483.0
26.701505924228325,94.96253348143227,,,0,420.0
28.5080549049207,95.64030381909946,,,0,1737.0
26.577389,95.096306,Nagaland,Mon,1,1489.0
26.820528,95.078722,Nagaland,Mon,1,455.0
25.22097895782986,92.88870379579276,,,0,860.0
26.098167,91.881278,Assam,Dima Hasao,1,83.0
27.397389,88.356139,Sikkim,West Sikkim,1,1602.0
28.435230178659747,95.38216002307742,,,0,1505.0
23.869520780441093,93.59341412035964,,,0,1557.0
27.69920278,88.56659722,Sikkim,North Sikkim,1,2449.0
27.8526112966673,88.5974158089621,,,0,4930.0
28.350124362191075,95.67965646500454,,,0,961.0
26.195528,91.780556,Assam,Kamrup (Metro),1,165.0
25.390714,91.764766,Meghalaya,East Khasi Hills,1,1763.0
27.601128316844072,94.10692946547572,,,0,2115.0
27.944444,94.692528,Arunachal Pradesh,Lepa rada,1,800.0
25.576,93.783,Nagaland,Peren,1,1489.0
27.987138320399797,95.3064545138766,,,0,152.0
26.96095570323571,92.95638987838272,,,0,364.0
26.00197222,94.18366667,Nagaland,Kohima,1,1328.0
28.257991,95.781619,Arunachal Pradesh,Lower Dibang Valley,1,650.0
24.184059987342547,91.32938621070146,,,0,9.0
25.45149084915588,93.08835642127532,,,0,285.0
25.830803939304783,92.1905897102868,,,0,918.0
27.635868628744912,93.696644606876,,,0,1437.0
25.106537371127235,92.51889984989238,,,0,1132.0
23.6325,92.72388889,Mizoram,Aizawl,1,807.0
25.666,94.09,Nagaland,Kohima,1,1360.0
24.06,94.02,Manipur,Chandel,1,1066.0
24.878809596214865,92.98135167420992,,,0,43.0
25.245667861854244,94.48690218780447,,,0,1454.0
28.09422668309476,95.78435637512035,,,0,222.0
23.500786602016788,92.42617256722436,,,0,656.0
22.825063344838167,92.26751080974849,,,0,31.0
25.18719614433655,92.8684687492268,,,0,915.0
25.122,93.026,Assam,Dima Hasao,1,735.0
24.834694,93.459167,Manipur,Noney,1,854.0
24.102382767822217,94.32707984124988,,,0,158.0
25.120453778812607,91.74430327253783,,,0,16.0
26.12236791385909,92.68262537014728,,,0,63.0
27.225361,93.570278,Arunachal Pradesh,Papum Pare,1,721.0
23.135889,92.551819,Mizoram,Lunglei,1,427.0
25.119840836841146,91.7767932534242,,,0,9.0
23.93583333,92.67805556,Mizoram,Kolasib,1,273.0
24.151265985867195,93.19550860167377,,,0,1161.0
27.76101661566597,93.89954232264574,,,0,1355.0
27.858972,94.783917,Arunachal Pradesh,West Siang,1,379.0
24.225969,92.805611,Mizoram,Aizawl,1,624.0
28.443016,94.664795,Arunachal Pradesh,West Siang,1,470.0
22.803947335639524,92.56011699175124,,,0,223.0
26.31848513806476,94.9976649551826,,,0,2133.0
27.61004380979199,88.18954751180632,,,0,4848.0
26.94724218472293,95.70030842176962,,,0,1068.0
24.10397111204693,91.98815120082416,,,0,43.0
23.67805556,92.76361111,Mizoram,Aizawl,1,742.0
25.099194,94.460722,Manipur,Ukhrul,1,2279.0
26.953092565603228,95.2889470496746,,,0,490.0
27.85592417955811,93.28363939186976,,,0,2215.0
23.040543,92.909523,Mizoram,Lunglei,1,779.0
25.561,94.294,Nagaland,Phek,1,1981.0
26.55075,95.098083,Nagaland,Mon,1,1416.0
27.759361,94.047083,Arunachal Pradesh,Kamle,1,642.0
24.0039520198084,92.62122213258588,,,0,126.0
25.165325459655826,91.90503735951296,,,0,18.0
25.067155934971645,92.6185743380928,,,0,165.0
23.60228310621029,92.08461017109776,,,0,157.0
22.94458604079014,92.64397194787529,,,0,240.0
27.455222,96.440908,Arunachal Pradesh,Changlang,1,607.0
25.176639,94.297361,Manipur,Ukhrul,1,1517.0
28.456618417012606,95.5198957593892,,,0,1546.0
26.96650891830041,92.42085927472642,,,0,323.0
25.345683113493333,93.910243061772,,,0,1701.0
28.238692,95.892681,Arunachal Pradesh,Lower Dibang Valley,1,2312.0
27.755651436469904,93.74902923803452,,,0,1098.0
28.131694,95.136186,Arunachal Pradesh,East Siang,1,248.0
22.15,93.01,Mizoram,Saiha,1,1135.0
24.836194,93.481992,Manipur,Tamenglong,1,412.0
24.846028,93.43875,Manipur,Tamenglong,1,794.0
23.470244,93.025409,Mizoram,Serchhip,1,1469.0
23.73944444,92.71472222,Mizoram,Aizawl,1,1073.0
24.862778,93.585333,Manipur,Noney,1,423.0
25.18027715351528,93.51106180002073,,,0,418.0
27.35886757919296,95.93729018750376,,,0,236.0
23.87694444,92.87694444,Mizoram,Aizawl,1,898.0
24.197817,92.993923,Mizoram,Aizawl,1,258.0
23.27663889,93.14375,Mizoram,Aizawl,1,655.0
27.47158177708153,95.8630280624114,,,0,153.0
26.186046152163662,93.64117781731896,,,0,417.0
25.058367274938565,93.71351267983124,,,0,987.0
27.749111,88.542972,Sikkim,North Sikkim,1,2813.0
22.35898914870913,93.26949218810532,,,0,1714.0
25.356114250044325,94.39433684980622,,,0,1139.0
27.28777778,88.23277778,Sikkim,West district,1,1409.0
24.610504068962182,94.52786078662884,,,0,203.0
27.00988824699067,95.0186546221092,,,0,110.0
24.429113895911303,92.62319205295448,,,0,44.0
28.628208,95.85647,Arunachal Pradesh,Dibang Valley,1,817.0
25.2313203186766,92.91758645802597,,,0,767.0
26.143722,94.151111,Nagaland,Wokha,1,557.0
24.455430702651164,93.41235463793647,,,0,480.0
28.0525806028478,95.72648401358244,,,0,171.0
26.589551171098027,95.22742835392025,,,0,1024.0
27.581581393429207,88.33538340344481,,,0,2516.0
24.36983035735429,94.45820336340178,,,0,164.0
23.45138889,92.68083333,Mizoram,Aizawl,1,886.0
27.675453704033437,94.60057071982162,,,0,393.0
23.69361111,92.72083333,Mizoram,Aizawl,1,966.0
28.02355899565657,95.86279875566632,,,0,198.0
23.003996,92.963562,Mizoram,Lunglei,1,655.0
22.63099096701388,92.46183092049168,,,0,371.0
27.676530209443687,91.86620921523772,,,0,4383.0
27.287781,95.978389,Arunachal Pradesh,Changlang,1,410.0
23.7266026073959,93.27750331009516,,,0,1399.0
27.027827448120576,88.27502149943565,,,0,1637.0
27.49572666342724,88.2429907202218,,,0,4639.0
26.031742,94.547354,Nagaland,Zunheboto,1,1555.0
23.11375,92.744614,Mizoram,Lunglei,1,834.0
25.991958665672684,92.11235616224496,,,0,488.0
23.57348,93.102938,Mizoram,Champhai,1,673.0
27.36170669960445,95.85952133051758,,,0,159.0
26.958826191535238,93.39160259951107,,,0,272.0
25.183154913085836,93.52957562576312,,,0,717.0
24.301528,94.017972,Manipur,Chandel,1,1195.0
26.208487341780216,93.71098913288633,,,0,400.0
24.862444,93.598194,Manipur,Noney,1,423.0
27.133583,88.404583,Sikkim,South Sikkim,1,1820.0
27.27325,88.303417,Sikkim,West Sikkim,1,1307.0
25.53086111,91.29780556,Meghalaya,West Khasi Hills,1,1465.0
25.289833,94.036647,Manipur,Senapati,1,1040.0
25.20737425309407,92.47517714835804,,,0,577.0
25.091667,94.550056,Manipur,Ukhrul,1,1530.0
23.56555556,92.7075,Mizoram,Aizawl,1,834.0
26.15955147617152,92.18669389123588,,,0,58.0
25.895583,91.599333,Meghalaya,Ri-Bhoi,1,408.0
24.639,93.611556,Manipur,Noney,1,807.0
28.48929876528573,95.44101725810086,,,0,2362.0
23.91925929706478,92.56559369860484,,,0,516.0
22.412856040547304,92.53643125152853,,,0,121.0
25.480693031108977,92.60268868121588,,,0,724.0
25.354644,91.973237,Meghalaya,East Khasi Hills,1,1184.0
23.786501813987808,93.24725545263205,,,0,1705.0
27.87825,96.36614,Arunachal Pradesh,Lohit,1,353.0
28.449468979472865,95.394781542527,,,0,2019.0
25.68822222,91.66746111,Meghalaya,Eastern-West Khasi Hill,1,936.0
25.72472680115243,94.93626219953973,,,0,1383.0
27.700444,88.566083,Sikkim,North Sikkim,1,2392.0
25.682,94.052,Nagaland,Kohima,1,1272.0
27.02134980966692,92.41586784883005,,,0,883.0
26.80625304137349,95.15215767233865,,,0,486.0
28.155817605248995,95.9659044013302,,,0,1174.0
23.321864,92.859431,Mizoram,Serchhip,1,999.0
25.128033976748103,92.54978744867898,,,0,235.0
25.257696,92.809603,Assam,Dima Hasao,1,1174.0
25.181969,91.637545,Meghalaya,East Khasi Hills,1,50.0
27.165833,88.436667,Sikkim,South Sikkim,1,1535.0
24.765361,93.460889,Manipur,Noney,1,465.0
25.507029573845323,91.03324592658002,,,0,779.0
23.939194,93.214195,Mizoram,Champhai,1,1078.0
24.01,93.55,Manipur,Churachandpur,1,796.0
28.256126,95.576152,Arunachal Pradesh,Lower Dibang Valley,1,472.0
24.607745,94.342873,Manipur,Kamjong,1,1118.0
23.685,92.85722222,Mizoram,Aizawl,1,950.0
24.12,94.13,Manipur,Chandel,1,845.0
23.443793,92.862106,Mizoram,Serchhip,1,782.0
23.69,92.72361111,Mizoram,Aizawl,1,871.0
23.681548,93.030106,Mizoram,Champhai,1,564.0
27.03084606495413,92.94015363133008,,,0,357.0
24.81722,93.51722,Manipur,Tamenglong,1,444.0
23.419417,93.333333,Mizoram,Champhai,1,1309.0
23.730243,92.75603,Mizoram,Aizawl,1,920.0
25.476722,94.534806,Manipur,Ukhrul,1,930.0
27.148056,92.613889,Arunachal Pradesh,West Kameng,1,362.0
25.784961,94.789617,Nagaland,Kiphire,1,884.0
25.186,93.104,Assam,Dima Hasao,1,518.0
27.493091729236024,88.45136802025907,,,0,2157.0
27.422529018215183,88.1010673661705,,,0,4276.0
27.301468,93.053244,Arunachal Pradesh,East Kameng,1,1172.0
23.53611111,92.65527778,Mizoram,Aizawl,1,494.0
27.579932987861305,96.43998178921944,,,0,791.0
27.216842505646515,88.83089976416069,,,0,1854.0
23.84798741251072,92.45316671471332,,,0,334.0
23.735833,92.558056,Mizoram,Mamit,1,693.0
28.174973,95.469402,Arunachal Pradesh,East Siang,1,368.0
25.940053,94.797197,Nagaland,Kiphire,1,1097.0
23.286807524433243,92.93345820399853,,,0,726.0
23.281264,92.869279,Mizoram,Serchhip,1,982.0
25.46350768537754,93.05911392754116,,,0,217.0
27.636624,93.8485,Arunachal Pradesh,Lower Subansiri,1,1773.0
25.814013,94.402921,Nagaland,Phek,1,1848.0
27.159472,88.300028,Sikkim,West Sikkim,1,640.0
23.531834387077964,92.04678682458186,,,0,186.0
25.233583,92.209583,Meghalaya,West Jaintia Hills,1,664.0
23.61372222,92.85188889,Mizoram,Aizawl,1,1066.0
26.24075,95.056722,Nagaland,Tuensang,1,1252.0
27.791110164482863,94.61936536670358,,,0,601.0
25.596111,94.785444,Nagaland,Phek,1,850.0
24.556581279926235,94.50480395311708,,,0,209.0
24.61907924679443,94.5057684076108,,,0,574.0
27.25066667,88.53144444,Sikkim,East Sikkim,1,494.0
24.043417,93.066307,Mizoram,Aizawl,1,910.0
27.39745805950617,92.92711427313442,,,0,1591.0
25.11410655010843,94.70544654769044,,,0,1697.0
22.892995999272507,93.08223907684084,,,0,775.0
27.369672506408197,93.12394749512131,,,0,1835.0
26.426944,94.669,Nagaland,Mokokchung,1,1307.0
23.157803,92.743652,Mizoram,Lunglei,1,836.0
25.530297784269106,94.0352128474654,,,0,2660.0
24.00796966891482,94.38805257196016,,,0,222.0
25.550122,91.250286,Meghalaya,West Khasi Hills,1,1336.0
23.53805556,92.69944444,Mizoram,Aizawl,1,857.0
26.086444,94.564667,Nagaland,Zunheboto,1,1865.0
23.767643919216532,93.30603089858003,,,0,1469.0
24.22,94.26,Manipur,Chandel,1,353.0
24.975631182894727,93.33399134872856,,,0,219.0
27.276167,88.398722,Sikkim,South Sikkim,1,894.0
28.596718887642275,94.8630357328452,,,0,1878.0
24.83,93.9,Manipur,West Imphal,1,833.0
24.07991028924856,92.99746292154234,,,0,257.0
23.782249,93.116165,Mizoram,Champhai,1,1231.0
24.646452510714024,94.1012379017112,,,0,818.0
22.33,92.69,Mizoram,Lawngtlai,1,213.0
24.257444869475325,92.13500407301449,,,0,47.0
24.078103850835028,94.28375170170938,,,0,164.0
25.935908,91.564903,Meghalaya,Ri-Bhoi,1,486.0
28.436702173590348,95.09342772073936,,,0,331.0
22.25886273373332,92.86411280821022,,,0,410.0
22.63,92.66,Mizoram,Lunglei,1,272.0
24.49755753174705,94.08058734099498,,,0,1178.0
27.201812644942432,88.00266668087171,,,0,3126.0
25.79,91.02,Meghalaya,West Khasi Hills,1,569.0
24.39897561028105,93.41091363849112,,,0,458.0
27.11587,95.733019,Arunachal Pradesh,Changlang,1,548.0
27.320083,93.050917,Arunachal Pradesh,East Kameng,1,727.0
24.98179976048519,94.36926551090328,,,0,850.0
25.229416771984145,93.94361352295816,,,0,2092.0
23.969223,93.016335,Mizoram,Aizawl,1,783.0
24.766556,93.319833,Manipur,Tamenglong,1,211.0
23.45775278,93.07843611,Mizoram,Kolasib,1,699.0
27.999761587194243,96.65554921013532,,,0,1660.0
25.21508478503873,94.58966520039183,,,0,2024.0
26.142020039229408,91.4533433133254,,,0,44.0
25.64311093306489,92.8535424501652,,,0,134.0
24.87928600376642,93.020409260885,,,0,38.0
24.24,93.85,Manipur,Churachandpur,1,777.0
25.398345,91.769704,Meghalaya,East Khasi Hills,1,1804.0
25.3216165017538,92.9039415223054,,,0,710.0
28.651958460954468,96.07121910631024,,,0,2425.0
25.079722,92.359361,Meghalaya,East Jaintia Hills,1,243.0
27.293806,92.391694,Arunachal Pradesh,West Kameng,1,1772.0
26.098056,94.105472,Nagaland,Wokha,1,691.0
27.38842498438781,93.8910356987138,,,0,566.0
23.168438466347183,92.35889498200083,,,0,99.0
27.421444183620476,94.01100736954145,,,0,1138.0
26.163778,95.056722,Nagaland,Noklak,1,1380.0
24.903347410935567,93.38773229275743,,,0,313.0
27.204139,92.529278,Arunachal Pradesh,West Kameng,1,1194.0
23.239287,92.74818,Mizoram,Serchhip,1,748.0
27.480922390669807,91.75381985662254,,,0,3028.0
23.835939110024867,93.44320409081632,,,0,1265.0
28.022471,96.440489,Arunachal Pradesh,Anjaw,1,664.0
25.274423552977545,93.970379174503,,,0,1647.0
25.86958,92.59411,Assam,West Karbi Anglong,1,445.0
23.77361111,92.76111111,Mizoram,Aizawl,1,1118.0
25.924194312452705,92.42933349882288,,,0,544.0
27.235306,93.524389,Arunachal Pradesh,Papum Pare,1,912.0
26.197107124128724,93.8622751619451,,,0,122.0
27.568778,92.966583,Arunachal Pradesh,East Kameng,1,597.0
25.091742,94.550444,Manipur,Ukhrul,1,1570.0
24.16,93.95,Manipur,Chandel,1,1519.0
28.780975066216467,95.22956967252809,,,0,2136.0
24.17,93.59,Manipur,Churachandpur,1,1151.0
23.657018,93.286924,Mizoram,Champhai,1,1489.0
23.229731,92.73968,Mizoram,Lunglei,1,786.0
26.918337074302084,95.6046922479796,,,0,1154.0
26.20037498537048,92.36502135028375,,,0,59.0
23.6125,92.80027778,Mizoram,Aizawl,1,413.0
25.60517977024896,93.61278123558724,,,0,320.0
23.84421,92.74158,Mizoram,Aizawl,1,1294.0
23.367806,93.381139,Mizoram,Champhai,1,822.0
25.465600391743276,93.55683883443588,,,0,939.0
25.466248482918395,94.34377353017662,,,0,1370.0
23.197177,92.735661,Mizoram,Lunglei,1,745.0
25.780286151831447,92.3189904725431,,,0,631.0
23.73305556,92.75,Mizoram,Aizawl,1,951.0
26.085528,94.257556,Nagaland,Wokha,1,1296.0
27.98618328929995,96.53292486198023,,,0,3023.0
24.7965385026732,92.96241818001084,,,0,25.0
26.53860178408217,95.1713743670629,,,0,1293.0
25.217558,91.709355,Meghalaya,East Khasi Hills,1,549.0
26.379361,95.003444,Nagaland,Mon,1,1387.0
26.153306,94.240611,Nagaland,Wokha,1,927.0
24.135444292700623,93.70882914362488,,,0,1481.0
27.7438817368212,96.3716193730584,,,0,488.0
25.548,94.188,Nagaland,Kohima,1,1218.0
27.295022504062946,93.61063545289636,,,0,1595.0
28.54520492949676,95.29899014513816,,,0,1763.0
22.827084,92.80175,Mizoram,Lunglei,1,1061.0
23.55055556,92.74833333,Mizoram,Aizawl,1,490.0
26.945308869803263,88.35642275294737,,,0,694.0
22.65,92.65,Mizoram,Lunglei,1,275.0
26.0039,93.9807,Nagaland,Wokha,1,467.0
23.76166667,92.85083333,Mizoram,Aizawl,1,808.0
24.718914,93.508378,Manipur,Noney,1,316.0
24.419026,92.242991,Tripura,North Tripura,1,57.0
25.893042,94.45835,Nagaland,Zunheboto,1,1637.0
26.226778,94.801583,Nagaland,Tuensang,1,1628.0
23.407528,93.318111,Mizoram,Champhai,1,1185.0
28.08429176734435,95.1685342000734,,,0,806.0
25.31062857816414,94.41887873033174,,,0,1041.0
25.274262619507358,92.27591263591624,,,0,932.0
22.92944809142465,92.5902550373298,,,0,231.0
24.92051913439682,93.21662870784564,,,0,144.0
23.050965,92.772524,Mizoram,Lunglei,1,997.0
24.972287564403103,94.30796338188333,,,0,959.0
26.428124319662103,95.1596984726806,,,0,1499.0
25.164133,92.417747,Meghalaya,East Jaintia Hills,1,348.0
27.435179648136803,88.4633174064976,,,0,2254.0
24.69137012007014,93.98909969863796,,,0,777.0
24.930806,93.444833,Manipur,Tamenglong,1,573.0
25.10292,92.986883,Assam,Dima Hasao,1,603.0
22.25348325425731,92.75053940154882,,,0,194.0
28.32225,95.780295,Arunachal Pradesh,Dibang Valley,1,779.0
24.89807353080484,93.9532205006378,,,0,859.0
25.664175554406864,92.3731142196588,,,0,983.0
25.861553,94.820553,Nagaland,Kiphire,1,922.0
27.190476993834952,92.783138083071,,,0,864.0
24.9756370488636,91.66904267988484,,,0,13.0
27.485292356089083,96.53134143177648,,,0,523.0
28.124572835093872,95.6480380692612,,,0,200.0
26.970886420253954,88.3933805944259,,,0,764.0
28.450374,95.855884,Arunachal Pradesh,Dibang Valley,1,851.0
23.208139,93.257389,Mizoram,Champhai,1,1424.0
25.364588877599207,92.91613720646662,,,0,424.0
25.434031,92.885056,Assam,Dima Hasao,1,632.0
26.54,94.37,Assam,Jorhat,1,187.0
23.104711,92.747784,Mizoram,Lunglei,1,739.0
23.202738,92.736174,Mizoram,Lunglei,1,745.0
26.17994256758308,94.73828660177314,,,0,2268.0
26.92723492727449,88.4513747791524,,,0,250.0
24.682778,94.140056,Manipur,Kangpokpi,1,888.0
23.544052,93.155591,Mizoram,Khawzawl,1,1004.0
27.207583,93.615667,Arunachal Pradesh,Papum Pare,1,566.0
27.942443847894832,94.08119354441357,,,0,2044.0
24.60859258242132,94.11967691505438,,,0,1139.0
23.74659266223117,93.22125413440692,,,0,580.0
28.690464650292277,95.92962405392652,,,0,2555.0
24.287361,94.022917,Manipur,Chandel,1,1191.0
25.759750440803835,93.50957655598089,,,0,230.0
27.43498870211757,93.90017924346976,,,0,1448.0
27.61444680666376,88.52848501877901,,,0,3768.0
27.97702651591466,95.99724345467769,,,0,226.0
28.83998179387108,95.13866744407083,,,0,1365.0
25.174667,94.347306,Manipur,Ukhrul,1,1713.0
25.685187317326516,94.99457657151886,,,0,1229.0
23.92368758845536,92.1140790983305,,,0,277.0
27.760194,94.712278,Arunachal Pradesh,West Siang,1,471.0
24.320111,92.216955,Tripura,North Tripura,1,70.0
27.441694,93.021472,Arunachal Pradesh,East Kameng,1,489.0
24.519502988371134,93.91572458932544,,,0,769.0
24.28033207090956,92.40185688380951,,,0,101.0
25.839722,94.011167,Nagaland,Kohima,1,1180.0
27.347278,88.196833,Sikkim,West Sikkim,1,1827.0
27.44730194353111,88.24689508714751,,,0,3384.0
25.89909877621312,93.9003108032174,,,0,167.0
21.92338456471036,92.41766801783506,,,0,91.0
26.93485522446244,95.08909025099572,,,0,120.0
24.24072504780473,93.48819398166064,,,0,986.0
25.54039,94.16989,Manipur,Senapati,1,1602.0
27.95603,96.40267,Arunachal Pradesh,Lohit,1,645.0
28.633861,95.023806,Arunachal Pradesh,Upper Siang,1,371.0
22.837624,92.797165,Mizoram,Lunglei,1,1155.0
27.16275,88.383306,Sikkim,South Sikkim,1,1539.0
27.181145800955004,96.2159239475634,,,0,1173.0
26.210306,94.810333,Nagaland,Tuensang,1,1776.0
25.200333,92.200472,Meghalaya,West Jaintia Hills,1,629.0
25.134472,93.018972,Assam,Dima Hasao,1,757.0
26.19315005231839,94.0064997664959,,,0,121.0
23.55,92.70444444,Mizoram,Aizawl,1,847.0
27.49910017801933,92.85872380197644,,,0,1661.0
25.73410072700328,91.30195324960994,,,0,919.0
27.20175,88.268194,Sikkim,West Sikkim,1,1138.0
26.99641287551275,88.39145683329339,,,0,732.0
28.831826,95.882841,Arunachal Pradesh,Dibang Valley,1,1622.0
23.881639,93.234642,Mizoram,Champhai,1,1272.0
25.09984685823737,94.17426897024316,,,0,1064.0
27.57696618686786,93.76241812720878,,,0,1906.0
26.311944,94.877778,Nagaland,Tuensang,1,1169.0
23.322151,93.066154,Mizoram,Champhai,1,1223.0
24.6745875709297,93.38843305899675,,,0,740.0
22.46,93.05,Mizoram,Saiha,1,1630.0
22.957518,92.707161,Mizoram,Lunglei,1,753.0
26.13981695019388,92.29472575945546,,,0,60.0
23.28113,92.651804,Mizoram,Lunglei,1,773.0
24.417667,94.176806,Manipur,Tengnoupal,1,1346.0
25.114444,94.354694,Manipur,Ukhrul,1,1665.0
25.352431,92.513478,Meghalaya,East Jaintia Hills,1,1153.0
25.03744692315989,93.38385060404649,,,0,219.0
23.429181,93.171166,Mizoram,Champhai,1,939.0
24.126468945845385,93.8125027922888,,,0,1053.0
26.172182276867844,93.94735976283418,,,0,122.0
26.85617702475233,88.46178900795509,,,0,177.0
23.94325,92.933611,Mizoram,Aizawl,1,1266.0
23.00148933577492,93.19359311388293,,,0,1387.0
25.522717,91.448328,Meghalaya,West Khasi Hills,1,1528.0
28.936371755186784,94.75870991648384,,,0,1254.0
27.97992329235881,93.89469856412566,,,0,1627.0
22.80291,92.81369,Mizoram,Lunglei,1,809.0
25.34129106577594,93.66971777982543,,,0,765.0
26.0049,93.9914,Nagaland,Wokha,1,567.0
23.54333333,92.66472222,Mizoram,Aizawl,1,672.0
25.812648197715934,94.65474144710782,,,0,1172.0
25.325889,94.511306,Manipur,Ukhrul,1,1279.0
24.00977,92.767346,Mizoram,Aizawl,1,678.0
25.614,94.319,Nagaland,Phek,1,1844.0
28.59750438121829,95.99098736322604,,,0,2386.0
26.118167,92.440944,Assam,Nagaon,1,180.0
24.538817,93.676767,Manipur,Churachandpur,1,883.0
25.673020094859755,91.74398295810352,,,0,933.0
23.109259016964312,92.9541848528324,,,0,580.0
27.397179336123116,96.18322080717525,,,0,291.0
22.93518271669569,92.60388794135687,,,0,155.0
27.65144010258947,93.1735111741288,,,0,1627.0
23.54083333,92.69944444,Mizoram,Aizawl,1,753.0
26.6,94.34,Assam,Jorhat,1,139.0
22.231122149314324,93.37358202962646,,,0,849.0
27.175,88.385028,Sikkim,South Sikkim,1,1755.0
28.87826,95.847156,Arunachal Pradesh,Dibang Valley,1,1417.0
23.654556,92.965056,Mizoram,Aizawl,1,1232.0
25.326873398879822,92.93578304904116,,,0,321.0
26.222492,94.167267,Nagaland,Wokha,1,326.0
25.62872293249495,93.63856840101516,,,0,298.0
25.123280345351294,91.84027128333356,,,0,13.0
27.238406,93.806341,Arunachal Pradesh,Papum Pare,1,275.0
27.61886863119938,92.79366838470742,,,0,2177.0
23.717222,92.694833,Mizoram,Aizawl,1,851.0
25.290577809738306,93.75079305563608,,,0,1049.0
28.166345147385822,95.59132542538596,,,0,256.0
28.438898,95.85009,Arunachal Pradesh,Dibang Valley,1,747.0
23.626033729011297,92.523988253594,,,0,365.0
27.369333,88.714917,Sikkim,East Sikkim,1,3201.0
22.476999,92.885002,Mizoram,Lawngtlai,1,936.0
23.555929,93.295668,Mizoram,Champhai,1,1546.0
26.057665018860988,94.91598394999572,,,0,932.0
24.768556,93.314358,Manipur,Tamenglong,1,266.0
25.23747442558844,92.2732025220174,,,0,838.0
26.08750536221627,95.13580995512471,,,0,2210.0
22.867477,92.754234,Mizoram,Lunglei,1,1100.0
26.70069,94.64383,Nagaland,Mokokchung,1,376.0
26.13611,91.74056,Assam,Kamrup,1,86.0
24.62066364584836,93.78417730700562,,,0,777.0
26.981862340000426,88.32960993098224,,,0,1665.0
27.278002118230987,92.59817583811407,,,0,1350.0
25.394983,91.872484,Meghalaya,East Khasi Hills,1,1592.0
25.18725,93.120556,Assam,Dima Hasao,1,650.0
24.23419444,93.02469167,Mizoram,Kolasib,1,80.0
23.33101,93.091406,Mizoram,Champhai,1,1044.0
27.06123567499905,88.04630104929835,,,0,2315.0
22.21771703873569,92.86651742822151,,,0,413.0
24.825047137482432,92.95294043426853,,,0,25.0
25.088389,92.958944,Assam,Dima Hasao,1,965.0
23.29659,92.694008,Mizoram,Serchhip,1,351.0
26.085597,94.559075,Nagaland,Zunheboto,1,1895.0
24.42383889,93.14429167,Mizoram,Kolasib,1,115.0
23.883944,92.880528,Mizoram,Aizawl,1,879.0
24.940972,94.151528,Manipur,Ukhrul,1,1027.0
27.061845,95.614212,Arunachal Pradesh,Tirap,1,743.0
23.500829127621188,92.0822312498545,,,0,107.0
28.472858,95.858449,Arunachal Pradesh,Dibang Valley,1,820.0
25.417528,93.372528,Assam,Dima Hasao,1,406.0
25.677708686038383,91.77538309720444,,,0,940.0
25.287800975138573,93.95275906690688,,,0,2138.0
27.91636,96.33392,Arunachal Pradesh,Lohit,1,1173.0
27.165586,88.488511,Sikkim,South Sikkim,1,1243.0
27.491904142778974,88.70258033058477,,,0,4053.0
25.981228,94.572292,Nagaland,Kiphire,1,1639.0
23.194187,92.680779,Mizoram,Lunglei,1,994.0
25.820689,94.767353,Nagaland,Kiphire,1,571.0
23.135794,92.62294,Mizoram,Lunglei,1,588.0
25.509233,91.703961,Meghalaya,East Khasi Hills,1,1785.0
27.157056,88.512778,Sikkim,East Sikkim,1,738.0
27.196944,93.139722,Arunachal Pradesh,East Kameng,1,1289.0
27.341444,88.626194,Sikkim,East Sikkim,1,1977.0
26.117425434172358,92.72783678835664,,,0,73.0
28.065946993538716,94.7569363763464,,,0,407.0
28.831894827458328,95.768587001658,,,0,2738.0
25.220909894128308,94.22117115417028,,,0,918.0
24.1,94.02,Manipur,Chandel,1,1696.0
27.20939666605337,95.65094622001078,,,0,450.0
24.29982222,93.59040833,Mizoram,Aizawl,1,786.0
25.033278,94.431806,Manipur,Ukhrul,1,1979.0
25.880533,94.035325,Nagaland,Kohima,1,1099.0
27.313343,96.171327,Arunachal Pradesh,Changlang,1,311.0
24.892028,94.238389,Manipur,Ukhrul,1,1239.0
22.88281,92.74583,Mizoram,Lunglei,1,953.0
25.508,94.135,Manipur,Senapati,1,1735.0
25.145837793269088,94.57383541301245,,,0,2435.0
26.045083,95.054833,Nagaland,Noklak,1,1213.0
25.731091993904307,92.21543821339338,,,0,809.0
27.158222,88.100361,Sikkim,West Sikkim,1,2426.0
26.215713457638387,93.25291720383083,,,0,579.0
25.09689847030093,93.10417584820924,,,0,598.0
23.73436,92.75194,Mizoram,Aizawl,1,900.0
22.73515243881866,93.08538388178674,,,0,721.0
23.716025,92.854306,Mizoram,Aizawl,1,859.0
25.25143797818137,92.60642996108996,,,0,1379.0
27.374822702098424,93.15479560646412,,,0,2074.0
24.346524746336016,94.32899478115957,,,0,288.0
27.67053855299568,96.50922964936836,,,0,2137.0
28.07125711778969,95.18260173809549,,,0,1369.0
27.15480156550757,95.5442735233102,,,0,713.0
25.51,93.67,Nagaland,Peren,1,1119.0
28.242214,95.923556,Arunachal Pradesh,Lower Dibang Valley,1,2657.0
24.66034865879725,94.5521677991988,,,0,220.0
24.888528,94.601694,Manipur,Kamjong,1,435.0
24.615033,93.695917,Manipur,Noney,1,1450.0
26.674306,94.746306,Nagaland,Mokokchung,1,917.0
27.292944,88.589417,Sikkim,East Sikkim,1,851.0
26.435278,94.863333,Nagaland,Longleng,1,761.0
27.948443185260547,94.03651718551524,,,0,2205.0
25.1938751990588,90.46996167418484,,,0,83.0
23.61361111,92.8,Mizoram,Aizawl,1,399.0
25.03499916043584,92.29096156208465,,,0,18.0
27.65017351860615,88.46584830425756,,,0,2731.0
25.822859,94.397974,Nagaland,Phek,1,1821.0
25.42289943897151,93.05341099305257,,,0,240.0
24.797118595096045,92.6470500572588,,,0,24.0
27.258556,88.147028,Sikkim,West Sikkim,1,1548.0
23.0425,92.772781,Mizoram,Lunglei,1,1070.0
27.407148910092964,93.36238006701096,,,0,2993.0
25.747892,94.633072,Nagaland,Phek,1,1779.0
25.060079970301896,92.01203580241128,,,0,12.0
24.048695,93.061638,Mizoram,Aizawl,1,1090.0
28.005389,94.201306,Arunachal Pradesh,Upper Subansiri,1,255.0
25.06421542532119,93.82704172693136,,,0,1424.0
27.591152045658607,96.59778179411528,,,0,2175.0
23.32930383791725,92.59035079047766,,,0,333.0
25.248272239072005,94.2377535994673,,,0,1015.0
24.05,94.07,Manipur,Chandel,1,1141.0
23.4745,93.28916667,Mizoram,Aizawl,1,1234.0
24.7585,93.459139,Manipur,Noney,1,453.0
23.892694,92.272667,Tripura,North Tripura,1,753.0
25.848194,94.916169,Nagaland,Kiphire,1,1510.0
23.57,92.47,Mizoram,Mamit,1,513.0
28.483283381592454,96.00498378652917,,,0,3159.0
27.725421076461693,88.39470104908246,,,0,5095.0
28.242707635482542,96.64221250021492,,,0,3075.0
29.09739176771283,95.9684298206935,,,0,4141.0
26.94285234293916,95.0549888571044,,,0,113.0
25.517675612603167,90.96897462867256,,,0,693.0
25.5014,90.68972,Meghalaya,East Garo hills,1,251.0
23.322362131194836,92.5735514296352,,,0,413.0
24.96071462590159,93.87314466190811,,,0,854.0
26.822139,95.078944,Nagaland,Mon,1,428.0
28.002156119397824,93.9035019138426,,,0,2486.0
25.767692,94.185106,Nagaland,Kohima,1,953.0
25.314572272606863,93.7797028796824,,,0,1500.0
24.97775,93.502639,Manipur,Tamenglong,1,1324.0
26.067194,94.317611,Nagaland,Wokha,1,1068.0
26.6,94.35,Assam,Jorhat,1,185.0
26.910559871561475,92.40984869643836,,,0,219.0
27.58647222,91.89636111,Arunachal Pradesh,Tawang,1,2298.0
24.31130983674031,94.41936024578156,,,0,183.0
25.626767,91.165211,Meghalaya,West Khasi Hills,1,1256.0
23.56672222,93.13764444,Mizoram,Kolasib,1,1140.0
26.258682769648964,92.51629851544764,,,0,60.0
25.21152337188826,92.68204312715524,,,0,1290.0
23.667361,92.978,Mizoram,Aizawl,1,1095.0
27.84258270027503,94.53432376532253,,,0,1458.0
25.996492611662088,90.8044756183954,,,0,53.0
25.17986111,93.07077778,Assam,Dima Hasao (N.C. Hills),1,512.0
23.89027778,92.91944444,Mizoram,Aizawl,1,996.0
27.93967,96.38097,Arunachal Pradesh,Lohit,1,1560.0
27.294278,93.802056,Arunachal Pradesh,Papum Pare,1,669.0
23.353274686929385,92.45166276709926,,,0,415.0
25.363278,94.228389,Manipur,Senapati,1,1678.0
25.184381,92.029531,Meghalaya,East Khasi Hills,1,41.0
24.198831,92.946348,Mizoram,Aizawl,1,581.0
25.939863751373395,91.47340375245226,,,0,58.0
25.605458,94.839083,Nagaland,Phek,1,1316.0
28.300745395886484,95.0520545353226,,,0,1011.0
23.856821,92.833784,Mizoram,Aizawl,1,189.0
23.271781,92.637703,Mizoram,Lunglei,1,584.0
26.053519,94.044361,Nagaland,Wokha,1,393.0
28.27598821772752,95.47562011089278,,,0,1077.0
24.391583,94.085806,Manipur,Chandel,1,1399.0
27.40778977399872,92.46999857939625,,,0,1771.0
23.19796,92.543304,Mizoram,Lunglei,1,580.0
27.544667,92.958806,Arunachal Pradesh,East Kameng,1,1120.0
24.858778,94.233139,Manipur,Ukhrul,1,1236.0
25.081381,92.359972,Meghalaya,East Jaintia Hills,1,216.0
23.29681516127919,93.43185898773793,,,0,1788.0
25.472950243267064,93.93005865781244,,,0,669.0
27.101865730653174,88.75041172401535,,,0,2681.0
25.017950473035828,94.7998761715502,,,0,1020.0
26.362660545894634,93.86522920677764,,,0,133.0
27.255167,88.396944,Sikkim,South Sikkim,1,1591.0
27.872350493158255,96.4583557084346,,,0,626.0
24.585095264176385,94.4621443523668,,,0,421.0
25.153272,92.206058,Meghalaya,West Jaintia Hills,1,79.0
27.42843330086745,88.4488973847349,,,0,2318.0
28.874939,95.981911,Arunachal Pradesh,Dibang Valley,1,1553.0
25.779415674612675,95.018269076851,,,0,2362.0
23.23855133080383,93.44423730177584,,,0,1509.0
25.58900027244007,93.625705616646,,,0,407.0
27.325806,93.822389,Arunachal Pradesh,Papum Pare,1,1067.0
27.498032199804317,88.13754232846303,,,0,3818.0
27.545935511885563,92.74634286249928,,,0,1755.0
27.256917,93.064472,Arunachal Pradesh,East Kameng,1,725.0
23.6025,92.76527778,Mizoram,Aizawl,1,488.0
22.63344110811854,93.00774009046395,,,0,1006.0
28.179222659445784,96.61558724687634,,,0,2697.0
24.831526,94.32757,Manipur,Kamjong,1,1396.0
23.14868930377876,92.39339868577588,,,0,341.0
25.26228519792838,93.92870952278928,,,0,1368.0
22.24,92.69,Mizoram,Lawngtlai,1,266.0
28.91091072871746,96.06872023748468,,,0,2416.0
25.96667,92.356917,Assam,West Karbi Anglong,1,670.0
25.85992,92.72558,Assam,West Karbi Anglong,1,147.0
24.712530452188066,94.02617250296892,,,0,783.0
26.094778,94.259278,Nagaland,Wokha,1,1393.0
27.00510606484072,88.51906047868208,,,0,1285.0
23.97222222,92.68333333,Mizoram,Kolasib,1,351.0
25.570159,94.253552,Nagaland,Phek,1,1854.0
27.674115447400848,93.3708743534228,,,0,1970.0
23.172501,92.900558,Mizoram,Lunglei,1,819.0
27.13335301671708,88.72941220089203,,,0,2795.0
24.456464,94.226856,Manipur,Tengnoupal,1,1435.0
27.308402375194422,95.69183189648398,,,0,144.0
24.013185595136186,93.3985178924668,,,0,1839.0
25.44644307852336,94.30895107554588,,,0,1940.0
25.96566329587037,94.37466789235076,,,0,793.0
23.73041667,92.75552778,Mizoram,Aizawl,1,916.0
25.18766667,91.39816667,Meghalaya,East Khasi Hills,1,94.0
25.832333,94.073306,Nagaland,Kohima,1,754.0
24.86587032803048,92.18746112982424,,,0,21.0
23.656702769246973,91.92408731520815,,,0,165.0
23.54611111,92.70222222,Mizoram,Aizawl,1,792.0
25.956083,94.719475,Nagaland,Kiphire,1,1872.0
28.47499934163181,96.07479845379513,,,0,3615.0
23.458124,92.9053,Mizoram,Serchhip,1,922.0
22.302419773932996,92.3743065548548,,,0,213.0
27.86894749061716,96.43190646796926,,,0,1357.0
24.908389,94.335056,Manipur,Kamjong,1,1363.0
28.06906988222697,96.67762628213278,,,0,1842.0
27.830944,93.917028,Arunachal Pradesh,Lower Subansiri,1,579.0
24.847611,94.357889,Manipur,Kamjong,1,1478.0
25.048054,92.409245,Meghalaya,East Jaintia Hills,1,71.0
25.623291870395786,95.02676646164277,,,0,1228.0
23.31867716122411,92.99938959886975,,,0,815.0
24.854044,93.585331,Manipur,Noney,1,355.0
28.559335907426792,94.9452605734844,,,0,1794.0
24.02782222,93.28944444,Mizoram,Kolasib,1,816.0
27.46947080617617,88.31786181801962,,,0,3176.0
27.102639,88.394639,Sikkim,South Sikkim,1,643.0
24.58115788862669,93.79487382643627,,,0,768.0
28.013577,94.568456,Arunachal Pradesh,Lepa rada,1,575.0
25.11286,92.87756,Assam,Dima Hasao,1,230.0
27.80101385705316,88.77026504446908,,,0,4628.0
23.888018532601816,91.0665185457228,,,0,10.0
25.25689181107952,93.95001508967258,,,0,1910.0
28.18468364167614,96.74252032593763,,,0,2340.0
23.119722,92.742868,Mizoram,Lunglei,1,837.0
26.63277519119692,94.88453747968164,,,0,390.0
26.011861,91.569611,Meghalaya,Ri-Bhoi,1,87.0
28.306494280914137,95.35139320274098,,,0,2623.0
28.024749216045485,94.99281152344224,,,0,657.0
24.626108500421708,94.57940823594186,,,0,286.0
27.58528020142976,88.42104697715311,,,0,2418.0
28.77231652991823,95.67749233718013,,,0,2570.0
23.844139,92.933,Mizoram,Aizawl,1,1640.0
26.182216,94.891382,Nagaland,Tuensang,1,2176.0
26.07562453877629,92.7062304733458,,,0,64.0
25.70497778,94.044275,Nagaland,Kohima,1,986.0
25.72508611,94.07130278,Nagaland,Kohima,1,1009.0
25.98219,92.51892,Assam,West Karbi Anglong,1,100.0
23.718194,92.556417,Mizoram,Mamit,1,889.0
27.163889875352865,96.11400914181156,,,0,874.0
23.45254039623709,92.46105414031658,,,0,310.0
25.489030032047115,94.26431456543492,,,0,2087.0
28.002545960669057,95.83221099490883,,,0,163.0
23.477601,92.818801,Mizoram,Serchhip,1,1011.0
25.139,93.025,Assam,Dima Hasao,1,610.0
28.42758254318104,95.37158346259758,,,0,1430.0
28.286885234019376,95.45933898302638,,,0,1699.0
25.41986515117359,90.98094308887778,,,0,476.0
25.8110509762756,94.65201612480836,,,0,1227.0
23.31572394475756,92.94312407075796,,,0,673.0
27.327779312217302,92.91837516735396,,,0,1022.0
22.790684,92.614983,Mizoram,Lunglei,1,390.0
25.549686986901413,90.9534019516629,,,0,799.0
29.052301120266435,95.83669435741136,,,0,1785.0
23.55195723904721,92.9337748697214,,,0,1611.0
27.01258864723045,88.18480361961562,,,0,2313.0
24.962445872494,93.23778806279536,,,0,131.0
24.23,93.09,Manipur,Pherzawl,1,929.0
24.73279670781815,93.04497611144112,,,0,32.0
23.056424,92.772983,Mizoram,Lunglei,1,973.0
25.292285116389127,94.63735905475248,,,0,1653.0
25.549961,91.341175,Meghalaya,South West Khasi Hills,1,1564.0
27.1794750501273,92.79912611542152,,,0,284.0
26.724268440886235,94.5019626883391,,,0,152.0
23.28388,92.857468,Mizoram,Serchhip,1,835.0
25.26078909340628,94.74777779126796,,,0,1587.0
25.416483,94.079214,Manipur,Senapati,1,1517.0
27.01377276646901,88.12039987216721,,,0,1908.0
26.101333,92.440556,Assam,Nagaon,1,331.0
27.118187070929007,93.5293695674527,,,0,1061.0
23.41919218450451,92.6279565526449,,,0,721.0
27.45379481680675,88.41395942267057,,,0,3550.0
22.64,92.66,Mizoram,Lunglei,1,322.0
25.15512443623175,92.57612260906345,,,0,1129.0
26.45238917370558,91.69955289896824,,,0,63.0
26.21475,95.010667,Nagaland,Tuensang,1,1568.0
23.202224,92.736123,Mizoram,Lunglei,1,741.0
24.95922527089418,92.3942790665678,,,0,22.0
28.7683865733257,95.70361899315964,,,0,2817.0
25.04077248174056,93.7750943557991,,,0,1306.0
25.45645139071079,94.21980172650764,,,0,1364.0
25.847444,94.056361,Nagaland,Kohima,1,951.0
25.952722,94.430278,Nagaland,Zunheboto,1,1297.0
25.321019,94.067142,Manipur,Senapati,1,1073.0
24.70364,92.64681,Assam,Hailakandi,1,48.0
28.871556,95.852732,Arunachal Pradesh,Dibang Valley,1,1450.0
25.23416,91.690216,Meghalaya,East Khasi Hills,1,624.0
26.14118423055003,92.35248217171704,,,0,57.0
26.588806,95.017667,Nagaland,Mon,1,558.0
27.386736283162453,92.48691894172975,,,0,2015.0
24.955872142942702,93.2696281271012,,,0,242.0
24.364861,94.174139,Manipur,Tengnoupal,1,1153.0
24.4349,92.249371,Tripura,North Tripura,1,54.0
26.73100553129409,95.4178590513822,,,0,2142.0
25.261617,94.079422,Manipur,Senapati,1,1196.0
26.659963912424388,94.84932553719818,,,0,1299.0
26.71125,95.016722,Nagaland,Mon,1,716.0
25.51,93.72,Nagaland,Peren,1,1205.0
25.15736111,93.01608333,Assam,Dima Hasao,1,641.0
27.517809423957527,89.08187798273147,,,0,4679.0
24.890035406399523,92.66884197638856,,,0,23.0
25.338556,94.158806,Manipur,Senapati,1,1525.0
23.61138889,92.80333333,Mizoram,Aizawl,1,451.0
24.91475,94.464944,Manipur,Kamjong,1,1885.0
27.538778,92.988139,Arunachal Pradesh,East Kameng,1,712.0
25.503248112679323,90.50426100911858,,,0,394.0
27.47940651846069,88.43606213361879,,,0,1967.0
23.13114,92.687469,Mizoram,Lunglei,1,925.0
25.961444,92.341333,Assam,West Karbi Anglong,1,555.0
24.25,94.08,Manipur,Chandel,1,1179.0
26.566973246782148,95.18238505949748,,,0,1715.0
25.113278,94.352722,Manipur,Ukhrul,1,1653.0
24.2625,92.69166667,Mizoram,Kolasib,1,480.0
27.269917,88.077111,Sikkim,West Sikkim,1,2042.0
27.868667,94.787083,Arunachal Pradesh,West Siang,1,331.0
24.37,92.78,Mizoram,Kolasib,1,46.0
25.2842285,92.11314877,Meghalaya,West Jaintia Hills,1,1036.0
24.937973836969864,93.87098879673262,,,0,820.0
23.953233050275426,93.5032845297415,,,0,866.0
28.53026326216758,96.04165167819777,,,0,3663.0
24.285722,94.128222,Manipur,Chandel,1,1284.0
25.521032192629573,93.39533910887508,,,0,451.0
22.33283287855389,92.48438198228396,,,0,120.0
25.434569091113417,90.96357511301562,,,0,442.0
27.020026070366715,93.7200578869303,,,0,121.0
27.257194,88.305444,Sikkim,West Sikkim,1,661.0
23.60722222,92.72505556,Mizoram,Aizawl,1,854.0
23.83639011110485,94.18336972818106,,,0,169.0
23.40515691593885,92.58480432624144,,,0,383.0
27.041316356062264,93.41846077630272,,,0,245.0
22.74694444,92.69583333,Mizoram,Aizawl,1,153.0
27.103069,93.641778,Arunachal Pradesh,Papum Pare,1,384.0
25.930591730819533,94.9837777247238,,,0,1615.0
25.706,94.466,Nagaland,Phek,1,1362.0
27.213964993747556,93.3789563239069,,,0,1034.0
23.73583333,92.79888889,Mizoram,Aizawl,1,355.0
28.489492,95.845459,Arunachal Pradesh,Dibang Valley,1,773.0
24.29,92.82,Mizoram,Kolasib,1,574.0
25.386470893261283,93.94358407841348,,,0,1081.0
22.98079659007824,93.11445987582788,,,0,1103.0
25.028721822545226,92.97217095013518,,,0,693.0
23.188245,92.734327,Mizoram,Lunglei,1,812.0
25.143408,93.02995,Assam,Dima Hasao,1,460.0
24.86503196311292,93.18712605293275,,,0,92.0
25.637274,91.844234,Meghalaya,East Khasi Hills,1,1251.0
22.487,92.964996,Mizoram,Saiha,1,687.0
24.57257,92.70357,Assam,Cachar,1,65.0
26.94147553910313,88.49879274070935,,,0,1234.0
27.222917,88.281972,Sikkim,West Sikkim,1,1506.0
24.760777685901708,94.28716112817244,,,0,507.0
24.090025,93.54191667,Mizoram,Aizawl,1,705.0
27.91886,96.33156,Arunachal Pradesh,Lohit,1,1309.0
25.760583,94.064583,Nagaland,Kohima,1,1022.0
25.28422636,92.11294194,Meghalaya,West Jaintia Hills,1,1036.0
23.385161526651515,92.507833505974,,,0,437.0
26.62625,95.120139,Nagaland,Mon,1,1059.0
24.162021,92.797605,Mizoram,Aizawl,1,752.0
25.252362144017187,94.18353716029948,,,0,1736.0
28.46174085880405,95.59774547104227,,,0,2666.0
23.36805556,92.76638889,Mizoram,Aizawl,1,1096.0
23.53111111,92.73361111,Mizoram,Aizawl,1,1043.0
27.375806,88.625278,Sikkim,East Sikkim,1,1850.0
26.431639,95.048417,Nagaland,Mon,1,1564.0
24.696072846705068,93.797998625134,,,0,776.0
22.885626576801865,93.00641640877508,,,0,1020.0
24.097858,92.918738,Mizoram,Aizawl,1,789.0
28.779408,94.859327,Arunachal Pradesh,Upper Siang,1,754.0
26.200056,94.81905,Nagaland,Tuensang,1,1873.0
26.50442463840818,94.58851278477093,,,0,246.0
27.347917,93.012194,Arunachal Pradesh,East Kameng,1,860.0
23.99,94.0,Manipur,Chandel,1,1314.0
24.841611,93.498556,Manipur,Noney,1,310.0
23.30122251184573,92.96536190269974,,,0,1250.0
22.865692,92.825745,Mizoram,Lunglei,1,1014.0
24.9714750353036,93.27833317522382,,,0,305.0
26.63032570815805,94.0713461073589,,,0,96.0
28.53386219764815,95.740843429369,,,0,742.0
28.206808864816875,94.5573809967106,,,0,1117.0
26.94677000928925,95.11127046673604,,,0,120.0
23.731,92.70644444,Mizoram,Aizawl,1,891.0
23.631219,93.118033,Mizoram,Kolasib,1,670.0
23.291103,92.864843,Mizoram,Serchhip,1,976.0
25.883108,94.919106,Nagaland,Kiphire,1,1252.0
24.225691,92.805445,Mizoram,Aizawl,1,611.0
23.155456,92.744778,Mizoram,Lunglei,1,867.0
27.320611,88.219611,Sikkim,West Sikkim,1,1199.0
25.67275,94.21136111,Nagaland,Kohima,1,792.0
24.81425,94.552028,Manipur,Kamjong,1,1030.0
22.290088585084348,92.93527130471288,,,0,321.0
25.436706,91.051053,Meghalaya,West Khasi Hills,1,633.0
25.32096201810673,91.12538744461096,,,0,357.0
24.599333,93.689722,Manipur,Churachandpur,1,957.0
25.25904267300068,92.00444954098036,,,0,820.0
26.239444,95.0655,Nagaland,Tuensang,1,1168.0
26.096722,92.43875,Assam,Nagaon,1,346.0
25.441757,92.907383,Assam,Dima Hasao,1,574.0
27.277417,92.425278,Arunachal Pradesh,West Kameng,1,2555.0
25.747,94.075,Nagaland,Kohima,1,1155.0
25.286944,94.531361,Manipur,Ukhrul,1,1192.0
23.118336,92.741035,Mizoram,Lunglei,1,844.0
23.85,93.048164,Mizoram,Aizawl,1,1030.0
26.68795523737588,94.9078967894098,,,0,922.0
23.53805556,92.71861111,Mizoram,Aizawl,1,888.0
26.16519586056157,91.47044583915893,,,0,44.0
25.383298,91.87473,Meghalaya,East Khasi Hills,1,1525.0
24.13888724122748,94.21548763161114,,,0,485.0
22.827406,92.975822,Mizoram,Lunglei,1,1221.0
25.350764,94.222161,Manipur,Senapati,1,1706.0
25.997033,91.86235,Meghalaya,Ri-Bhoi,1,317.0
27.31558104422248,93.71765548187,,,0,1689.0
22.34,92.68,Mizoram,Lawngtlai,1,187.0
24.47057070791128,94.08106135157432,,,0,908.0
25.899767,94.640067,Nagaland,Kiphire,1,2176.0
24.025477977950462,93.41189081255278,,,0,1105.0
24.48717128555172,93.00502602164524,,,0,231.0
25.69925,94.761833,Nagaland,Phek,1,1353.0
26.637222,94.981389,Nagaland,Mon,1,339.0
25.328450313254187,92.45321877070666,,,0,989.0
27.250972,88.659833,Sikkim,East Sikkim,1,1423.0
25.700112185647296,92.59248729431592,,,0,612.0
24.10470693543049,91.91758588422672,,,0,125.0
25.157139,93.017194,Assam,Dima Hasao,1,651.0
25.763201280542145,91.76092243479192,,,0,651.0
28.493405185737902,95.2978730632886,,,0,1351.0
26.191306,94.569611,Nagaland,Zunheboto,1,1708.0
25.91286,92.49797,Assam,West Karbi Anglong,1,325.0
24.102048879186807,92.63487064719374,,,0,201.0
26.34448709259316,91.89370194896424,,,0,51.0
25.155,93.067,Assam,Dima Hasao,1,515.0
23.53888889,92.65888889,Mizoram,Aizawl,1,545.0
27.726417768878616,92.21528516270284,,,0,4069.0
24.73133333,93.92738889,Manipur,Tamenglong,1,788.0
25.376884687263622,93.93758248923436,,,0,1207.0
26.962675301573963,88.67112645662526,,,0,389.0
27.23873064365915,95.56167194448588,,,0,295.0
24.17555556,92.57222222,Mizoram,Kolasib,1,68.0
28.722039198976404,95.96612407012604,,,0,3015.0
25.09626592750008,91.99127741690778,,,0,13.0
24.37077778,92.71769444,Mizoram,Kolasib,1,185.0
23.74247,92.705587,Mizoram,Aizawl,1,938.0
25.588322875082955,91.5714276968438,,,0,1680.0
25.44226043071033,90.07661576502164,,,0,106.0
25.43480556,91.85952778,Meghalaya,East Khasi Hills,1,1805.0
23.59194444,92.82833333,Mizoram,Aizawl,1,593.0
26.236336,94.212222,Nagaland,Wokha,1,390.0
25.745945261979465,91.41293004942554,,,0,784.0
24.862444,93.610639,Manipur,Tamenglong,1,380.0
25.45511586194485,93.21164803809836,,,0,255.0
23.562444,92.577806,Mizoram,Mamit,1,983.0
25.458577719133316,93.9000308323264,,,0,1957.0
25.349742,91.893423,Meghalaya,East Khasi Hills,1,1550.0
25.73425,94.00119444,Nagaland,Kohima,1,931.0
26.916824544584216,88.2422313917568,,,0,965.0
27.870361,94.817861,Arunachal Pradesh,West Siang,1,374.0
27.251417,88.3845,Sikkim,South Sikkim,1,2054.0
25.623,94.354,Nagaland,Phek,1,1825.0
26.511528691140946,91.70771653947936,,,0,66.0
23.993778,93.004524,Mizoram,Aizawl,1,422.0
27.98269190409721,93.67663683111758,,,0,2104.0
23.18219491313661,93.45832485832172,,,0,1817.0
25.119,93.017,Assam,Dima Hasao,1,724.0
23.938928585773706,92.59305524135164,,,0,640.0
25.65489939020034,90.90835022036909,,,0,596.0
26.747806,95.062,Nagaland,Mon,1,821.0
25.5286009374121,94.05113269216338,,,0,2572.0
27.535806,92.930667,Arunachal Pradesh,East Kameng,1,876.0
26.81732350710765,92.7318991713634,,,0,93.0
26.7585211363011,92.90394966363252,,,0,75.0
27.19907355339649,92.92591044237018,,,0,872.0
24.09118185752746,93.21646044213765,,,0,547.0
25.21779129341408,93.55336757880836,,,0,1011.0
23.193432523528195,93.50523174122702,,,0,2110.0
27.532361336719035,88.80841011722173,,,0,4621.0
25.229972,92.223278,Meghalaya,West Jaintia Hills,1,419.0
25.04741316764244,93.70961607347972,,,0,838.0
27.8305,94.157444,Arunachal Pradesh,Kamle,1,1245.0
25.257449,91.87187,Meghalaya,East Khasi Hills,1,982.0
22.15172000011513,93.17289082235034,,,0,1047.0
25.07499885611537,91.97423908269842,,,0,13.0
25.597361951173426,92.14135390160692,,,0,1059.0
27.067666599049836,88.65998782583388,,,0,1892.0
25.325443284323544,93.77581487940948,,,0,1489.0
24.788889,93.441889,Manipur,Noney,1,1032.0
25.602511,94.891208,Nagaland,Phek,1,1020.0
22.98586056201953,92.46563702288456,,,0,86.0
25.81363410350165,91.92679486409008,,,0,831.0
25.11472070458996,94.20160671074612,,,0,1163.0
27.046252,95.592084,Arunachal Pradesh,Tirap,1,787.0
27.28949495764336,93.92273066321918,,,0,208.0
28.265563,95.563438,Arunachal Pradesh,Lower Dibang Valley,1,475.0
27.191025985252704,88.80939306527523,,,0,2360.0
23.470794,92.741413,Mizoram,Aizawl,1,1345.0
25.155194,94.461278,Manipur,Ukhrul,1,1919.0
28.35493649841116,95.69667908019052,,,0,1746.0
28.464159089831945,95.0174571009451,,,0,2003.0
24.298027100182004,94.36108488918512,,,0,186.0
26.688831,94.546019,Nagaland,Mokokchung,1,461.0
27.583042245361533,94.63792178890964,,,0,108.0
26.641111,94.990278,Nagaland,Mon,1,510.0
26.57937120943697,94.87524490462364,,,0,444.0
25.566242,93.716698,Nagaland,Peren,1,992.0
23.70305556,92.72055556,Mizoram,Aizawl,1,879.0
23.491027098556877,92.499051994665,,,0,548.0
25.077765932054465,93.11485446712844,,,0,717.0
28.53257845165044,95.88506163076268,,,0,2396.0
25.03336257303753,93.7010221537421,,,0,907.0
25.211746868240915,94.23213598118296,,,0,978.0
27.622973,93.841316,Arunachal Pradesh,Lower Subansiri,1,1654.0
27.88654704739991,88.5062895928324,,,0,4667.0
27.67921818555886,96.4505930241594,,,0,1633.0
27.52950626741888,88.90419736943083,,,0,3660.0
22.29492898235989,92.95911902535788,,,0,435.0
23.00638889,92.67691667,Mizoram,Kolasib,1,402.0
25.979897,94.152281,Nagaland,Wokha,1,451.0
28.532378549380912,94.766501026409,,,0,2315.0
25.39466,90.69083,Meghalaya,South Garo hills,1,629.0
25.520356,91.537764,Meghalaya,West Khasi Hills,1,1593.0
26.761743672869635,95.18767677038144,,,0,931.0
23.422583,93.166,Mizoram,Champhai,1,1053.0
25.32763120834256,90.43337100810544,,,0,42.0
26.134722,94.631639,Nagaland,Zunheboto,1,1246.0
26.85899166091788,94.87416901760382,,,0,295.0
27.19757938834492,93.41777191734823,,,0,1511.0
25.472327366630303,93.6037891419731,,,0,1321.0
25.216805,91.709405,Meghalaya,East Khasi Hills,1,540.0
25.62103440604182,93.201325693542,,,0,324.0
27.957306,94.68625,Arunachal Pradesh,Lepa rada,1,648.0
24.36763030190346,92.52756844857288,,,0,101.0
27.314501123831693,92.6255522868893,,,0,988.0
28.388295876646502,95.08362766546762,,,0,658.0
25.59740606158471,91.41638295318565,,,0,1499.0
25.17,93.36,Assam,Dima Hasao,1,1165.0
25.559174522611876,93.40317160117922,,,0,318.0
27.86237548701324,94.97218848944424,,,0,398.0
23.961,93.028969,Mizoram,Aizawl,1,960.0
24.45203739989956,92.34785365915384,,,0,46.0
23.457530208384085,93.44524049368644,,,0,1032.0
25.021427165167182,91.78631400684176,,,0,10.0
23.017822,92.920723,Mizoram,Lunglei,1,769.0
26.043267,92.055531,Assam,Kamrup,1,247.0
26.95117085176836,95.2097775505856,,,0,379.0
25.00078945213744,94.72905139759384,,,0,1858.0
26.22633333,94.81302778,Nagaland,Tuensang,1,1676.0
25.150694,93.025833,Assam,Dima Hasao,1,672.0
25.158083,93.684944,Manipur,Tamenglong,1,1016.0
25.773306,94.084861,Nagaland,Kohima,1,1351.0
25.063472,92.807796,Assam,Dima Hasao,1,189.0
28.465098274580008,95.72292364838177,,,0,2027.0
24.432369948550186,93.90787238381031,,,0,772.0
25.674944,94.762694,Nagaland,Phek,1,1652.0
25.19341465499381,94.61904710868984,,,0,2498.0
27.29605465181744,88.98330457183543,,,0,3497.0
25.01344291401936,93.3344389291055,,,0,254.0
26.320861,94.559278,Nagaland,Mokokchung,1,1056.0
22.93007614875122,93.3331014043152,,,0,1666.0
28.21483,96.53911,Arunachal Pradesh,Anjaw,1,1601.0
25.623364,94.819272,Nagaland,Phek,1,638.0
23.487102,92.606156,Mizoram,Mamit,1,906.0
25.696,94.426,Nagaland,Phek,1,1800.0
22.90175,92.83233,Mizoram,Lunglei,1,749.0
25.94570203888541,94.27451715875156,,,0,743.0
26.114861,95.052417,Nagaland,Noklak,1,1891.0
25.788389,94.434111,Nagaland,Phek,1,1132.0
25.133238742922483,92.5839520196437,,,0,370.0
25.036999292591155,93.82308012369168,,,0,1600.0
25.316519,92.692311,Meghalaya,East Jaintia Hills,1,945.0
23.86159891856081,94.06928310743687,,,0,778.0
28.635971842394856,95.795270519563,,,0,1837.0
27.367111,88.776028,Sikkim,East Sikkim,1,3909.0
26.91859379733957,88.36018884996089,,,0,1412.0
26.848103219297933,95.23427517704413,,,0,971.0
22.914276,92.753403,Mizoram,Lunglei,1,1156.0
27.6387,93.8551,Arunachal Pradesh,Lower Subansiri,1,1796.0
24.39255556,93.65468611,Mizoram,Aizawl,1,1561.0
27.47051236027987,88.79536970056577,,,0,4445.0
24.140399571916127,93.64934743158892,,,0,990.0
27.619722,88.618861,Sikkim,North Sikkim,1,1779.0
25.561,94.143,Nagaland,Kohima,1,1676.0
24.0,93.97,Manipur,Chandel,1,1603.0
27.092874407666457,93.3523018426465,,,0,732.0
23.583574,93.09659,Mizoram,Champhai,1,791.0
28.289254,95.785468,Arunachal Pradesh,Lower Dibang Valley,1,596.0
22.72647229036442,93.08423776419744,,,0,775.0
28.380363797740447,95.71382545252062,,,0,600.0
25.91443721216997,91.10476700028012,,,0,60.0
23.588417,92.600889,Mizoram,Mamit,1,929.0
27.01824093694613,92.737377099669,,,0,113.0
25.444722,94.0414,Manipur,Senapati,1,1367.0
23.90577750078449,93.3991275012826,,,0,876.0
27.33208,88.50902,Sikkim,East Sikkim,1,1534.0
28.199389,95.230278,Arunachal Pradesh,Upper Siang,1,396.0
25.480600243277017,94.81785358005128,,,0,2058.0
24.50987467807353,93.43962377985967,,,0,598.0
28.215206,95.793704,Arunachal Pradesh,Lower Dibang Valley,1,977.0
24.55883003068355,94.56355833244154,,,0,273.0
23.132516,92.746085,Mizoram,Lunglei,1,824.0
25.19115166234928,93.48723007393434,,,0,1089.0
23.266258452376693,93.42533538074494,,,0,1098.0
23.065772,92.767979,Mizoram,Lunglei,1,874.0
25.94532739310157,94.3608354192546,,,0,798.0
23.40214628255521,92.57504676357568,,,0,231.0
28.003861,94.201944,Arunachal Pradesh,Upper Subansiri,1,262.0
24.9851947765538,92.20847895403956,,,0,15.0
23.242306,92.640587,Mizoram,Lunglei,1,769.0
23.883944,93.247528,Mizoram,Champhai,1,1443.0
25.212078544986564,92.30254907069558,,,0,691.0
24.8745,94.235833,Manipur,Ukhrul,1,1210.0
28.481108,95.838317,Arunachal Pradesh,Dibang Valley,1,815.0
25.785943590527115,92.62462552693913,,,0,342.0
25.668,94.464,Nagaland,Phek,1,1374.0
24.18,93.9,Manipur,Chandel,1,806.0
25.196980449712672,94.40570724526222,,,0,1363.0
23.9886642741335,92.5414085434332,,,0,127.0
28.325789267623893,95.48858852752312,,,0,730.0
25.98534434195773,94.98899871765585,,,0,961.0
25.397722,91.769417,Meghalaya,East Khasi Hills,1,1800.0
25.881489,94.962525,Nagaland,Kiphire,1,1937.0
25.625142,90.791675,Meghalaya,West Khasi Hills,1,441.0
26.303472,94.617528,Nagaland,Tuensang,1,1047.0
25.61197691426738,90.74097929960114,,,0,335.0
24.9174531746937,92.17939537426597,,,0,17.0
24.901861,94.341944,Manipur,Kamjong,1,1386.0
24.50870764942722,94.0376895890268,,,0,1022.0
28.29240690049946,95.4652094649684,,,0,2130.0
25.72561,93.13075,Assam,Dima Hasao,1,160.0
27.623885,93.841824,Arunachal Pradesh,Lower Subansiri,1,1655.0
26.090262788324114,93.79454416199764,,,0,134.0
22.40534493201682,92.44764605966913,,,0,137.0
23.74388889,92.71222222,Mizoram,Aizawl,1,824.0
23.198136,93.166988,Mizoram,Champhai,1,663.0
22.64028732737193,92.79239700972823,,,0,724.0
24.98025,94.613972,Manipur,Kamjong,1,1515.0
27.002943698364657,93.81115212367932,,,0,85.0
27.22075,93.581167,Arunachal Pradesh,Papum Pare,1,714.0
25.742,94.245,Nagaland,Kohima,1,678.0
24.595760299275728,94.45018400452722,,,0,382.0
24.20242362057968,93.47529951354856,,,0,601.0
25.726,94.076,Nagaland,Kohima,1,1162.0
25.727464821720464,92.35492501517706,,,0,796.0
24.70656,92.65008,Assam,Hailakandi,1,49.0
25.707,94.466,Nagaland,Phek,1,1353.0
28.301694,95.195361,Arunachal Pradesh,Upper Siang,1,654.0
25.924920548652537,93.96192837323328,,,0,176.0
23.150972,92.747402,Mizoram,Lunglei,1,906.0
28.425173436015108,96.40362927162184,,,0,4326.0
26.212861,94.235889,Nagaland,Wokha,1,348.0
27.28408,88.54611,Sikkim,East Sikkim,1,1530.0
25.93572542061725,93.82820710305964,,,0,142.0
22.14,92.88,Mizoram,Saiha,1,532.0
25.92853825851905,92.7457328496574,,,0,74.0
23.887333,92.851111,Mizoram,Aizawl,1,526.0
27.02027804455149,88.16911705582226,,,0,1599.0
23.590139,92.607333,Mizoram,Mamit,1,983.0
24.720704326285784,92.59779825299768,,,0,25.0
27.14524148326065,93.5404873901186,,,0,1252.0
24.0,93.56,Manipur,Churachandpur,1,723.0
24.165583,92.268389,Tripura,North Tripura,1,190.0
27.70342599661893,91.83035123098853,,,0,4143.0
28.261147,95.567331,Arunachal Pradesh,Lower Dibang Valley,1,474.0
24.13,93.48,Manipur,Churachandpur,1,718.0
27.70542124223442,92.82361179599933,,,0,2912.0
27.30781478390448,88.95433792322534,,,0,4045.0
27.105972,88.444556,Sikkim,South Sikkim,1,780.0
26.925934540967045,94.97417762956752,,,0,137.0
25.16728855961556,93.57361705040115,,,0,312.0
25.915092,94.844003,Nagaland,Kiphire,1,987.0
23.038607,92.795174,Mizoram,Lunglei,1,927.0
24.71825658798505,92.58083618502968,,,0,23.0
24.83795521671245,92.26258376143872,,,0,31.0
25.679,94.108,Nagaland,Kohima,1,1411.0
25.09663990406152,93.84772394722016,,,0,1280.0
25.069306,94.536528,Manipur,Ukhrul,1,1566.0
26.735977803513705,92.90939827085514,,,0,75.0
27.07841890715886,88.19734114716472,,,0,949.0
24.12715278,93.53351389,Mizoram,Aizawl,1,633.0
26.084806,94.263083,Nagaland,Wokha,1,1391.0
28.583422632432026,95.94726680805329,,,0,2281.0
28.29728317557913,96.6730061319958,,,0,3647.0
25.631833,94.750139,Nagaland,Phek,1,2056.0
27.237917,88.30475,Sikkim,West Sikkim,1,852.0
27.866337327313342,94.55941133781016,,,0,1353.0
28.263468,95.570661,Arunachal Pradesh,Lower Dibang Valley,1,491.0
24.37,93.26,Manipur,Churachandpur,1,347.0
25.566,94.168,Nagaland,Kohima,1,1253.0
25.91406,92.49897,Assam,West Karbi Anglong,1,361.0
26.42449288537404,94.2053307518066,,,0,280.0
25.56938335811097,93.52306764406802,,,0,308.0
27.285,88.197583,Sikkim,West Sikkim,1,1770.0
25.265048,91.591553,Meghalaya,East Khasi Hills,1,1162.0
23.358110345375096,92.58165019841154,,,0,479.0
25.549789,91.645033,Meghalaya,West Khasi Hills,1,1699.0
23.318723623396185,93.1997932429137,,,0,620.0
27.944389,95.117586,Arunachal Pradesh,Lower dibang valley,1,333.0
27.084722,88.443833,Sikkim,South Sikkim,1,278.0
25.20006,92.9972,Assam,Dima Hasao,1,465.0
25.620164,94.207204,Nagaland,Kohima,1,910.0
25.24416667,91.79397222,Meghalaya,East Khasi Hills,1,522.0
28.13171707058835,96.66012613500617,,,0,1669.0
28.421890588448168,95.6399079741482,,,0,1402.0
25.58266658385109,93.02432100558438,,,0,180.0
26.189614461536426,92.09657810129094,,,0,55.0
28.28439413761324,96.03539765829392,,,0,1342.0
24.813648,93.073009,Assam,Cachar,1,47.0
25.219787,91.710947,Meghalaya,East Khasi Hills,1,552.0
28.171187,95.833166,Arunachal Pradesh,Lower Dibang Valley,1,450.0
26.180029777095577,92.45848432267138,,,0,60.0
27.04117096552711,88.2694513668566,,,0,2017.0
28.22987695127278,96.32467335670728,,,0,2450.0
23.366333,93.380028,Mizoram,Champhai,1,836.0
25.055139,93.603778,Manipur,Tamenglong,1,961.0
23.141408,93.338272,Mizoram,Champhai,1,1345.0
25.43014646536628,94.9406113227061,,,0,936.0
27.313917,88.557583,Sikkim,East Sikkim,1,1275.0
25.822935379987992,91.72324436076627,,,0,687.0
23.73194444,92.75,Mizoram,Aizawl,1,923.0
23.88147222,92.84263889,Mizoram,Aizawl,1,432.0
27.19149991883787,95.57203867469386,,,0,506.0
27.340556,92.274944,Arunachal Pradesh,West Kameng,1,1562.0
26.176735311869443,93.03899183199889,,,0,80.0
23.76055556,92.73194444,Mizoram,Aizawl,1,1133.0
25.696,93.924,Nagaland,Kohima,1,971.0
23.336229,92.787113,Mizoram,Aizawl,1,676.0
28.39841388182286,95.68236718464266,,,0,673.0
22.233325851603865,92.79241586359576,,,0,746.0
23.755925,92.726753,Mizoram,Aizawl,1,1006.0
27.128694,88.141639,Sikkim,West Sikkim,1,1566.0
24.970167,94.618,Manipur,Kamjong,1,1378.0
28.415975090283865,95.04719083812596,,,0,915.0
25.963,94.614097,Nagaland,Kiphire,1,1485.0
25.085579781205197,91.92334652448348,,,0,12.0
25.50669,93.10536,Assam,Dima Hasao,1,210.0
25.612004232575167,91.66710470636004,,,0,1599.0
23.849590746408143,93.97830614486077,,,0,864.0
23.132082,92.746268,Mizoram,Lunglei,1,858.0
28.11309541318327,94.93940410791689,,,0,1596.0
23.38852092314748,92.56832091280089,,,0,416.0
27.97679618512691,95.60147721016848,,,0,146.0
23.42024186110015,92.62708180091988,,,0,590.0
25.41616,92.778653,Assam,Dima Hasao,1,962.0
23.219631,92.563324,Mizoram,Lunglei,1,922.0
26.3733,90.5499,Assam,Bongaigaon,1,59.0
26.35694469027457,94.77508774033218,,,0,1081.0
23.7775,92.84833333,Mizoram,Aizawl,1,686.0
27.372278,88.688944,Sikkim,East Sikkim,1,2990.0
22.539622575690597,93.18369919845576,,,0,996.0
23.50942113936288,93.51826499258252,,,0,1494.0
27.36473056,88.23727778,Sikkim,West District,1,2017.0
26.231694,94.941056,Nagaland,Tuensang,1,1540.0
25.788911,94.855664,Nagaland,Kiphire,1,617.0
25.1644,92.994643,Assam,Dima Hasao,1,492.0
25.672,94.218,Nagaland,Phek,1,849.0
24.176289374177188,93.14666606775228,,,0,392.0
26.166185,91.7147,Assam,Kamrup,1,113.0
28.429448453496185,94.94406371662411,,,0,1241.0
25.1775,93.026222,Assam,Dima Hasao,1,484.0
27.050732641588745,95.45254054351742,,,0,472.0
26.418333,94.968056,Nagaland,Tuensang,1,716.0
27.418667,88.616778,Sikkim,North Sikkim,1,1403.0
24.120973553674183,92.6543049239309,,,0,99.0
23.83108774770437,94.07636170747767,,,0,699.0
27.430355942631564,88.2073252449505,,,0,3186.0
26.232722,94.130806,Nagaland,Wokha,1,578.0
22.857729,92.704483,Mizoram,Lunglei,1,469.0
26.731576764985668,94.4314863354342,,,0,112.0
24.714343,94.360864,Manipur,Kamjong,1,1215.0
24.746029250127503,94.47961123146511,,,0,748.0
27.53325549688901,88.35993178672175,,,0,4036.0
28.958196658446315,95.87920101283488,,,0,2649.0
23.712312875043214,93.5623083252404,,,0,1186.0
25.912848014594868,92.11356688563028,,,0,769.0
26.006,90.595,Assam,Goalpara,1,53.0
25.05950040457798,93.09755122035904,,,0,280.0
23.383745,92.845792,Mizoram,Serchhip,1,939.0
23.354778,93.300556,Mizoram,Champhai,1,1174.0
25.420843509332464,94.38358979710516,,,0,828.0
25.87477001105944,92.25651487906411,,,0,845.0
24.272905269566245,92.75307454660508,,,0,75.0
27.196097903812817,88.0395704593699,,,0,2854.0
26.82399221049456,95.15579508526258,,,0,656.0
27.287361,88.102611,Sikkim,West Sikkim,1,1710.0
26.966148643770577,94.96463458032616,,,0,204.0
25.062025,92.386975,Meghalaya,East Jaintia Hills,1,44.0
24.11,92.39,Mizoram,Mamit,1,281.0
25.67032222,91.90487222,Meghalaya,Ri-Bhoi,1,1008.0
24.09322935045264,94.32660977505584,,,0,143.0
27.81717633684148,94.51418915542948,,,0,744.0
23.750676,92.679635,Mizoram,Aizawl,1,833.0
23.474056,93.225889,Mizoram,Champhai,1,1030.0
27.258556,93.778167,Arunachal Pradesh,Papum Pare,1,342.0
26.110056,91.908944,Assam,Kamrup,1,101.0
26.697111,95.077083,Nagaland,Mon,1,700.0
25.346111,92.00675,Meghalaya,West Jaintia Hills,1,860.0
24.45671282096828,92.03920486990832,,,0,31.0
26.102667,92.441639,Assam,Nagaon,1,302.0
27.71178045786896,94.94492767482237,,,0,114.0
24.609724986206064,94.42963170098147,,,0,493.0
23.40041667,92.75269444,Mizoram,Aizawl,1,1195.0
25.20528327609197,93.40213273148068,,,0,1128.0
23.713131,92.798942,Mizoram,Aizawl,1,217.0
24.890228517392966,94.81356730842823,,,0,195.0
22.9,92.46,Mizoram,Lunglei,1,195.0
23.25229444,91.48825,Tripura,South Tripura,1,30.0
23.23,92.919724,Mizoram,Serchhip,1,530.0
26.16724462274284,93.693713818408,,,0,182.0
25.623,94.113,Nagaland,Kohima,1,1653.0
27.788194,94.724194,Arunachal Pradesh,West Siang,1,850.0
23.733981858291944,93.57136059088758,,,0,1434.0
25.92143799569529,92.12235774039158,,,0,769.0
27.871921378005894,95.16571898481058,,,0,233.0
25.61092,94.20064,Nagaland,Kohima,1,1244.0
25.996495472039488,91.67962976429835,,,0,348.0
27.150127,95.780208,Arunachal Pradesh,Changlang,1,581.0
25.828703,94.726789,Nagaland,Kiphire,1,1385.0
24.022094816698257,92.16183518878408,,,0,129.0
27.235694,88.6025,Sikkim,East Sikkim,1,1217.0
28.812768678218852,95.74855175269262,,,0,2588.0
27.496628575686543,88.29413067010698,,,0,4716.0
25.110917,93.622361,Manipur,Tamenglong,1,1183.0
25.946611,92.305361,Assam,West Karbi Anglong,1,572.0
24.611160872377976,94.49078328447648,,,0,785.0
23.498881,92.703251,Mizoram,Aizawl,1,937.0
25.160389,93.688167,Manipur,Tamenglong,1,1005.0
24.14608076571412,92.86895700901836,,,0,198.0
25.120444,93.653778,Manipur,Tamenglong,1,1215.0
23.49861111,92.70388889,Mizoram,Aizawl,1,951.0
23.725778,91.645694,Nagaland,Tuensang,1,78.0
22.937474728794783,92.9800372245114,,,0,272.0
23.076319,92.69873,Mizoram,Lunglei,1,961.0
28.312795,95.97654,Arunachal Pradesh,Lower Dibang Valley,1,911.0
28.831279465766805,95.10657223512548,,,0,1686.0
25.417312,94.080514,Manipur,Senapati,1,1545.0
24.39686996106281,92.60059250416802,,,0,42.0
23.31252572219828,92.57798884689645,,,0,277.0
25.12250298567169,91.224125797462,,,0,10.0
25.964283,94.619592,Nagaland,Kiphire,1,1428.0
27.758806,93.609167,Arunachal Pradesh,Kra Daadi,1,998.0
27.412772380653728,93.95962400928292,,,0,795.0
23.79190726800957,93.24523021678002,,,0,1871.0
25.95230796876081,95.10309550792344,,,0,2771.0
28.207699,95.809197,Arunachal Pradesh,Lower Dibang Valley,1,924.0
25.08948842765947,93.72135123615392,,,0,1790.0
25.401917518798168,93.72796663703258,,,0,795.0
27.2340388549901,95.40195686144548,,,0,128.0
25.049917,92.799667,Assam,Dima Hasao,1,105.0
25.74504158358801,92.59939955152944,,,0,784.0
25.169,93.156,Assam,Dima Hasao,1,956.0
26.46057110112765,93.44675662940718,,,0,483.0
26.777056,95.069361,Nagaland,Mon,1,1005.0
25.862127385892222,93.92471196498808,,,0,345.0
23.199961,92.488796,Mizoram,Lunglei,1,725.0
25.105693032957447,91.7660397753626,,,0,12.0
24.09818685845501,92.1625280971117,,,0,101.0
25.527,93.953,Manipur,Senapati,1,1705.0
25.362612,93.216888,Assam,Dima Hasao,1,496.0
28.138811,95.254821,Arunachal Pradesh,East Siang,1,621.0
28.07257541741036,95.8016222420246,,,0,207.0
24.52,93.08,Manipur,Pherzawl,1,252.0
25.582836,91.183972,Meghalaya,West Khasi Hills,1,1228.0
25.66980534396004,92.445031193344,,,0,853.0
28.26029101573312,95.3424518376664,,,0,2148.0
23.966249,93.041115,Mizoram,Aizawl,1,1126.0
23.37673631459104,92.4823595814108,,,0,444.0
25.4410087588697,93.8967487824274,,,0,2270.0
25.874293,92.018322,Meghalaya,Ri-Bhoi,1,763.0
26.99774499385133,88.52732526908058,,,0,1304.0
24.761056,93.255167,Manipur,Tamenglong,1,636.0
24.87685042117551,92.67310234794088,,,0,22.0
24.2,93.53,Manipur,Pherzawl,1,1027.0
25.49620757053697,94.80047404652784,,,0,2613.0
25.594639,94.842444,Nagaland,Phek,1,1248.0
23.308202,92.731268,Mizoram,Serchhip,1,552.0
25.99021522049248,91.2250056763666,,,0,47.0
28.92233539961461,95.7707958768371,,,0,2485.0
25.628,94.211,Nagaland,Phek,1,940.0
27.423722,93.007583,Arunachal Pradesh,East Kameng,1,434.0
25.43110260084408,95.01653008454136,,,0,870.0
24.33,93.16,Manipur,Pherzawl,1,829.0
25.632286,91.162786,Meghalaya,West Khasi Hills,1,1257.0
25.10941667,92.88075,Assam,Dima Hasao (N.C. Hills),1,282.0
23.17411,92.608917,Mizoram,Lunglei,1,752.0
25.679007455038143,91.4424886813485,,,0,1021.0
25.4637708234086,94.71410679568962,,,0,2339.0
23.40722761993325,92.39659642037668,,,0,138.0
25.618994,91.185681,Meghalaya,West Khasi Hills,1,1159.0
27.251639,88.531361,Sikkim,East Sikkim,1,523.0
25.188444,92.074139,Meghalaya,West Jaintia Hills,1,78.0
26.09599708373939,92.32315350651356,,,0,114.0
26.095487191187736,93.83349044240866,,,0,132.0
25.148722,93.031917,Assam,Dima Hasao,1,451.0
23.802567,92.564045,Mizoram,Mamit,1,859.0
28.121656770763373,95.80682159955028,,,0,281.0
25.457260064310937,93.5504105822179,,,0,744.0
25.008235192007835,92.31151509624232,,,0,20.0
28.05989,96.46281,Arunachal Pradesh,Lohit,1,555.0
23.73361111,92.69388889,Mizoram,Aizawl,1,900.0
25.48726426035224,94.95841999769672,,,0,917.0
25.88889861335966,90.42681470349208,,,0,98.0
23.73876596709677,93.43974186224143,,,0,1602.0
23.32928322471441,92.5685018424715,,,0,356.0
22.935861735294317,93.21008463250446,,,0,964.0
23.974147775209364,92.6042171604257,,,0,530.0
23.029404970297485,92.46575698301712,,,0,96.0
25.373810895001277,94.8077249076628,,,0,1796.0
27.35501644122759,96.25216083636352,,,0,380.0
27.441028,93.020389,Arunachal Pradesh,East Kameng,1,481.0
25.216078,91.738387,Meghalaya,East Khasi Hills,1,906.0
25.950480932717813,94.92771524913414,,,0,683.0
24.348252606407364,94.30994214130403,,,0,377.0
28.423214246155283,95.44268455291068,,,0,2030.0
27.268973,96.037707,Arunachal Pradesh,Changlang,1,283.0
24.767,93.458139,Manipur,Noney,1,489.0
27.229356,93.800968,Arunachal Pradesh,Papum Pare,1,366.0
25.93369202992519,90.92347959901244,,,0,316.0
26.34368515381037,91.67879420039748,,,0,53.0
26.831889,95.077944,Nagaland,Mon,1,280.0
23.77022222,92.76,Mizoram,Aizawl,1,1129.0
23.62020616103532,93.51136853597411,,,0,1293.0
23.41777778,92.76944444,Mizoram,Aizawl,1,1187.0
28.01477411955642,96.32698512412033,,,0,619.0
27.153056,92.56175,Arunachal Pradesh,West Kameng,1,1634.0
27.549920265586007,96.39751811974264,,,0,472.0
24.094248,92.917745,Mizoram,Aizawl,1,785.0
27.34165637340318,93.62332874188957,,,0,2332.0
23.478556,93.311722,Mizoram,Champhai,1,1618.0
27.283639,88.189944,Sikkim,West Sikkim,1,1748.0
26.126694636833733,94.69523987854076,,,0,2188.0
25.10430933115516,91.55660735057552,,,0,13.0
23.800556,93.15889,Mizoram,Champhai,1,460.0
27.07105649713334,88.27205952879346,,,0,1362.0
24.078422,92.792189,Mizoram,Aizawl,1,919.0
25.65382157529929,94.8903432498605,,,0,1817.0
25.165472,93.695528,Manipur,Tamenglong,1,991.0
25.651528,94.52225,Nagaland,Phek,1,1128.0
26.5235,93.28166,Assam,Karbi Anglong,1,108.0
25.576847,91.753423,Meghalaya,East Khasi Hills,1,1706.0
25.99875,94.026203,Nagaland,Wokha,1,465.0
22.967715,92.925677,Mizoram,Hnahthial,1,773.0
23.476845583252803,93.57287783771916,,,0,995.0
25.14522470039894,94.20813947987,,,0,1034.0
25.19470191453104,92.29045206831556,,,0,712.0
22.687567477377023,93.0533317833062,,,0,1325.0
23.848083,93.076691,Mizoram,Aizawl,1,680.0
23.816611,92.662306,Mizoram,Aizawl,1,133.0
22.802805,93.004639,Mizoram,Lunglei,1,1245.0
27.822092003947084,95.27746286738164,,,0,126.0
26.06258373951826,93.46702590082552,,,0,640.0
23.113126,92.74564,Mizoram,Lunglei,1,833.0
25.575,93.777,Nagaland,Peren,1,1445.0
23.196638,92.679802,Mizoram,Lunglei,1,1015.0
27.646395113079773,96.22312860192922,,,0,330.0
23.225227,92.912496,Mizoram,Serchhip,1,734.0
22.07793401777209,92.7803153672311,,,0,129.0
23.71111111,92.72861111,Mizoram,Aizawl,1,785.0
25.8465035843478,90.81757981181136,,,0,80.0
26.400017559725505,95.12157427476156,,,0,1891.0
27.33787,88.609377,Sikkim,Gangtok District,1,1578.0
26.59412193916588,95.23904764083396,,,0,846.0
25.167806,93.749222,Manipur,Tamenglong,1,693.0
24.1,93.9,Manipur,Chandel,1,981.0
23.950417,93.037109,Mizoram,Aizawl,1,1067.0
23.44608,92.861819,Mizoram,Serchhip,1,784.0
23.74194444,92.71305556,Mizoram,Aizawl,1,902.0
24.917611,94.576556,Manipur,Kamjong,1,1121.0
27.4784768929461,93.81444437702508,,,0,1699.0
23.502513,92.697754,Mizoram,Aizawl,1,742.0
26.898504264071107,88.15410008718328,,,0,1501.0
25.17438590903064,93.43874278178332,,,0,783.0
28.448428,95.855303,Arunachal Pradesh,Dibang Valley,1,849.0
27.758786960586747,91.88850052165964,,,0,4159.0
25.570995156643736,91.0757508265965,,,0,936.0
25.37129167,91.48003056,Meghalaya,South West Khasi Hills,1,1567.0
25.226833588416664,93.69243238412508,,,0,1157.0
27.482647295625732,88.16168437904909,,,0,4039.0
24.48318497183415,94.024623565088,,,0,889.0
25.416778,94.577472,Manipur,Ukhrul,1,1507.0
23.88432186382242,93.56970177529712,,,0,1029.0
24.798042,93.722439,Manipur,Noney,1,953.0
26.353046377215065,92.01378345330616,,,0,51.0
23.74066667,92.69336111,Mizoram,Aizawl,1,927.0
23.204282,92.576174,Mizoram,Lunglei,1,770.0
26.48598594448749,95.14510685450904,,,0,1702.0
26.183889,94.265472,Nagaland,Wokha,1,1080.0
23.993632,91.858355,Tripura,Dhalai,1,80.0
23.302443780600917,93.44258074623768,,,0,1382.0
24.97714,93.03344,Assam,Cachar,1,176.0
23.361979,93.299909,Mizoram,Champhai,1,1196.0
25.493506363142945,93.82027593051367,,,0,926.0
24.39592258826138,93.5972455431048,,,0,1328.0
24.821028,94.50425,Manipur,Kamjong,1,1289.0
25.755206,94.179975,Nagaland,Kohima,1,755.0
27.701965893861622,94.94051693032507,,,0,113.0
25.746806,92.107806,Meghalaya,East Khasi Hills,1,913.0
27.435901063876333,88.84020931689521,,,0,4442.0
25.120527235822163,94.74399563564202,,,0,2208.0
26.03155993736012,92.56885390413248,,,0,73.0
27.36181355553913,95.75091432669696,,,0,141.0
27.370247596231295,91.70365629632867,,,0,1534.0
23.31310502944568,93.53423125938755,,,0,1376.0
26.79595333553356,95.17138206590656,,,0,748.0
28.113846,95.273389,Arunachal Pradesh,East Siang,1,369.0
27.42207070278631,88.13709961384512,,,0,3419.0
25.611361,91.022019,Meghalaya,West Khasi Hills,1,938.0
27.379923534350947,96.48326308185828,,,0,1504.0
24.91048099578545,92.68711177014242,,,0,19.0
26.47080050620837,95.1146718284115,,,0,1948.0
26.26181975715209,92.6847994135282,,,0,60.0
25.323412583015912,91.13004884281496,,,0,406.0
25.215028,92.075167,Meghalaya,West Jaintia Hills,1,670.0
26.193056,94.2465,Nagaland,Wokha,1,510.0
25.84021,94.435083,Nagaland,Zunheboto,1,1758.0
25.996934853827828,94.38122726296766,,,0,661.0
26.394222,94.553472,Nagaland,Mokokchung,1,1021.0
25.10549239962772,91.80191231807495,,,0,16.0
25.065056,94.544583,Manipur,Ukhrul,1,1679.0
25.378626766370488,92.70965738305192,,,0,808.0
27.363833,93.025139,Arunachal Pradesh,East Kameng,1,795.0
24.97135817306304,93.31595153010824,,,0,203.0
26.07280826209626,94.718792524159,,,0,1625.0
25.712031,94.089791,Nagaland,Kohima,1,1446.0
26.826194,95.075917,Nagaland,Mon,1,373.0
26.94332582796505,94.8368077679891,,,0,96.0
28.639389,95.033639,Arunachal Pradesh,Upper Siang,1,445.0
26.211210668837136,94.3608789966988,,,0,810.0
26.417222,94.960833,Nagaland,Tuensang,1,759.0
27.08640482117727,93.4457528224425,,,0,881.0
23.882055,93.041222,Mizoram,Aizawl,1,876.0
25.822458,92.546381,Assam,West Karbi Anglong,1,481.0
25.548089,91.647706,Meghalaya,West Khasi Hills,1,1717.0
25.383311651109167,93.94297497942016,,,0,1102.0
26.19622222,91.76336111,Assam,Kamrup (Metro),1,90.0
25.407917,91.998889,Meghalaya,East Khasi Hills,1,1522.0
22.99169936243388,92.3878449580874,,,0,42.0
24.044715092162985,94.33700400763018,,,0,168.0
25.171007985075384,93.54232652836016,,,0,494.0
22.29595897458357,92.8319262748656,,,0,178.0
24.85849742431964,93.03869765481429,,,0,35.0
25.613,94.745889,Nagaland,Phek,1,1968.0
28.77891819469612,94.57713735344616,,,0,1643.0
26.47506584957311,95.22023725465642,,,0,1651.0
24.95247568931104,93.900670163122,,,0,1025.0
24.629861,93.695278,Manipur,Noney,1,1367.0
27.2453850416544,96.22812649556523,,,0,994.0
22.17,92.99,Mizoram,Saiha,1,1278.0
26.379167,94.44625,Nagaland,Mokokchung,1,885.0
28.69438037970464,95.87877599940524,,,0,1983.0
23.270139,93.293333,Mizoram,Champhai,1,1304.0
25.913997,91.578903,Meghalaya,Ri-Bhoi,1,414.0
25.825742959271413,92.0782422453058,,,0,1113.0
23.646848,93.068776,Mizoram,Champhai,1,859.0
26.580985208124552,93.76359700415584,,,0,85.0
26.275167,94.770472,Nagaland,Tuensang,1,1948.0
27.59400289079629,94.10793752355738,,,0,1838.0
28.243595401167333,95.71304582900945,,,0,240.0
28.427393,94.674582,Arunachal Pradesh,West Siang,1,562.0
22.68,92.66,Mizoram,Lunglei,1,606.0
25.331877430883782,92.91150479637562,,,0,722.0
27.44938782858969,88.41662040240278,,,0,3587.0
26.841937607990875,93.51578955670578,,,0,81.0
26.0073,93.9983,Nagaland,Wokha,1,657.0
25.17175,93.00726,Assam,Dima Hasao,1,728.0
27.264694,88.792667,Sikkim,East Sikkim,1,3589.0
25.303186791932877,93.92226347454788,,,0,1583.0
25.82528,92.54775,Assam,West Karbi Anglong,1,465.0
23.59027778,92.71583333,Mizoram,Aizawl,1,788.0
27.73842272395327,88.63414886037366,,,0,3569.0
27.90557680553672,96.27188031621176,,,0,263.0
27.48819649999517,91.94495488752888,,,0,3147.0
22.440001,92.879997,Mizoram,Lawngtlai,1,585.0
23.141589,92.751435,Mizoram,Lunglei,1,887.0
23.700889,92.878361,Mizoram,Aizawl,1,495.0
25.77561389,93.80086111,Nagaland,Chumoukedima,1,314.0
28.681380331725176,96.04467365924914,,,0,1742.0
23.099615,92.752199,Mizoram,Lunglei,1,780.0
23.83972583548883,92.18523226807277,,,0,146.0
26.18841667,91.85125,Assam,Kamrup (Metro),1,96.0
26.97214905472029,88.67561937918117,,,0,376.0
23.199167,92.683334,Mizoram,Lunglei,1,1017.0
25.75832168451881,90.94168690452383,,,0,568.0
27.342,88.223722,Sikkim,West Sikkim,1,1229.0
25.91919822147148,92.10946531011533,,,0,794.0
26.77118534454937,94.55612862088184,,,0,108.0
25.757752,91.252285,Assam,Kamrup,1,769.0
24.86999304284692,93.35116446574736,,,0,477.0
26.214165336032355,91.59834178783724,,,0,49.0
23.075564030815688,92.3080914712631,,,0,192.0
28.782426,94.810546,Arunachal Pradesh,Upper Siang,1,494.0
26.86407888635789,95.65125525102064,,,0,1835.0
24.19,92.33,Mizoram,Mamit,1,70.0
25.465055338765268,93.23430034306314,,,0,288.0
26.925975128594807,92.91207295688488,,,0,107.0
24.896421947542017,93.00676489556588,,,0,45.0
25.998899130085125,92.76872318123874,,,0,70.0
25.01172580975345,93.43391760710574,,,0,287.0
25.188,93.066,Assam,Dima Hasao,1,714.0
24.45143884767875,94.00374960477043,,,0,787.0
25.264278,94.543611,Manipur,Ukhrul,1,1259.0
25.582061,91.185611,Meghalaya,West Khasi Hills,1,1224.0
24.628,93.603944,Manipur,Noney,1,944.0
25.241454785144747,93.77344305523522,,,0,1889.0
23.58694444,92.7175,Mizoram,Aizawl,1,957.0
28.112082286200597,95.83292400612692,,,0,294.0
24.986333,93.494361,Manipur,Tamenglong,1,1085.0
23.3000152893385,93.0023529842026,,,0,643.0
27.172333,88.381444,Sikkim,South Sikkim,1,1600.0
26.020603,94.50632,Nagaland,Zunheboto,1,1425.0
23.99333333,92.68055556,Mizoram,Kolasib,1,520.0
23.97,93.95,Manipur,Chandel,1,1586.0
26.087986182391496,94.94536277591013,,,0,807.0
27.2115,88.58775,Sikkim,East Sikkim,1,1416.0
23.54277778,92.70333333,Mizoram,Aizawl,1,908.0
27.507063103342524,88.77403237076705,,,0,4635.0
25.64551335192324,91.37033258927664,,,0,1728.0
25.334555649024576,93.86990868245752,,,0,2371.0
24.439195280968875,92.866329656136,,,0,137.0
25.19972904656625,91.91989024926832,,,0,450.0
26.59041,93.47616,Assam,Karbi Anglong,1,124.0
23.308186403566868,93.56695733217926,,,0,1262.0
26.17672,91.76525,Assam,Kamrup (Metro),1,87.0
27.57620188091403,88.79851357252998,,,0,4857.0
23.906917,92.271944,Tripura,North Tripura,1,732.0
24.22199605491721,94.32467520323654,,,0,159.0
23.32925688337168,92.5659956024013,,,0,308.0
25.326063,91.931808,Meghalaya,East Khasi Hills,1,989.0
26.174472,95.027972,Nagaland,Noklak,1,884.0
23.54972222,92.70361111,Mizoram,Aizawl,1,812.0
24.487165839348897,94.3307183036234,,,0,815.0
26.33266333866201,95.20581400222318,,,0,866.0
27.71225722417795,96.1660457427882,,,0,242.0
25.993164,94.034803,Nagaland,Wokha,1,652.0
27.844444,93.973944,Arunachal Pradesh,Upper Subansiri,1,638.0
26.241140570257656,93.86060205440528,,,0,117.0
27.44256654154876,88.73676466678398,,,0,3672.0
25.543,94.357,Nagaland,Phek,1,1663.0
22.43052025556912,93.24639448532685,,,0,1344.0
23.58777778,92.71277778,Mizoram,Aizawl,1,802.0
25.391274742086264,94.40045095317814,,,0,1594.0
25.345611,91.895,Meghalaya,East Khasi Hills,1,1577.0
27.91998798649879,93.23199205008558,,,0,1845.0
23.717028,92.692389,Mizoram,Aizawl,1,798.0
25.150557480366185,94.06543386948528,,,0,863.0
25.930611,94.112139,Nagaland,Kohima,1,763.0
28.07224485016441,95.82043775115378,,,0,219.0
23.406236,93.356052,Mizoram,Champhai,1,1293.0
25.367355934580196,90.91014497337528,,,0,513.0
23.413501,92.725781,Mizoram,Aizawl,1,1095.0
24.972450100266364,94.3052569362506,,,0,904.0
27.33879899148155,93.70005787058255,,,0,1738.0
28.18321650782079,95.103178793604,,,0,1745.0
28.255261,95.582613,Arunachal Pradesh,Lower Dibang Valley,1,441.0
27.54903557511649,88.4031306225254,,,0,2331.0
25.724044006068567,91.79230518392394,,,0,770.0
26.073194,94.482139,Nagaland,Zunheboto,1,1254.0
26.994958872530475,88.49184025724372,,,0,627.0
22.309944,92.768059,Mizoram,Lawngtlai,1,244.0
27.702833103524927,92.77642845380107,,,0,2501.0
23.7249396986344,92.3008921766386,,,0,197.0
28.251608406761665,95.98683100510456,,,0,2881.0
28.18843540137833,96.40232656192924,,,0,3437.0
24.330595325106064,92.29385566205563,,,0,36.0
27.42652573812587,88.06935321546908,,,0,4301.0
28.242969,95.537549,Arunachal Pradesh,East Siang,1,601.0
23.876185065891395,93.86147929290934,,,0,1692.0
23.109405785318057,93.4919868296622,,,0,1228.0
24.833944,94.08125,Manipur,Imphal East,1,827.0
27.057472613173644,95.07915357154675,,,0,106.0
23.669278,92.592278,Mizoram,Mamit,1,1011.0
25.27325,94.555417,Manipur,Ukhrul,1,1588.0
25.09712421582034,91.7086451482218,,,0,8.0
23.174558,92.612556,Mizoram,Lunglei,1,771.0
25.549,94.286,Nagaland,Phek,1,1876.0
27.882056,93.444333,Arunachal Pradesh,Kurung Kumey,1,786.0
24.819722,93.459972,Manipur,Noney,1,692.0
27.293417,88.294917,Sikkim,West Sikkim,1,744.0
27.172083,88.090333,Sikkim,West Sikkim,1,2327.0
24.7825,93.19944,Manipur,Tamenglong,1,191.0
25.45891817394805,94.76164377718749,,,0,2161.0
27.528722,88.600833,Sikkim,North Sikkim,1,1491.0
23.607124,93.088782,Mizoram,Champhai,1,1118.0
25.42439661965493,91.18204164093824,,,0,1061.0
23.30622,93.294554,Mizoram,Champhai,1,1464.0
25.070648013161847,92.57137377811932,,,0,447.0
26.813674493991712,88.45091228021559,,,0,178.0
27.361583,88.839306,Sikkim,East Sikkim,1,3836.0
22.973735,92.725975,Mizoram,Lunglei,1,545.0
28.330756825107542,95.66498727057837,,,0,1168.0
24.737410922083708,93.81276546408591,,,0,781.0
23.760466,92.848969,Mizoram,Aizawl,1,829.0
25.633896,91.891833,Meghalaya,East Khasi Hills,1,1231.0
25.471302062813088,91.98680634464915,,,0,1602.0
25.78080576711009,91.52468217897815,,,0,712.0
25.259548136626798,94.21050140275938,,,0,1219.0
25.214783,91.590875,Meghalaya,East Khasi Hills,1,761.0
22.499497881060325,92.56289180273583,,,0,82.0
27.438778,88.527444,Sikkim,North Sikkim,1,1291.0
23.88952362648864,93.87062252428794,,,0,1347.0
25.669,94.192,Nagaland,Kohima,1,985.0
26.0591,92.236,Meghalaya,Ri-Bhoi,1,71.0
25.814822,94.950353,Nagaland,Kiphire,1,2074.0
28.79489852927145,94.6431007444446,,,0,1697.0
27.21331568413635,89.01052347863285,,,0,2272.0
25.32877760251632,93.7824451789225,,,0,1333.0
25.613583,91.871778,Meghalaya,East Khasi Hills,1,1317.0
27.52827902303269,93.59807010807154,,,0,1588.0
27.68436140435253,88.46496768266685,,,0,3610.0
28.568957478333544,94.68029599681836,,,0,1191.0
27.917162467364157,94.13837505438188,,,0,778.0
25.600152113930584,92.13720774532806,,,0,1030.0
25.634075920741296,92.23815984451032,,,0,1087.0
24.985,93.52113889,Manipur,TAMENGLONG,1,1043.0
24.982388167668987,94.07445022003652,,,0,960.0
25.496367,91.163575,Meghalaya,West Khasi Hills,1,1187.0
27.588873987221344,88.28331197997176,,,0,3360.0
27.204636408524404,94.03939787917676,,,0,95.0
26.154917,94.250194,Nagaland,Wokha,1,1010.0
26.249,94.819778,Nagaland,Tuensang,1,1387.0
26.178889,94.638139,Nagaland,Tuensang,1,1613.0
23.181667,92.736374,Mizoram,Lunglei,1,820.0
25.159778,93.7065,Manipur,Tamenglong,1,855.0
26.272028,94.585056,Nagaland,Tuensang,1,951.0
23.619791,93.33801,Mizoram,Champhai,1,1580.0
26.65758260386734,95.31095724030706,,,0,1652.0
25.486445075677903,94.3203811274665,,,0,2041.0
26.165605888604897,93.30449775326672,,,0,464.0
23.311335,92.858026,Mizoram,Serchhip,1,1056.0
26.049285,94.635198,Nagaland,Zunheboto,1,1963.0
25.546456,91.235733,Meghalaya,West Khasi Hills,1,1329.0
28.36767001607503,95.6288632827116,,,0,1747.0
28.74180373101108,95.66190664158512,,,0,2221.0
28.742911369398843,96.01080542475908,,,0,3409.0
27.70830830006182,88.46601317707162,,,0,4504.0
26.63664717476901,95.499687257904,,,0,2229.0
25.375806,92.609725,Meghalaya,East Jaintia Hills,1,1049.0
27.0680031865292,88.21868155618435,,,0,790.0
23.793444,91.552056,Tripura,Gomati,1,144.0
25.6,94.841389,Nagaland,Phek,1,1283.0
27.11849431132154,88.63193132349627,,,0,1273.0
27.05762228884828,88.25759798701996,,,0,1933.0
25.156694,93.017667,Assam,Dima Hasao,1,616.0
24.59635709076353,94.41216140926475,,,0,699.0
25.19,93.191,Assam,Dima Hasao,1,800.0
25.206686,91.73898,Meghalaya,East Khasi Hills,1,662.0
24.796944,93.737583,Manipur,Noney,1,1158.0
25.52,93.73,Nagaland,Peren,1,1282.0
24.77812420451702,92.78164808528082,,,0,23.0
25.440174861360497,93.0485749183151,,,0,244.0
24.10743611,93.09532222,Mizoram,Kolasib,1,421.0
25.64977014329932,92.32412814482016,,,0,1000.0
23.92994684165288,92.51972653167552,,,0,118.0
25.94875556721536,93.79718327106684,,,0,139.0
25.663650460285695,94.93134809424768,,,0,2690.0
26.78758719840889,94.88028218682436,,,0,237.0
26.004630800040797,93.56946278680395,,,0,256.0
25.585875,91.777328,Meghalaya,East Khasi Hills,1,1692.0
25.4700096603272,94.74640181455908,,,0,2029.0
26.438845700860607,94.2875735523644,,,0,281.0
23.26147646327742,93.41394877297024,,,0,1540.0
25.118083,93.649472,Manipur,Tamenglong,1,1218.0
23.62443581570532,92.52943384235292,,,0,405.0
24.291542327280563,92.39311297550844,,,0,53.0
27.2195,88.210222,Sikkim,West Sikkim,1,1797.0
28.21728500593197,95.34355568031502,,,0,983.0
26.843339075988798,92.51814277765529,,,0,111.0
25.77308611,93.91128889,Nagaland,Peren,1,650.0
25.62444082757958,90.89646966604586,,,0,582.0
23.862638,93.204025,Mizoram,Champhai,1,996.0
27.153306,88.3135,Sikkim,West Sikkim,1,1225.0
23.644962,93.076363,Mizoram,Champhai,1,864.0
23.382772,92.845187,Mizoram,Serchhip,1,928.0
24.10710778,93.11535444,Mizoram,Kolasib,1,1001.0
25.42125412980752,94.89489103918191,,,0,1095.0
26.768667,95.086222,Nagaland,Mon,1,993.0
24.6343477034164,93.95158771926252,,,0,772.0
25.227183,91.690972,Meghalaya,East Khasi Hills,1,479.0
26.102333,92.4415,Assam,Nagaon,1,313.0
25.629703187880157,93.78930230402706,,,0,664.0
22.9782007971186,93.3495585096071,,,0,944.0
26.3604176221396,91.73567104453564,,,0,60.0
26.580667,95.093056,Nagaland,Mon,1,1444.0
27.485498140319528,88.68714027748388,,,0,3673.0
26.081679777811036,93.75642862824178,,,0,142.0
27.159542820885918,93.9699239316573,,,0,92.0
25.557263430798017,94.00405471651747,,,0,2435.0
27.13207310569928,93.48092678815986,,,0,1064.0
24.682833,94.269306,Manipur,Kamjong,1,1409.0
25.17702778,93.02088889,Assam,Dima Hasao,1,571.0
23.72083333,92.86472222,Mizoram,Aizawl,1,826.0
28.473396628396696,94.92041800117418,,,0,1086.0
25.86758157234675,93.79962487765592,,,0,160.0
25.544857956886798,94.0675413344796,,,0,2525.0
24.036893,92.771278,Mizoram,Aizawl,1,945.0
24.982611,93.52,Manipur,Tamenglong,1,1242.0
24.190369,92.94432,Mizoram,Aizawl,1,496.0
27.256,88.706167,Sikkim,East Sikkim,1,1161.0
27.53909191550601,88.38498442707183,,,0,3253.0
24.954887,94.493465,Manipur,Kamjong,1,1578.0
26.031528,92.472778,Assam,West Karbi Anglong,1,259.0
26.0075,94.021444,Nagaland,Wokha,1,443.0
23.74361111,92.85416667,Mizoram,Aizawl,1,823.0
26.084935262489065,91.53616595933954,,,0,80.0
27.449138034667502,88.85378272732459,,,0,4130.0
28.46806300907041,95.69350035566104,,,0,1367.0
25.955255983643827,92.74398892408382,,,0,72.0
27.968,96.39822,Arunachal Pradesh,Lohit,1,439.0
25.294561358059493,92.97166640186124,,,0,437.0
25.786692,94.829933,Nagaland,Kiphire,1,878.0
23.43611111,92.76111111,Mizoram,Aizawl,1,1511.0
23.026566573890133,92.53289196918954,,,0,476.0
27.163556,93.752306,Arunachal Pradesh,Papum Pare,1,148.0
27.130930103841425,93.40436934847556,,,0,1190.0
26.576417,95.092972,Nagaland,Mon,1,1422.0
23.73111111,92.84944444,Mizoram,Aizawl,1,792.0
28.31085,95.979868,Arunachal Pradesh,Lower Dibang Valley,1,1028.0
28.21119620187651,95.70323882220823,,,0,224.0
24.14083333,92.92527778,Mizoram,Aizawl,1,657.0
23.325028,93.092333,Mizoram,Champhai,1,1101.0
22.11,92.88,Mizoram,Saiha,1,386.0
24.19265,92.944583,Mizoram,Aizawl,1,538.0
26.391361,94.620083,Nagaland,Mokokchung,1,1329.0
26.107667,92.44003,Assam,Nagaon,1,243.0
27.14476683372424,92.46900569108072,,,0,2502.0
23.91916667,92.7375,Mizoram,Kolasib,1,886.0
25.642,94.201,Nagaland,Phek,1,1034.0
24.522224870293268,93.32450141713032,,,0,996.0
26.50584599508033,94.9886919188629,,,0,1749.0
25.556662238657506,90.62847478580228,,,0,516.0
28.36737063479992,95.6436304776478,,,0,2150.0
24.81867,93.54819,Manipur,Tamenglong,1,432.0
24.850441615586472,92.51178717158368,,,0,26.0
27.259256419946585,95.65774335638017,,,0,196.0
25.302639,94.014617,Manipur,Senapati,1,1415.0
23.897556,92.282889,Tripura,North Tripura,1,405.0
23.025462491642408,92.58898050225758,,,0,117.0
27.021297805931013,88.47546966509077,,,0,340.0
23.627698342562443,93.45015880440262,,,0,1305.0
23.816656076832075,94.03101519797973,,,0,389.0
25.011892169230144,93.78181141754892,,,0,1878.0
25.211435732422277,92.2906915848978,,,0,809.0
23.69805556,92.72277778,Mizoram,Aizawl,1,858.0
26.182611,94.264861,Nagaland,Wokha,1,1058.0
26.58,94.35,Assam,Jorhat,1,217.0
23.284565,92.857096,Mizoram,Serchhip,1,830.0
25.099269801419968,91.28797371147785,,,0,7.0
24.021514,92.673778,Mizoram,Kolasib,1,677.0
23.281704036898237,93.0003641632484,,,0,757.0
25.21043467430319,92.85079990885583,,,0,869.0
24.237872,92.798117,Mizoram,Aizawl,1,466.0
28.28683733887252,95.65821114257156,,,0,370.0
25.83206747029937,95.06320034190654,,,0,1731.0
25.714,94.086,Nagaland,Kohima,1,1367.0
27.609056,88.652028,Sikkim,North Sikkim,1,1663.0
25.602208,94.823292,Nagaland,Phek,1,1264.0
27.97754893458811,95.17181538574516,,,0,340.0
23.132685,92.798332,Mizoram,Lunglei,1,858.0
29.053604900995342,95.72402851225104,,,0,3001.0
25.438694,93.362583,Assam,Dima Hasao,1,373.0
25.439897653628776,93.93848952294816,,,0,1206.0
27.295444,88.094583,Sikkim,West Sikkim,1,2097.0
23.73944444,92.82638889,Mizoram,Aizawl,1,428.0
22.96168537795078,92.59058698530868,,,0,99.0
24.77888944646197,94.2683162889182,,,0,677.0
26.959978534821435,93.36645103745622,,,0,259.0
23.545796,93.136912,Mizoram,Champhai,1,864.0
25.46278766476804,91.2507749438246,,,0,1354.0
28.308943,95.966462,Arunachal Pradesh,Lower Dibang Valley,1,832.0
25.43827513808492,94.20781807830832,,,0,1262.0
27.23719,93.80556,Arunachal Pradesh,Papum Pare,1,269.0
25.742178,94.842917,Nagaland,Phek,1,554.0
23.59682696748198,91.84810419100914,,,0,123.0
27.51312444392253,92.87297927428256,,,0,1530.0
27.63194286730064,88.5552066982353,,,0,4043.0
25.211722,92.065389,Meghalaya,West Jaintia Hills,1,619.0
25.115111,93.642361,Manipur,Tamenglong,1,1265.0
22.27,92.63,Mizoram,Lawngtlai,1,162.0
27.32116772137876,93.7256129938162,,,0,1519.0
26.923660127359472,94.85329819154684,,,0,100.0
23.706667,92.714694,Mizoram,Aizawl,1,1033.0
28.1873379015821,95.33662884925926,,,0,1369.0
25.206911301160687,93.49898535443546,,,0,1330.0
25.289806,94.525639,Manipur,Ukhrul,1,1122.0
27.241467999330844,96.43379760308493,,,0,1318.0
25.37146270170442,91.31202986726232,,,0,1424.0
25.57086,94.17047,Nagaland,Kohima,1,1182.0
25.223152038998123,93.74446809476146,,,0,1664.0
24.14384803299321,93.6749167972107,,,0,1103.0
26.34961930057056,91.91046669924285,,,0,57.0
25.162389,93.010222,Assam,Dima Hasao,1,591.0
26.320639,94.398806,Nagaland,Mokokchung,1,925.0
28.033278,95.235383,Arunachal Pradesh,East Siang,1,646.0
25.463778,92.04425,Meghalaya,West Jaintia Hills,1,1465.0
27.607375161005532,92.1128771756612,,,0,4404.0
24.415470615585384,92.410408437423,,,0,35.0
28.53917319126162,95.35112510738897,,,0,2322.0
25.65,90.38,Meghalaya,West Garo Hills,1,500.0
26.006028,94.003194,Nagaland,Wokha,1,748.0
26.248989402255347,92.46414597347476,,,0,62.0
23.742754,93.094558,Mizoram,Champhai,1,1222.0
26.347417,93.2982,Assam,Karbi Anglong,1,309.0
25.006694,93.523444,Manipur,Tamenglong,1,1036.0
25.85475,94.002778,Nagaland,Kohima,1,722.0
28.147806,95.224833,Arunachal Pradesh,East Siang,1,736.0
23.754475,92.722754,Mizoram,Aizawl,1,1014.0
22.38,93.03,Mizoram,Saiha,1,1405.0
23.88888889,91.78888889,Tripura,Dhalai,1,146.0
23.636453651674707,93.4022977971042,,,0,1284.0
26.091525696945528,93.8701845709658,,,0,133.0
22.24263346431136,92.48568061108602,,,0,209.0
26.07946877963731,95.27114983374484,,,0,2732.0
25.698,94.085,Nagaland,Kohima,1,1246.0
25.525,94.146,Manipur,Senapati,1,1565.0
23.304640547048987,92.50667904436864,,,0,363.0
25.58136111,91.88338889,Meghalaya,East Khasi Hills,1,1450.0
26.03145,94.595353,Nagaland,Zunheboto,1,1405.0
24.24263,92.212137,Tripura,North Tripura,1,75.0
27.134389,88.40425,Sikkim,South Sikkim,1,1809.0
25.16649,93.02289,Assam,Dima Hasao,1,558.0
25.655,94.438,Nagaland,Phek,1,1571.0
24.88661390714406,92.77185055012336,,,0,36.0
23.43417704796961,93.4377234015768,,,0,1088.0
25.018044856633413,93.84895821096192,,,0,1885.0
24.938656725756672,91.996575286357,,,0,22.0
27.399806,88.329139,Sikkim,West Sikkim,1,1941.0
24.821059547463083,93.33209084393714,,,0,1067.0
26.936942387399228,93.6290254311306,,,0,90.0
23.717111,92.713972,Mizoram,Aizawl,1,946.0
25.651306900789315,93.35564402147344,,,0,308.0
22.0463580209256,92.8968594558396,,,0,439.0
25.044056,92.418778,Meghalaya,East Jaintia Hills,1,170.0
26.379884245508915,91.6511336973327,,,0,61.0
22.850847,92.797028,Mizoram,Lunglei,1,1203.0
26.196306,94.485694,Nagaland,Zunheboto,1,1085.0
23.708032432165123,91.44298793202935,,,0,53.0
25.824713898018786,91.59559544611012,,,0,447.0
28.40645302301706,95.62597734027533,,,0,872.0
27.713261484511463,92.92272797269256,,,0,2337.0
25.558442,91.228547,Meghalaya,West Khasi Hills,1,1302.0
25.33117365994928,94.6337213591754,,,0,1681.0
28.036532268993383,95.5341016452479,,,0,162.0
25.524931,91.514383,Meghalaya,West Khasi Hills,1,1596.0
25.71775556,94.07246667,Nagaland,Kohima,1,1136.0
25.29739,91.46201,Meghalaya,South West Khasi Hills,1,1082.0
25.063972,94.336,Manipur,Ukhrul,1,1574.0
25.117453,92.35705,Meghalaya,East Jaintia Hills,1,171.0
25.224213558438,94.39938369227714,,,0,1564.0
23.735,92.85666667,Mizoram,Aizawl,1,770.0
22.533001,92.886002,Mizoram,Lawngtlai,1,654.0
25.817657954755965,92.30725889328428,,,0,788.0
23.791277,93.156387,Mizoram,Champhai,1,665.0
24.677057360453997,94.46619696183244,,,0,722.0
27.12491895432375,95.26166294284464,,,0,119.0
25.687456441404027,90.6835865882069,,,0,359.0
23.979927528863577,92.11970456660605,,,0,182.0
23.71824,92.72272,Mizoram,Aizawl,1,975.0
26.117417,92.438667,Assam,Nagaon,1,162.0
24.51123808292324,94.41723935494954,,,0,479.0
22.924437494194738,93.0338693415184,,,0,632.0
25.52426,94.1365,Nagaland,Kohima,1,1723.0
27.13229902567811,88.65605306743782,,,0,1383.0
24.23,93.19,Manipur,Pherzawl,1,941.0
23.206029,92.740123,Mizoram,Lunglei,1,815.0
22.94661726350096,93.07476726827473,,,0,1323.0
24.68810528219548,92.71043316339436,,,0,23.0
28.50058750126941,95.57184096477935,,,0,2750.0
23.71388889,92.85722222,Mizoram,Aizawl,1,840.0
24.66788127423569,92.12279074723884,,,0,11.0
27.555194,92.966222,Arunachal Pradesh,East Kameng,1,832.0
27.513661867071416,94.07813732903954,,,0,782.0
25.42315556,91.86329167,Meghalaya,East Khasi Hills,1,1740.0
28.785391,95.892707,Arunachal Pradesh,Dibang Valley,1,1513.0
27.52820822017876,88.76606329291856,,,0,3979.0
25.39982565032148,94.37250906405474,,,0,1079.0
25.23528953142148,94.49886309864664,,,0,1469.0
25.71386578289003,95.07996599779992,,,0,2087.0
26.0034,93.9855,Nagaland,Wokha,1,506.0
23.90966240124108,91.57250340685424,,,0,110.0
24.881815348262915,92.20909909956151,,,0,18.0
25.377431532603968,92.20742021632654,,,0,1259.0
28.09318930018176,95.07789174518766,,,0,1068.0
23.111111,92.789719,Mizoram,Lunglei,1,804.0
24.663477897132687,93.4324433411576,,,0,204.0
23.007032225386112,92.49085604810348,,,0,85.0
24.5678906701921,93.00741406623344,,,0,750.0
25.040511,92.446119,Meghalaya,East Jaintia Hills,1,316.0
23.39895782139583,92.5593276004326,,,0,517.0
26.806409830260183,93.55135176547948,,,0,82.0
27.262583,88.562389,Sikkim,East Sikkim,1,655.0
25.166266944248143,94.67453330013085,,,0,2047.0
26.33781033588095,91.5054587337617,,,0,46.0
25.39295833,91.55163333,Meghalaya,South West Khasi Hills,1,1415.0
23.716333,92.688639,Mizoram,Aizawl,1,616.0
26.02547,91.87158,Meghalaya,Ri-Bhoi,1,179.0
27.317083,88.178556,Sikkim,West Sikkim,1,1587.0
25.093899951183307,92.46798266992823,,,0,460.0
27.465369343980115,92.88632393296962,,,0,1517.0
24.974709836336643,92.33486415197376,,,0,16.0
28.39695148926025,95.07034706306132,,,0,506.0
25.394361,94.628222,Manipur,Ukhrul,1,2209.0
25.21752142130923,90.9674794981005,,,0,208.0
23.62527778,92.78638889,Mizoram,Aizawl,1,204.0
25.13671085109488,91.9464925215603,,,0,16.0
25.14750756767634,91.92190370457196,,,0,16.0
26.038755,94.63616,Nagaland,Zunheboto,1,1999.0
25.546783509466035,91.13455049756467,,,0,1135.0
23.151444,93.282333,Mizoram,Champhai,1,1434.0
26.297170222438197,91.7517645022584,,,0,203.0
25.083694,94.502278,Manipur,Ukhrul,1,1694.0
23.78775,93.386887,Mizoram,Champhai,1,1314.0
24.98722,93.50361,Manipur,Tamenglong,1,1291.0
25.903607662111792,91.31186285226808,,,0,262.0
24.836222,93.482111,Manipur,Noney,1,399.0
24.58702324227965,92.01498086982556,,,0,14.0
27.135615441450906,93.26776119416522,,,0,1422.0
25.179861,93.070778,Assam,Dima Hasao,1,512.0
26.326111,94.866111,Nagaland,Tuensang,1,720.0
27.78281265401918,88.6626647179991,,,0,4328.0
24.1532130860268,93.79317201705688,,,0,810.0
24.45692337462984,93.41095743448636,,,0,581.0
23.191747,92.73459,Mizoram,Lunglei,1,785.0
25.77895278,93.80219722,Nagaland,Chumoukedima,1,265.0
25.606189,91.157706,Meghalaya,West Khasi Hills,1,1170.0
28.223825,95.829105,Arunachal Pradesh,Lower Dibang Valley,1,1408.0
25.898825,94.629367,Nagaland,Kiphire,1,1904.0
23.787414,92.725278,Mizoram,Aizawl,1,1244.0
25.444776703169552,94.73967699951096,,,0,1496.0
25.523,91.521389,Meghalaya,West Khasi Hills,1,1586.0
26.623977069513128,94.27349893006355,,,0,108.0
23.053698,92.772504,Mizoram,Lunglei,1,1009.0
27.44052669685397,88.74944003079294,,,0,4004.0
26.31547106140089,92.21742049126148,,,0,53.0
22.69781586918635,93.15312616665922,,,0,1056.0
22.800293865498904,92.31716222056151,,,0,108.0
27.191639,88.325861,Sikkim,West Sikkim,1,479.0
26.18917,91.80111,Assam,Kamrup,1,80.0
25.28602574052956,92.01591937373168,,,0,965.0
25.41805721411168,93.85120561570382,,,0,1544.0
29.03898652857041,95.87793485098396,,,0,3185.0
27.059755,93.522666,Arunachal Pradesh,Papum Pare,1,255.0
23.096076686965088,92.2734938120716,,,0,76.0
25.840342,94.435119,Nagaland,Zunheboto,1,1758.0
28.45062050260447,95.06528728479068,,,0,706.0
28.596044401400725,95.93065658889668,,,0,2021.0
26.45278,94.37526,Nagaland,Mokokchung,1,258.0
23.180969,92.488193,Mizoram,Lunglei,1,773.0
28.3611659742544,95.87628317212298,,,0,1781.0
27.979306,94.228528,Arunachal Pradesh,Shi-Yomi,1,281.0
25.697,93.916,Nagaland,Kohima,1,825.0
24.788159,93.663215,Manipur,Noney,1,494.0
23.750454,92.69524,Mizoram,Aizawl,1,765.0
27.2533846,88.5489504,Sikkim,East Sikkim,1,665.0
23.170678,92.899334,Mizoram,Hnahthial,1,869.0
25.530157261810476,93.60162459954788,,,0,636.0
23.78,92.84,Mizoram,Aizawl,1,546.0
28.415028,95.247083,Arunachal Pradesh,Upper Siang,1,806.0
28.16939,96.52578,Arunachal Pradesh,Anjaw,1,1209.0
25.211625,93.00113,Assam,Dima Hasao,1,321.0
24.264333,94.283806,Manipur,Tengnoupal,1,390.0
24.069556,92.291361,Tripura,North Tripura,1,271.0
25.808722,94.138278,Nagaland,Kohima,1,1432.0
23.200105,92.584517,Mizoram,Lunglei,1,705.0
28.08019,96.54483,Arunachal Pradesh,Anjaw,1,765.0
27.37501987420561,93.87903675638812,,,0,425.0
27.24315501210973,88.89100281692437,,,0,2864.0
26.86974994905461,92.64016830117468,,,0,101.0
28.219208138142083,95.07986269195408,,,0,1625.0
26.441218449015945,95.18395764842002,,,0,1321.0
26.213889,94.211111,Nagaland,Wokha,1,585.0
25.559211,94.769978,Nagaland,Phek,1,1088.0
25.453528,93.371194,Assam,Dima Hasao,1,440.0
27.512278,91.875556,Arunachal Pradesh,West Kameng,1,3095.0
27.245139,88.524444,Sikkim,East Sikkim,1,481.0
27.093755,95.731806,Arunachal Pradesh,Changlang,1,757.0
22.15942511031802,92.34620073028891,,,0,78.0
25.49107609766337,90.96669062867898,,,0,639.0
25.920811,94.838889,Nagaland,Kiphire,1,679.0
23.441529981891467,92.54644528208937,,,0,453.0
24.499014,94.154514,Manipur,Tengnoupal,1,1432.0
24.663498867604535,93.9377200810783,,,0,777.0
26.977720611317213,88.44564839400189,,,0,474.0
25.130361,93.6625,Manipur,Tamenglong,1,1199.0
26.595447953603724,92.9165809446326,,,0,70.0
28.266795,95.607261,Arunachal Pradesh,Lower Dibang Valley,1,473.0
23.61916667,92.7225,Mizoram,Aizawl,1,830.0
22.528764639615822,92.49287961124952,,,0,200.0
27.04154463789823,88.62310327242156,,,0,1642.0
23.60472222,92.72055556,Mizoram,Aizawl,1,794.0
24.48,92.49,Assam,Hailakandi,1,56.0
28.45381735263216,95.63529330169035,,,0,2408.0
24.4015462783454,92.99761190314064,,,0,181.0
23.29267190439596,92.59226407159144,,,0,368.0
23.4785,92.7041,Mizoram,Aizawl,1,981.0
25.571555,91.826228,Meghalaya,East Khasi Hills,1,1281.0
23.664583,92.590111,Mizoram,Mamit,1,1114.0
27.33825,88.60911111,Sikkim,East Sikkim,1,1579.0
24.37309509375715,94.40137170505834,,,0,175.0
27.25850577187969,93.90891995134017,,,0,217.0
28.12902679476144,96.02743625406626,,,0,1394.0
27.901066978917434,94.39482978605658,,,0,948.0
27.51444444,88.56777778,Sikkim,North Sikkim,1,1463.0
27.206917,88.323278,Sikkim,West Sikkim,1,455.0
23.197752,93.007805,Mizoram,Serchhip,1,945.0
25.357472,91.229167,Meghalaya,West Khasi Hills,1,1087.0
27.763224945255583,95.0685940363213,,,0,119.0
25.164847,93.696828,Manipur,Tamenglong,1,963.0
27.25225,88.60811111,Sikkim,East Sikkim,1,1136.0
24.081312434783705,92.72182081422902,,,0,208.0
28.153215855500047,95.89732082082662,,,0,828.0
22.841097,92.792755,Mizoram,Lunglei,1,1173.0
27.97028812985824,94.930669323654,,,0,876.0
26.781767670668245,94.39147240019685,,,0,100.0
23.098261,92.751461,Mizoram,Lunglei,1,756.0
25.536355701996413,90.48858301071348,,,0,544.0
27.220306,88.261861,Sikkim,West Sikkim,1,1608.0
27.200389,88.3545,Sikkim,South Sikkim,1,1112.0
25.234097,91.866071,Meghalaya,East Khasi Hills,1,852.0
25.277215,91.865449,Meghalaya,East Khasi Hills,1,1153.0
27.668611,93.63,Arunachal Pradesh,Kra Daadi,1,1104.0
27.18740381133245,95.83612525424202,,,0,309.0
26.924683249425936,95.2841155058234,,,0,417.0
22.66251623130841,93.15057099436484,,,0,1044.0
25.785144533489017,92.350548218775,,,0,721.0
27.6446968459414,92.20123489462486,,,0,4503.0
27.767806449820892,94.50595623352936,,,0,396.0
24.82511279349728,92.83459560617412,,,0,28.0
23.870445,93.353859,Mizoram,Champhai,1,992.0
23.37501653025601,92.49849457808948,,,0,534.0
28.363006661508656,95.1043165108284,,,0,1153.0
25.14168889174242,93.20901412813176,,,0,1087.0
23.950856934443618,92.48248944286811,,,0,613.0
23.647342,93.303877,Mizoram,Champhai,1,1731.0
25.2290624248735,90.79489161831172,,,0,115.0
23.72949444,92.77544444,Mizoram,Aizawl,1,696.0
25.59683730131453,93.6168195315866,,,0,337.0
24.028399669922784,92.55158651815682,,,0,126.0
26.844028,95.080972,Nagaland,Mon,1,280.0
23.125271,92.740646,Mizoram,Lunglei,1,801.0
24.49816068405576,93.0007718884631,,,0,425.0
23.73205618815968,92.41314139097874,,,0,275.0
23.7335,92.674472,Mizoram,Aizawl,1,851.0
26.240556,95.065694,Nagaland,Tuensang,1,1172.0
25.879889,94.035417,Nagaland,Kohima,1,1124.0
27.444733035078524,88.8730360037616,,,0,3773.0
27.10134854599012,88.5481906608908,,,0,1576.0
23.62361111,92.78888889,Mizoram,Aizawl,1,235.0
26.148727,94.626957,Nagaland,Zunheboto,1,1516.0
23.068421004444343,93.50790736821148,,,0,1255.0
25.594,94.314,Nagaland,Phek,1,2002.0
26.759389,95.108944,Nagaland,Mon,1,898.0
28.773006299834595,94.73643280272114,,,0,1645.0
23.315355,92.790619,Mizoram,Serchhip,1,617.0
24.78725,93.696694,Manipur,Noney,1,805.0
27.720444,94.721528,Arunachal Pradesh,West Siang,1,338.0
25.80894785629067,92.3228767809305,,,0,734.0
25.155183109968945,93.49215590886064,,,0,691.0
27.436556,88.526639,Sikkim,North Sikkim,1,1284.0
23.414132982476943,92.57449568962058,,,0,231.0
23.47436926478371,92.40956989083725,,,0,568.0
28.809244,95.92821,Arunachal Pradesh,Dibang Valley,1,1344.0
27.12689515220608,93.30209834646148,,,0,979.0
26.205135,94.811625,Nagaland,Tuensang,1,1799.0
25.696,94.32,Nagaland,Phek,1,1573.0
27.121444,88.153417,Sikkim,West Sikkim,1,1291.0
25.424,93.0,Assam,Dima Hasao,1,243.0
25.16341222472195,93.42943639029922,,,0,832.0
27.725322369664276,92.81697594391652,,,0,2743.0
26.007989608608856,91.22320355903815,,,0,47.0
25.781003332335786,95.20540297823356,,,0,1109.0
24.75771904429801,93.55944029491825,,,0,852.0
23.198272,92.589291,Mizoram,Lunglei,1,704.0
28.256397,95.550978,Arunachal Pradesh,Lower Dibang Valley,1,603.0
25.98717071902897,94.962098714438,,,0,1379.0
25.651328760280403,92.2900212543356,,,0,1014.0
26.425346,94.387013,Nagaland,Mokokchung,1,776.0
27.724222,88.552861,Sikkim,North Sikkim,1,2684.0
27.39845359101579,95.97692310876587,,,0,258.0
24.091081,92.795582,Mizoram,Aizawl,1,922.0
25.327296342160952,92.94533157842582,,,0,332.0
25.47022820991243,92.30569486673949,,,0,1338.0
28.083417,96.461433,Arunachal Pradesh,Anjaw,1,884.0
25.163528,93.736222,Manipur,Tamenglong,1,762.0
26.293218137912927,95.01799179092654,,,0,1901.0
23.13732,92.747276,Mizoram,Lunglei,1,863.0
25.16557349056015,93.8696638926996,,,0,2380.0
25.81274354781541,90.93067105420756,,,0,430.0
25.783278,94.388306,Nagaland,Phek,1,1816.0
23.72159315445509,92.4436289491887,,,0,260.0
27.437444,88.613972,Sikkim,North Sikkim,1,1574.0
27.541345335174075,96.51237707359483,,,0,684.0
23.03606235357445,92.306133786358,,,0,284.0
24.24722222,92.69333333,Mizoram,Kolasib,1,400.0
23.043269,92.77264,Mizoram,Lunglei,1,1058.0
25.65947301089484,90.89140985936008,,,0,662.0
24.72878855617544,92.36420447623703,,,0,21.0
26.176278,95.009889,Nagaland,Noklak,1,1073.0
26.165972,95.021667,Nagaland,Noklak,1,1095.0
23.8985,92.64739,Mizoram,Aizawl,1,99.0
23.88194444,92.88166667,Mizoram,Aizawl,1,874.0
22.27342992567152,92.8856262317806,,,0,227.0
27.034836639001977,88.50446512080221,,,0,898.0
26.112806,95.051944,Nagaland,Noklak,1,1958.0
25.33020755625701,93.8834435981492,,,0,2726.0
27.4805015610341,88.70455356145666,,,0,4169.0
25.49038590938445,94.30366401843132,,,0,2007.0
23.881056,93.245804,Mizoram,Champhai,1,1476.0
23.715,92.85472222,Mizoram,Aizawl,1,816.0
27.11622470610496,92.83189850857768,,,0,928.0
23.31675405693641,92.97922161707258,,,0,1278.0
25.169861,93.002528,Assam,Dima Hasao,1,704.0
25.46390630478558,91.9836149945561,,,0,1681.0
27.915545902671795,94.20442553894708,,,0,1379.0
24.01,93.97,Manipur,Chandel,1,1307.0
28.07245730629173,95.8650473494542,,,0,269.0
28.16206,96.53061,Arunachal Pradesh,Anjaw,1,979.0
23.61583333,92.79111111,Mizoram,Aizawl,1,329.0
28.03399806130209,93.52948614534316,,,0,1691.0
24.63875,93.611278,Manipur,Noney,1,818.0
23.514518306364817,92.28497071553522,,,0,204.0
28.626972,95.035722,Arunachal Pradesh,Upper Siang,1,500.0
24.169769522519413,94.33381222512809,,,0,165.0
27.68445278,88.7379,Sikkim,North Sikkim,1,2674.0
25.20206006787076,93.81201018529131,,,0,716.0
26.21957751652559,93.93847187697844,,,0,117.0
28.208389,94.830667,Arunachal Pradesh,West Siang,1,257.0
22.93,92.49,Mizoram,Lunglei,1,43.0
26.257028,95.099528,Nagaland,Tuensang,1,1328.0
23.260038,92.882734,Mizoram,Serchhip,1,874.0
27.56422109228584,88.42852960085015,,,0,1272.0
25.343300699012637,90.75178400472628,,,0,517.0
24.735916844814746,94.46375225029256,,,0,460.0
26.68490543475376,94.92275490707816,,,0,915.0
27.0814197637608,88.07282401159925,,,0,2075.0
26.08925933664404,92.72803274667385,,,0,64.0
23.50861111,92.69805556,Mizoram,Aizawl,1,834.0
22.503,92.889,Mizoram,Lawngtlai,1,856.0
26.260333,95.104806,Nagaland,Noklak,1,1345.0
26.433889,94.864444,Nagaland,Longleng,1,762.0
26.14520796178109,93.8927509519707,,,0,124.0
25.109731172296765,91.82331094427322,,,0,11.0
25.21522561269787,92.69037116284336,,,0,1222.0
22.72137844398825,92.91672593788728,,,0,201.0
28.314581,95.966345,Arunachal Pradesh,Lower Dibang Valley,1,875.0
25.78017222,93.80064167,Nagaland,Chumoukedima,1,243.0
25.013161,93.529758,Manipur,Tamenglong,1,1070.0
23.462805,92.856093,Mizoram,Serchhip,1,1054.0
23.821894,92.569325,Mizoram,Mamit,1,714.0
24.808874,94.368466,Manipur,Kamjong,1,1566.0
24.34,93.66,Manipur,Churachandpur,1,1058.0
25.64046550858324,92.61131414092164,,,0,773.0
28.66437523811272,96.1508731855916,,,0,1442.0
25.448389,94.003139,Manipur,Senapati,1,1685.0
25.17365635599421,94.72182181484308,,,0,1869.0
25.562,94.168,Nagaland,Kohima,1,1276.0
28.43833727277387,95.07974751758898,,,0,460.0
22.616112032148703,93.08049274175664,,,0,1029.0
23.812167,92.835194,Mizoram,Aizawl,1,510.0
27.133801881126903,93.19844908337409,,,0,1637.0
22.862419,92.706055,Mizoram,Lunglei,1,473.0
24.279575,94.077164,Manipur,Chandel,1,1344.0
25.49896161087977,94.73469223578364,,,0,2507.0
25.455672,93.737492,Nagaland,Peren,1,1548.0
27.293806,93.050139,Arunachal Pradesh,East Kameng,1,1226.0
27.84860951491563,94.0453065628189,,,0,1808.0
24.23,93.08,Manipur,Pherzawl,1,754.0
25.052789909874,92.89312493905908,,,0,740.0
27.254756,93.801303,Arunachal Pradesh,Lower Subansiri,1,288.0
23.54805556,92.70138889,Mizoram,Aizawl,1,772.0
25.353329920909964,92.16362287334935,,,0,1236.0
23.11239,92.745417,Mizoram,Lunglei,1,838.0
24.861440273232123,93.3070482422367,,,0,1004.0
22.872849,92.748711,Mizoram,Lunglei,1,1008.0
25.821262094554964,91.58941844361532,,,0,365.0
23.353803,92.794306,Mizoram,Aizawl,1,1369.0
25.67228794899583,91.7333544189552,,,0,944.0
25.1616420274792,94.03852156231208,,,0,1239.0
27.821861,94.104806,Arunachal Pradesh,Kamle,1,1051.0
26.849624,95.320878,Arunachal Pradesh,Longding,1,1075.0
24.21,93.3,Manipur,Churachandpur,1,886.0
28.202844,95.811201,Arunachal Pradesh,Lower Dibang Valley,1,876.0
28.35137486380813,95.62811697871288,,,0,1175.0
23.08247250244293,92.4766200621994,,,0,136.0
26.038499522768696,94.91997678877308,,,0,747.0
25.417167,94.578556,Manipur,Ukhrul,1,1523.0
24.539176245481816,93.000242887306,,,0,469.0
27.163388,95.746685,Arunachal Pradesh,Changlang,1,724.0
23.047367,92.772849,Mizoram,Lunglei,1,1022.0
24.140686450008538,94.2300804659897,,,0,290.0
23.41805556,92.77111111,Mizoram,Aizawl,1,1245.0
21.930538549904256,92.71895506296003,,,0,159.0
23.187473,92.734547,Mizoram,Lunglei,1,840.0
25.831746256033373,91.71701670533922,,,0,694.0
25.13208119048144,92.01668569935576,,,0,13.0
23.936453560584965,91.51640284853109,,,0,144.0
23.60111111,92.7225,Mizoram,Aizawl,1,699.0
25.47203863827748,94.30372006967612,,,0,2234.0
23.919311260810577,93.4663581193141,,,0,1317.0
26.169111,95.041361,Nagaland,Noklak,1,957.0
26.352454669067026,94.2010715109481,,,0,261.0
28.15665172796441,96.61125057619812,,,0,2725.0
24.751222,93.459722,Manipur,Noney,1,466.0
28.2848768811441,95.11410266840768,,,0,1550.0
26.8861876088641,95.66892840584728,,,0,1739.0
23.720611,92.692722,Mizoram,Aizawl,1,871.0
28.31297994855944,94.58986485474108,,,0,1706.0
24.524125,93.816333,Manipur,Bishnupur,1,794.0
24.961853870206006,93.24826889290937,,,0,114.0
25.03671771346376,92.17506563940516,,,0,14.0
24.429599609592685,92.99267884904768,,,0,275.0
25.322822,94.088994,Manipur,Senapati,1,1174.0
26.264444,94.815556,Nagaland,Tuensang,1,1278.0
25.915444,94.119639,Nagaland,Kohima,1,1162.0
25.360351,91.974979,Meghalaya,East Khasi Hills,1,1193.0
26.156633,91.938576,Assam,Kamrup (Metro),1,109.0
25.52370934808756,91.04562385992726,,,0,859.0
25.33576505397006,93.9171102406954,,,0,1911.0
28.43029943636993,95.74741417889308,,,0,1452.0
28.22537220107824,95.3027678092117,,,0,1252.0
24.837576,94.337593,Manipur,Kamjong,1,1171.0
28.61212493446194,94.85334008701192,,,0,1913.0
25.52165012071677,94.43548099442486,,,0,852.0
28.568694,95.143556,Arunachal Pradesh,Upper Siang,1,1107.0
25.937847191000323,91.16337787911806,,,0,56.0
27.700744962898558,92.09362787916623,,,0,4605.0
23.391983,93.376078,Mizoram,Champhai,1,1167.0
27.546278,92.981472,Arunachal Pradesh,East Kameng,1,611.0
27.232639,88.378417,Sikkim,South Sikkim,1,2123.0
25.16525,94.354611,Manipur,Ukhrul,1,1714.0
27.743842065806803,96.53354780923276,,,0,1857.0
25.049444,92.79725,Assam,Dima Hasao,1,110.0
22.27078419538615,92.96804405476426,,,0,450.0
27.82328229628836,96.28677986427184,,,0,267.0
28.110196022504336,95.61377452406066,,,0,201.0
27.220889,88.652278,Sikkim,East Sikkim,1,1004.0
22.585528417180136,92.77724586617543,,,0,413.0
26.097806815881007,95.13182587202525,,,0,2476.0
25.165222,93.697722,Manipur,Tamenglong,1,959.0
27.268944,88.2875,Sikkim,West Sikkim,1,587.0
26.25585149258789,93.10569591156148,,,0,91.0
26.850540773853737,94.75398158821795,,,0,104.0
25.593057345630967,93.22323906328442,,,0,399.0
27.579023396612808,88.39818910546079,,,0,1570.0
28.582183676811614,94.76905437177103,,,0,1915.0
26.93174770968158,92.88705874003576,,,0,105.0
23.687833,92.722444,Mizoram,Aizawl,1,1018.0
27.07153937729044,95.85291381480612,,,0,1205.0
25.27089965496257,94.23089606157616,,,0,1075.0
23.69944444,92.71972222,Mizoram,Aizawl,1,1070.0
23.013925724857916,92.57155823124884,,,0,190.0
26.31172901482152,92.40969790375144,,,0,59.0
22.414143941227145,92.8112996862926,,,0,439.0
22.018072832910143,92.8131925332711,,,0,439.0
27.157694,88.522194,Sikkim,East Sikkim,1,598.0
23.20875,92.538361,Mizoram,Lunglei,1,729.0
24.4455,94.229722,Manipur,Tengnoupal,1,1374.0
23.05437573207052,93.43389383899714,,,0,1152.0
25.10945081821301,92.48747583249109,,,0,874.0
25.152389,93.712833,Manipur,Tamenglong,1,824.0
28.36357520011304,95.64176578767253,,,0,1841.0
24.57470833,93.13897222,Mizoram,Kolasib,1,349.0
23.47694444,92.857846,Mizoram,Serchhip,1,1053.0
25.66806,94.05525,Nagaland,Kohima,1,1301.0
24.51622222,92.77669444,Mizoram,Kolasib,1,148.0
24.7651629489252,92.60424411130124,,,0,20.0
26.235678,94.942004,Nagaland,Tuensang,1,1521.0
28.263228,95.570962,Arunachal Pradesh,Lower Dibang Valley,1,509.0
26.190866870660336,95.12288293199327,,,0,2531.0
22.883656,92.715782,Mizoram,Lunglei,1,611.0
25.64314417733526,91.43095362325673,,,0,1237.0
23.97390976568996,94.21150018996728,,,0,168.0
24.754685879841205,94.4541563784686,,,0,581.0
23.44290757350861,92.45099035623927,,,0,177.0
27.324944,88.213861,Sikkim,West Sikkim,1,1597.0
26.806293121474926,94.7731261673088,,,0,108.0
25.325194,94.511861,Manipur,Ukhrul,1,1281.0
25.04235604040564,92.98849571256856,,,0,593.0
27.189222,88.391056,Sikkim,South Sikkim,1,1883.0
23.640448,93.343559,Mizoram,Champhai,1,1167.0
25.182254,91.618979,Meghalaya,East Khasi Hills,1,95.0
28.092726291725736,95.77491271282835,,,0,211.0
24.724406,93.514431,Manipur,Noney,1,350.0
24.829242428310728,93.31510799163176,,,0,794.0
24.36611111,92.71872222,Mizoram,Kolasib,1,132.0
27.36041934912509,92.8478666174873,,,0,802.0
26.212222,94.234,Nagaland,Wokha,1,379.0
25.523,93.955,Manipur,Senapati,1,1754.0
26.2851700069919,91.82764189314328,,,0,52.0
25.571,94.253,Nagaland,Phek,1,1889.0
26.316056,94.403972,Nagaland,Mokokchung,1,968.0
25.278177904657703,92.03292548627616,,,0,997.0
27.242139,88.327389,Sikkim,West Sikkim,1,1317.0
25.42777783288827,94.67817325583285,,,0,2267.0
23.7375,92.69444444,Mizoram,Aizawl,1,979.0
28.89124735639965,96.20542126065376,,,0,3823.0
27.288425,92.769407,Arunachal Pradesh,West Kameng,1,846.0
23.209857,92.500587,Mizoram,Lunglei,1,611.0
27.98324456342045,96.3095013456,,,0,1624.0
27.519497691288965,92.18508228234644,,,0,2921.0
28.204257183501625,96.27597433142232,,,0,3409.0
23.652972,92.6985,Mizoram,Aizawl,1,912.0
26.10725,92.44,Assam,Nagaon,1,256.0
24.808611,93.729078,Manipur,Noney,1,1092.0
25.732909,93.685619,Nagaland,Chumoukedima,1,255.0
22.886652,92.724503,Mizoram,Lunglei,1,636.0
23.000010501271,93.1643369021024,,,0,924.0
26.9774699822307,88.48276082558627,,,0,735.0
28.092050752077952,95.86355701435832,,,0,307.0
24.985944,93.504944,Manipur,Tamenglong,1,1260.0
24.37,93.72,Manipur,Churachandpur,1,819.0
25.042778,92.432472,Meghalaya,East Jaintia Hills,1,284.0
24.967587007926607,94.77384775584608,,,0,1024.0
26.20892627652081,92.35197524798744,,,0,58.0
26.34938,93.78091,Assam,Karbi Anglong,1,235.0
25.994619,91.577214,Meghalaya,Ri-Bhoi,1,378.0
26.32693795013894,91.795690132155,,,0,58.0
25.743426011578947,92.63131511085824,,,0,626.0
27.431596677014745,88.22883967571015,,,0,3084.0
28.408670064694302,95.33629439534388,,,0,2177.0
23.878169666220884,93.63020540897968,,,0,1700.0
24.97442119571065,92.01265956130722,,,0,65.0
25.735,94.02,Nagaland,Kohima,1,969.0
26.61080361508079,95.26256414240449,,,0,840.0
27.18815,88.562083,Sikkim,East Sikkim,1,443.0
28.11445990290903,95.49281715087348,,,0,204.0
25.881069215430152,92.32184681816064,,,0,571.0
23.160261,92.74337,Mizoram,Lunglei,1,859.0
25.209053188861727,93.91750536453188,,,0,1388.0
23.415614608380565,92.53245072355938,,,0,426.0
26.59,94.983056,Nagaland,Mon,1,593.0
23.957307383691727,92.52355163478384,,,0,88.0
26.019779246713096,91.67327315793683,,,0,403.0
25.88165,94.19023,Nagaland,Tseminyu,1,1399.0
27.55286761811395,94.58768238499366,,,0,102.0
27.194111,93.780944,Arunachal Pradesh,Papum Pare,1,208.0
25.814608512987583,91.29155758313765,,,0,365.0
28.27618279256439,95.3401164743482,,,0,1660.0
25.674,94.085,Nagaland,Kohima,1,1314.0
23.677657472111097,91.6222330000448,,,0,44.0
27.160367387575103,88.81566933639148,,,0,2226.0
25.258603,92.38555,Meghalaya,East Jaintia Hills,1,834.0
25.091361,92.356889,Meghalaya,East Jaintia Hills,1,204.0
27.37899437343904,93.7101673099912,,,0,1536.0
23.49527778,92.70472222,Mizoram,Aizawl,1,930.0
25.86462972436548,93.35453294260496,,,0,238.0
23.45593320055673,92.51022269907232,,,0,880.0
27.465352532577747,93.74667345694996,,,0,1124.0
25.467167,94.551528,Manipur,Ukhrul,1,1229.0
28.082576,96.464869,Arunachal Pradesh,Anjaw,1,860.0
25.692947,91.648044,Meghalaya,West Khasi Hills,1,1179.0
24.133306,92.27775,Tripura,North Tripura,1,401.0
28.055006782627892,94.9963029889053,,,0,1294.0
28.243322,95.921911,Arunachal Pradesh,Lower Dibang Valley,1,2638.0
26.905505832260467,92.56733088519476,,,0,113.0
24.826694,93.467944,Manipur,Noney,1,757.0
27.379527259536868,88.15111892267763,,,0,3354.0
26.065972,94.270389,Nagaland,Wokha,1,1639.0
25.07191342191418,91.44271579614,,,0,11.0
23.94808559558049,92.59176454298186,,,0,601.0
26.037847,94.635525,Nagaland,Zunheboto,1,2024.0
28.823766,95.922046,Arunachal Pradesh,Dibang Valley,1,1614.0
26.19257,94.558955,Nagaland,Zunheboto,1,1595.0
25.730058571588124,93.33627872581596,,,0,218.0
25.85189,93.56633,Assam,Karbi Anglong,1,249.0
25.075419865884164,92.5705016728445,,,0,386.0
24.83970664302228,92.89826022496456,,,0,21.0
27.437333,93.029667,Arunachal Pradesh,East Kameng,1,944.0
27.827806,93.972167,Arunachal Pradesh,Upper Subansiri,1,717.0
25.729,94.083,Nagaland,Kohima,1,1362.0
27.6451,93.8706,Arunachal Pradesh,Lower Subansiri,1,1672.0
24.61367075047304,94.45290119360348,,,0,431.0
22.913624,92.508827,Mizoram,Lunglei,1,130.0
25.14244980163162,91.86382272200936,,,0,15.0
23.663354,93.023297,Mizoram,Aizawl,1,520.0
27.49892599776096,93.84682850630897,,,0,1640.0
28.25815710877348,95.36814814492504,,,0,1103.0
25.549139,91.244417,Meghalaya,West Khasi Hills,1,1348.0
25.043914,92.423556,Meghalaya,East Jaintia Hills,1,198.0
23.918389,92.923472,Mizoram,Aizawl,1,1106.0
25.833644,94.518333,Nagaland,Kiphire,1,816.0
27.662194,94.702667,Arunachal Pradesh,West Siang,1,172.0
23.13506345394033,92.33565100396068,,,0,372.0
25.192814441062737,94.80331136097412,,,0,1433.0
27.01464104391698,88.38747122917084,,,0,974.0
22.26467698123013,93.27832715365258,,,0,2019.0
23.742696,93.378058,Mizoram,Champhai,1,1350.0
27.063067793134596,96.01708104069608,,,0,700.0
28.45723207896269,96.00448096158752,,,0,2271.0
24.171459,92.641035,Mizoram,Kolasib,1,140.0
24.818936,93.688939,Manipur,Noney,1,636.0
25.063861,94.614972,Manipur,Ukhrul,1,1012.0
27.47178159815933,88.1526460749874,,,0,3536.0
22.455999,92.962997,Mizoram,Saiha,1,644.0
23.249056,92.546501,Mizoram,Lunglei,1,1177.0
27.06930019413725,95.02798965973474,,,0,108.0
24.77428925080239,92.9762202492802,,,0,27.0
23.397417,93.385722,Mizoram,Champhai,1,1041.0
27.26175,88.2945,Sikkim,West Sikkim,1,597.0
28.19794453350021,96.07420366647234,,,0,2617.0
24.18055556,92.69555556,Mizoram,Kolasib,1,713.0
26.19193644829101,92.23432138811084,,,0,61.0
22.978535433021296,93.38482752410398,,,0,1204.0
26.83840478296809,95.1966059404634,,,0,514.0
26.85879851755325,94.86410717642532,,,0,517.0
23.228361,92.916832,Mizoram,Serchhip,1,572.0
25.292417,93.498972,Nagaland,Peren,1,1437.0
23.081569,93.320633,Mizoram,Champhai,1,1113.0
23.137565,92.747197,Mizoram,Lunglei,1,879.0
23.24774,92.671333,Mizoram,Lunglei,1,927.0
24.429223207589637,93.76485454685036,,,0,777.0
23.52944444,92.72944444,Mizoram,Aizawl,1,989.0
27.254778,88.542444,Sikkim,East Sikkim,1,635.0
24.62,93.17,Manipur,Jiribam,1,356.0
24.855966679500145,92.78599875990886,,,0,21.0
23.3466,92.854847,Mizoram,Serchhip,1,897.0
25.552,94.362,Nagaland,Phek,1,1594.0
25.215611,92.077361,Meghalaya,West Jaintia Hills,1,685.0
23.189108,92.547783,Mizoram,Lunglei,1,489.0
25.68667,94.06361,Nagaland,Kohima,1,1064.0
25.504325662164103,94.4492915449636,,,0,1083.0
27.381465950674805,94.03786110464031,,,0,412.0
27.37908253252237,93.1372717306323,,,0,1840.0
23.76143011360832,92.9107457687682,,,0,803.0
26.253611,94.616639,Nagaland,Tuensang,1,1594.0
28.319141,95.956918,Arunachal Pradesh,Lower Dibang Valley,1,1242.0
23.51932941618586,92.44623575508452,,,0,361.0
25.06255464910966,93.12745094731376,,,0,694.0
24.54791057286725,94.02955500110856,,,0,776.0
27.083054,95.639328,Arunachal Pradesh,Tirap,1,1025.0
25.10125,94.510806,Manipur,Ukhrul,1,1536.0
25.565569,90.808153,Meghalaya,South Garo hills,1,413.0
25.038781718944897,94.76484511009583,,,0,1588.0
26.72875,95.031194,Nagaland,Mon,1,678.0
28.442535934480176,94.98151607031082,,,0,2177.0
24.23,93.94,Manipur,Chandel,1,998.0
25.665,94.216,Nagaland,Phek,1,809.0
26.775889,95.072694,Nagaland,Mon,1,1020.0
23.70666667,92.71444444,Mizoram,Aizawl,1,1029.0
25.156722,93.723889,Manipur,Tamenglong,1,734.0
27.13285918524633,94.05561607986148,,,0,88.0
25.38681216851997,90.43783156264313,,,0,445.0
27.552528,88.653528,Sikkim,North Sikkim,1,1406.0
25.652639,94.7705,Nagaland,Phek,1,1945.0
27.3920794248894,89.01865837506331,,,0,3375.0
26.961109348992103,93.0295269678856,,,0,284.0
24.842778,94.357583,Manipur,Kamjong,1,1512.0
25.42025,94.578222,Manipur,Ukhrul,1,1498.0
22.89644720207972,93.1329531886619,,,0,299.0
25.821589,94.708056,Nagaland,Kiphire,1,1386.0
25.324731,94.086558,Manipur,Senapati,1,1209.0
26.319653468572607,92.41597589883216,,,0,63.0
24.954263254023683,91.65092943760624,,,0,11.0
25.50099848191989,94.4627553615018,,,0,1014.0
25.614912,91.871711,Meghalaya,East Khasi Hills,1,1279.0
25.05250653511697,93.00252047183812,,,0,856.0
27.801194,93.541944,Arunachal Pradesh,Kurung Kumey,1,916.0
25.057167,94.532194,Manipur,Ukhrul,1,1572.0
26.836771606753903,94.92464600330898,,,0,220.0
25.263279205459533,94.17643112075568,,,0,2016.0
24.515944,92.540889,Assam,Hailakandi,1,57.0
23.657642,93.349683,Mizoram,Champhai,1,1167.0
22.83675,92.79922,Mizoram,Lunglei,1,1051.0
24.955167,94.157778,Manipur,Ukhrul,1,1049.0
25.067306,93.604861,Manipur,Tamenglong,1,993.0
26.97282255814476,88.15505871126913,,,0,2046.0
26.33,94.279833,Nagaland,Wokha,1,836.0
23.839417,92.910972,Mizoram,Aizawl,1,1145.0
27.216845218138857,94.04317246000154,,,0,94.0
25.62987083171813,92.12083336723212,,,0,962.0
25.72194,94.0855,Nagaland,Kohima,1,1373.0
23.3761456736928,93.53295555397712,,,0,1830.0
24.45131667,93.60013333,Mizoram,Aizawl,1,729.0
27.340917,88.628389,Sikkim,East Sikkim,1,1983.0
25.45258613978868,94.31553577379503,,,0,2001.0
26.51152643835553,95.13964129722729,,,0,1348.0
24.834069,93.578039,Manipur,Noney,1,329.0
25.007917,94.452972,Manipur,Ukhrul,1,1817.0
25.60440107353613,92.6168727483648,,,0,708.0
27.663030841749283,94.01942072248734,,,0,1792.0
24.2141454778991,92.09848286455365,,,0,44.0
22.497765139679743,92.46080436135414,,,0,244.0
24.44,92.56,Assam,Hailakandi,1,36.0
26.351928180715117,91.71778253182389,,,0,53.0
26.9935685018104,88.35108227450843,,,0,1030.0
23.103046,92.8983,Mizoram,Lunglei,1,693.0
27.06387468000049,88.65096090954383,,,0,1637.0
27.93089468137624,94.20726825370912,,,0,1330.0
23.619059000062855,93.4426637108396,,,0,1096.0
25.588,94.292,Nagaland,Phek,1,2030.0
28.209024848565488,95.35927114197284,,,0,481.0
25.81895953069896,93.20796543462016,,,0,330.0
28.238232624875156,94.66281699150794,,,0,286.0
26.155083,94.250361,Nagaland,Wokha,1,1010.0
28.35823733418042,95.65155868172576,,,0,1716.0
27.828216111369127,95.2057637352674,,,0,132.0
25.99611048632351,91.44045671581478,,,0,52.0
23.28503973593677,93.50696261497404,,,0,2377.0
25.52,93.958,Manipur,Senapati,1,1889.0
25.13877149003764,94.82643511655704,,,0,1310.0
27.66,93.8799,Arunachal Pradesh,Lower Subansiri,1,1595.0
25.68894622365672,92.26709021135042,,,0,895.0
27.409667,88.543722,Sikkim,North Sikkim,1,1517.0
25.637966313934324,93.04719469450303,,,0,248.0
22.89682,92.832611,Mizoram,Lunglei,1,696.0
23.54600556,93.09247222,Mizoram,Kolasib,1,791.0
27.48455903047639,88.29703340325133,,,0,3948.0
25.426306,92.181278,Meghalaya,West Jaintia Hills,1,1359.0
27.260099135440303,92.68608241315629,,,0,983.0
26.20020791240667,95.10411375433571,,,0,1490.0
26.06097232462619,93.87557699280606,,,0,135.0
25.050417,94.551167,Manipur,Ukhrul,1,1792.0
25.282608,91.867354,Meghalaya,East Khasi Hills,1,1155.0
25.90964565445732,93.58739952019994,,,0,178.0
25.083361,92.361083,Meghalaya,East Jaintia Hills,1,212.0
26.188227,94.812988,Nagaland,Tuensang,1,1960.0
23.151417,93.283077,Mizoram,Champhai,1,1434.0
26.939877320483085,93.53863158946342,,,0,111.0
25.128194,94.440417,Manipur,Ukhrul,1,1852.0
27.772194,93.59325,Arunachal Pradesh,Kra Daadi,1,810.0
28.35298476162524,95.86218303247009,,,0,1876.0
27.96119837712594,94.04760472103035,,,0,2103.0
25.100057796817925,93.22882243134109,,,0,435.0
28.347912450124053,95.61189731058715,,,0,999.0
27.06231661882284,92.34097778641478,,,0,1461.0
24.57467222,93.14389722,Mizoram,Kolasib,1,584.0
23.473611,93.243069,Mizoram,Champhai,1,895.0
26.013657023367703,94.71879201518452,,,0,1930.0
22.66,92.71,Mizoram,Lunglei,1,249.0
27.549194,88.583556,Sikkim,North Sikkim,1,1811.0
25.275028,93.616306,Nagaland,Peren,1,1127.0
24.58585,92.70274,Assam,Cachar,1,53.0
26.404167,94.870278,Nagaland,Longleng,1,911.0
22.96171740425433,92.54027297394856,,,0,167.0
25.47836033656738,94.3162776035463,,,0,2157.0
23.044274075679933,92.26289884903277,,,0,49.0
23.940333,92.680833,Mizoram,Aizawl,1,254.0
23.41888889,92.76777778,Mizoram,Aizawl,1,1165.0
23.07006,92.764514,Mizoram,Lunglei,1,793.0
27.378611,88.631083,Sikkim,East Sikkim,1,1816.0
25.974614957827814,94.95601654956442,,,0,981.0
28.426360574022027,95.73189584271822,,,0,1709.0
24.01598827598925,94.16716306139448,,,0,463.0
24.102008,92.791628,Mizoram,Aizawl,1,896.0
27.62655902579648,93.2085616164896,,,0,2054.0
22.68,92.69,Mizoram,Lunglei,1,320.0
26.834556,95.081111,Nagaland,Mon,1,289.0
23.73944444,92.81333333,Mizoram,Aizawl,1,438.0
26.222329361279662,92.51416028905436,,,0,61.0
24.652556,94.389194,Manipur,Kamjong,1,696.0
24.772806,93.457417,Manipur,Noney,1,527.0
25.1992693901264,93.50125842432443,,,0,1137.0
27.413171284321336,93.66632970953042,,,0,1001.0
27.327749958534923,96.290457779033,,,0,497.0
24.806417,94.505778,Manipur,Kamjong,1,1118.0
28.429931,94.6778,Arunachal Pradesh,West Siang,1,544.0
24.629934708235616,92.91593718864604,,,0,35.0
28.081759963956923,95.0702526886746,,,0,1476.0
23.48375,93.212611,Mizoram,Champhai,1,1039.0
23.538538,93.158251,Mizoram,Champhai,1,1051.0
27.712758909480893,93.717459366933,,,0,1346.0
23.696577,92.967198,Mizoram,Saitual,1,1115.0
22.11,92.86,Mizoram,Saiha,1,414.0
27.83635144029861,96.45384803408736,,,0,1290.0
28.59842877097928,95.7564858036451,,,0,1190.0
26.760718666237207,94.36049028678428,,,0,102.0
25.569569,93.788068,Nagaland,Peren,1,1528.0
23.74055556,92.71222222,Mizoram,Aizawl,1,872.0
26.158639,91.921889,Assam,Kamrup,1,119.0
24.007681118630728,92.01639568005226,,,0,94.0
25.60709228741001,91.98692030577224,,,0,1298.0
24.835611,94.519722,Manipur,Kamjong,1,1380.0
27.20683333,88.48930556,Sikkim,East Sikkim,1,348.0
22.826787136094943,92.42682804194052,,,0,88.0
25.462978947033434,93.89343346211884,,,0,1987.0
28.091320219710276,93.8610953100704,,,0,1903.0
23.430917,93.171889,Mizoram,Champhai,1,918.0
22.60817265635508,92.46409521072069,,,0,160.0
24.07,94.03,Manipur,Chandel,1,1017.0
28.404482168460355,96.23272398258987,,,0,3311.0
26.2016852518136,95.1677994646404,,,0,2203.0
25.527489,92.415139,Meghalaya,West Jaintia hills,1,1248.0
28.25736,95.55087,Arunachal Pradesh,Lower Dibang Valley,1,623.0
24.44857778,93.15738611,Mizoram,Kolasib,1,75.0
24.450125,93.35963889,Mizoram,Kolasib,1,328.0
28.26053,95.904556,Arunachal Pradesh,Lower Dibang Valley,1,2490.0
28.229114,95.780019,Arunachal Pradesh,Lower Dibang Valley,1,888.0
22.763573030561567,92.77484028825032,,,0,438.0
28.269062,95.610767,Arunachal Pradesh,Lower Dibang Valley,1,470.0
23.914278,93.178864,Mizoram,Champhai,1,988.0
26.297306,93.211833,Assam,Karbi Anglong,1,151.0
25.508,91.225694,Meghalaya,West Khasi Hills,1,1378.0
26.28000319856984,95.17328160853862,,,0,1169.0
26.390417,94.617556,Nagaland,Mokokchung,1,1361.0
25.566518,91.914509,Meghalaya,East Khasi Hills,1,1540.0
27.98747,96.41133,Arunachal Pradesh,Anjaw,1,401.0
24.726457208692327,93.5752812118172,,,0,682.0
23.458778,93.263222,Mizoram,Champhai,1,835.0
25.77360556,93.80462222,Nagaland,Chumoukedima,1,249.0
27.175778,88.402417,Sikkim,South Sikkim,1,1942.0
25.896511,94.646325,Nagaland,Kiphire,1,2016.0
25.267278165684097,94.75318252511296,,,0,1491.0
23.146333,93.30675,Mizoram,Champhai,1,1609.0
25.2071,91.741225,Meghalaya,East Khasi Hills,1,693.0
25.461542474449388,93.05858119843036,,,0,206.0
27.270347362791256,96.50608389943436,,,0,1273.0
25.893986568896874,93.93727173032568,,,0,198.0
24.641369,93.623008,Manipur,Noney,1,516.0
23.805779,93.027115,Mizoram,Aizawl,1,722.0
28.105233035544625,95.54932118926315,,,0,207.0
26.048611,92.432194,Assam,West Karbi Anglong,1,438.0
25.24,93.28,Assam,Dima Hasao,1,959.0
25.63,90.33,Meghalaya,West Garo Hills,1,650.0
25.531,93.762,Nagaland,Peren,1,791.0
25.700506,94.775633,Nagaland,Phek,1,1418.0
27.91178774925264,88.41300986653695,,,0,4700.0
24.997616620249357,92.19368475588108,,,0,12.0
24.22166667,93.00305556,Mizoram,Aizawl,1,377.0
24.14,93.42,Manipur,Churachandpur,1,693.0
27.29976,96.012691,Arunachal Pradesh,Changlang,1,293.0
25.696,94.079,Nagaland,Kohima,1,1189.0
27.162781,88.484864,Sikkim,South Sikkim,1,1160.0
25.645,93.992,Nagaland,Kohima,1,2043.0
25.428597,93.312597,Assam,Dima Hasao,1,370.0
26.94256613622191,93.70377177024965,,,0,89.0
23.41111764093972,92.63575124939518,,,0,794.0
28.20463440026871,96.60533880035126,,,0,3180.0
25.168574810276528,94.71627078832324,,,0,2018.0
25.3763,91.874028,Meghalaya,East Khasi Hills,1,1512.0
24.982694,93.507,Manipur,Tamenglong,1,1305.0
23.98147370789575,91.71579019201296,,,0,90.0
26.24354692966701,92.47334496619288,,,0,62.0
23.88059733682188,92.07928741009356,,,0,116.0
22.186750205018583,92.51184877124795,,,0,201.0
22.73967174154572,92.46045545639495,,,0,69.0
27.4521763858106,92.2046408349746,,,0,2090.0
24.9252,94.3371,Manipur,Noney,1,1490.0
22.538,92.857002,Mizoram,Lawngtlai,1,909.0
27.253889,88.210028,Sikkim,West Sikkim,1,1406.0
27.839817,94.778642,Arunachal Pradesh,West Siang,1,493.0
27.127194,88.308306,Sikkim,West Sikkim,1,331.0
26.247056,94.479694,Nagaland,Zunheboto,1,1008.0
25.207515,91.746839,Meghalaya,East Khasi Hills,1,536.0
23.514479,93.369982,Mizoram,Champhai,1,1359.0
26.84057702640984,93.69906892290756,,,0,78.0
25.767167,94.078556,Nagaland,Kohima,1,1290.0
23.647337442918214,92.38315706032922,,,0,273.0
24.95757519239476,94.74667750775056,,,0,832.0
22.822599,92.624512,Mizoram,Lunglei,1,177.0
23.83959947129226,92.45245565097412,,,0,354.0
28.342551,94.987136,Arunachal Pradesh,East Siang,1,450.0
26.938834987108297,94.88134878871828,,,0,115.0
27.031436354214343,92.3797931567083,,,0,708.0
24.90232303658093,92.35044276479488,,,0,19.0
24.769192290031395,94.86563110396057,,,0,123.0
24.96274585101853,94.2864952726195,,,0,978.0
26.641979119417112,95.4327486973955,,,0,2016.0
25.722,94.082,Nagaland,Kohima,1,1310.0
25.148083,92.180639,Meghalaya,West Jaintia Hills,1,163.0
24.525623494060994,93.3008016447677,,,0,376.0
25.382898,91.757906,Meghalaya,East Khasi Hills,1,1775.0
24.90077492558765,92.3770943694656,,,0,17.0
27.351372179231515,92.01017508298088,,,0,4283.0
22.67,92.69,Mizoram,Lunglei,1,223.0
23.017873249958612,92.51367126107672,,,0,236.0
25.431361,94.560861,Manipur,Ukhrul,1,1292.0
24.34966667,92.75888889,Mizoram,Kolasib,1,62.0
24.34,92.66,Mizoram,Kolasib,1,43.0
28.577176400456683,95.7567847667622,,,0,1927.0
23.467005,93.315107,Mizoram,Champhai,1,1390.0
27.1215,88.142222,Sikkim,West Sikkim,1,1245.0
26.090960454505986,90.11278563626507,,,0,29.0
25.624778,91.16775,Meghalaya,West Khasi Hills,1,1239.0
27.380806,88.726,Sikkim,East Sikkim,1,3597.0
26.038372708043735,92.68803118834693,,,0,67.0
25.158138,93.024778,Assam,Dima Hasao,1,543.0
23.40692873922529,92.58491815393673,,,0,458.0
25.313929,93.10485,Assam,Dima Hasao,1,434.0
25.20128804745581,94.19596562113227,,,0,1002.0
25.471854,93.726986,Nagaland,Peren,1,1530.0
23.88113889,92.87755556,Mizoram,Aizawl,1,928.0
24.8587,93.61439,Manipur,Noney,1,383.0
24.969479,94.483082,Manipur,Kamjong,1,1586.0
23.201614,92.734453,Mizoram,Lunglei,1,763.0
25.209703,91.646662,Meghalaya,East Khasi Hills,1,611.0
26.97713715124787,95.92177603187272,,,0,1421.0
25.750978,94.483064,Nagaland,Phek,1,742.0
25.64558576656264,94.65740336331125,,,0,1026.0
27.72363119858185,96.25437431419708,,,0,274.0
24.46373401241509,93.95913017372378,,,0,776.0
23.182417,93.246498,Mizoram,Champhai,1,1507.0
26.6035342810092,95.18906459799796,,,0,1371.0
23.636699,93.083183,Mizoram,Champhai,1,1130.0
25.651,94.121,Nagaland,Kohima,1,1252.0
27.131129,95.689613,Arunachal Pradesh,Changlang,1,659.0
22.394558999280285,92.536429799931,,,0,153.0
25.452720420456437,94.21970602600636,,,0,1235.0
26.45576577370208,95.18838960250724,,,0,1688.0
27.786833,94.720111,Arunachal Pradesh,West Siang,1,814.0
23.66027778,92.72694444,Mizoram,Aizawl,1,859.0
23.545766,93.147931,Mizoram,Khawzawl,1,946.0
26.33536760834033,93.60101397054682,,,0,621.0
25.466083,94.552889,Manipur,Ukhrul,1,1265.0
22.804358,92.816559,Mizoram,Lunglei,1,832.0
25.221572,91.185833,Meghalaya,South West Khasi Hills,1,480.0
27.062217457123808,93.7332931771878,,,0,254.0
23.53861111,92.65916667,Mizoram,Aizawl,1,547.0
24.015858,92.797666,Mizoram,Aizawl,1,620.0
23.88950850588174,93.52691118646408,,,0,817.0
25.765701882115984,90.91091128397464,,,0,513.0
28.026077993347677,95.96190979936964,,,0,269.0
25.680167,94.837944,Nagaland,Phek,1,927.0
25.552,94.149,Nagaland,Kohima,1,1478.0
27.86763792854676,94.07925340079169,,,0,1874.0
23.64166667,92.71833333,Mizoram,Aizawl,1,559.0
23.15338954282177,93.48035695942106,,,0,1764.0
22.89,92.46,Mizoram,Lunglei,1,114.0
27.453919110084207,91.87155172664524,,,0,3385.0
22.58340096208887,93.11615567547612,,,0,1025.0
26.633776912638773,95.32400229019032,,,0,1696.0
28.30084759143112,95.35921098921418,,,0,2816.0
24.243567,92.645801,Mizoram,Kolasib,1,73.0
24.433611,94.250611,Manipur,Tengnoupal,1,1299.0
25.864300183958072,93.92498051916924,,,0,269.0
22.586,92.870003,Mizoram,Lawngtlai,1,971.0
28.355548291512434,95.63431166581783,,,0,1494.0
25.35465,92.5735,Meghalaya,East Jaintia Hills,1,1001.0
24.441683,94.179211,Manipur,Tengnoupal,1,1454.0
25.479069,90.807167,Meghalaya,West Khasi Hills,1,324.0
27.216278,93.655639,Arunachal Pradesh,Papum Pare,1,481.0
27.86775,93.465861,Arunachal Pradesh,Kurung Kumey,1,888.0
22.16,92.62,Mizoram,Lawngtlai,1,169.0
24.54197004261456,94.3095854436015,,,0,745.0
25.78,93.8,Nagaland,Dimapur,1,252.0
26.981191071072622,92.80927970446172,,,0,115.0
23.44596553960483,92.4966020869496,,,0,643.0
27.317569005262985,88.72795965855467,,,0,2044.0
25.440645318533115,93.80306979723518,,,0,1391.0
22.998728051745832,92.57928254953612,,,0,224.0
27.168167,88.384556,Sikkim,South Sikkim,1,1526.0
27.240696209074045,93.30194186833565,,,0,1456.0
26.492925662576035,94.12102596374966,,,0,91.0
25.47133850214991,94.28993718088124,,,0,1869.0
25.62,94.332,Nagaland,Phek,1,1800.0
22.60703844840033,92.74144984250414,,,0,346.0
25.618664012545413,90.95898430951009,,,0,881.0
26.80179357218275,92.81921695731198,,,0,76.0
24.951444,94.179278,Manipur,Ukhrul,1,929.0
24.245649,92.681551,Mizoram,Kolasib,1,505.0
22.914797,92.928406,Mizoram,Lunglei,1,433.0
27.637611,93.637722,Arunachal Pradesh,Kra Daadi,1,1717.0
27.3148075616859,88.70932155792921,,,0,2804.0
25.0,92.43,Assam,Cachar,1,22.0
25.4095,93.476639,Nagaland,Peren,1,694.0
25.537046020231426,93.40706971755338,,,0,632.0
27.01860578380202,88.03765584774712,,,0,2480.0
24.182669,92.950748,Mizoram,Aizawl,1,454.0
23.460697,92.747293,Mizoram,Aizawl,1,1465.0
25.104417,92.365028,Meghalaya,East Jaintia Hills,1,339.0
25.878525,94.947372,Nagaland,Kiphire,1,1839.0
25.829,94.075278,Nagaland,Kohima,1,778.0
28.175079,95.469602,Arunachal Pradesh,East Siang,1,375.0
25.444556365096695,90.4757879715682,,,0,786.0
28.148024482804384,94.19160007467828,,,0,623.0
25.97502615598765,93.84277955927756,,,0,138.0
23.427418,93.335544,Mizoram,Champhai,1,1287.0
25.49372953172872,93.31587603146215,,,0,585.0
23.26095875224202,92.36957117614249,,,0,93.0
27.482583,88.529528,Sikkim,North Sikkim,1,967.0
27.045928104126517,95.91687364094214,,,0,1623.0
27.255373643702693,88.96102177639166,,,0,3915.0
25.45748554922323,94.31042987178944,,,0,2403.0
25.108877,92.929125,Assam,Dima Hasao,1,260.0
28.261999,95.56626,Arunachal Pradesh,Lower Dibang Valley,1,485.0
28.102005,96.448473,Arunachal Pradesh,Anjaw,1,1377.0
23.67305556,92.72333333,Mizoram,Aizawl,1,908.0
26.82164705776156,95.18784906717946,,,0,926.0
25.597167,94.842028,Nagaland,Phek,1,1241.0
25.439889,92.181083,Meghalaya,West Jaintia Hills,1,1309.0
27.282333319314976,92.2162088852664,,,0,3310.0
25.085736718668723,93.54633351916532,,,0,1349.0
23.54194444,92.7,Mizoram,Aizawl,1,800.0
25.1464658978697,92.73934648080905,,,0,1538.0
23.63797,93.078826,Mizoram,Champhai,1,926.0
27.032617520781265,88.21789769810533,,,0,1510.0
22.88392,92.74256,Mizoram,Lunglei,1,941.0
25.613472,94.583333,Nagaland,Phek,1,953.0
25.191435412787783,92.85211312968558,,,0,860.0
22.15185511804852,93.10208897989928,,,0,1232.0
27.437312164978355,93.75467277762957,,,0,1134.0
25.560844,94.773214,Nagaland,Phek,1,1073.0
22.883036,92.557152,Mizoram,Lunglei,1,179.0
25.421111,94.077,Manipur,Senapati,1,1501.0
24.62669984721535,93.91224600151416,,,0,772.0
25.95,91.28,Assam,Kamrup (Rural),1,68.0
23.92425,92.925222,Mizoram,Aizawl,1,1117.0
27.03134180544672,92.5233791585977,,,0,882.0
24.227548351378488,93.4853722663198,,,0,1038.0
27.237253873095245,92.88244844354509,,,0,887.0
25.130722,93.663583,Manipur,Tamenglong,1,1193.0
28.646753146412227,95.99647029787214,,,0,1058.0
25.47542,90.698611,Meghalaya,South Garo hills,1,329.0
24.09,92.4,Mizoram,Mamit,1,379.0
24.24,93.19,Manipur,Pherzawl,1,1038.0
23.52555556,92.65333333,Mizoram,Aizawl,1,377.0
24.65836610379758,94.5663060317072,,,0,228.0
27.640473477160555,92.01718110039684,,,0,3345.0
22.17,93.0,Mizoram,Saiha,1,1257.0
24.34,93.32,Manipur,Churachandpur,1,318.0
25.39799,90.69972,Meghalaya,South Garo hills,1,556.0
22.15,92.63,Mizoram,Lawngtlai,1,163.0
23.8975,92.92,Mizoram,Aizawl,1,1090.0
25.052961489543268,94.7189710392298,,,0,826.0
28.74396266185021,95.1469794465223,,,0,3564.0
24.06266961395348,92.72030262258298,,,0,90.0
27.995273844824432,95.55114127165656,,,0,145.0
27.418472,88.616083,Sikkim,North Sikkim,1,1385.0
28.85641,95.859872,Arunachal Pradesh,Dibang Valley,1,1392.0
25.078485137455967,93.12023768937144,,,0,549.0
26.85907175399433,88.37911312341093,,,0,425.0
27.236361,88.50875,Sikkim,East Sikkim,1,425.0
23.982639,93.011055,Mizoram,Aizawl,1,677.0
22.838875,92.792801,Mizoram,Lunglei,1,1156.0
27.027123432412186,95.0293737374628,,,0,109.0
24.31991667,92.99033333,Mizoram,Aizawl,1,767.0
23.959278,93.020859,Mizoram,Aizawl,1,852.0
23.761734,92.573908,Mizoram,Mamit,1,497.0
24.497622,94.180403,Manipur,Tengnoupal,1,1409.0
28.205003,95.813193,Arunachal Pradesh,Lower Dibang Valley,1,887.0
23.983694,93.044418,Mizoram,Aizawl,1,1070.0
28.28558668178213,95.67114962215922,,,0,344.0
27.72140656572445,93.67160104288637,,,0,1197.0
22.36,92.61,Mizoram,Lawngtlai,1,231.0
26.302778,94.505528,Nagaland,Mokokchung,1,1194.0
25.59953006478321,90.9462391269331,,,0,812.0
25.229161,91.693249,Meghalaya,East Khasi Hills,1,451.0
22.983683,93.038437,Mizoram,Lunglei,1,717.0
23.491004,92.696873,Mizoram,Aizawl,1,651.0
28.00196161430149,93.23581808557566,,,0,1753.0
23.56078149575964,92.52417195723092,,,0,409.0
27.978853328266617,95.98991600475264,,,0,217.0
25.382563,91.757675,Meghalaya,East Khasi Hills,1,1760.0
24.369233824963047,92.42040690229,,,0,54.0
26.719056,94.657528,Nagaland,Mokokchung,1,214.0
28.104107160727423,95.02440917569226,,,0,855.0
24.437327820314582,94.02287291791026,,,0,823.0
22.57651949884388,93.0610228433695,,,0,575.0
27.375194,88.54275,Sikkim,North Sikkim,1,1818.0
22.959173,92.708145,Mizoram,Lunglei,1,749.0
27.4825262465198,92.24410685046712,,,0,2567.0
26.303628573821054,95.13742752026305,,,0,1157.0
23.59507883807627,93.5510066385032,,,0,2067.0
24.06333333,92.59277778,Mizoram,Kolasib,1,55.0
27.718119046583197,93.0423377086218,,,0,1467.0
23.4675,92.74083333,Mizoram,Aizawl,1,1307.0
25.83986,94.15528,Nagaland,Kohima,1,1470.0
25.61958693156818,94.95081539981533,,,0,2449.0
26.1755,91.76175,Assam,Kamrup (Metro),1,62.0
24.645417,93.005361,Assam,Cachar,1,359.0
22.98105946974057,92.5420070940839,,,0,255.0
27.214639,88.392417,Sikkim,South Sikkim,1,1548.0
25.64575,92.071167,Meghalaya,East Khasi Hills,1,859.0
24.94924004515332,92.33518393305756,,,0,17.0
26.904294,95.549313,Arunachal Pradesh,Tirap,1,1526.0
24.981073493227942,92.26110089722329,,,0,16.0
28.340483107472338,95.85157004936347,,,0,2431.0
24.664707,94.29025,Manipur,Kamjong,1,1243.0
25.13737595295848,94.61235635335451,,,0,2428.0
25.347389926023503,91.3786330315664,,,0,1555.0
28.216530361649266,94.55076914650986,,,0,1259.0
23.183268,92.736695,Mizoram,Lunglei,1,826.0
27.562917,92.983139,Arunachal Pradesh,East Kameng,1,538.0
25.08922545893383,93.8401884775991,,,0,1254.0
24.920056,94.568778,Manipur,Kamjong,1,1169.0
24.04925546793316,93.63769175472532,,,0,1064.0
25.493218,93.657921,Nagaland,Peren,1,1237.0
22.61,92.64,Mizoram,Lawngtlai,1,79.0
26.0905,94.204583,Nagaland,Wokha,1,1092.0
22.906245386842475,92.64820606528204,,,0,453.0
26.195917,94.486528,Nagaland,Zunheboto,1,1073.0
25.663,94.113,Nagaland,Kohima,1,1381.0
27.178111,88.430556,Sikkim,South Sikkim,1,1624.0
25.33147142391412,90.53953964514086,,,0,158.0
25.788344938281448,91.71265969273595,,,0,769.0
23.863417,93.201279,Mizoram,Champhai,1,932.0
27.260222,93.7895,Arunachal Pradesh,Papum Pare,1,362.0
27.36815888412517,96.00364575145736,,,0,229.0
23.32349917261617,93.1987354081036,,,0,783.0
25.31488,91.44913,Meghalaya,West Khasi Hills,1,1378.0
24.19388889,92.94455556,Mizoram,Aizawl,1,536.0
23.030508258860472,92.61900875628577,,,0,429.0
25.049417,92.796722,Assam,Dima Hasao,1,111.0
26.91658532073341,88.52160792945894,,,0,499.0
27.187767,95.732008,Arunachal Pradesh,Changlang,1,758.0
24.19116667,92.94330556,Mizoram,Aizawl,1,533.0
25.519463216494,93.3222202200287,,,0,371.0
27.287855,95.977914,Arunachal Pradesh,Changlang,1,421.0
28.01984740831865,96.26048987196788,,,0,1188.0
26.388713513430925,94.28799970161556,,,0,241.0
28.24468334587924,95.66423954618944,,,0,291.0
28.165684,95.462909,Arunachal Pradesh,East Siang,1,404.0
25.65421339953279,93.75971068581448,,,0,505.0
26.08764704256213,92.51367890012024,,,0,94.0
27.600596970712807,94.83510257915512,,,0,109.0
25.68255468934569,95.0063138487114,,,0,1602.0
28.220880970318287,94.66811840913778,,,0,837.0
24.812017,94.356051,Manipur,Kamjong,1,1616.0
23.4195,93.331917,Mizoram,Champhai,1,1310.0
25.66679306681075,91.53037571953162,,,0,1209.0
24.582207974060623,94.48462940118772,,,0,272.0
27.3699335,88.4859279,Sikkim,East Sikkim,1,807.0
24.16005148373173,94.25462324167106,,,0,283.0
25.309936329708563,92.92983685549804,,,0,603.0
23.577835413093617,92.4198267801598,,,0,429.0
24.957303,94.473342,Manipur,Kamjong,1,1877.0
27.167417153511884,93.85458886778864,,,0,159.0
24.811703882775294,94.7004829169413,,,0,712.0
28.471819831371583,95.6171033435238,,,0,2268.0
23.53916667,92.66444444,Mizoram,Aizawl,1,589.0
23.06533,92.768329,Mizoram,Lunglei,1,882.0
29.018671279516816,95.95533343099464,,,0,2702.0
24.818,93.45,Manipur,Noney,1,590.0
27.0985942984759,88.78064304396017,,,0,2164.0
23.610611,92.977722,Mizoram,Aizawl,1,1374.0
23.357373586791415,93.5667755969416,,,0,1433.0
24.642722,93.602083,Manipur,Noney,1,1037.0
22.877565432069545,92.63037179148957,,,0,116.0
28.26868287476228,94.33627992484388,,,0,2334.0
22.89,92.49,Mizoram,Lunglei,1,313.0
24.119878288690455,93.71168418451572,,,0,1567.0
28.51058937109864,94.98458236755523,,,0,1567.0
27.57060521894335,88.76249314316662,,,0,5033.0
23.46718,93.311778,Mizoram,Champhai,1,1363.0
23.089822,92.751916,Mizoram,Lunglei,1,736.0
25.65530869211128,93.75031490279405,,,0,493.0
28.21554824702952,95.3194777277033,,,0,1383.0
24.60372222,93.37223056,Mizoram,Kolasib,1,815.0
26.223,95.033417,Nagaland,Tuensang,1,1343.0
23.412845,93.33833,Mizoram,Champhai,1,1307.0
25.301167,91.929306,Meghalaya,East Khasi Hills,1,1116.0
25.84144722928708,91.80972975800996,,,0,668.0
25.77409868519498,95.22432280873072,,,0,1030.0
28.203456718699623,96.4374487238859,,,0,2285.0
27.26544444,88.72252778,Sikkim,East Sikkim,1,1677.0
25.03483394098325,91.8971751343514,,,0,14.0
24.991059213590177,91.71822198559298,,,0,11.0
27.9922539808315,96.61733113792424,,,0,1163.0
25.680917,94.792014,Nagaland,Phek,1,2309.0
28.40881081481305,95.655699634629,,,0,1180.0
24.577475,93.19105,Mizoram,Kolasib,1,129.0
24.497001130082356,94.00283921895804,,,0,781.0
25.21789104194292,92.52633210851305,,,0,628.0
27.22040672475046,92.95991400845396,,,0,624.0
22.27,92.68,Mizoram,Lawngtlai,1,168.0
25.545083,92.103175,Meghalaya,East Khasi Hills,1,1283.0
28.029848,94.616455,Arunachal Pradesh,Lepa rada,1,862.0
22.789657560917483,92.38241003857338,,,0,57.0
23.90452528271616,92.56229207876297,,,0,347.0
24.32,93.16,Manipur,Pherzawl,1,728.0
25.611028,94.747167,Nagaland,Phek,1,1933.0
25.055278,94.567861,Manipur,Ukhrul,1,1691.0
23.57166667,92.71083333,Mizoram,Aizawl,1,871.0
25.275775678489264,92.91881149441124,,,0,667.0
25.400606395381203,93.62430236511292,,,0,1022.0
25.140983996486558,92.74449702041832,,,0,1640.0
24.075270478829992,93.67539926665086,,,0,1328.0
23.05209722,93.12644167,Mizoram,Kolasib,1,585.0
25.380092056868307,91.17620518397736,,,0,949.0
27.41337436405217,88.13233420909279,,,0,3804.0
23.73947222,92.69666667,Mizoram,Aizawl,1,1033.0
25.98312220824103,91.64262114218658,,,0,352.0
25.16996795109602,94.59795206500137,,,0,2443.0
27.10736,93.64975,Arunachal Pradesh,Papum Pare,1,298.0
25.289889,94.525306,Manipur,Ukhrul,1,1129.0
26.6768370735028,93.23353417955065,,,0,62.0
25.990561900931564,92.16313035353876,,,0,477.0
25.804972,94.241086,Nagaland,Kohima,1,1019.0
24.129750472051835,93.69493078196096,,,0,1189.0
25.538,94.135,Nagaland,Kohima,1,1737.0
25.568106,91.737919,Meghalaya,West Khasi Hills,1,1710.0
23.51361111,92.69833333,Mizoram,Aizawl,1,780.0
25.21273889,90.63216111,Meghalaya,South Garo Hills,1,44.0
27.133806,88.342778,Sikkim,South Sikkim,1,1199.0
25.124917,93.657333,Manipur,Tamenglong,1,1198.0
26.04612666218084,92.71548724681692,,,0,63.0
26.10071940509727,95.13553411535896,,,0,2352.0
28.087209006747123,95.4775749745587,,,0,172.0
22.958177470220864,92.64138534454948,,,0,503.0
28.609493997467663,95.41425391478404,,,0,3171.0
27.328611,93.056583,Arunachal Pradesh,East Kameng,1,635.0
26.17096948796397,92.50936634103871,,,0,60.0
27.304291,93.052835,Arunachal Pradesh,East Kameng,1,1051.0
26.591991058897204,92.82570374758618,,,0,57.0
23.964981779093964,93.4832011703321,,,0,979.0
22.580290657409783,93.07729777150642,,,0,1134.0
25.18688889,91.39855556,Meghalaya,East Khasi Hills,1,77.0
23.22002748121483,93.46177658217675,,,0,1851.0
27.479550471315747,93.54920707480268,,,0,1256.0
27.033860917249356,88.31205115020715,,,0,1637.0
26.12495650625359,93.9085764482374,,,0,126.0
25.888959,92.61669,Assam,West Karbi Anglong,1,458.0
25.316069,92.685461,Meghalaya,East Jaintia Hills,1,906.0
26.24054598941405,94.3188606836466,,,0,584.0
23.5425,92.71666667,Mizoram,Aizawl,1,883.0
25.748668982708303,95.029095506973,,,0,3467.0
24.958833,94.618917,Manipur,Kamjong,1,1328.0
27.271026405880512,92.60203672635156,,,0,1927.0
24.47635339138163,93.97617351403052,,,0,829.0
24.24038766183224,91.98350283074691,,,0,57.0
23.98388889,92.68305556,Mizoram,Kolasib,1,436.0
25.854278,94.432472,Nagaland,Zunheboto,1,1777.0
23.48555556,92.70305556,Mizoram,Aizawl,1,979.0
25.28300890304059,90.86376262819824,,,0,461.0
25.556220007155147,91.10090829170096,,,0,1070.0
24.36,93.27,Manipur,Churachandpur,1,461.0
26.427222,95.052389,Nagaland,Mon,1,1578.0
26.571417,95.0985,Nagaland,Mon,1,1414.0
25.138306,93.669028,Manipur,Tamenglong,1,1142.0
26.37034907967747,91.70709334955548,,,0,54.0
27.325861,93.055472,Arunachal Pradesh,East Kameng,1,654.0
25.845861,94.19025,Nagaland,Kohima,1,1416.0
25.654517943968216,90.9313914841578,,,0,719.0
27.999234250773263,95.59961357667144,,,0,148.0
28.38919722,95.92776111,Arunachal Pradesh,Lower Dibang Valley,1,605.0
26.29890713343,92.07440690775056,,,0,56.0
26.220449,94.898329,Nagaland,Tuensang,1,2035.0
22.641087,92.867635,Mizoram,Lunglei,1,1049.0
25.244957837753848,93.55159191125745,,,0,1467.0
25.25592886533328,93.9561126433328,,,0,2101.0
27.121136,93.762164,Arunachal Pradesh,Papum Pare,1,166.0
25.979244,91.860578,Meghalaya,Ri-Bhoi,1,307.0
25.385535,91.988473,Meghalaya,East Khasi Hills,1,1362.0
27.192865,93.781908,Arunachal Pradesh,Papum Pare,1,232.0
25.047194,92.404806,Meghalaya,East Jaintia Hills,1,84.0
22.25857551842447,92.85696145077094,,,0,458.0
23.129629,92.809196,Mizoram,Lunglei,1,930.0
26.17233574957189,93.35164200187828,,,0,658.0
28.706748,94.985298,Arunachal Pradesh,Upper Siang,1,548.0
26.08654403166886,93.32972626125888,,,0,435.0
26.222306,94.214056,Nagaland,Wokha,1,575.0
27.566981307433306,88.44835385605766,,,0,2038.0
27.482969011876992,92.9088551728456,,,0,883.0
23.75024,92.736662,Mizoram,Aizawl,1,1095.0
23.360199,92.632911,Mizoram,Lunglei,1,724.0
25.688667,94.097333,Nagaland,Kohima,1,1382.0
24.919052062510403,93.21951400806972,,,0,143.0
23.85075,93.115608,Mizoram,Aizawl,1,399.0
24.884389,94.601306,Manipur,Kamjong,1,554.0
28.03774364798938,93.53032343987113,,,0,1612.0
25.22946978786439,94.3954258023285,,,0,1758.0
27.11181511829968,88.05265308689015,,,0,2273.0
23.999444107742008,94.25134402264216,,,0,164.0
26.131917,94.323611,Nagaland,Wokha,1,942.0
25.159386,93.720417,Manipur,Tamenglong,1,759.0
24.309993,92.22714,Tripura,North Tripura,1,86.0
27.173861,88.092111,Sikkim,West Sikkim,1,2334.0
25.90376227225371,90.33782666628908,,,0,97.0
27.11955556,88.32275,Sikkim,Namchi,1,357.0
25.205,93.008,Assam,Dima Hasao,1,386.0
25.34508889,91.60050278,Meghalaya,East Khasi Hills,1,1679.0
25.755936,94.846033,Nagaland,Kiphire,1,1089.0
26.93855,92.70336,Assam,Sonitpur,1,136.0
27.843388080578155,96.51387796698413,,,0,2426.0
27.228511,93.799206,Arunachal Pradesh,Papum Pare,1,370.0
25.8465,93.687,Assam,Karbi Anglong,1,172.0
23.62194444,92.78972222,Mizoram,Aizawl,1,266.0
23.893106362991315,91.63436850682793,,,0,37.0
22.97573241492931,92.62659676493628,,,0,253.0
26.38891489968808,94.3244918767312,,,0,277.0
25.668317,91.114858,Meghalaya,West Khasi Hills,1,1019.0
24.462958,94.233667,Manipur,Tengnoupal,1,1342.0
24.994278,94.205917,Manipur,Ukhrul,1,1579.0
24.046499,93.04422,Mizoram,Aizawl,1,1217.0
23.293453,92.858089,Mizoram,Serchhip,1,892.0
23.777472,93.009163,Mizoram,Aizawl,1,536.0
22.99491762557613,93.09889539362354,,,0,982.0
25.170194,93.007389,Assam,Dima Hasao,1,700.0
24.313111,94.230444,Manipur,Tengnoupal,1,514.0
23.5266,93.192968,Mizoram,Khawzawl,1,1187.0
23.411942,93.154836,Mizoram,Champhai,1,1089.0
22.72655385348809,92.79152778779232,,,0,216.0
28.774623,95.89086,Arunachal Pradesh,Dibang Valley,1,1284.0
25.264575,92.381497,Meghalaya,East Jaintia Hills,1,887.0
25.6125,94.1272,Nagaland,Kohima,1,1424.0
27.057191,95.716883,Arunachal Pradesh,Changlang,1,1018.0
27.288444,88.102667,Sikkim,West Sikkim,1,1771.0
23.00965602966058,92.8618690190953,,,0,651.0
24.85643760372112,92.34019293225624,,,0,17.0
24.98325677548731,94.77215196571274,,,0,774.0
23.989183257401734,93.4608970909193,,,0,970.0
24.769333,93.653722,Manipur,Noney,1,914.0
27.875315497843506,94.95768194859993,,,0,678.0
25.45333285155888,94.2762926863053,,,0,2260.0
27.162194,88.510611,Sikkim,South Sikkim,1,1001.0
24.401685105058185,93.21407746969804,,,0,156.0
25.88494,93.45792,Assam,Karbi Anglong,1,194.0
23.094528,92.695808,Mizoram,Lunglei,1,913.0
26.98055052213016,95.04446958200894,,,0,111.0
24.61234629404049,93.79803607321205,,,0,773.0
25.443972,93.422778,Assam,Dima Hasao,1,410.0
26.254752403713088,94.3189621564609,,,0,845.0
24.69,93.12,Manipur,Jiribam,1,172.0
25.968941542104,91.79086167264894,,,0,440.0
24.17,93.93,Manipur,Chandel,1,1508.0
27.8055408740976,94.3900281294594,,,0,1048.0
26.299569275297667,91.40437500704168,,,0,52.0
23.173716,92.739754,Mizoram,Lunglei,1,787.0
25.084650811485098,92.50900806750204,,,0,503.0
24.468667782881955,92.84133131507237,,,0,52.0
23.701575,93.177726,Mizoram,Champhai,1,1413.0
28.782248300131467,95.28392024756978,,,0,2150.0
25.696,94.08,Nagaland,Kohima,1,1191.0
27.530153974189854,94.80677292832898,,,0,102.0
26.080130320071127,92.36916551004845,,,0,290.0
25.340603920022453,90.74505662545046,,,0,630.0
23.68743333,92.72129167,Mizoram,Aizawl,1,1098.0
22.037426901096087,92.83657440573832,,,0,480.0
23.73241667,92.71480556,Mizoram,Aizawl,1,999.0
25.383363401431016,92.32413178931309,,,0,1276.0
23.447093,92.863082,Mizoram,Serchhip,1,787.0
24.883638034398896,94.0923509972027,,,0,799.0
27.04805515767368,93.9985549203098,,,0,82.0
27.51094092070345,91.98946369397744,,,0,4034.0
23.597919,93.207362,Mizoram,Champhai,1,1073.0
22.39,92.61,Mizoram,Lawngtlai,1,246.0
25.365411497484228,93.9572937653118,,,0,1181.0
25.44122470499188,91.94415309477688,,,0,1370.0
27.91864717350717,96.51567434850212,,,0,960.0
25.79835556,94.00099444,Nagaland,Kohima,1,501.0
27.528456347082344,95.13130959716776,,,0,112.0
25.554167,94.760944,Nagaland,Phek,1,1160.0
23.365353538925227,93.52252531326774,,,0,1779.0
25.789856,94.95825,Nagaland,Kiphire,1,1880.0
26.4838282092206,94.6103260148944,,,0,483.0
27.34829487028473,93.92313136795931,,,0,447.0
23.368361,93.379667,Mizoram,Champhai,1,831.0
25.822324374268785,91.97353014583756,,,0,801.0
27.015824413390085,88.35552301733739,,,0,1172.0
25.679,94.458,Nagaland,Phek,1,1552.0
23.222778,92.943611,Mizoram,Serchhip,1,416.0
25.748488723602453,95.04809432935733,,,0,3257.0
25.167917,93.749083,Manipur,Tamenglong,1,705.0
23.189242,92.734475,Mizoram,Lunglei,1,793.0
25.22925353717707,92.2927029493924,,,0,774.0
27.103111,93.634019,Arunachal Pradesh,Papum Pare,1,415.0
25.379878,94.214606,Manipur,Senapati,1,1701.0
25.4836973931366,92.31906159477836,,,0,1311.0
25.681,94.285,Nagaland,Phek,1,1671.0
23.85417,91.34361,Tripura,West Tripura,1,16.0
28.219976,95.799065,Arunachal Pradesh,Lower Dibang Valley,1,1145.0
25.028456,94.015522,Manipur,Senapati,1,816.0
22.957235,92.929703,Mizoram,Lunglei,1,746.0
25.262239317889893,93.67867938948312,,,0,889.0
27.99533734073801,95.34353421173122,,,0,146.0
25.336024218675878,94.79133987390472,,,0,1463.0
23.24015181374522,93.51221281155654,,,0,2090.0
23.891722,92.84925,Mizoram,Aizawl,1,576.0
28.894390216639984,96.1531119905006,,,0,4366.0
25.630652,91.87886,Meghalaya,East Khasi Hills,1,1148.0
25.038186,92.440725,Meghalaya,East Jaintia Hills,1,310.0
25.49520942519156,94.96220418825122,,,0,740.0
28.063759349638108,95.62123919436266,,,0,180.0
24.777667,93.782806,Manipur,Kangpokpi,1,917.0
25.708426,91.896406,Meghalaya,East Khasi Hills,1,891.0
25.561389,94.783889,Nagaland,Phek,1,1045.0
25.52315970958479,93.32883070823578,,,0,349.0
23.70277778,92.8775,Mizoram,Aizawl,1,554.0
23.440711,92.864298,Mizoram,Serchhip,1,795.0
25.051961588018507,92.06615065880278,,,0,15.0
23.63341,93.033595,Mizoram,Champhai,1,553.0
24.9179,94.0,Manipur,Kamjong,1,842.0
25.81220731584281,91.51484509707532,,,0,412.0
25.19308333,93.12041667,Assam,Dima Hasao,1,657.0
28.474093,95.847423,Arunachal Pradesh,Dibang Valley,1,850.0
25.839778,94.150333,Nagaland,Kohima,1,1420.0
23.51232334220107,93.60900005046176,,,0,1387.0
25.53699489683658,91.04767455240088,,,0,933.0
25.935694,94.111472,Nagaland,Kohima,1,707.0
22.841801,92.951385,Mizoram,Lunglei,1,1240.0
27.126306,88.378667,Sikkim,South Sikkim,1,1128.0
24.05554343100884,92.45991150310556,,,0,133.0
25.0565,94.551528,Manipur,Ukhrul,1,1789.0
23.53777778,92.69833333,Mizoram,Aizawl,1,826.0
25.57,89.98,Meghalaya,West Garo Hills,1,53.0
23.93444444,92.66416667,Mizoram,Kolasib,1,158.0
24.267481710842045,92.7551998504942,,,0,115.0
23.078611,92.760002,Mizoram,Lunglei,1,784.0
24.86331093422617,94.0077242929055,,,0,792.0
27.318084890989606,93.25384991032432,,,0,2021.0
25.940439,91.563069,Meghalaya,Ri-Bhoi,1,454.0
25.708,94.04,Nagaland,Kohima,1,1027.0
23.474639,93.314167,Mizoram,Champhai,1,1544.0
28.04573692832073,94.33905138242308,,,0,799.0
28.364417651602768,95.31717143911038,,,0,2428.0
26.03228,94.591907,Nagaland,Zunheboto,1,1468.0
27.82925,93.911194,Arunachal Pradesh,Lower Subansiri,1,662.0
28.16559997199824,96.71368970485156,,,0,3120.0
23.893254960869587,94.01477661204464,,,0,1106.0
23.02994316010324,93.56701022256274,,,0,1437.0
26.18971,94.549818,Nagaland,Zunheboto,1,1555.0
26.74177938241065,95.35492962011683,,,0,1196.0
24.272667,94.075083,Manipur,Chandel,1,1459.0
24.867694,93.625858,Manipur,Noney,1,420.0
26.42496161921309,91.87226878129,,,0,57.0
25.129991394971487,92.03788481779225,,,0,11.0
25.95134335892776,94.89387060378944,,,0,868.0
23.74717350240904,93.24849527929592,,,0,970.0
24.023861,93.248192,Mizoram,Champhai,1,594.0
25.533183,91.205647,Meghalaya,West Khasi Hills,1,1350.0
28.227703,95.781369,Arunachal Pradesh,Lower Dibang Valley,1,888.0
29.05601951541085,95.93513335212856,,,0,3859.0
25.218821,91.581584,Meghalaya,East Khasi Hills,1,796.0
23.4761,92.7066,Mizoram,Aizawl,1,975.0
25.388977,93.121008,Assam,Dima Hasao,1,295.0
27.4718579956988,96.04081804007986,,,0,182.0
28.199641,95.811903,Arunachal Pradesh,Lower Dibang Valley,1,846.0
23.735,92.82194444,Mizoram,Aizawl,1,441.0
23.957556,93.026558,Mizoram,Aizawl,1,928.0
25.84,91.35,Assam,Kamrup (Rural),1,79.0
25.070840150875068,93.0697243486747,,,0,1063.0
26.95653542462468,95.88045184780547,,,0,875.0
24.667778,93.676944,Manipur,Noney,1,1393.0
25.551667,91.2325,Meghalaya,West Khasi Hills,1,1318.0
27.14235503464216,92.92906323810352,,,0,881.0
27.424565758554525,88.88451903882189,,,0,3637.0
25.97906077292791,93.6282792370804,,,0,175.0
25.00721737098444,93.88933979038973,,,0,1052.0
23.690722,92.570139,Mizoram,Mamit,1,972.0
28.54491185108729,95.63368068234008,,,0,1031.0
26.232861,94.472361,Nagaland,Zunheboto,1,979.0
23.39722222,92.75722222,Mizoram,Aizawl,1,1253.0
24.52889018903749,93.47572035576928,,,0,578.0
25.60999127245981,89.90948006399701,,,0,23.0
24.17250230671164,91.93400335323123,,,0,121.0
25.249381050446097,94.22705501092646,,,0,1107.0
25.683,94.099,Nagaland,Kohima,1,1349.0
24.12428889,93.318525,Mizoram,Kolasib,1,606.0
23.888799228829185,94.01410269657876,,,0,989.0
25.40837,92.82826,Assam,Dima Hasao,1,895.0
26.948576189394057,88.41848987589864,,,0,774.0
27.2575411,93.7963965,Arunachal Pradesh,Papum Pare,1,294.0
24.73117,92.64739,Assam,Hailakandi,1,39.0
22.901201381899902,92.6383840072742,,,0,216.0
26.210043,94.683989,Nagaland,Tuensang,1,1811.0
27.421139,93.017611,Arunachal Pradesh,East Kameng,1,719.0
25.65167,93.12083,Assam,Dima Hasao,1,357.0
22.23512261049278,92.8792072896048,,,0,537.0
23.771296901583646,93.31442799702091,,,0,1395.0
27.729684144508845,91.96613158154774,,,0,4515.0
28.85363013878794,95.254561950156,,,0,3474.0
23.454081,92.857453,Mizoram,Serchhip,1,1023.0
27.44630489545795,96.03316731322435,,,0,185.0
27.517306,88.542889,Sikkim,North Sikkim,1,1321.0
25.940317,94.650583,Nagaland,Kiphire,1,2009.0
24.59950965881917,94.4998005342126,,,0,364.0
26.110991848000616,95.29331867575948,,,0,1620.0
25.394111,93.410417,Assam,Dima Hasao,1,509.0
23.249727,92.796631,Mizoram,Serchhip,1,869.0
25.472217,93.726992,Nagaland,Peren,1,1544.0
23.72055556,92.80055556,Mizoram,Aizawl,1,176.0
26.18842,91.85125,Assam,Kamrup (Metro),1,96.0
23.10184722,93.20138889,Mizoram,Aizawl,1,1202.0
27.087945936878004,88.00477871173318,,,0,2637.0
25.003130323126687,92.3517925459302,,,0,19.0
23.801399,93.168648,Mizoram,Champhai,1,565.0
26.160167,94.873417,Nagaland,Tuensang,1,2117.0
23.359579,93.298884,Mizoram,Champhai,1,1180.0
28.550694,95.158333,Arunachal Pradesh,Upper Siang,1,980.0
28.45134240616883,96.43800236708547,,,0,3579.0
24.21925209877862,93.46737886441451,,,0,594.0
25.937,91.87553,Meghalaya,Ri-Bhoi,1,561.0
23.369857,93.296657,Mizoram,Champhai,1,1202.0
25.1283742046348,91.24103132273936,,,0,12.0
22.11686275709742,93.17231125442392,,,0,702.0
23.74055556,92.81388889,Mizoram,Aizawl,1,425.0
27.460308065620044,88.71419271704494,,,0,3233.0
27.300611,93.093417,Arunachal Pradesh,East Kameng,1,759.0
22.688,92.842003,Mizoram,Lunglei,1,883.0
28.479665813850477,95.13407529500856,,,0,1190.0
27.01249369554652,88.17497325537951,,,0,2087.0
24.72195217594919,94.08594917985704,,,0,826.0
25.059361,94.586361,Manipur,Ukhrul,1,1559.0
27.670101863302257,92.12530954790634,,,0,3683.0
22.744099589150167,92.76848112583204,,,0,304.0
25.177877619858634,93.550200796671,,,0,823.0
28.9660649838717,95.0244701917468,,,0,1334.0
28.464936,95.852312,Arunachal Pradesh,Dibang Valley,1,935.0
24.920441345379484,92.515058011294,,,0,16.0
24.1,93.51,Manipur,Churachandpur,1,921.0
23.7175,92.70666667,Mizoram,Aizawl,1,900.0
25.31488,91.33367,Meghalaya,West Khasi Hills,1,1141.0
23.286735,92.85703,Mizoram,Serchhip,1,882.0
25.95386,92.60367,Assam,West Karbi Anglong,1,308.0
26.56692083304629,95.15585234495944,,,0,1868.0
26.22904084349018,94.0217556323662,,,0,118.0
26.860939580139167,88.42245122891455,,,0,669.0
27.592606792347425,88.51712777734028,,,0,3225.0
25.692933,91.647703,Meghalaya,West Khasi Hills,1,1196.0
24.934205860558023,94.79411061874904,,,0,314.0
24.49500709461702,92.0127787000977,,,0,24.0
25.786433,94.519583,Nagaland,Kiphire,1,1364.0
25.673,94.239,Nagaland,Kohima,1,1143.0
27.330917,88.450528,Sikkim,South Sikkim,1,1119.0
23.60972222,92.79972222,Mizoram,Aizawl,1,397.0
24.41985901283895,93.47616566165306,,,0,1278.0
26.694917,95.07275,Nagaland,Mon,1,714.0
27.43612051164363,96.27407056241633,,,0,902.0
25.51532393823185,93.569143763736,,,0,721.0
27.245972,88.185278,Sikkim,West Sikkim,1,1727.0
25.90711602468426,91.50036939742832,,,0,82.0
25.593472,94.596944,Nagaland,Phek,1,1077.0
23.32832592579426,92.5020237781374,,,0,557.0
26.3275,94.917222,Nagaland,Mon,1,974.0
25.654,94.122,Nagaland,Kohima,1,1354.0
26.92795506386881,88.60280447193838,,,0,520.0
28.457441284438463,95.73127432996417,,,0,1423.0
24.682167,94.138111,Manipur,Kangpokpi,1,856.0
22.537416,92.885002,Mizoram,Lawngtlai,1,665.0
26.101907,94.537237,Nagaland,Zunheboto,1,1567.0
25.635869166392165,93.45971404472644,,,0,228.0
25.90340712765941,93.79567619642272,,,0,140.0
25.635556,90.807778,Meghalaya,East Garo hills,1,444.0
26.260556,94.809444,Nagaland,Tuensang,1,1106.0
27.0247961910626,88.39468010649102,,,0,757.0
25.67005556,94.113,Nagaland,Kohima,1,1350.0
23.69159,93.190067,Mizoram,Champhai,1,1128.0
23.280947,92.8367,Mizoram,Serchhip,1,621.0
25.391935723430592,93.82590759247869,,,0,1061.0
27.55704444,88.57932222,Sikkim,North Sikkim,1,1929.0
24.48338333,93.58848056,Mizoram,Aizawl,1,862.0
23.797306,92.120417,Tripura,Dhalai,1,174.0
27.12769914815342,88.62944422833968,,,0,1092.0
24.27705,94.070089,Manipur,Chandel,1,1177.0
27.304028,88.178806,Sikkim,West Sikkim,1,1610.0
23.665806,92.969556,Mizoram,Aizawl,1,1091.0
27.460578377687412,88.70028779829913,,,0,2741.0
25.544906,91.268575,Meghalaya,West Khasi Hills,1,1379.0
25.10727778,92.88313889,Assam,Dima Hasao,1,323.0
27.76288550161061,88.71910244018702,,,0,3383.0
23.293769,92.871451,Mizoram,Serchhip,1,837.0
27.01195786899813,93.78021778246496,,,0,99.0
25.326694,91.933972,Meghalaya,East Khasi Hills,1,971.0
25.046444,92.789667,Assam,Dima Hasao,1,107.0
22.39,92.59,Mizoram,Lawngtlai,1,217.0
24.649492,93.679522,Manipur,Noney,1,1045.0
22.28,92.63,Mizoram,Lawngtlai,1,120.0
26.412308350399787,94.7751165189278,,,0,1044.0
25.82522,93.4243,Assam,Karbi Anglong,1,190.0
26.94265054769451,88.30301392134996,,,0,2149.0
23.279667,93.232917,Mizoram,Champhai,1,1231.0
25.951139,94.024194,Nagaland,Kohima,1,496.0
24.444764477914,93.54622632255824,,,0,758.0
25.834720035902254,91.96508058136172,,,0,767.0
25.013619309317107,92.8619555673985,,,0,217.0
28.052596750867718,94.76622610514002,,,0,918.0
24.41984346475696,92.64193099279451,,,0,73.0
27.66189281442053,88.79592276631989,,,0,4138.0
24.35,93.51,Manipur,Churachandpur,1,942.0
27.685023398685868,93.5196037783758,,,0,1935.0
23.60666667,92.76861111,Mizoram,Aizawl,1,431.0
27.28577778,88.5535,Sikkim,East Sikkim,1,1571.0
28.62330991405263,95.26295940018414,,,0,1691.0
25.16460394288816,92.51627899389764,,,0,369.0
25.3163403644681,94.66462707832488,,,0,1230.0
24.081381,92.793089,Mizoram,Aizawl,1,911.0
24.217097,92.632545,Mizoram,Kolasib,1,187.0
26.1625,91.71444,Assam,Kamrup,1,71.0
27.3955,88.306889,Sikkim,West Sikkim,1,1646.0
26.027028,91.88175,Meghalaya,Ri-Bhoi,1,87.0
26.6157908729562,94.91124094826762,,,0,453.0
27.20825,88.387667,Sikkim,South Sikkim,1,1604.0
22.352175233825434,92.4178585304233,,,0,72.0
25.23449751729955,93.6738386099601,,,0,785.0
25.578244,93.804478,Nagaland,Peren,1,1566.0
23.454817,92.858696,Mizoram,Serchhip,1,1023.0
25.224278,93.222861,Assam,Dima Hasao,1,619.0
27.412184251651915,93.73265347163988,,,0,791.0
23.834240428672057,93.94600537512837,,,0,827.0
22.851028,92.694972,Mizoram,Lunglei,1,571.0
27.263278,88.786667,Sikkim,East Sikkim,1,3372.0
25.55256111,91.61870278,Meghalaya,Eastern-West Khasi Hill,1,1657.0
28.18314929100012,95.6580408944462,,,0,236.0
25.238611,94.009189,Manipur,Senapati,1,1109.0
26.263889,94.812222,Nagaland,Tuensang,1,1188.0
28.73384077516943,95.95104716370167,,,0,2840.0
23.143007,92.91124,Mizoram,Lunglei,1,626.0
23.37194444,92.75527778,Mizoram,Aizawl,1,1209.0
25.107,93.002,Assam,Dima Hasao,1,604.0
26.750028,95.064417,Nagaland,Mon,1,843.0
26.907168388631955,88.38605288693134,,,0,1085.0
25.67341667,91.06625,Manipur,West Khasi Hills,1,950.0
23.653812,93.029927,Mizoram,Aizawl,1,469.0
23.091619,92.752299,Mizoram,Lunglei,1,759.0
24.86385945852016,93.32765814017888,,,0,616.0
26.418333,94.967778,Nagaland,Tuensang,1,724.0
24.93898913029064,93.38374035069177,,,0,364.0
22.742707112604418,92.35017426513178,,,0,198.0
23.76494444,92.73427778,Mizoram,Aizawl,1,1165.0
27.467508961793257,88.74143535006023,,,0,4076.0
23.62027778,92.72611111,Mizoram,Aizawl,1,771.0
23.3957969266204,92.5367394422963,,,0,551.0
23.189917,92.54953,Mizoram,Lunglei,1,550.0
26.895122599548664,93.78384786070272,,,0,79.0
28.893874813655383,94.81640490811542,,,0,1421.0
28.237361,94.954808,Arunachal Pradesh,West Siang,1,325.0
23.02274452912354,92.58557355813396,,,0,102.0
26.28817121060005,92.01774941779394,,,0,46.0
27.23995,93.806589,Arunachal Pradesh,Lower Subansiri,1,267.0
26.68926536613049,94.39063127983223,,,0,119.0
27.77197287338725,93.8085546991753,,,0,827.0
28.322889,95.203694,Arunachal Pradesh,Upper Siang,1,709.0
26.149444,91.748,Assam,Kamrup,1,136.0
27.318329915107885,93.2586971739944,,,0,2092.0
23.71416667,92.8575,Mizoram,Aizawl,1,865.0
25.350925601435325,92.89876123107116,,,0,623.0
27.40891000716783,88.89329697810626,,,0,3499.0
25.150600514573203,94.07688549448312,,,0,975.0
25.50085450324429,91.04006639166803,,,0,741.0
25.677,94.081,Nagaland,Kohima,1,1300.0
27.16744023895859,92.6856530710258,,,0,353.0
25.302027718310825,92.93986318111746,,,0,600.0
25.65431403448587,91.52256758643892,,,0,1142.0
27.949214861847903,96.5348919989885,,,0,2192.0
22.041098434732906,93.15842340149533,,,0,1883.0
23.74416667,92.85555556,Mizoram,Aizawl,1,833.0
26.237861,94.205028,Nagaland,Wokha,1,345.0
25.971581346692517,93.87539043288572,,,0,145.0
25.34163852406031,94.44293179563836,,,0,1334.0
27.663842378782213,88.40372594506704,,,0,4360.0
23.3030711518587,92.96580653235648,,,0,1234.0
25.52210683201483,92.9164720371188,,,0,433.0
26.801697890607212,94.90974437992644,,,0,242.0
28.20729832790198,94.63769836913362,,,0,356.0
27.021513320157847,88.36319416045093,,,0,1253.0
28.09450087688657,93.27848906288764,,,0,1466.0
25.586,94.288,Nagaland,Phek,1,1963.0
21.950159269734037,92.71595058790771,,,0,81.0
24.824366299295463,92.63209228828012,,,0,19.0
25.228755,91.963018,Meghalaya,East Khasi Hills,1,703.0
24.50117618233725,93.46753274314506,,,0,645.0
25.85098638193821,91.7205057509597,,,0,386.0
28.480859881163944,96.17988828420228,,,0,2927.0
25.176389,93.116139,Assam,Dima Hasao,1,564.0
25.51869024241742,93.56774337619386,,,0,866.0
27.769653101985057,92.00302186089166,,,0,4322.0
25.82769,92.55658,Assam,West Karbi Anglong,1,466.0
23.243479,92.904846,Mizoram,Serchhip,1,712.0
27.236889,88.235917,Sikkim,West Sikkim,1,1569.0
25.616510620576744,92.14505470158156,,,0,1001.0
27.252384806059613,93.21567096216437,,,0,2188.0
28.235361,94.933333,Arunachal Pradesh,West Siang,1,373.0
26.043583,92.440528,Assam,West Karbi Anglong,1,444.0
27.162745847089088,92.44977679118053,,,0,2742.0
23.447697,92.861729,Mizoram,Serchhip,1,763.0
25.366255,92.823037,Assam,Dima Hasao,1,959.0
25.16497,93.02275,Assam,Dima Hasao,1,590.0
26.009146334237776,91.6901407599192,,,0,368.0
26.451905400691636,95.11135134572056,,,0,1998.0
26.51925,93.47147,Assam,Karbi Anglong,1,158.0
25.5025816776482,90.85897884702672,,,0,482.0
28.434963396292613,96.67277957104068,,,0,3280.0
23.32141116700179,92.97447882616116,,,0,1345.0
26.890781394701776,92.61638763728632,,,0,109.0
23.275305,92.850377,Mizoram,Serchhip,1,737.0
23.980333,91.475278,Tripura,Gomati,1,82.0
25.6625403,94.1437783,Nagaland,Kohima,1,1204.0
25.116833,93.645889,Manipur,Tamenglong,1,1223.0
25.162583,93.703972,Manipur,Tamenglong,1,876.0
27.911359990921447,88.72016137226986,,,0,4744.0
23.260922566517607,92.31285741182889,,,0,144.0
25.64616069940714,92.22345094306318,,,0,1056.0
27.553911930711653,92.77719854984755,,,0,1098.0
25.28775,94.527667,Manipur,Ukhrul,1,1151.0
25.569,93.872,Nagaland,Peren,1,1402.0
24.87728859327722,93.12251905401146,,,0,34.0
24.13,94.12,Manipur,Chandel,1,881.0
27.55620924460908,88.85836673261038,,,0,4251.0
25.404,93.132,Assam,Dima Hasao,1,275.0
25.819579974118856,94.652320405858,,,0,1282.0
25.100793879036043,91.46830547187888,,,0,8.0
26.981323138772314,88.08212653117633,,,0,2095.0
25.84967,92.69042,Assam,West Karbi Anglong,1,461.0
26.83881845096817,94.89418968314996,,,0,154.0
25.1813910995952,91.90743550241866,,,0,102.0
25.470111107501307,93.14321633222842,,,0,198.0
26.84197136628593,95.236787293359,,,0,1259.0
25.2192302699938,94.2100018828926,,,0,957.0
27.6838476647652,88.41939236931002,,,0,3980.0
25.1651151966973,92.7935075440963,,,0,1290.0
25.305047,91.075778,Meghalaya,West Khasi Hills,1,292.0
23.91408309928922,92.57146648909055,,,0,466.0
25.695,94.108,Nagaland,Kohima,1,1385.0
26.36245,94.562862,Nagaland,Mokokchung,1,1409.0
28.06921645385493,95.44996485817369,,,0,151.0
25.889361,94.200583,Nagaland,Kohima,1,1416.0
23.104635873590254,92.42483513670368,,,0,180.0
28.253453,95.908055,Arunachal Pradesh,Lower Dibang Valley,1,2565.0
22.938546471926088,93.18406517928491,,,0,1350.0
26.4242282,94.3924136,Nagaland,Mokokchung,1,853.0
26.229662058649776,92.5441368621732,,,0,62.0
27.20282670331083,92.9952825352398,,,0,1314.0
23.639484,93.032189,Mizoram,Aizawl,1,484.0
23.578815550931623,93.5874990387064,,,0,1375.0
26.775667,95.072917,Nagaland,Mon,1,1023.0
25.648,94.124,Nagaland,Kohima,1,1279.0
24.938361,94.549556,Manipur,Kamjong,1,1513.0
25.319389,94.50425,Manipur,Ukhrul,1,1340.0
22.892426,92.822937,Mizoram,Lunglei,1,777.0
24.8852,94.313301,Manipur,Kamjong,1,1309.0
25.23156524935928,94.41986994709498,,,0,1278.0
23.87777778,92.84083333,Mizoram,Aizawl,1,374.0
25.66942383400966,90.75078689137814,,,0,368.0
25.12850117232718,92.06919499651642,,,0,13.0
25.657,94.439,Nagaland,Phek,1,1523.0
23.917831611685035,92.57656996485896,,,0,534.0
25.449564054580176,91.26324303412396,,,0,1381.0
22.691999,92.841003,Mizoram,Lunglei,1,920.0
25.265934418630994,93.55365298481726,,,0,1189.0
25.115139268121588,92.65244947651816,,,0,1401.0
24.978605800081663,94.3626315924458,,,0,977.0
28.119277483274075,95.5371456998158,,,0,219.0
23.865694,92.932639,Mizoram,Aizawl,1,1315.0
24.70591136627071,94.6320704285354,,,0,743.0
27.097833,88.3785,Sikkim,South Sikkim,1,291.0
26.941447292814534,93.61472699088095,,,0,100.0
25.003,93.164,Assam,Dima Hasao,1,211.0
27.099256626402283,88.54525023719458,,,0,1522.0
25.42295998220771,93.69501820218204,,,0,521.0
27.43736845377561,88.76238296338752,,,0,4276.0
25.614537,91.87005,Meghalaya,East Khasi Hills,1,1285.0
23.74555556,92.79444444,Mizoram,Aizawl,1,360.0
24.408672,94.245139,Manipur,Tengnoupal,1,728.0
25.41089934822994,94.98215761644528,,,0,711.0
27.54523249715303,92.83972732413022,,,0,1451.0
25.466611,94.537861,Manipur,Ukhrul,1,814.0
27.084222,88.446083,Sikkim,South Sikkim,1,274.0
23.100785,92.751508,Mizoram,Lunglei,1,780.0
28.418658322774025,96.19016728622984,,,0,2011.0
24.672569,93.6973,Manipur,Noney,1,939.0
28.084477667165817,95.17941672877228,,,0,1136.0
26.981319851197856,93.69487383259286,,,0,111.0
27.72894153003326,88.41315817571984,,,0,4602.0
24.43009773300329,93.7380003004468,,,0,787.0
28.058270668616327,95.84947758788849,,,0,227.0
26.807365015979936,94.74216132832724,,,0,102.0
28.744230299779897,95.0240043666942,,,0,2092.0
23.231653,92.673714,Mizoram,Lunglei,1,868.0
27.154722,88.443056,Sikkim,South Sikkim,1,1375.0
26.292841806381443,91.79493141150188,,,0,49.0
26.44406911708561,94.16750907380568,,,0,108.0
26.84726655425633,88.326588805587,,,0,787.0
28.420595003752297,95.57841531617063,,,0,1819.0
24.42344209201966,93.55492661155368,,,0,1037.0
27.14926069081948,93.56671845245651,,,0,874.0
24.56771111,93.14291667,Mizoram,Kolasib,1,461.0
27.169028,88.486333,Sikkim,South Sikkim,1,1237.0
26.165417,95.020444,Nagaland,Noklak,1,1065.0
28.152164505453232,95.9329151827617,,,0,1864.0
25.784145296178327,91.60093177321086,,,0,554.0
26.22461448732067,93.8226161719171,,,0,142.0
27.99215799430089,95.75778991652564,,,0,166.0
25.789933,94.849811,Nagaland,Kiphire,1,705.0
25.860335,94.450277,Nagaland,Zunheboto,1,1681.0
25.39807675267155,93.68236892992644,,,0,883.0
27.17055242891656,93.01953503441082,,,0,1084.0
24.871861,93.778111,Manipur,Kangpokpi,1,1196.0
26.28,94.13,Nagaland,Wokha,1,475.0
27.135833,88.391111,Sikkim,South Sikkim,1,1807.0
23.286141,92.868152,Mizoram,Serchhip,1,985.0
22.11067415667352,92.5816795237114,,,0,469.0
22.426633824433623,92.80330322239227,,,0,461.0
25.66156667,91.13485278,Meghalaya,West Khasi Hills,1,1145.0
25.43233350288037,90.56150508524664,,,0,813.0
24.870806,94.591111,Manipur,Kamjong,1,811.0
27.93237494666476,96.58518474194072,,,0,2457.0
24.143244474144023,93.64160482740496,,,0,919.0
24.29331974833337,93.23117018035072,,,0,487.0
24.937848146817288,94.8728043779221,,,0,184.0
28.00622528123384,95.62479902859477,,,0,157.0
23.99122233453194,92.5590213365499,,,0,231.0
28.229809,95.779855,Arunachal Pradesh,Lower Dibang Valley,1,910.0
24.90764847872902,93.34202635795596,,,0,810.0
26.027111,94.847806,Nagaland,Tuensang,1,731.0
23.133902,92.623497,Mizoram,Lunglei,1,530.0
28.177104036205687,94.3320677593373,,,0,2676.0
25.39109286737849,92.0975286478552,,,0,1352.0
28.367717714729796,95.5348675954372,,,0,1556.0
24.80831,93.24264,Manipur,Tamenglong,1,179.0
26.190833,94.813722,Nagaland,Tuensang,1,1970.0
25.209568,91.745894,Meghalaya,East Khasi Hills,1,599.0
26.33132410399455,95.16008621746276,,,0,1268.0
27.257361,88.165333,Sikkim,West Sikkim,1,1502.0
25.484178,92.510928,Meghalaya,East Jaintia Hills,1,1120.0
27.294433612427344,96.5238320614214,,,0,1618.0
23.074255,92.76222,Mizoram,Lunglei,1,771.0
25.16841695449562,94.06534721368524,,,0,946.0
28.386806,95.240111,Arunachal Pradesh,Upper Siang,1,659.0
23.26603699057937,92.3673867989459,,,0,103.0
25.046777101027025,93.13537471089276,,,0,813.0
26.86646707669643,88.10654358496558,,,0,1052.0
26.963156716474312,88.43973101277949,,,0,311.0
23.7375,92.79277778,Mizoram,Aizawl,1,442.0
26.6435,95.075444,Nagaland,Mon,1,886.0
24.18,93.6,Manipur,Churachandpur,1,1093.0
23.306305298009764,92.97444378572445,,,0,974.0
27.012643471575625,88.30083756617633,,,0,2062.0
24.635389,93.719194,Manipur,Noney,1,1370.0
26.368946610639977,92.04339568018428,,,0,47.0
22.38,92.59,Mizoram,Lawngtlai,1,199.0
26.96986643813507,95.81676521993266,,,0,1997.0
25.78,93.92,Nagaland,Dimapur,1,632.0
25.98635738274712,91.66872727244484,,,0,397.0
27.03583832885021,95.92315812902692,,,0,1496.0
25.7580654592778,91.34736618497806,,,0,827.0
22.850562468025068,93.2150515449099,,,0,879.0
25.75174532784964,91.9368360740128,,,0,850.0
23.417482,92.770557,Mizoram,Aizawl,1,1209.0
23.494398069269185,92.4979696173905,,,0,704.0
24.17938620370824,93.08158977445844,,,0,777.0
23.427713,93.33564,Mizoram,Champhai,1,1302.0
23.375634,93.384499,Mizoram,Champhai,1,894.0
25.13960958538396,93.42457180839746,,,0,516.0
25.62135091204229,90.7408243423315,,,0,341.0
27.257603,93.796335,Arunachal Pradesh,Papum Pare,1,294.0
25.594,94.166,Nagaland,Kohima,1,1078.0
28.34805174197454,95.32101909277633,,,0,1523.0
27.149972,88.184222,Sikkim,West Sikkim,1,1082.0
25.69523333,91.64426944,Meghalaya,Eastern-West Khasi Hill,1,1225.0
25.10211257937077,92.0123572036598,,,0,8.0
22.688069090365367,93.18518864436837,,,0,1323.0
26.11247452469853,94.68855959810456,,,0,2172.0
25.343028,92.0625,Meghalaya,West Jaintia Hills,1,1250.0
25.1508246659005,91.937908488846,,,0,19.0
25.444322,94.046858,Manipur,Senapati,1,1414.0
25.23,93.34,Assam,Dima Hasao,1,1303.0
24.493949602744756,94.292132529684,,,0,619.0
23.379812,93.384813,Mizoram,Champhai,1,924.0
26.67787192823991,94.3118845533764,,,0,107.0
27.27575,88.084972,Sikkim,West Sikkim,1,2074.0
27.523822679278457,96.50323888322283,,,0,550.0
25.914745371728813,92.20767115736074,,,0,668.0
24.70713449708383,94.47617089848852,,,0,923.0
25.747333,92.117333,Meghalaya,East Khasi Hills,1,866.0
25.12159111711506,94.80733029434914,,,0,1568.0
23.304779550057194,92.55957203450524,,,0,570.0
25.69517778,91.64123611,Meghalaya,Eastern-West Khasi Hill,1,1302.0
26.777056,95.020361,Nagaland,Mon,1,632.0
25.241831406671885,93.92974761308804,,,0,1787.0
28.505630823430906,95.50150796758636,,,0,2000.0
28.26814,96.55728,Arunachal Pradesh,Anjaw,1,1595.0
28.245016,95.77363,Arunachal Pradesh,Lower Dibang Valley,1,800.0
23.3118724235208,92.94817566348765,,,0,803.0
25.544028,91.215472,Meghalaya,West Khasi Hills,1,1364.0
23.788032,92.729443,Mizoram,Aizawl,1,1164.0
23.587917,92.598056,Mizoram,Mamit,1,886.0
25.756972,94.476694,Nagaland,Phek,1,772.0
28.26522,96.57889,Arunachal Pradesh,Anjaw,1,1444.0
25.7983954682458,92.25211460444488,,,0,945.0
25.303445492468192,94.7877111942828,,,0,902.0
28.787937,94.820098,Arunachal Pradesh,Upper Siang,1,556.0
27.165528,88.496556,Sikkim,South Sikkim,1,1252.0
26.0511465726665,94.72457170347045,,,0,1596.0
22.749848872967444,92.42582132678268,,,0,78.0
26.067054072032985,94.69397390811312,,,0,2129.0
27.23021442631352,92.20709996303262,,,0,2752.0
27.706233287265345,94.08883908251008,,,0,2151.0
24.97065139382967,92.33846363989,,,0,19.0
28.27378,96.57031,Arunachal Pradesh,Anjaw,1,1680.0
25.45984666243485,90.64837853458084,,,0,382.0
24.9373410821856,93.31031795115258,,,0,161.0
28.510528,95.177722,Arunachal Pradesh,Upper Siang,1,715.0
24.676514114139625,94.050686659346,,,0,792.0
25.425403,92.982053,Assam,Dima Hasao,1,281.0
25.67009167,94.22525278,Nagaland,Kohima,1,874.0
24.6583726572176,94.49960565836012,,,0,738.0
25.280042717452503,90.72572315866336,,,0,229.0
24.6525,93.676,Manipur,Noney,1,1280.0
22.88,92.46,Mizoram,Lunglei,1,42.0
25.212554,91.747962,Meghalaya,East Khasi Hills,1,598.0
23.58555556,92.71583333,Mizoram,Aizawl,1,924.0
26.039194,92.4595,Assam,West Karbi Anglong,1,314.0
26.202514128246158,92.42102595373706,,,0,63.0
24.846509,93.573533,Manipur,Noney,1,383.0
22.259701380533976,92.51835573935094,,,0,369.0
24.83125,94.339194,Manipur,Kamjong,1,1425.0
27.91856564992933,96.70324383965225,,,0,1877.0
23.017494,92.920425,Mizoram,Lunglei,1,764.0
23.214001,92.588608,Mizoram,Lunglei,1,599.0
27.78781985634708,94.82649364143325,,,0,723.0
25.713,94.088,Nagaland,Kohima,1,1394.0
25.07064360233889,93.51500277002462,,,0,902.0
25.57337313819877,92.39163540664588,,,0,1129.0
28.21393120888908,96.47223458795284,,,0,1879.0
27.192138757750783,93.38486063017544,,,0,1357.0
23.79101893098549,93.4944310534634,,,0,1159.0
25.976625,94.579939,Nagaland,Kiphire,1,1806.0
27.01805427046036,88.30320007370717,,,0,2047.0
23.697056,92.877944,Mizoram,Aizawl,1,436.0
26.59922752484685,94.85476291592612,,,0,555.0
24.13,94.13,Manipur,Chandel,1,586.0
28.24475198854501,95.15278915459072,,,0,948.0
26.965697681857925,88.22513316667441,,,0,1366.0
24.18,93.56,Manipur,Churachandpur,1,693.0
22.969582,92.925917,Mizoram,Hnahthial,1,758.0
23.721334294846454,93.24139168152072,,,0,1007.0
23.32361111,92.78944444,Mizoram,Aizawl,1,620.0
25.401957729930583,92.0780146932746,,,0,1397.0
23.633025064095477,92.4698657178306,,,0,693.0
25.371889611031712,93.71140857912046,,,0,591.0
25.83,91.05,Meghalaya,West Khasi Hills,1,110.0
27.156791072456283,88.00874555990367,,,0,3239.0
23.219648416698693,93.50666169155808,,,0,1987.0
24.354658,92.925511,Mizoram,Aizawl,1,689.0
25.129537811343493,91.76160483789889,,,0,22.0
27.82566001971265,88.63512727341673,,,0,5373.0
22.7,92.66,Mizoram,Lunglei,1,619.0
26.680442378507426,94.8997575391637,,,0,758.0
28.070895507800003,94.95639923329034,,,0,815.0
26.841222,95.079556,Nagaland,Mon,1,271.0
26.890760067157757,94.79061169242584,,,0,97.0
27.105748,95.654176,Arunachal Pradesh,Tirap,1,1033.0
24.978444,93.5,Manipur,Tamenglong,1,1247.0
26.107909952642963,94.93657506152256,,,0,1374.0
26.972293804432752,88.28386231072201,,,0,2253.0
23.11499054177816,92.49154549914174,,,0,284.0
24.568668762858923,94.0098792063097,,,0,772.0
23.082149,92.758285,Mizoram,Lunglei,1,768.0
27.00072584565993,95.65959110797994,,,0,1602.0
25.614664,91.870266,Meghalaya,East Khasi Hills,1,1282.0
25.643066580796432,93.78690169569911,,,0,525.0
26.34017733158701,91.91080689331142,,,0,55.0
23.172659,92.611828,Mizoram,Lunglei,1,800.0
25.922767,94.565056,Nagaland,Kiphire,1,1953.0
25.984717127531265,92.79008847142632,,,0,71.0
27.24297222,88.47055556,Sikkim,East Sikkim,1,494.0
27.42850691505136,93.7910219667118,,,0,1022.0
26.29699905439473,94.68784477621068,,,0,1222.0
25.10434803122645,91.44088749173534,,,0,8.0
24.618157,94.309379,Manipur,Kamjong,1,1217.0
27.7621,94.0563,Arunachal Pradesh,Kamle,1,728.0
23.699611,92.874917,Mizoram,Aizawl,1,431.0
28.11594,96.54689,Arunachal Pradesh,Anjaw,1,847.0
27.337194,88.621833,Sikkim,East Sikkim,1,1779.0
27.00762282584014,94.85706637077898,,,0,101.0
22.728216089064716,92.3742191167306,,,0,157.0
26.859750883978208,94.92679151952544,,,0,139.0
25.127556,94.338583,Manipur,Ukhrul,1,1664.0
25.581572,91.181611,Meghalaya,West Khasi Hills,1,1232.0
25.684,94.246,Nagaland,Phek,1,1029.0
26.248441631717807,92.5666262041089,,,0,60.0
25.425140951039563,94.38225264536555,,,0,900.0
27.125767,95.745585,Arunachal Pradesh,Changlang,1,387.0
25.436861,93.404583,Assam,Dima Hasao,1,385.0
24.075736311521908,93.37872168739165,,,0,942.0
25.206573,91.738428,Meghalaya,East Khasi Hills,1,661.0
25.216341482569764,92.43858204846148,,,0,486.0
28.41459295561642,95.75661661844308,,,0,1911.0
23.500803,93.201572,Mizoram,Champhai,1,1062.0
23.822086,92.826497,Mizoram,Aizawl,1,448.0
25.24736,91.451647,Meghalaya,East Khasi Hills,1,735.0
23.678583,92.571583,Mizoram,Mamit,1,914.0
25.319343885119057,91.1643607470732,,,0,524.0
23.985653459655342,92.566027808705,,,0,536.0
25.63,94.259,Nagaland,Phek,1,1213.0
26.198627391359008,94.34597968013809,,,0,479.0
26.0501791833439,94.74282592726,,,0,1746.0
25.576444,94.785556,Nagaland,Phek,1,1001.0
26.92933159079045,95.13191049824422,,,0,152.0
28.106321,96.447245,Arunachal Pradesh,Anjaw,1,1427.0
22.903567,92.758702,Mizoram,Lunglei,1,1199.0
24.55,92.75,Assam,Hailakandi,1,49.0
25.448786034162158,93.83066294669392,,,0,1041.0
26.395139,94.451194,Nagaland,Mokokchung,1,748.0
28.738306679078704,95.98810455297428,,,0,2657.0
22.604530846216544,92.76014149315212,,,0,444.0
24.268736412910183,92.40323082913584,,,0,188.0
26.035269064428466,93.83855394928916,,,0,142.0
26.98244387667229,95.30385919178993,,,0,578.0
24.991965550971003,94.7461137182014,,,0,1694.0
25.67286,94.08883,Nagaland,Kohima,1,1234.0
24.783806,93.455556,Manipur,Noney,1,547.0
28.048411651511703,96.3945900206682,,,0,2624.0
22.450001,92.870003,Mizoram,Lawngtlai,1,459.0
25.723040217470547,95.00404916873016,,,0,2600.0
27.623829,93.841776,Arunachal Pradesh,Lower Subansiri,1,1670.0
25.92154834690406,90.89088192894084,,,0,77.0
24.30711944,93.59375833,Mizoram,Aizawl,1,905.0
26.832037932939112,95.60381357407992,,,0,1938.0
25.601,94.31,Nagaland,Phek,1,1905.0
24.238745,92.681538,Mizoram,Kolasib,1,554.0
25.682,94.131,Nagaland,Kohima,1,1323.0
22.45,92.7,Mizoram,Lawngtlai,1,856.0
28.302352564854303,96.3377992843498,,,0,2894.0
25.77,93.81,Nagaland,Dimapur,1,269.0
25.685366262565637,91.76134146881286,,,0,928.0
26.113333,94.338611,Nagaland,Wokha,1,989.0
25.637026,91.844464,Meghalaya,East Khasi Hills,1,1273.0
22.56252200151389,93.18522761842118,,,0,956.0
27.773556,93.969778,Arunachal Pradesh,Lower Subansiri,1,462.0
23.61861111,92.79,Mizoram,Aizawl,1,314.0
27.236306,93.807167,Arunachal Pradesh,Papum Pare,1,335.0
26.8607541115067,92.76673454046136,,,0,88.0
24.71475,94.217917,Manipur,Kangpokpi,1,1563.0
26.87131404873981,92.72269435268063,,,0,87.0
23.96,94.06,Manipur,Chandel,1,1133.0
24.51,92.77,Mizoram,Kolasib,1,254.0
23.943241,92.933604,Mizoram,Aizawl,1,1266.0
28.531528,95.050417,Arunachal Pradesh,Upper Siang,1,475.0
25.616913660926933,92.78128115642411,,,0,367.0
22.97986985154731,92.37657321837078,,,0,36.0
23.861805,93.364944,Mizoram,Champhai,1,610.0
24.99552495099673,92.06607395038186,,,0,14.0
24.879445271193347,94.66577737956004,,,0,435.0
28.023491,96.440972,Arunachal Pradesh,Anjaw,1,646.0
25.008,93.04,Assam,Dima Hasao,1,194.0
26.997731581445294,95.2166813744832,,,0,309.0
25.128417,94.440639,Manipur,Ukhrul,1,1851.0
25.6032619,94.1122188,Nagaland,Kohima,1,1620.0
24.2733754978999,93.2466223571084,,,0,293.0
25.40846962501523,90.98655658740344,,,0,289.0
25.97175,94.504619,Nagaland,Kiphire,1,1793.0
24.18987265270231,94.32106673764967,,,0,172.0
28.169611,95.240639,Arunachal Pradesh,East Siang,1,249.0
27.648148729680347,92.83331757473084,,,0,1630.0
27.30101807541714,96.45244217759412,,,0,1390.0
26.1980756313293,93.96932945841482,,,0,109.0
28.823558,95.882966,Arunachal Pradesh,Dibang Valley,1,1659.0
25.331143699226203,90.47966244694904,,,0,74.0
28.38420577541265,94.80723123710602,,,0,907.0
25.6702,94.456,Nagaland,Phek,1,1424.0
25.16485,93.697303,Manipur,Tamenglong,1,957.0
27.66526346167721,88.445018013448,,,0,3151.0
25.091290343312107,93.1613178254092,,,0,1199.0
25.6387,94.10979,Nagaland,Kohima,1,1475.0
25.312452603187573,93.73518407348408,,,0,1556.0
23.61611111,92.79944444,Mizoram,Aizawl,1,396.0
25.14525,93.02916667,Assam,Dima Hasao (N.C. Hills),1,542.0
26.211028,94.241389,Nagaland,Wokha,1,354.0
22.29126187839761,92.90528979189878,,,0,312.0
25.9545,94.040083,Nagaland,Kohima,1,640.0
23.687423792621345,93.50761670533603,,,0,1694.0
25.181722,94.504917,Manipur,Ukhrul,1,1788.0
28.20746107777256,95.35208139411402,,,0,675.0
27.077309442442075,92.8455412503998,,,0,850.0
26.016528,94.171056,Nagaland,Wokha,1,1175.0
27.436089975676943,91.85448820615174,,,0,2944.0
25.21754094697495,92.5505588896508,,,0,686.0
23.60888889,92.8075,Mizoram,Aizawl,1,457.0
25.45619004003774,94.84149495606208,,,0,2086.0
26.11902453276073,93.6515616807922,,,0,493.0
25.58235861096469,93.98333432122924,,,0,2369.0
26.15805556,91.71258333,Assam,Kamrup (Metro),1,85.0
24.86654852048181,93.08731383473491,,,0,57.0
25.666028,91.091167,Meghalaya,West Khasi Hills,1,946.0
26.812389,95.076444,Nagaland,Mon,1,580.0
27.030454108822003,88.34993953632204,,,0,1521.0
22.609229195793663,92.76673971741084,,,0,361.0
25.629683,91.163172,Meghalaya,West Khasi Hills,1,1239.0
27.157861,88.090194,Sikkim,West Sikkim,1,2181.0
25.68176111,94.06811944,Nagaland,Dimapur,1,1161.0
25.171889,93.003944,Assam,Dima Hasao,1,741.0
25.049,94.551028,Manipur,Ukhrul,1,1787.0
25.315861,94.504139,Manipur,Ukhrul,1,1377.0
26.197444,94.856955,Nagaland,Tuensang,1,1993.0
26.61,94.5,Nagaland,Mokokchung,1,508.0
28.122964634076272,96.72690392808448,,,0,2973.0
23.00142479416888,93.40849003766289,,,0,1024.0
23.304227712754862,92.9313803830828,,,0,815.0
27.45237622909693,88.22937360605941,,,0,4048.0
27.02544464091764,88.31727951717197,,,0,2016.0
28.099376,95.27268,Arunachal Pradesh,East Siang,1,261.0
27.90814,96.36028,Arunachal Pradesh,Lohit,1,1084.0
22.432625393200095,92.42814290615792,,,0,157.0
28.239330423760624,95.6782747759468,,,0,259.0
25.72707289321368,93.84948663383626,,,0,362.0
23.283042632009963,93.40469991628488,,,0,1043.0
23.85756984466443,93.7642213035024,,,0,1097.0
23.99504992704101,94.1524635714516,,,0,340.0
23.183856,92.735346,Mizoram,Lunglei,1,835.0
27.111424922215804,93.27033623870528,,,0,1190.0
28.215014,95.799764,Arunachal Pradesh,Lower Dibang Valley,1,965.0
27.13600280150864,96.0562515824687,,,0,938.0
25.27898,93.241092,Assam,Dima Hasao,1,784.0
25.276848122989065,92.86273047549204,,,0,779.0
23.874056,93.244469,Mizoram,Champhai,1,1223.0
25.40178897414924,93.63510474848272,,,0,1406.0
24.387658,94.151683,Manipur,Tengnoupal,1,1322.0
25.153722,94.461917,Manipur,Ukhrul,1,1921.0
25.51815035112246,90.9294408589432,,,0,664.0
25.15556,93.021583,Assam,Dima Hasao,1,610.0
25.086247322471245,92.67849955755948,,,0,447.0
23.203107,92.577972,Mizoram,Lunglei,1,749.0
27.279972,88.804278,Sikkim,East Sikkim,1,3691.0
25.112647957310543,91.92716664253273,,,0,13.0
28.209062,95.806755,Arunachal Pradesh,Lower Dibang Valley,1,928.0
24.26311111,92.96041667,Mizoram,Aizawl,1,789.0
27.97755989167267,95.37165952290096,,,0,144.0
23.73794444,92.78613889,Mizoram,Aizawl,1,546.0
23.351772,92.781701,Mizoram,Aizawl,1,905.0
25.487066812601743,93.23089562138014,,,0,349.0
25.182306,94.523333,Manipur,Ukhrul,1,1343.0
23.527592,92.984969,Mizoram,Saitual,1,1342.0
25.29401125120794,94.63594153042878,,,0,1751.0
25.450653,94.046667,Manipur,Senapati,1,1328.0
23.741851,93.377004,Mizoram,Champhai,1,1315.0
25.48716667,91.81936111,Meghalaya,East Khasi Hills,1,1724.0
25.473756811085963,93.88689544504749,,,0,1246.0
27.01714964374771,88.40708906013178,,,0,870.0
22.6,92.67,Mizoram,Lawngtlai,1,391.0
25.51591667,94.13652778,Manipur,Senapati,1,1701.0
26.687043898991668,94.8771421104539,,,0,905.0
23.1077,93.19878056,Mizoram,Aizawl,1,1179.0
22.823893,93.036804,Mizoram,Lunglei,1,1363.0
26.97030656221106,92.96418836840988,,,0,370.0
27.080365471569507,93.03513995123912,,,0,710.0
23.266744730027003,93.44893937377591,,,0,1197.0
27.527917,88.60225,Sikkim,North Sikkim,1,1473.0
27.035278,92.610556,Arunachal Pradesh,West Kameng,1,155.0
22.77451049892298,92.74149367061489,,,0,502.0
25.32562109685967,93.8180134711439,,,0,1555.0
28.267526,95.561048,Arunachal Pradesh,Lower Dibang Valley,1,528.0
27.000447765502127,93.66342118414954,,,0,201.0
25.03207368119709,93.84083356342134,,,0,1945.0
25.04670203080327,91.35929786217729,,,0,9.0
26.088722,94.349833,Nagaland,Wokha,1,988.0
28.169389,95.235722,Arunachal Pradesh,East Siang,1,299.0
22.899151,92.935677,Mizoram,Lunglei,1,424.0
28.225583,94.889167,Arunachal Pradesh,West Siang,1,293.0
24.869889,93.779444,Manipur,Kangpokpi,1,1159.0
28.003330478822598,95.792387842563,,,0,155.0
23.85972222,92.89694444,Mizoram,Aizawl,1,1052.0
26.97322271758489,88.4148631476081,,,0,399.0
26.105583,94.257778,Nagaland,Wokha,1,1382.0
25.050356439876488,92.89288556571027,,,0,569.0
22.770902962484257,92.44471524617704,,,0,129.0
25.90741772185798,93.856684696975,,,0,159.0
28.550472,95.06325,Arunachal Pradesh,Upper Siang,1,740.0
25.407413225239104,94.82958125324248,,,0,1320.0
22.89,92.48,Mizoram,Lunglei,1,109.0
26.939232,95.520994,Arunachal Pradesh,Tirap,1,1619.0
27.105083,92.555222,Arunachal Pradesh,West Kameng,1,863.0
26.96285790643533,92.54168176154788,,,0,156.0
25.56718668255933,92.95184078908407,,,0,201.0
27.45408979629648,88.39267935383158,,,0,2954.0
26.9723716470644,93.6789120292848,,,0,99.0
25.413,94.541333,Manipur,Ukhrul,1,898.0
27.430861865645287,92.2663073455808,,,0,1893.0
25.39605546456429,92.1173934630602,,,0,1385.0
27.48502036902907,88.06628321548787,,,0,4736.0
22.51998653190965,92.49088993752255,,,0,300.0
24.711498914112987,93.58433555581554,,,0,390.0
24.08882454154077,93.19759719098282,,,0,1380.0
25.151189,92.191308,Meghalaya,West Jaintia Hills,1,171.0
27.64182548591977,95.1861323530125,,,0,107.0
23.459786,92.855821,Mizoram,Serchhip,1,1052.0
23.71583333,92.72,Mizoram,Aizawl,1,1081.0
23.168777,92.90097,Mizoram,Lunglei,1,846.0
25.20155206971766,92.72847652712714,,,0,1242.0
24.81778,93.51583,Manipur,Tamenglong,1,460.0
27.317819396636978,92.5365989311314,,,0,1351.0
28.92801554554453,94.78194714242495,,,0,430.0
28.24517985819571,95.9868426707375,,,0,3179.0
26.906409897403787,95.12129122029695,,,0,266.0
26.022353111371103,93.88765432613674,,,0,140.0
25.079969070402704,93.18060519831978,,,0,667.0
24.57296389,93.17700556,Mizoram,Kolasib,1,301.0
27.42045911650481,88.21412934434423,,,0,3198.0
23.381167,93.112917,Mizoram,Champhai,1,1184.0
22.19,92.61,Mizoram,Lawngtlai,1,194.0
25.11667974790332,93.4542989869732,,,0,634.0
23.311199097652477,92.40542386124262,,,0,101.0
28.51474272086609,94.99300779748876,,,0,1487.0
27.04727906947584,88.23716422790538,,,0,1266.0
27.554505831020084,88.83209583320702,,,0,3985.0
23.42989098259446,92.50617035769952,,,0,674.0
24.11,93.91,Manipur,Chandel,1,1215.0
25.46536845515858,94.28582549760378,,,0,1923.0
23.32628378149134,92.5166858545274,,,0,554.0
25.54276366536326,94.42630906955642,,,0,1149.0
23.89797007542253,93.43751758376642,,,0,1439.0
28.34799071572664,95.34336689773812,,,0,1818.0
22.462999,92.969002,Mizoram,Saiha,1,386.0
24.043187,92.77542,Mizoram,Aizawl,1,977.0
25.32060721969796,92.89265981911124,,,0,542.0
25.92985195079751,93.6477456735837,,,0,208.0
25.38376601299582,93.65136339527092,,,0,679.0
25.135,93.04,Assam,Dima Hasao,1,622.0
27.202956271482936,92.76846988550945,,,0,587.0
22.513,92.793999,Mizoram,Lawngtlai,1,509.0
28.015567447305404,94.76820653919152,,,0,1380.0
26.314847,93.256125,Assam,Karbi Anglong,1,386.0
28.19665003302543,95.6032330734364,,,0,291.0
22.87,92.49,Mizoram,Lunglei,1,143.0
24.08,92.39,Mizoram,Mamit,1,551.0
25.60655065589429,91.98152903315771,,,0,1321.0
27.144784548088584,93.43260713481776,,,0,1092.0
24.167642938501373,93.75807998814145,,,0,889.0
26.809385914099828,94.76720138782515,,,0,111.0
23.74027778,92.69722222,Mizoram,Aizawl,1,1039.0
28.763652582680464,96.0157249566779,,,0,3506.0
26.244103598512226,94.33186574171287,,,0,567.0
26.336667,94.9275,Nagaland,Mon,1,1138.0
23.29556069793992,92.5034031892333,,,0,285.0
25.44403929670665,94.23217949228932,,,0,1668.0
27.276866955303547,92.52506030875604,,,0,1984.0
27.247111,88.225222,Sikkim,West Sikkim,1,1664.0
27.160722,88.505889,Sikkim,South Sikkim,1,1051.0
23.1915,93.011024,Mizoram,Serchhip,1,875.0
25.18846,93.003768,Assam,Dima Hasao,1,742.0
23.840334,93.071945,Mizoram,Aizawl,1,703.0
25.953314905899656,94.88841703804376,,,0,1215.0
26.01228463253916,93.8558941504009,,,0,138.0
23.150818,93.286358,Mizoram,Champhai,1,1445.0
23.61,92.75055556,Mizoram,Aizawl,1,728.0
23.4912,92.7055,Mizoram,Aizawl,1,987.0
27.417306,88.622361,Sikkim,North Sikkim,1,1381.0
24.943778,93.706472,Manipur,Noney,1,1470.0
23.95,94.06,Manipur,Chandel,1,1265.0
25.05714768706176,93.8628089132652,,,0,2295.0
23.54542014949353,92.93236167426154,,,0,1454.0
28.60302180977293,95.21208832448396,,,0,1768.0
23.025167054192064,92.4788247872153,,,0,87.0
25.628758,91.164169,Meghalaya,West Khasi Hills,1,1251.0
26.326783228618947,91.8301760965779,,,0,53.0
25.494341180122888,92.34069056133924,,,0,1326.0
27.646905834901293,96.31713072931078,,,0,573.0
25.1568056,93.019722,Assam,Dima Hasao,1,638.0
24.52,92.53,Assam,Hailakandi,1,68.0
27.29414711694303,95.77408161564614,,,0,146.0
23.43277778,92.76111111,Mizoram,Aizawl,1,1503.0
23.719472,92.676444,Mizoram,Aizawl,1,499.0
25.151417,93.672833,Manipur,Tamenglong,1,1060.0
23.059168,92.771186,Mizoram,Lunglei,1,975.0
25.53,89.98,Meghalaya,West Garo Hills,1,69.0
25.61092,93.09178,Assam,Dima Hasao,1,238.0
27.157694,88.092833,Sikkim,West Sikkim,1,2250.0
27.571111,92.965556,Arunachal Pradesh,East Kameng,1,585.0
24.80425,93.732861,Manipur,Noney,1,1165.0
27.327977,88.152281,Sikkim,Gyalshing,1,1578.0
24.28,93.11,Manipur,Pherzawl,1,747.0
25.95478,92.51386,Assam,West Karbi Anglong,1,269.0
22.891706,92.950081,Mizoram,Lunglei,1,547.0
25.243671,91.866854,Meghalaya,East Khasi Hills,1,912.0
25.388039,91.8773,Meghalaya,East Khasi Hills,1,1458.0
27.51931785674112,88.7926470573478,,,0,4624.0
27.470103845181047,94.03667871379812,,,0,1111.0
27.5335,92.964861,Arunachal Pradesh,East Kameng,1,1133.0
28.07104056050129,96.38368820108715,,,0,2471.0
26.0325,94.256,Nagaland,Wokha,1,1425.0
25.32916645941492,94.39816492524258,,,0,1152.0
25.14722,93.03128,Assam,Dima Hasao,1,461.0
25.84575,94.055083,Nagaland,Kohima,1,951.0
24.728917,93.256389,Manipur,Tamenglong,1,918.0
25.63203990937589,91.46661475639404,,,0,1252.0
23.69777778,92.71944444,Mizoram,Aizawl,1,984.0
24.444011,94.173489,Manipur,Tengnoupal,1,1500.0
22.89236481958553,93.12190933902755,,,0,575.0
25.37927690647791,93.93976269275907,,,0,1162.0
22.39655981312944,92.4874618289136,,,0,295.0
23.631956,93.033971,Mizoram,Champhai,1,566.0
25.640693377217925,91.7364580034388,,,0,1004.0
23.470198,92.693264,Mizoram,Aizawl,1,391.0
25.5925,94.628472,Nagaland,Phek,1,1509.0
27.25846023650674,92.56682115025872,,,0,2123.0
25.029708,92.463967,Assam,Cachar,1,89.0
25.591833,94.595278,Nagaland,Phek,1,1063.0
23.719694,92.868053,Mizoram,Aizawl,1,738.0
27.62225,93.840778,Arunachal Pradesh,Lower Subansiri,1,1638.0
25.40670451717609,94.8854810239206,,,0,1085.0
22.9479117073112,93.12572073227471,,,0,753.0
25.02204472681837,93.73201362446436,,,0,949.0
26.97398741167233,92.97447387057215,,,0,288.0
24.1,94.03,Manipur,Chandel,1,1413.0
23.663361,92.015111,Tripura,Dhalai,1,313.0
25.39601797986089,90.94696825496275,,,0,405.0
25.79114102754952,94.57640117865998,,,0,2393.0
28.17945649798472,96.37529203208784,,,0,2251.0
27.318647,92.77855,Arunachal Pradesh,West Kameng,1,617.0
26.49998337015921,95.03278418186532,,,0,1615.0
27.341193590505437,95.79291170134348,,,0,148.0
25.325889,91.935222,Meghalaya,East Khasi Hills,1,952.0
22.26951665819407,92.81603757565128,,,0,357.0
23.938028,93.121277,Mizoram,Aizawl,1,1526.0
25.843571657998137,93.18875737983562,,,0,157.0
25.092033,94.640664,Manipur,Ukhrul,1,1074.0
27.063378473210488,93.78951248253722,,,0,133.0
25.365230339130715,92.35893161908828,,,0,1200.0
23.52666667,92.70083333,Mizoram,Aizawl,1,784.0
25.67790666102087,94.6497367219704,,,0,693.0
23.983558257181745,92.177153519979,,,0,110.0
23.73,92.75833333,Mizoram,Aizawl,1,910.0
27.215944,93.069222,Arunachal Pradesh,East Kameng,1,1048.0
25.097738390607947,90.95398892853804,,,0,8.0
26.706028,95.078361,Nagaland,Mon,1,640.0
27.897606252975024,96.48913756740946,,,0,946.0
25.930969649721423,91.0088972740352,,,0,56.0
25.666,94.244,Nagaland,Phek,1,1319.0
29.12103766089992,95.95173970097969,,,0,3528.0
25.729606078450647,92.73489685489332,,,0,259.0
23.04042412567571,92.22535165836412,,,0,34.0
25.284402598209194,94.72600176736134,,,0,1920.0
26.207833,95.001083,Nagaland,Tuensang,1,1562.0
27.58006,91.97728,Arunachal Pradesh,Tawang,1,2275.0
27.6340386082954,88.4348638552743,,,0,3926.0
25.465167,91.824944,Meghalaya,East Khasi Hills,1,1690.0
24.26,92.65,Mizoram,Kolasib,1,51.0
25.446771870028,94.2691852542417,,,0,2233.0
23.61861111,92.72611111,Mizoram,Aizawl,1,793.0
24.784556,93.777972,Manipur,Kangpokpi,1,1008.0
23.65527778,92.72694444,Mizoram,Aizawl,1,811.0
25.083083,93.613583,Manipur,Tamenglong,1,1092.0
25.04180268685049,93.82652038425866,,,0,1447.0
28.11484977878984,95.6326076666065,,,0,210.0
26.67999033248432,94.2662956179454,,,0,108.0
24.61888193201841,93.86759495308766,,,0,773.0
26.152532760210217,92.19345418826973,,,0,55.0
25.188444,93.019667,Assam,Dima Hasao,1,522.0
28.07771060911723,95.5847094866675,,,0,190.0
25.25454782727593,94.38028504814024,,,0,1860.0
24.14347496412458,93.22234630678643,,,0,989.0
25.46353588644921,90.01827561536616,,,0,108.0
27.2773414488936,91.96896662470036,,,0,3262.0
27.139342405780678,88.58328426926194,,,0,1793.0
25.87925306206965,91.6585304952218,,,0,340.0
27.462159408522336,93.8189034687455,,,0,1131.0
23.902111,92.922556,Mizoram,Aizawl,1,1138.0
27.301139,93.091889,Arunachal Pradesh,East Kameng,1,768.0
25.107290102834423,91.51179955177624,,,0,10.0
25.865472,94.049944,Nagaland,Kohima,1,944.0
25.507378,91.223883,Meghalaya,West Khasi Hills,1,1363.0
23.727472,92.85265,Mizoram,Aizawl,1,780.0
23.584417,92.622917,Mizoram,Mamit,1,868.0
26.39330942634468,94.25634142915168,,,0,208.0
28.06356,96.50075,Arunachal Pradesh,Anjaw,1,525.0
23.855092,92.666553,Mizoram,Aizawl,1,407.0
22.920202,92.927345,Mizoram,Lunglei,1,471.0
23.00461111,92.67744444,Mizoram,Kolasib,1,444.0
24.664694,93.532361,Manipur,Noney,1,727.0
27.844197710047936,94.58008867505634,,,0,1398.0
24.993964384077863,92.18985369952637,,,0,15.0
27.223833,88.491833,Sikkim,South Sikkim,1,362.0
26.57463,93.11297,Assam,Nagaon,1,93.0
24.686417,94.153333,Manipur,Kangpokpi,1,864.0
25.750944,94.199444,Nagaland,Kohima,1,986.0
24.97368429532494,93.10161855408798,,,0,204.0
24.842444,93.499333,Manipur,Noney,1,305.0
24.027079684828458,92.04084926265313,,,0,73.0
23.53218748967311,92.40697117124178,,,0,655.0
27.063526230838058,92.80987798894128,,,0,221.0
24.499217638913017,94.42393797958704,,,0,282.0
25.462361,93.384306,Assam,Dima Hasao,1,425.0
25.660333,91.635083,Meghalaya,West Khasi Hills,1,1396.0
25.14048137843573,94.80201521309358,,,0,954.0
22.34,92.6,Mizoram,Lawngtlai,1,146.0
24.027859672488624,92.51217961635872,,,0,715.0
25.1880735461268,94.01161040393816,,,0,1057.0
27.040034143861025,88.15220318416797,,,0,1353.0
26.166583,91.714806,Assam,Kamrup,1,128.0
25.189964629436076,93.8745509066459,,,0,1313.0
25.696556,92.109694,Meghalaya,East Khasi Hills,1,839.0
23.098848446916573,93.6204456534084,,,0,1290.0
23.785380512195257,93.47490793798175,,,0,1495.0
23.213055,92.58889,Mizoram,Lunglei,1,592.0
22.62321630794728,93.1180901134307,,,0,386.0
26.728167,95.029889,Nagaland,Mon,1,706.0
25.01205589114386,91.73432738413086,,,0,11.0
26.144961775655418,93.31438764886155,,,0,603.0
26.4846112169963,94.9602739871652,,,0,1070.0
28.24701800365156,95.31701703799266,,,0,2016.0
27.616360684774733,88.2862599020296,,,0,4252.0
27.03846818091733,88.64829622878,,,0,1536.0
22.523798451824423,92.42195873465243,,,0,95.0
24.641444,93.691639,Manipur,Noney,1,1266.0
25.26200048721259,92.7220766047268,,,0,1041.0
24.12,93.29,Manipur,Churachandpur,1,1145.0
25.9138364657303,93.92715012602568,,,0,168.0
24.57235,92.70536,Assam,Cachar,1,66.0
27.158976523305387,93.5599325631004,,,0,1197.0
25.364931626630625,92.22952561047212,,,0,1296.0
27.460995482979808,88.17789172292754,,,0,3667.0
22.23,92.62,Mizoram,Lawngtlai,1,172.0
27.7306,93.9767,Arunachal Pradesh,Lower Subansiri,1,520.0
23.64828952957024,92.22764255233332,,,0,349.0
23.304123,92.671521,Mizoram,Lunglei,1,574.0
25.080556669699565,92.482343531689,,,0,307.0
25.273144059388752,93.70635451394786,,,0,580.0
24.95321097350398,94.79751692683416,,,0,489.0
24.82058,94.137,Manipur,Kangpokpi,1,889.0
26.841139,95.079694,Nagaland,Mon,1,280.0
27.638694,88.711694,Sikkim,North Sikkim,1,2280.0
24.240244,92.694292,Mizoram,Kolasib,1,495.0
27.370083,88.67925,Sikkim,East Sikkim,1,2569.0
28.124946484643477,95.58908242099815,,,0,229.0
25.03452821230557,93.9174466374988,,,0,1016.0
26.383648,94.440751,Nagaland,Mokokchung,1,994.0
25.311820972217102,94.61700860000634,,,0,1958.0
25.472781,93.727319,Nagaland,Peren,1,1535.0
25.415583,94.558778,Manipur,Ukhrul,1,1182.0
27.19736609305885,88.95441237765446,,,0,2578.0
27.59152778,91.88044444,Arunachal Pradesh,Tawang,1,2767.0
25.91316533970693,92.42386621570098,,,0,652.0
25.998217,94.504756,Nagaland,Kiphire,1,1784.0
24.861317670557312,92.21767075040056,,,0,13.0
24.284789954486875,92.75695560823732,,,0,60.0
25.559,94.284,Nagaland,Phek,1,1747.0
23.212919,92.558022,Mizoram,Lunglei,1,863.0
27.526360989162207,93.91471651914264,,,0,2377.0
27.637167,88.712028,Sikkim,North Sikkim,1,2255.0
25.157,93.062,Assam,Dima Hasao,1,514.0
27.516444,88.587361,Sikkim,North Sikkim,1,1460.0
27.4696144096594,88.92244046344543,,,0,3258.0
24.18,93.99,Manipur,Chandel,1,924.0
27.115246,95.670965,Arunachal Pradesh,Changlang,1,835.0
25.657994507054028,94.66349125835204,,,0,714.0
24.16940721360712,92.15776184996092,,,0,74.0
23.026818,93.26673,Mizoram,Champhai,1,1410.0
23.69305556,92.86055556,Mizoram,Aizawl,1,907.0
24.595541959244034,92.63322893430455,,,0,27.0
25.18846495910672,91.32123826143308,,,0,19.0
28.070621484830323,95.56994230585222,,,0,187.0
23.66416667,92.72055556,Mizoram,Aizawl,1,1046.0
23.36852778,92.76538889,Mizoram,Aizawl,1,1136.0
24.894017702250707,93.8347075974668,,,0,815.0
22.85258,92.70186,Mizoram,Lunglei,1,432.0
25.64146698730099,90.95730905154502,,,0,790.0
24.35,92.85,Mizoram,Kolasib,1,382.0
27.394085432274288,93.7970683532794,,,0,1188.0
26.975732435680005,88.78859133531897,,,0,446.0
24.26411111,92.69188889,Mizoram,Kolasib,1,510.0
25.970917,94.214028,Nagaland,Kohima,1,1467.0
26.321313642783625,95.25304424117142,,,0,1820.0
25.78512107740367,94.58580325018433,,,0,1734.0
25.275083,93.616306,Nagaland,Peren,1,1127.0
24.18,93.59,Manipur,Churachandpur,1,1130.0
28.67017000602389,94.780874276757,,,0,1476.0
25.538688973678063,93.34625382915128,,,0,338.0
26.13775368688893,95.20234583692378,,,0,2080.0
23.73305556,92.80972222,Mizoram,Aizawl,1,355.0
25.42941188600494,92.42859962062276,,,0,1128.0
23.73333333,92.70527778,Mizoram,Aizawl,1,949.0
24.45948087808955,93.46107217501448,,,0,662.0
23.747943,93.374597,Mizoram,Champhai,1,1221.0
25.993981,94.474467,Nagaland,Zunheboto,1,1568.0
22.681,92.884003,Mizoram,Lunglei,1,725.0
24.4165,94.176944,Manipur,Tengnoupal,1,1341.0
23.34055556,92.77722222,Mizoram,Aizawl,1,766.0
28.202667,94.828417,Arunachal Pradesh,West Siang,1,255.0
23.30087960408313,92.96677551939533,,,0,1207.0
23.39817685831612,92.49965980168116,,,0,510.0
23.54027778,92.70138889,Mizoram,Aizawl,1,883.0
26.301228004127776,91.91434897874376,,,0,52.0
23.467679,93.250636,Mizoram,Champhai,1,881.0
26.84060432996533,88.37873609350015,,,0,264.0
24.7396140446434,94.55999107005384,,,0,267.0
23.08121961159442,91.34585301432584,,,0,10.0
25.945639,94.016417,Nagaland,Kohima,1,437.0
24.815361,93.441528,Manipur,Noney,1,347.0
25.20552778,93.02013889,Assam,Dima Hasao (N.C. Hills),1,346.0
27.023357492571765,95.31566732732333,,,0,285.0
23.7557432613221,93.6474227015716,,,0,1618.0
25.073,92.368778,Meghalaya,East Jaintia Hills,1,115.0
26.39936,94.94553,Nagaland,Mon,1,645.0
23.24123256541562,93.4006518458484,,,0,1006.0
24.72,93.14,Manipur,Jiribam,1,108.0
25.583236,91.237317,Meghalaya,West Khasi Hills,1,1318.0
22.837809,92.798653,Mizoram,Lunglei,1,1161.0
27.311571,93.046703,Arunachal Pradesh,East Kameng,1,945.0
25.92829227329062,93.541034352197,,,0,182.0
24.31925,92.99080556,Mizoram,Aizawl,1,775.0
24.994631836315385,94.67882552589896,,,0,711.0
25.333749872743265,92.9552454312078,,,0,399.0
25.499542,94.552992,Manipur,Ukhrul,1,899.0
26.56111,93.04925,Assam,Nagaon,1,114.0
25.581806,94.784833,Nagaland,Phek,1,975.0
25.568837,91.833286,Meghalaya,East Khasi Hills,1,1469.0
24.9968616453546,93.23562081812852,,,0,179.0
25.14556647444132,94.730973532595,,,0,2007.0
25.69192136538192,91.76413917037088,,,0,889.0
25.054475177869328,90.82304498081136,,,0,13.0
24.437066,92.249961,Tripura,North Tripura,1,55.0
25.140230170211797,93.4888292900884,,,0,326.0
26.175889,95.030472,Nagaland,Noklak,1,837.0
28.521307573529597,96.06370522080611,,,0,3425.0
28.582334700410968,94.826842934048,,,0,2263.0
27.106472,93.663889,Arunachal Pradesh,Papum Pare,1,208.0
27.02357873724281,95.8093130094358,,,0,2053.0
26.02110923021233,91.66080788734796,,,0,451.0
24.152104597470437,94.25468619475986,,,0,296.0
25.795444,91.662111,Meghalaya,West Khasi Hills,1,763.0
24.371200296619246,94.3443522297878,,,0,302.0
25.51402,92.765435,Assam,Dima Hasao,1,486.0
26.773583,95.077389,Nagaland,Mon,1,997.0
26.390972,94.438111,Nagaland,Mokokchung,1,659.0
25.737989098382016,90.531018423161,,,0,246.0
25.805102210755845,91.7465837830944,,,0,643.0
23.281103,92.857654,Mizoram,Serchhip,1,770.0
22.954797964411675,92.56193314754236,,,0,503.0
28.400549565383127,95.79716679012664,,,0,893.0
27.631,93.8465,Arunachal Pradesh,Lower Subansiri,1,1725.0
22.512819442605625,92.47377778970971,,,0,350.0
27.16375,88.406417,Sikkim,South Sikkim,1,1563.0
26.943525198577465,95.61347302380388,,,0,1062.0
23.220695308746187,93.45370179834138,,,0,1676.0
24.17,92.53,Mizoram,Mamit,1,117.0
28.35210432020322,95.311757270967,,,0,1522.0
23.254946,92.634239,Mizoram,Lunglei,1,802.0
25.76085556,93.94696111,Nagaland,Kohima,1,849.0
23.932846564594783,91.94454191337924,,,0,172.0
24.031139,92.2535,Tripura,North Tripura,1,132.0
25.46307925,92.25426106,Meghalaya,West Jaintia Hills,1,1376.0
27.055926402922974,93.7467316017334,,,0,168.0
23.848,93.041885,Mizoram,Aizawl,1,1010.0
25.423438,92.985022,Assam,Dima Hasao,1,256.0
23.62683746536089,92.4824558424182,,,0,457.0
26.420167,95.053833,Nagaland,Mon,1,1599.0
27.456278,92.109556,Arunachal Pradesh,West Kameng,1,3038.0
28.139674452639238,94.89820349279162,,,0,959.0
23.54138889,92.69944444,Mizoram,Aizawl,1,765.0
22.52,92.72,Mizoram,Lawngtlai,1,511.0
28.144078044541867,95.54379690379356,,,0,244.0
25.48666324554536,94.80110486486532,,,0,2715.0
23.89305556,92.84722222,Mizoram,Aizawl,1,573.0
24.662584450991364,94.61070140528528,,,0,829.0
22.25513491563849,92.75926328357772,,,0,92.0
23.740814734965117,91.71045541141048,,,0,101.0
26.59011,93.57466,Assam,Karbi Anglong,1,129.0
24.734233,93.293194,Manipur,Tamenglong,1,308.0
28.43437390981906,94.5975342017168,,,0,998.0
22.577,92.892998,Mizoram,Lawngtlai,1,754.0
25.064639,94.534,Manipur,Ukhrul,1,1567.0
24.595876889250583,94.62066655205116,,,0,515.0
24.501367,94.192292,Manipur,Tengnoupal,1,1143.0
23.476694,93.238556,Mizoram,Champhai,1,915.0
24.212361,92.258111,Tripura,Dhalai,1,80.0
26.326944,94.896667,Nagaland,Tuensang,1,1040.0
25.66754722,94.08075278,Nagaland,Kohima,1,1523.0
28.487904,95.84071,Arunachal Pradesh,Lower Dibang Valley,1,752.0
25.671706556312632,90.93074391051888,,,0,571.0
24.775917,93.432611,Manipur,Noney,1,867.0
23.59861111,92.8225,Mizoram,Aizawl,1,342.0
25.998183,94.5975,Nagaland,Kiphire,1,1905.0
24.74539903087604,92.25857229105492,,,0,55.0
25.4770044510522,94.43878769547364,,,0,1254.0
28.080633267767386,96.3879787145064,,,0,2413.0
25.467169,94.54755,Manipur,Ukhrul,1,1216.0
25.6658090296376,93.5273665479592,,,0,216.0
25.71014366688087,94.68073137899452,,,0,966.0
25.63110167804846,92.5266692508722,,,0,931.0
25.380133862371096,94.6896966234086,,,0,2093.0
23.41277778,92.73077778,Mizoram,Aizawl,1,1165.0
26.888495268441943,95.20599805172148,,,0,722.0
27.46902087708987,88.18930268393314,,,0,3431.0
23.243855,92.905242,Mizoram,Serchhip,1,745.0
25.263806,92.203,Meghalaya,West Jaintia Hills,1,684.0
23.7195,92.675528,Mizoram,Aizawl,1,491.0
25.44693056,91.74096667,Meghalaya,East Khasi Hills,1,1734.0
24.15,92.41,Mizoram,Mamit,1,153.0
25.058833,93.604028,Manipur,Tamenglong,1,973.0
28.9407,95.82058,Arunachal Pradesh,Dibang Valley,1,1429.0
23.03447131204734,92.2172091192172,,,0,33.0
22.97149224384549,93.40185174594174,,,0,853.0
25.09917295144001,93.12763187174984,,,0,1068.0
28.084274888403534,96.6315756398587,,,0,1923.0
23.67972222,92.72333333,Mizoram,Aizawl,1,892.0
22.68269736714509,93.1203831563882,,,0,959.0
26.819856825137048,93.52468939935969,,,0,78.0
23.01840751062901,92.5552501958023,,,0,459.0
25.15658333,93.01961111,Assam,Dima Hasao,1,624.0
28.315484,95.982181,Arunachal Pradesh,Lower Dibang Valley,1,964.0
24.8415,94.361167,Manipur,Kamjong,1,1674.0
28.69857378911073,95.84569012637232,,,0,1061.0
25.78882042452916,95.08553936467466,,,0,1890.0
25.312909100437277,91.15220936652337,,,0,378.0
24.09,94.04,Manipur,Chandel,1,1126.0
26.179226,94.557166,Nagaland,Zunheboto,1,1703.0
25.435167,92.185006,Meghalaya,West Jaintia Hills,1,1259.0
25.13402120314436,94.17167552604614,,,0,894.0
25.700053,91.644486,Meghalaya,West Khasi Hills,1,1254.0
25.06773346239749,93.87931289900033,,,0,2033.0
28.26330424791049,95.41315345382765,,,0,1230.0
23.54286944,93.08539722,Mizoram,Kolasib,1,916.0
28.490727,95.833473,Arunachal Pradesh,Dibang Valley,1,780.0
23.712611,92.560444,Mizoram,Mamit,1,999.0
24.005278,92.677083,Mizoram,Kolasib,1,615.0
27.559944349090664,88.4368306102895,,,0,1252.0
24.729944,93.485833,Manipur,Noney,1,304.0
26.172472,95.048583,Nagaland,Noklak,1,1030.0
25.052236,92.399047,Meghalaya,East Jaintia Hills,1,68.0
22.961365719423103,93.22127589139622,,,0,692.0
25.026517773373048,92.92776091568476,,,0,167.0
25.675017,94.229397,Nagaland,Phek,1,957.0
27.11605328372736,95.0483826966132,,,0,105.0
26.112667,91.853889,Assam,Kamrup,1,188.0
26.907080665203527,95.69775548053089,,,0,1964.0
27.242917,93.757222,Arunachal Pradesh,Papum Pare,1,353.0
25.965731,92.59267,Assam,West Karbi Anglong,1,115.0
27.036111,92.603333,Arunachal Pradesh,West Kameng,1,232.0
26.10591667,91.62283333,Assam,Kamrup (Metro),1,64.0
26.952256188862385,95.14350447379702,,,0,179.0
26.93766668437465,92.5528781293914,,,0,119.0
24.85536111,93.62402778,Manipur,Noney,1,379.0
28.42150265313978,95.31581404998408,,,0,2019.0
27.21875,88.233694,Sikkim,West Sikkim,1,1284.0
26.01867530056924,93.91658828971504,,,0,139.0
25.042189,92.441964,Meghalaya,East Jaintia Hills,1,285.0
28.42815038270325,95.54708159164166,,,0,1379.0
23.61555556,92.79972222,Mizoram,Aizawl,1,365.0
27.195274732921717,88.85589913900228,,,0,2030.0
26.030632,94.593978,Nagaland,Zunheboto,1,1435.0
25.65073762751489,91.77322411931132,,,0,990.0
24.658206,93.625503,Manipur,Noney,1,389.0
25.19421854434241,93.79178921877964,,,0,989.0
22.897387,92.889938,Mizoram,Lunglei,1,580.0
25.157528,93.68425,Manipur,Tamenglong,1,1027.0
25.52574648628048,90.95748326996704,,,0,761.0
25.83982013220749,93.88299476464948,,,0,407.0
25.271717571783217,92.4636929681594,,,0,775.0
25.490475,92.069278,Meghalaya,West Jaintia Hills,1,1225.0
27.673366744140903,92.19736610625776,,,0,3789.0
27.14081165764109,95.29618343240682,,,0,119.0
26.079173722347893,94.70282486113663,,,0,1979.0
25.95317,92.51353,Assam,West Karbi Anglong,1,267.0
23.273513,92.65731,Mizoram,Lunglei,1,906.0
27.6394,93.8708,Arunachal Pradesh,Lower Subansiri,1,1733.0
22.64,92.67,Mizoram,Lunglei,1,591.0
25.091204587447123,94.71464684417268,,,0,1333.0
23.518162,93.366956,Mizoram,Champhai,1,1391.0
25.56530267572801,93.574447887475,,,0,278.0
25.657,94.102,Nagaland,Kohima,1,1474.0
24.965053,93.731514,Manipur,Noney,1,1824.0
25.744,94.337,Nagaland,Phek,1,1581.0
24.60096012539564,94.4190398023422,,,0,633.0
26.013556,94.255139,Nagaland,Wokha,1,1229.0
25.995220303594728,95.0490032026883,,,0,2155.0
27.967069443257618,96.48655669733812,,,0,2650.0
27.145056,88.370778,Sikkim,South Sikkim,1,1265.0
25.83405177215793,95.14367647155622,,,0,2262.0
25.636913,91.843235,Meghalaya,East Khasi Hills,1,1256.0
27.336667,93.820722,Arunachal Pradesh,Papum Pare,1,999.0
26.02883,94.863993,Nagaland,Tuensang,1,911.0
25.58783063487013,91.9715343440052,,,0,1279.0
24.66587493995285,93.44911471199832,,,0,601.0
26.769408719773555,94.46342108522184,,,0,102.0
25.28513814045708,93.76512681847996,,,0,1708.0
27.542292511999413,94.8085544722494,,,0,104.0
25.76988148734625,93.2618842646683,,,0,156.0
22.482,92.877998,Mizoram,Lawngtlai,1,629.0
27.45213306980505,91.62232064661175,,,0,1668.0
27.158837,95.750303,Arunachal Pradesh,Changlang,1,603.0
28.896365864637342,94.681778971973,,,0,2587.0
24.008656351237157,92.5789451530074,,,0,291.0
24.62595,93.692953,Manipur,Noney,1,1357.0
26.26,94.15,Nagaland,Wokha,1,471.0
23.62418333,93.14208611,Mizoram,Kolasib,1,1381.0
23.657444,92.963889,Mizoram,Aizawl,1,1164.0
25.313791,93.10552,Assam,Dima Hasao,1,438.0
27.375028,88.728278,Sikkim,East Sikkim,1,3380.0
25.629003,91.037664,Meghalaya,West Khasi Hills,1,938.0
27.28713882527607,93.97236499241704,,,0,189.0
25.7578,94.7058,Nagaland,Kiphire,1,658.0
27.550730816731097,93.76967179102093,,,0,1482.0
23.56363611,93.12608056,Mizoram,Kolasib,1,754.0
28.459267,94.680108,Arunachal Pradesh,West Siang,1,423.0
23.798611,93.16378,Mizoram,Champhai,1,606.0
23.4012325436976,92.9864381637428,,,0,1082.0
26.247230445984997,91.63996439089831,,,0,49.0
27.47263687784456,92.50300860299,,,0,1567.0
27.2495,93.507833,Arunachal Pradesh,Papum Pare,1,979.0
27.73282781617448,88.64558354636135,,,0,3856.0
27.703209796492832,96.29978027964442,,,0,388.0
26.94140290139257,92.54836041234078,,,0,120.0
23.054573,92.772578,Mizoram,Lunglei,1,978.0
24.80375556,92.733375,Mizoram,Aizawl,1,18.0
24.10246,92.811355,Mizoram,Aizawl,1,737.0
27.00160905613427,88.08320549525757,,,0,2504.0
23.620538235753425,93.45233715999191,,,0,1139.0
24.48171630361673,93.42448900131066,,,0,595.0
23.031231,92.773987,Mizoram,Lunglei,1,1140.0
27.130444,88.340222,Sikkim,South Sikkim,1,1170.0
28.9166023242522,94.68167047965888,,,0,2351.0
25.54930833,91.91161389,Meghalaya,East Khasi Hills,1,1638.0
25.65866218547196,93.40179521133943,,,0,274.0
25.30620628126571,94.60135949871616,,,0,2159.0
27.179,88.53313889,Sikkim,East Sikkim,1,370.0
22.36326167646457,92.43837482739556,,,0,145.0
23.118272,92.742799,Mizoram,Lunglei,1,848.0
25.086841325464576,92.5128757203616,,,0,497.0
27.397083,88.519167,Sikkim,North Sikkim,1,765.0
28.07723103985794,95.85417759403931,,,0,268.0
26.85245728516308,95.21584598975616,,,0,571.0
25.07297177879479,93.85606404738968,,,0,2219.0
23.769029061672523,91.91475459244155,,,0,145.0
24.733256,93.701856,Manipur,Noney,1,1309.0
25.15523751295283,93.55947104869732,,,0,399.0
28.26786,96.55781,Arunachal Pradesh,Anjaw,1,1655.0
23.74460253588905,93.47893383576093,,,0,985.0
24.685056,93.669,Manipur,Noney,1,1295.0
26.390833,94.437417,Nagaland,Mokokchung,1,641.0
27.36043316849201,88.94184158410859,,,0,3637.0
22.839445,92.95668,Mizoram,Lunglei,1,1182.0
25.549861,91.295706,Meghalaya,West Khasi Hills,1,1483.0
23.73472222,92.81333333,Mizoram,Aizawl,1,428.0
23.19917,93.000199,Mizoram,Serchhip,1,768.0
25.247518,91.450545,Meghalaya,East Khasi Hills,1,795.0
25.46713577131449,93.89863988995276,,,0,1352.0
25.044783072626497,93.8603536560294,,,0,2257.0
27.332031864946103,88.9647212699568,,,0,3296.0
28.568877014240385,95.98961042109056,,,0,3589.0
27.217667,88.233472,Sikkim,West Sikkim,1,1203.0
25.829636186745883,92.04648748226316,,,0,794.0
28.68336126090017,95.24317580002904,,,0,2217.0
23.976602947679545,93.43287521407788,,,0,1188.0
25.829728,94.792592,Nagaland,Kiphire,1,636.0
26.135380987640712,92.2812607724675,,,0,84.0
23.051673,93.306394,Mizoram,Champhai,1,1202.0
23.534307,93.168479,Mizoram,Champhai,1,1138.0
24.004186,92.904111,Mizoram,Aizawl,1,894.0
23.672069,92.7099293,Mizoram,Aizawl,1,1000.0
27.14793701135039,93.98295979195984,,,0,89.0
23.626194,92.962111,Mizoram,Aizawl,1,1248.0
26.169301590142545,94.7623595767514,,,0,1520.0
25.67,94.211,Nagaland,Phek,1,797.0
24.942548520287364,92.5528496808632,,,0,20.0
22.9,92.47,Mizoram,Lunglei,1,73.0
25.359281,91.035939,Meghalaya,West Khasi Hills,1,535.0
26.11575,94.33075,Nagaland,Wokha,1,1073.0
25.27832017392168,94.68717599290974,,,0,1759.0
23.126631,93.064946,Mizoram,Serchhip,1,1382.0
27.9646950008578,93.56585715711766,,,0,1116.0
25.19854451963589,92.55890002763572,,,0,444.0
23.149815,92.749076,Mizoram,Lunglei,1,912.0
25.488660440161382,93.16628681636811,,,0,190.0
25.067476535929867,93.6926294553852,,,0,1168.0
26.00441965495554,91.7828118982478,,,0,427.0
23.197704,93.163019,Mizoram,Khawzawl,1,546.0
25.03804821365215,91.79603147992192,,,0,14.0
22.76314418800767,92.47549817162516,,,0,45.0
26.24325,95.073167,Nagaland,Tuensang,1,1135.0
27.545861,88.585194,Sikkim,North Sikkim,1,1690.0
25.430137123522734,94.1973370420713,,,0,1397.0
27.533722,88.609278,Sikkim,North Sikkim,1,1429.0
26.180639,94.101028,Nagaland,Wokha,1,578.0
27.80815652679564,93.23480687278062,,,0,2219.0
26.050882827013258,91.46621165814751,,,0,48.0
24.663889,93.679056,Manipur,Noney,1,1369.0
25.061861,93.605361,Manipur,Tamenglong,1,982.0
23.37083333,92.75861111,Mizoram,Aizawl,1,1202.0
25.512573906528218,94.94837995180194,,,0,571.0
28.254050735139984,96.22650643331944,,,0,3095.0
23.10299444,93.18323889,Mizoram,Aizawl,1,974.0
27.158056,88.141528,Sikkim,West Sikkim,1,2021.0
27.106694,88.449389,Sikkim,South Sikkim,1,777.0
24.785889,93.736861,Manipur,Noney,1,1126.0
26.033528,94.257306,Nagaland,Wokha,1,1421.0
27.30140833,88.3916,Sikkim,Namchi,1,1803.0
25.1922786669252,93.54652580547692,,,0,951.0
27.54485588520876,96.51870194464796,,,0,620.0
22.385,92.858002,Mizoram,Lawngtlai,1,430.0
25.12911108558144,93.20718601424068,,,0,914.0
25.604444,94.76,Nagaland,Phek,1,1804.0
27.52791067025533,88.19949364189509,,,0,4490.0
25.56030284758409,94.00327015830725,,,0,2321.0
28.101862456704552,95.8320421889596,,,0,277.0
27.153083,88.412056,Sikkim,South Sikkim,1,1581.0
23.49666667,92.70416667,Mizoram,Aizawl,1,924.0
28.214901927403748,96.34977407064726,,,0,2723.0
23.908806,93.177391,Mizoram,Champhai,1,1020.0
27.553611,92.975583,Arunachal Pradesh,East Kameng,1,585.0
26.38992139952009,91.79241769296482,,,0,59.0
24.44003333,93.16011944,Mizoram,Kolasib,1,173.0
25.49487256155901,94.91639665125037,,,0,830.0
23.535,92.69694444,Mizoram,Aizawl,1,819.0
28.25925406381419,96.4563112353959,,,0,2593.0
25.63984813858946,93.52498128132524,,,0,227.0
26.01408154030524,91.2004769781392,,,0,45.0
28.355501,94.679544,Arunachal Pradesh,West Siang,1,342.0
26.786972,95.071222,Nagaland,Mon,1,876.0
27.41456975075987,93.1470784943282,,,0,1695.0
25.692222,94.584722,Nagaland,Phek,1,985.0
26.418126849767628,91.95004876581692,,,0,63.0
27.607750170551626,94.71372445656372,,,0,119.0
22.24715895753297,92.7614402326704,,,0,201.0
25.455639,91.082944,Meghalaya,West Khasi Hills,1,725.0
23.72722222,92.75944444,Mizoram,Aizawl,1,961.0
25.61275,94.21517,Nagaland,Phek,1,979.0
24.053275,92.77647,Mizoram,Aizawl,1,979.0
25.439367,94.025864,Manipur,Senapati,1,1414.0
26.191667,91.803611,Assam,Kamrup,1,84.0
28.2646,95.571519,Arunachal Pradesh,Lower Dibang Valley,1,510.0
26.41940732183735,94.75701851407231,,,0,970.0
25.248348662564176,94.73905340872184,,,0,2064.0
25.878183,94.946942,Nagaland,Kiphire,1,1897.0
27.206670766382626,95.48846650750428,,,0,178.0
26.182056,94.409639,Nagaland,Zunheboto,1,930.0
26.29410131565238,93.95974551824489,,,0,105.0
28.37748694610207,95.07562011264228,,,0,330.0
23.695528,92.884167,Mizoram,Aizawl,1,358.0
28.762661,94.860138,Arunachal Pradesh,Upper Siang,1,625.0
26.378222,95.009,Nagaland,Mon,1,1396.0
25.99350413295737,91.77204066480512,,,0,272.0
24.763740652468503,93.84525179651486,,,0,782.0
25.05013768232729,92.02609003290192,,,0,13.0
24.70837016592235,93.5893598572648,,,0,336.0
25.66,94.096,Nagaland,Kohima,1,1468.0
26.675790457370265,94.79894409248016,,,0,388.0
27.115694,92.763028,Arunachal Pradesh,West Kameng,1,407.0
26.92088,92.75933,Assam,Sonitpur,1,140.0
27.47329202029427,92.2303231680849,,,0,2391.0
26.150343,94.603363,Nagaland,Zunheboto,1,1736.0
27.109872680334377,88.05945446506774,,,0,2482.0
25.09468167897767,93.08501149550406,,,0,865.0
22.965527,92.731926,Mizoram,Lunglei,1,700.0
28.73657812452322,96.05767535974238,,,0,2952.0
27.34109944091208,88.02485297790173,,,0,2629.0
27.625209255478563,93.95652922216304,,,0,1716.0
24.02,93.57,Manipur,Churachandpur,1,716.0
22.446679062093853,93.2172472146058,,,0,1062.0
22.14,93.0,Mizoram,Saiha,1,928.0
27.417389,88.621222,Sikkim,North Sikkim,1,1406.0
24.317833,94.144667,Manipur,Tengnoupal,1,1262.0
25.563,94.147,Nagaland,Kohima,1,1656.0
27.268684,96.040751,Arunachal Pradesh,Changlang,1,275.0
27.54723933539499,93.24777147352694,,,0,1709.0
28.14519873116144,96.34139077394774,,,0,1952.0
23.463765,93.018316,Mizoram,Serchhip,1,1456.0
24.630312110137726,94.50032282109368,,,0,588.0
24.70062586407161,93.77328402563764,,,0,809.0
28.35149345384407,95.86212223686172,,,0,1838.0
27.262941676762704,93.86625485669796,,,0,321.0
26.35622,93.77941,Assam,Karbi Anglong,1,193.0
26.373385185040732,94.02141732013372,,,0,107.0
25.786425,94.796303,Nagaland,Kiphire,1,920.0
25.697,94.464,Nagaland,Phek,1,1494.0
27.079176,95.638023,Arunachal Pradesh,Tirap,1,1018.0
22.47749430069388,93.1696810007191,,,0,969.0
25.449406550741205,94.94937290085804,,,0,1390.0
27.28609434202693,88.9026515630869,,,0,3830.0
22.874741,92.730354,Mizoram,Lunglei,1,697.0
22.904324,92.546265,Mizoram,Lunglei,1,171.0
26.57968852986956,93.24673373351756,,,0,74.0
25.23575,93.033317,Assam,Dima Hasao,1,601.0
26.91573639856317,93.52532344998151,,,0,103.0
26.15801028243882,91.48443166917646,,,0,51.0
22.87506,92.75136,Mizoram,Lunglei,1,1140.0
22.81904119931784,92.50990215298933,,,0,309.0
23.73333333,92.80888889,Mizoram,Aizawl,1,344.0
27.561111,92.965278,Arunachal Pradesh,East Kameng,1,679.0
24.1,92.37,Mizoram,Mamit,1,110.0
25.4497135705246,94.20511655942248,,,0,1364.0
24.048556,92.314306,Tripura,North Tripura,1,92.0
23.470964,92.692902,Mizoram,Aizawl,1,395.0
22.238592079554945,92.52020733464306,,,0,199.0
23.248526,92.63958,Mizoram,Lunglei,1,732.0
28.787001,94.81686,Arunachal Pradesh,Upper Siang,1,580.0
22.806564,92.812057,Mizoram,Lunglei,1,882.0
27.72484495245946,92.91230340815784,,,0,1979.0
27.18175,88.395778,Sikkim,South Sikkim,1,1881.0
26.95627475165615,93.56016130429953,,,0,122.0
26.57719,93.10008,Assam,Karbi Anglong,1,75.0
28.136244,95.245136,Arunachal Pradesh,East Siang,1,532.0
25.124306,92.904278,Assam,Dima Hasao,1,283.0
24.98516867343869,91.384508353683,,,0,10.0
27.82532111265249,88.49598414123884,,,0,4945.0
24.921104160170813,93.2995202678382,,,0,186.0
27.086102,93.596625,Arunachal Pradesh,Papum Pare,1,270.0
24.65448780662261,94.09271836186512,,,0,812.0
26.292549904549343,92.15468325071332,,,0,55.0
25.53127027133618,94.45046340640022,,,0,939.0
26.225180807249878,92.03430556860276,,,0,57.0
24.42106578187691,93.26361454477032,,,0,273.0
25.71711111,94.08561111,Nagaland,Kohima,1,1361.0
23.396093591047567,92.98290582391428,,,0,1159.0
27.762380657610887,92.0085669702856,,,0,4353.0
23.73583333,92.69777778,Mizoram,Aizawl,1,993.0
25.292734975719,94.36423986163828,,,0,1052.0
24.94715523648997,94.078135589891,,,0,1089.0
27.024963110322226,88.3774946688259,,,0,757.0
25.599722,94.612972,Nagaland,Phek,1,1281.0
27.24867,92.737685,Arunachal Pradesh,West Kameng,1,1404.0
27.434374296689302,88.79630429464788,,,0,4447.0
24.06916667,92.78638889,Mizoram,Kolasib,1,996.0
26.963422691393315,93.612865631774,,,0,106.0
27.199039535259526,88.81136115931322,,,0,1909.0
27.652167,93.632417,Arunachal Pradesh,Kra Daadi,1,1271.0
25.155861,93.677306,Manipur,Tamenglong,1,1039.0
25.400194,92.015731,Meghalaya,West Jaintia Hills,1,1221.0
24.725255291370075,94.78006526761234,,,0,122.0
27.284139,88.264889,Sikkim,West Sikkim,1,1049.0
25.443861,93.426222,Assam,Dima Hasao,1,429.0
25.16579,93.00948,Assam,Dima Hasao,1,581.0
22.615,92.916,Mizoram,Lawngtlai,1,1287.0
25.409139,94.592139,Manipur,Ukhrul,1,1662.0
23.49055556,92.70583333,Mizoram,Aizawl,1,1053.0
27.06169906125291,88.73063588269048,,,0,1918.0
25.430167,91.866528,Meghalaya,East Khasi Hills,1,1604.0
25.40519104256085,91.2812291515104,,,0,1390.0
24.34,94.22444,Manipur,Chandel,1,670.0
24.11256822687256,92.98957554219122,,,0,225.0
23.193237,92.734819,Mizoram,Lunglei,1,793.0
27.47436588381166,88.2717647536779,,,0,4043.0
25.159814921424104,91.8226855758388,,,0,15.0
25.723438712670813,93.43933353243366,,,0,274.0
28.08683420583213,95.59847463605728,,,0,191.0
28.496621324813862,96.01830791397106,,,0,3871.0
26.885870240346275,94.8643398184396,,,0,132.0
24.997180581355053,93.79382287618604,,,0,2183.0
25.58564007618141,90.21609787907028,,,0,407.0
24.125996,92.805874,Mizoram,Aizawl,1,699.0
26.78584726022268,94.89232862800414,,,0,266.0
24.17444034299532,92.1215633959031,,,0,60.0
23.185555,92.736061,Mizoram,Lunglei,1,844.0
26.12813505790263,93.8961917462245,,,0,123.0
27.287194,88.369444,Sikkim,South Sikkim,1,1949.0
28.135043070142384,96.6623619264848,,,0,1370.0
27.16284810246396,88.88233922607621,,,0,1757.0
25.189,93.192,Assam,Dima Hasao,1,802.0
26.39425,94.444333,Nagaland,Mokokchung,1,708.0
25.08124693177296,92.51861319531774,,,0,726.0
23.55006688450018,92.92469076144872,,,0,1469.0
25.582167,92.058333,Meghalaya,East Khasi Hills,1,1169.0
27.10207850297068,94.00018206189642,,,0,85.0
28.134238,94.620133,Arunachal Pradesh,West Siang,1,861.0
25.07966834766823,92.69763802686936,,,0,364.0
27.98971300021892,94.7842274626264,,,0,1194.0
27.147579286211343,92.92838353144678,,,0,782.0
26.452045530221323,95.18756072115406,,,0,1599.0
27.22575,88.49325,Sikkim,South Sikkim,1,379.0
27.396425953856312,96.37843576927388,,,0,1365.0
27.604799301381576,93.43580620883878,,,0,2286.0
27.76262565390932,93.77783847620697,,,0,903.0
26.122167,94.131528,Nagaland,Wokha,1,624.0
26.39094,94.94406,Nagaland,Mon,1,547.0
23.2920592084227,92.40848197414545,,,0,86.0
27.700791580511776,94.03589969906636,,,0,1506.0
28.41773124631081,94.73103374100818,,,0,1397.0
27.17328079663335,88.89634937761187,,,0,1705.0
23.55944444,92.70833333,Mizoram,Aizawl,1,763.0
22.444376,92.947323,Mizoram,Siaha,1,469.0
24.70785814156761,93.80138864051276,,,0,786.0
24.646139367870948,92.54715317132192,,,0,25.0
25.090556,94.387389,Manipur,Ukhrul,1,1742.0
26.37540078887176,95.09441893479055,,,0,2332.0
27.03605518949705,88.18248392771002,,,0,1214.0
23.60972222,92.80916667,Mizoram,Aizawl,1,536.0
26.506111,94.794167,Nagaland,Longleng,1,1147.0
24.968042134402825,93.84329423929216,,,0,1187.0
24.381906,94.213136,Manipur,Tengnoupal,1,914.0
27.520590940992847,88.34978317800334,,,0,4336.0
24.89365379506573,92.32997329873145,,,0,23.0
27.00925865827492,93.09464658438014,,,0,363.0
24.773472,94.078972,Manipur,Thoubal,1,896.0
26.174028,95.029722,Nagaland,Noklak,1,894.0
23.997222,92.681722,Mizoram,Kolasib,1,548.0
26.36388377217144,91.95587769214556,,,0,54.0
24.71330577318246,94.5882867369022,,,0,250.0
23.288276,92.830821,Mizoram,Serchhip,1,550.0
24.815833,93.740194,Manipur,Noney,1,1254.0
23.44333333,92.68527778,Mizoram,Aizawl,1,837.0
26.012139,94.523667,Nagaland,Zunheboto,1,1811.0
28.335249,95.788465,Arunachal Pradesh,Dibang Valley,1,777.0
24.660863887625226,93.810959773129,,,0,772.0
25.386583,91.874694,Meghalaya,East Khasi Hills,1,1527.0
25.8804473450176,92.33660716699866,,,0,576.0
24.825889,94.348861,Manipur,Kamjong,1,1483.0
26.881881,95.333027,Arunachal Pradesh,Longding,1,786.0
28.37980284145518,94.81943031524916,,,0,844.0
25.627204623565635,90.9644755112061,,,0,847.0
26.223528,95.03275,Nagaland,Tuensang,1,1341.0
28.24654236690991,94.78619373005468,,,0,843.0
25.09718503398602,92.58129697599291,,,0,924.0
25.63,94.103,Nagaland,Kohima,1,1476.0
24.17068652299913,93.81728455608624,,,0,782.0
28.813905,95.920439,Arunachal Pradesh,Dibang Valley,1,1567.0
27.56440977554749,93.21745337852776,,,0,1978.0
25.156419,92.141353,Meghalaya,West Jaintia Hills,1,37.0
26.061,92.241,Meghalaya,Ri-Bhoi,1,72.0
25.175,93.01967,Assam,Dima Hasao,1,646.0
25.230407132021504,92.68645525578808,,,0,1124.0
25.619876522910957,93.5846268473362,,,0,319.0
25.70247222,94.04666667,Nagaland,Kohima,1,1000.0
23.139244,93.289294,Mizoram,Champhai,1,1435.0
24.1110159475191,94.25849181979392,,,0,210.0
25.410278,94.600389,Manipur,Ukhrul,1,1685.0
28.619917,95.057583,Arunachal Pradesh,Upper Siang,1,838.0
23.398905585429144,92.4726005122857,,,0,319.0
26.451547766734617,93.47015854195392,,,0,398.0
29.12360625496468,95.80380686992994,,,0,4032.0
25.779437489538925,92.3588486908719,,,0,701.0
28.300146833149206,95.0477444208214,,,0,932.0
26.940914652181043,95.71753903946052,,,0,1079.0
23.562355984576666,92.0555448623625,,,0,160.0
22.920001907624943,93.20601418549496,,,0,1016.0
24.96,92.92,Assam,Cachar,1,40.0
25.68616667,94.04130556,Nagaland,Kohima,1,998.0
23.048967,92.907501,Mizoram,Lunglei,1,792.0
23.246131741578264,93.5515300542958,,,0,1607.0
26.15995041776412,95.26214469238856,,,0,1069.0
25.155704568438324,93.5896269263406,,,0,1187.0
22.868343345386837,93.38505394599574,,,0,1027.0
28.4676112960952,96.62432442152718,,,0,3935.0
27.106939,92.573544,Arunachal Pradesh,West Kameng,1,502.0
23.54388889,92.72222222,Mizoram,Aizawl,1,760.0
27.663121767136023,88.48303351116091,,,0,3893.0
26.87428718451141,95.63389441021064,,,0,2363.0
28.280246,94.953896,Arunachal Pradesh,East Siang,1,277.0
24.30105517189453,93.48852749070616,,,0,890.0
27.139944,88.368167,Sikkim,South Sikkim,1,1187.0
27.261778,88.197194,Sikkim,West Sikkim,1,1368.0
24.607528,93.713778,Manipur,Churachandpur,1,1185.0
24.99146553243663,91.98857181558256,,,0,18.0
27.251806,93.504278,Arunachal Pradesh,Papum Pare,1,919.0
25.553356636958316,91.08719491768858,,,0,1048.0
25.36925,91.879611,Meghalaya,East Khasi Hills,1,1354.0
23.9584345592768,93.39373703912852,,,0,1001.0
28.47136691602953,94.3571910564554,,,0,2518.0
26.32259781136352,91.97460351078558,,,0,58.0
27.622972,93.841361,Arunachal Pradesh,Lower Subansiri,1,1654.0
27.297775,96.002314,Arunachal Pradesh,Changlang,1,368.0
25.091778,92.354694,Manipur,Tamenglong,1,159.0
25.67294936440451,91.4616050784512,,,0,751.0
25.574134855281507,93.24474421584972,,,0,429.0
25.42772211583991,93.80266931762203,,,0,1455.0
24.720167,93.496944,Manipur,Noney,1,190.0
23.54305556,92.66638889,Mizoram,Aizawl,1,564.0
22.518,92.811996,Mizoram,Lawngtlai,1,696.0
28.10316650077082,95.58316071351572,,,0,214.0
23.497375848555546,92.51125412709862,,,0,588.0
25.18743416057487,92.58436848776545,,,0,752.0
23.461083,93.205278,Mizoram,Champhai,1,1287.0
27.218611,93.695278,Arunachal Pradesh,Papum Pare,1,480.0
25.82689660114429,91.99454363092627,,,0,935.0
23.082804633197934,92.45390727417151,,,0,162.0
23.673104,93.349412,Mizoram,Champhai,1,1289.0
27.527722,88.607972,Sikkim,North Sikkim,1,1529.0
27.00262204526044,92.89057880349236,,,0,189.0
23.2759311243013,92.97647285917924,,,0,696.0
23.619583,92.634417,Mizoram,Mamit,1,951.0
28.28254952037001,94.48988938677972,,,0,1471.0
25.81044,93.58616,Assam,Karbi Anglong,1,200.0
26.982930897903053,93.78488769649806,,,0,87.0
23.418275009643818,92.4569193117262,,,0,319.0
25.71092,94.09306,Nagaland,Kohima,1,1414.0
25.373652255705192,94.74025657711084,,,0,1296.0
28.29856779864188,94.76244503035848,,,0,1012.0
24.04046663186348,93.3648054498131,,,0,906.0
24.02205833,93.29369167,Mizoram,Kolasib,1,1201.0
23.883766893785417,94.1954552060434,,,0,173.0
25.44741667,92.20138889,Meghalaya,West Jaintia Hills,1,1371.0
24.124612358167575,92.0547606518799,,,0,94.0
27.217333,93.064833,Arunachal Pradesh,East Kameng,1,1028.0
26.11909042517354,92.5950043153355,,,0,58.0
26.9852633907412,88.45230502364696,,,0,740.0
22.98786233674452,92.61438653696084,,,0,193.0
23.32184745544517,92.98637318037352,,,0,910.0
23.310611,93.312,Mizoram,Champhai,1,1504.0
23.381685222909272,92.49090673661016,,,0,259.0
24.65854205194728,94.08306820198496,,,0,813.0
25.776087,92.03754,Meghalaya,Ri-Bhoi,1,930.0
25.59470638687832,93.3928028219782,,,0,241.0
27.65397828751239,94.75600717302184,,,0,117.0
25.02552337161424,93.10220280050063,,,0,485.0
28.03094286862101,96.69428233503508,,,0,2370.0
27.434861995464185,88.03220138685005,,,0,3824.0
25.67186944,94.23065278,Nagaland,Kohima,1,928.0
23.67444444,92.71472222,Mizoram,Aizawl,1,1000.0
23.209055,92.540611,Mizoram,Lunglei,1,674.0
26.596868500401776,93.82949284802277,,,0,90.0
26.097893087972324,94.97118895777992,,,0,1017.0
23.320197,93.285718,Mizoram,Champhai,1,1264.0
25.751456,94.850217,Nagaland,Kiphire,1,1081.0
24.79847,93.21583,Manipur,Tamenglong,1,281.0
26.423608464890503,94.77631623478985,,,0,883.0
22.745387,92.841543,Mizoram,Lunglei,1,624.0
26.242944,95.048417,Nagaland,Tuensang,1,1266.0
24.39775213249256,94.3186439310147,,,0,528.0
25.108806,92.975139,Assam,Dima Hasao,1,367.0
25.83911397637375,91.76410517439407,,,0,559.0
27.366944,88.449806,Sikkim,South Sikkim,1,1694.0
24.884385781353952,93.33035876546737,,,0,853.0
25.6,90.29,Meghalaya,West Garo Hills,1,601.0
25.844236840981083,93.75674192154447,,,0,200.0
26.82787702441565,94.9596397325532,,,0,215.0
23.73488889,92.75177778,Mizoram,Aizawl,1,912.0
25.678067163186068,90.51211211269238,,,0,367.0
25.27371450223242,93.72542808482868,,,0,849.0
25.843528,94.011806,Nagaland,Kohima,1,1111.0
23.148273,92.75016,Mizoram,Lunglei,1,894.0
25.42450510472261,91.1331804670701,,,0,840.0
27.23575,88.602389,Sikkim,East Sikkim,1,1233.0
25.02323327762507,93.75628311794358,,,0,1125.0
25.07,93.29,Assam,Dima Hasao,1,335.0
27.08217002508692,95.42542497629242,,,0,262.0
25.75056944,94.08058889,Nagaland,Kohima,1,1263.0
24.834921,94.365211,Manipur,Kamjong,1,1569.0
24.36201317386775,94.43852067170516,,,0,166.0
25.22895441745811,92.61334080083589,,,0,1364.0
27.472454817042205,88.70866944924724,,,0,3764.0
28.204143835224382,95.32358645476695,,,0,1091.0
26.077390082183964,95.23553753125022,,,0,2711.0
23.689282,93.039041,Mizoram,Champhai,1,705.0
25.87208140181076,92.3830149308436,,,0,677.0
23.73277778,92.79722222,Mizoram,Aizawl,1,256.0
27.389222,88.310972,Sikkim,West Sikkim,1,1429.0
27.39159212814285,88.07304894053334,,,0,3456.0
23.6975,92.72527778,Mizoram,Aizawl,1,744.0
26.190598,94.549514,Nagaland,Zunheboto,1,1534.0
25.659134651539105,90.45629554192227,,,0,345.0
22.844219,92.955048,Mizoram,Lunglei,1,1098.0
23.96640342642852,93.73361880113094,,,0,1074.0
25.669,94.104,Nagaland,Kohima,1,1429.0
25.79939,92.52653,Assam,West Karbi Anglong,1,622.0
26.90637308582433,88.22694813293408,,,0,670.0
25.660913,94.053659,Nagaland,Kohima,1,1346.0
23.824586,92.825019,Mizoram,Aizawl,1,457.0
23.635122,93.065289,Mizoram,Champhai,1,844.0
25.57660566683007,91.43016959086796,,,0,1597.0
23.480549,93.040585,Mizoram,Champhai,1,1209.0
25.73740895150461,92.7220674325822,,,0,431.0
25.81806,92.74872,Assam,West Karbi Anglong,1,245.0
26.317778,94.849722,Nagaland,Tuensang,1,962.0
25.172194,94.3485,Manipur,Ukhrul,1,1730.0
27.236,88.75722222,Sikkim,East Sikkim,1,1649.0
25.45475,94.552583,Manipur,Ukhrul,1,1445.0
25.16427,92.99788,Assam,Dima Hasao,1,497.0
23.60830556,92.85058333,Mizoram,Aizawl,1,1111.0
26.956595881162634,93.94520194213578,,,0,83.0
27.115986318124406,88.7991374598579,,,0,1404.0
25.07722938436861,93.83821739874897,,,0,1657.0
24.06,92.39,Mizoram,Mamit,1,564.0
24.917444706586146,92.24564750088,,,0,17.0
23.51241612911741,92.41255438954218,,,0,887.0
26.399188881581853,94.30093681823423,,,0,252.0
27.395028,88.307389,Sikkim,West Sikkim,1,1620.0
23.044463502552997,93.42543857051636,,,0,1538.0
27.97656613449604,95.39204841511106,,,0,132.0
23.446892078006087,92.53060083142915,,,0,581.0
28.088347378987848,95.74708239871552,,,0,191.0
23.197283,92.632661,Mizoram,Lunglei,1,591.0
24.528778,94.156667,Manipur,Chandel,1,904.0
25.049744,92.400678,Meghalaya,East Jaintia Hills,1,75.0
22.893368211957835,93.29584130916597,,,0,1006.0
23.53388889,92.69833333,Mizoram,Aizawl,1,888.0
25.588389,94.78825,Nagaland,Phek,1,969.0
24.025506,92.915628,Mizoram,Aizawl,1,1033.0
25.18285061746347,92.32482119853888,,,0,475.0
27.874667,93.452917,Arunachal Pradesh,Kurung Kumey,1,783.0
24.633221160303727,93.93169112169262,,,0,779.0
25.95578470221774,95.2259122689987,,,0,1328.0
25.18848356312913,92.75617846737208,,,0,1168.0
26.273058215226,92.58714627092654,,,0,61.0
23.945055,93.313698,Mizoram,Champhai,1,1463.0
25.02493343672494,92.84742537930065,,,0,553.0
25.00308041341828,93.4150603873087,,,0,602.0
23.40222222,92.75,Mizoram,Aizawl,1,1215.0
23.681778,92.602611,Mizoram,Mamit,1,1068.0
27.809031251426468,88.44534690930185,,,0,4824.0
24.97692,93.033,Assam,Cachar,1,184.0
25.889897,94.811111,Nagaland,Kiphire,1,694.0
25.061847,92.79345,Assam,Dima Hasao,1,354.0
25.711,94.069,Nagaland,Kohima,1,1171.0
23.770578346115197,93.28029929250548,,,0,1128.0
25.04222222,92.44127778,Meghalaya,Jaintia Hills,1,276.0
25.65253889,94.11867222,Nagaland,Kohima,1,1364.0
25.467680123054684,93.20397831766594,,,0,412.0
25.23394411450505,92.85691319624904,,,0,836.0
23.307089,92.854209,Mizoram,Serchhip,1,1006.0
23.649563248779884,93.54537585202546,,,0,1278.0
25.941056,94.651019,Nagaland,Kiphire,1,2024.0
27.364583,88.787333,Sikkim,East Sikkim,1,3863.0
25.706839437513647,93.85017785591884,,,0,361.0
23.412046,92.750099,Mizoram,Aizawl,1,1149.0
28.402640851353045,95.14779428217514,,,0,1365.0
26.166868973787683,93.78591736774624,,,0,132.0
25.565,94.138,Nagaland,Kohima,1,1691.0
26.20192657115045,91.62908877704515,,,0,46.0
26.639167,94.989444,Nagaland,Mon,1,432.0
25.632,94.25,Nagaland,Phek,1,1095.0
25.416456,90.802981,Meghalaya,South West Khasi Hills,1,135.0
23.63208849192524,92.52318360083557,,,0,348.0
22.31263749795509,92.87961599950144,,,0,604.0
27.435944,88.515167,Sikkim,North Sikkim,1,775.0
24.831028,94.334833,Manipur,Kamjong,1,1408.0
27.554986286799103,88.80005619364992,,,0,4791.0
27.103810743484075,88.5260834689034,,,0,1194.0
27.34222222,88.60722222,Sikkim,East Sikkim,1,1576.0
22.33,92.72,Mizoram,Lawngtlai,1,313.0
25.880908,94.653542,Nagaland,Kiphire,1,1910.0
27.89714820736914,94.17889273256064,,,0,1642.0
23.9395,92.927889,Mizoram,Aizawl,1,1221.0
26.184028,94.431361,Nagaland,Zunheboto,1,767.0
25.688,94.137,Nagaland,Kohima,1,1324.0
23.9706550919031,92.58086053080694,,,0,688.0
23.95055556,92.785,Mizoram,Kolasib,1,934.0
25.156528050658043,94.70936734017688,,,0,2012.0
25.44564614878443,94.4587173755126,,,0,1292.0
25.29906253988621,94.39494534372578,,,0,1460.0
23.185396,92.736019,Mizoram,Lunglei,1,844.0
27.57602882442811,88.8881983387478,,,0,4210.0
25.16736,93.00953,Assam,Dima Hasao,1,630.0
25.271393459694977,93.69146595818064,,,0,962.0
26.1085,94.386342,Nagaland,Zunheboto,1,372.0
23.33472222,92.78083333,Mizoram,Aizawl,1,720.0
23.451505,92.900845,Mizoram,Serchhip,1,817.0
25.678935159391685,90.9478955519542,,,0,767.0
27.08275,88.434778,Sikkim,South Sikkim,1,340.0
23.675722,92.598639,Mizoram,Mamit,1,1074.0
25.019029,92.770549,Assam,Dima Hasao,1,92.0
23.00598224140881,92.61295224734512,,,0,366.0
22.98171963561433,93.1952189598302,,,0,1408.0
22.791958,92.833511,Mizoram,Lunglei,1,667.0
27.220806,88.237361,Sikkim,West Sikkim,1,1297.0
26.257572522956107,94.28730488882438,,,0,314.0
27.95897706189413,96.19550826160253,,,0,297.0
23.682274,93.350321,Mizoram,Champhai,1,1271.0
27.1645,88.228444,Sikkim,West Sikkim,1,1421.0
25.69101063762505,92.9156329218564,,,0,153.0
25.29198283776673,92.92068353960768,,,0,790.0
27.570693273091027,93.90634062877024,,,0,2149.0
25.00262570262529,93.96083118640824,,,0,1475.0
26.02611111,91.86827778,Meghalaya,Ri-Bhoi,1,111.0
25.121111,93.654694,Manipur,Tamenglong,1,1218.0
25.830563277090327,90.48425501762269,,,0,188.0
24.95163244398897,94.70937204347167,,,0,1446.0
27.08629674692052,88.52810581630709,,,0,1303.0
27.684244884398183,93.13913123211826,,,0,1523.0
25.599817,91.176394,Meghalaya,West Khasi Hills,1,1096.0
25.29385318476812,92.96901083209706,,,0,483.0
28.14175513757672,95.95840490560929,,,0,1519.0
26.824798661942182,95.19438041542688,,,0,730.0
28.38050278324041,95.37899067795848,,,0,1943.0
27.420028,88.515944,Sikkim,North Sikkim,1,650.0
25.112806,92.350194,Meghalaya,East Jaintia Hills,1,249.0
23.88361111,92.85305556,Mizoram,Aizawl,1,658.0
25.42770699145941,93.81585733761084,,,0,1089.0
26.35663446814031,94.35100434499076,,,0,458.0
24.8849762802635,94.77779498422888,,,0,342.0
28.20737,95.81005,Arunachal Pradesh,Lower Dibang Valley,1,932.0
27.3758495370793,93.49043020522768,,,0,2029.0
23.162899,92.744032,Mizoram,Lunglei,1,842.0
26.680599237986605,92.89298069768866,,,0,65.0
25.69308639592013,91.79049102876492,,,0,836.0
27.454998519541583,88.26071243403901,,,0,3287.0
25.13447222,93.01897222,Assam,Dima Hasao,1,757.0
23.222853,92.941536,Mizoram,Serchhip,1,402.0
24.62,92.83,Assam,Cachar,1,35.0
24.84255219792304,92.62238087838836,,,0,18.0
26.307219225647877,90.71374565665432,,,0,39.0
27.485691873822997,91.7295764570324,,,0,1901.0
25.145583,94.320444,Manipur,Ukhrul,1,1630.0
24.14,93.45,Manipur,Churachandpur,1,1291.0
25.157092,93.682686,Manipur,Tamenglong,1,1043.0
26.39089583820279,94.28381106766656,,,0,277.0
24.014332,92.924018,Mizoram,Aizawl,1,1076.0
22.863268030257547,92.40832615840807,,,0,129.0
23.71194444,92.86888889,Mizoram,Aizawl,1,686.0
23.64638889,92.72638889,Mizoram,Aizawl,1,797.0
25.586389,94.858222,Nagaland,Phek,1,1235.0
25.638,94.109,Nagaland,Kohima,1,1475.0
27.481083,88.530667,Sikkim,North Sikkim,1,1031.0
23.545,92.7025,Mizoram,Aizawl,1,805.0
27.325278,92.373722,Arunachal Pradesh,West Kameng,1,1622.0
25.419455532509264,94.80124520935668,,,0,2018.0
27.793540962698025,88.61037465180775,,,0,4746.0
28.165346309230216,96.30293862689088,,,0,2477.0
25.11297,92.95433,Assam,Dima Hasao,1,360.0
23.33611111,92.78388889,Mizoram,Aizawl,1,718.0
25.8549806,94.1569166,Nagaland,Kohima,1,1460.0
25.930386,91.571822,Meghalaya,Ri-Bhoi,1,510.0
23.14788,93.323791,Mizoram,Khawzawl,1,1548.0
25.839667,94.149222,Nagaland,Kohima,1,1444.0
26.419656474040124,94.78005518407753,,,0,835.0
27.468167417355502,89.05423879385097,,,0,4465.0
25.397287,91.872324,Meghalaya,East Khasi Hills,1,1574.0
23.744972,92.702889,Mizoram,Aizawl,1,818.0
22.302040338925543,92.92368373432352,,,0,304.0
22.56938391020014,92.81768141039268,,,0,264.0
28.617667,95.056444,Arunachal Pradesh,Upper Siang,1,755.0
23.253228782367128,92.38749470061016,,,0,143.0
23.170205,92.73929,Mizoram,Lunglei,1,763.0
25.251211,91.454514,Meghalaya,South West Khasi Hills,1,798.0
25.060281713727225,93.70581967242346,,,0,1377.0
25.076706069875243,91.60644158702496,,,0,13.0
25.214153,92.045428,Meghalaya,West Jaintia Hills,1,591.0
28.18381855187868,95.89390166266412,,,0,1270.0
25.32278306566132,90.1418369469439,,,0,92.0
23.180345,92.900082,Mizoram,Serchhip,1,791.0
27.051645357498955,88.54920214867136,,,0,921.0
24.64518424390049,93.7963404353098,,,0,768.0
24.27,92.81,Mizoram,Kolasib,1,544.0
27.289861,88.084389,Sikkim,West Sikkim,1,2079.0
27.361012262288387,96.4728791609673,,,0,1334.0
24.48,92.76,Mizoram,Kolasib,1,118.0
27.46631968477229,88.20612203836939,,,0,3750.0
24.46946664275469,93.8932486902366,,,0,766.0
25.285997302398396,90.27801125928576,,,0,153.0
28.740576,94.867317,Arunachal Pradesh,Upper Siang,1,451.0
25.46053845382939,94.83214459057726,,,0,2084.0
28.07583087151861,95.1856845809468,,,0,1192.0
25.37539167,92.431275,Meghalaya,East Jaintia Hills,1,1112.0
23.292616571358373,92.58601876282368,,,0,336.0
27.690988975056623,94.79427871102192,,,0,133.0
25.62154,94.1122,Nagaland,Kohima,1,1728.0
23.760222,92.848167,Mizoram,Aizawl,1,802.0
26.998414607266305,88.42997268684219,,,0,311.0
23.32853337484868,92.50273135308602,,,0,596.0
23.140694,92.551529,Mizoram,Lunglei,1,387.0
27.198928,88.66095,Sikkim,East Sikkim,1,1045.0
25.38707,91.988294,Meghalaya,East Khasi Hills,1,1360.0
23.71697222,92.70817222,Mizoram,Aizawl,1,909.0
28.17476842663598,96.85498492051792,,,0,3896.0
23.326007580637917,93.2062501207998,,,0,595.0
28.21285182571684,95.70609216075732,,,0,224.0
23.00716229265542,92.50973843534398,,,0,121.0
27.233389,88.5015,Sikkim,East Sikkim,1,390.0
27.05021619033715,93.9933427876233,,,0,83.0
25.54831,94.19192,Nagaland,Kohima,1,1089.0
25.34327632676812,93.6830540005755,,,0,375.0
25.1565,93.0151,Assam,Dima Hasao,1,589.0
23.737328770977367,91.87209478455082,,,0,125.0
26.935776898016677,88.2984495669329,,,0,1837.0
26.02116156919742,95.34193119818104,,,0,1111.0
25.109944,93.626528,Manipur,Tamenglong,1,1171.0
25.410694,94.500056,Manipur,Ukhrul,1,1812.0
26.413056,95.048278,Nagaland,Mon,1,1651.0
24.978389,93.502278,Manipur,Tamenglong,1,1302.0
24.85225,93.449639,Manipur,Tamenglong,1,1115.0
22.969294,92.729332,Mizoram,Lunglei,1,629.0
25.82734229325718,91.7356678293508,,,0,648.0
24.672406,93.696858,Manipur,Noney,1,936.0
25.451628763460217,93.59695954607125,,,0,1032.0
27.955993240111734,95.2889523408122,,,0,156.0
27.48032394299728,88.15062095712429,,,0,3824.0
23.53333333,92.69722222,Mizoram,Aizawl,1,821.0
26.084444,94.09,Nagaland,Wokha,1,739.0
23.63472222,92.85527778,Mizoram,Aizawl,1,1044.0
28.133963,94.611953,Arunachal Pradesh,West Siang,1,940.0
28.39902606397048,95.61485486211996,,,0,1268.0
22.42327252728017,92.50948999528109,,,0,408.0
26.192972,94.283222,Nagaland,Wokha,1,1006.0
24.056205,92.916817,Mizoram,Aizawl,1,864.0
25.13109,93.97215,Manipur,Kangpokpi,1,1037.0
24.93085730164766,92.60218371105756,,,0,23.0
25.223708,91.76661,Meghalaya,East Khasi Hills,1,502.0
27.36734093613149,93.72757946246172,,,0,859.0
26.25493383147368,92.48572195772662,,,0,61.0
23.573051,93.102716,Mizoram,Champhai,1,651.0
28.025611,95.271179,Arunachal Pradesh,East Siang,1,234.0
25.887303,94.788144,Nagaland,Kiphire,1,1142.0
23.73472222,92.83055556,Mizoram,Aizawl,1,584.0
22.60014680748161,92.7485864613059,,,0,404.0
23.808528,92.595222,Mizoram,Mamit,1,371.0
25.947583,94.023861,Nagaland,Kohima,1,503.0
28.269497,94.982531,Arunachal Pradesh,East Siang,1,327.0
25.876778,94.462028,Nagaland,Zunheboto,1,1796.0
23.68305556,92.8575,Mizoram,Aizawl,1,960.0
25.065889,94.632139,Manipur,Ukhrul,1,1283.0
25.316056,94.504306,Manipur,Ukhrul,1,1363.0
26.93906180165162,92.58481290348467,,,0,129.0
25.97256,91.86242,Meghalaya,Ri-Bhoi,1,338.0
23.361804158606805,92.43401207984274,,,0,800.0
23.62738888582709,92.51148092306568,,,0,204.0
24.96282957193157,92.23800242925698,,,0,21.0
26.85498637008029,95.4167570224544,,,0,810.0
27.715081,94.692035,Arunachal Pradesh,Lower Siang,1,268.0
22.870546,92.752853,Mizoram,Lunglei,1,1093.0
22.85444027412432,93.18994007740766,,,0,972.0
27.560107817986356,94.59001190640436,,,0,103.0
27.394306,92.157333,Arunachal Pradesh,West Kameng,1,1840.0
25.234952,91.689803,Meghalaya,East Khasi Hills,1,636.0
25.64780374593717,91.74122086954736,,,0,1004.0
24.782139,93.777611,Manipur,Kangpokpi,1,976.0
24.595972,93.721889,Manipur,Churachandpur,1,949.0
27.840972,94.771167,Arunachal Pradesh,West Siang,1,424.0
27.979036780763845,88.64923924033639,,,0,5734.0
25.583694,94.785639,Nagaland,Phek,1,969.0
24.987986,93.671258,Manipur,Noney,1,1176.0
25.134944,93.666667,Manipur,Tamenglong,1,1150.0
22.92089023566886,93.17312034079129,,,0,687.0
25.339653026271645,90.92685137858348,,,0,450.0
26.117583,95.049806,Nagaland,Noklak,1,1968.0
28.41506474391834,95.68145963909669,,,0,1471.0
23.135416,92.616661,Mizoram,Lunglei,1,689.0
27.002720821141946,88.3464884896132,,,0,686.0
25.84875,92.68328,Assam,West Karbi Anglong,1,460.0
24.53,93.08,Manipur,Churachandpur,1,85.0
24.27,92.65,Mizoram,Kolasib,1,64.0
23.694139,92.013278,Tripura,Dhalai,1,213.0
23.73416667,92.78861111,Mizoram,Aizawl,1,495.0
26.43685980469929,95.10436632162872,,,0,2118.0
23.798861,92.642417,Mizoram,Aizawl,1,138.0
23.018612,92.920555,Mizoram,Lunglei,1,795.0
26.1125,94.347556,Nagaland,Wokha,1,933.0
28.19597,96.53733,Arunachal Pradesh,Anjaw,1,1192.0
25.8,93.8,Nagaland,Dimapur,1,226.0
28.343428422760454,95.06206394742694,,,0,507.0
27.48479836808893,94.00406288866505,,,0,1808.0
25.95942829119033,95.1697723521384,,,0,2079.0
26.371611,94.709194,Nagaland,Tuensang,1,1295.0
24.58928889,93.31006944,Mizoram,Kolasib,1,624.0
25.42,93.002,Assam,Dima Hasao,1,277.0
24.08927222,93.12408611,Mizoram,Kolasib,1,983.0
27.255278,88.543611,Sikkim,East Sikkim,1,621.0
22.309944,92.768333,Mizoram,Lawngtlai,1,254.0
25.26113540867808,93.08948672210616,,,0,636.0
25.107546,92.885543,Assam,Dima Hasao,1,279.0
25.289055,91.533039,Meghalaya,South West Khasi Hills,1,942.0
23.59194444,92.84972222,Mizoram,Aizawl,1,1165.0
26.077844,92.035022,Assam,Kamrup,1,217.0
23.97272222,92.68366667,Mizoram,Kolasib,1,344.0
22.963952188531565,92.6395485409016,,,0,562.0
24.256640257083216,94.44542194823062,,,0,235.0
25.683018004829208,91.44811937710286,,,0,1030.0
27.31892,88.16222,Sikkim,West Sikkim,1,1427.0
27.43557134779789,91.9370290737995,,,0,3677.0
26.119,94.637639,Nagaland,Zunheboto,1,1199.0
28.42008949893352,95.73234758523934,,,0,1782.0
22.466166,92.92083,Mizoram,Lawngtlai,1,704.0
26.050752856888494,91.67699449627828,,,0,359.0
27.4343922902776,88.20823185515599,,,0,3242.0
27.113024,93.606339,Arunachal Pradesh,Papum Pare,1,302.0
22.82104167,92.63873333,Mizoram,Lunglei,1,94.0
26.656324430471106,94.80183517556452,,,0,546.0
24.706327314258395,92.36103813950818,,,0,23.0
24.92097,93.07306,Assam,Cachar,1,61.0
27.45857805706743,93.22486259645346,,,0,1633.0
27.98070339538468,96.5638416631169,,,0,1792.0
25.25726047984396,94.36798581011692,,,0,1675.0
26.453611058636877,91.88074184886742,,,0,58.0
24.999838951923163,93.77146978190078,,,0,1545.0
25.103528,94.531722,Manipur,Ukhrul,1,1552.0
25.42048564439937,93.05520174140727,,,0,197.0
26.770088233664858,94.8872411925659,,,0,217.0
25.181759,91.573658,Meghalaya,East Khasi Hills,1,76.0
25.023111,94.449361,Manipur,Ukhrul,1,1915.0
26.13984235067273,93.1319782446498,,,0,89.0
26.866213671892133,95.81446643517548,,,0,814.0
22.405001,92.950996,Mizoram,Saiha,1,192.0
23.68143611,92.72144167,Mizoram,Aizawl,1,1036.0
27.184921,93.782324,Arunachal Pradesh,Papum Pare,1,179.0
25.314183988759325,93.76887403965344,,,0,1548.0
25.452164,91.819054,Meghalaya,East Khasi Hills,1,1773.0
24.915806,94.578222,Manipur,Kamjong,1,1134.0
25.852020642984783,93.8757598287496,,,0,170.0
23.58388889,92.71166667,Mizoram,Aizawl,1,812.0
26.077653,91.982292,Assam,Kamrup,1,190.0
25.595083,94.857778,Nagaland,Phek,1,1236.0
23.62027778,92.72555556,Mizoram,Aizawl,1,790.0
23.78568416867803,92.05067881752448,,,0,121.0
25.11585825265182,92.73804839092608,,,0,1286.0
23.150924,93.28563,Mizoram,Champhai,1,1428.0
23.237077,92.910043,Mizoram,Serchhip,1,670.0
26.325708592869287,95.22415664669832,,,0,1427.0
23.73472222,92.695,Mizoram,Aizawl,1,917.0
25.04109245602633,91.88943002831452,,,0,13.0
23.846056,93.371971,Mizoram,Champhai,1,760.0
27.27927566025658,88.88741304321634,,,0,3662.0
25.666,94.098,Nagaland,Kohima,1,1446.0
27.99722998355024,96.50906834204356,,,0,2530.0
26.923490195334928,95.8678873430816,,,0,641.0
28.763514,95.868872,Arunachal Pradesh,Dibang Valley,1,1318.0
24.79489,92.55506,Assam,Hailakandi,1,45.0
25.505833,94.653806,Nagaland,Phek,1,1561.0
25.672167,91.066028,Meghalaya,West Khasi Hills,1,971.0
25.598533268559947,90.93350932734774,,,0,814.0
28.246304,95.889037,Arunachal Pradesh,Lower Dibang Valley,1,2266.0
24.63960833,93.30401111,Mizoram,Kolasib,1,752.0
23.70416667,92.72,Mizoram,Aizawl,1,880.0
28.183523494524803,95.63773208568864,,,0,257.0
27.357389758583007,93.7510932844838,,,0,1050.0
24.97987109105162,93.34921508897274,,,0,257.0
25.278028,91.348931,Meghalaya,South West Khasi Hills,1,1072.0
27.1023531842096,92.70264679605732,,,0,1014.0
27.52483612033237,88.0460225889576,,,0,4948.0
27.351164670091123,93.24114834530228,,,0,1797.0
23.722222,92.682278,Mizoram,Aizawl,1,699.0
26.18724132155581,91.491413009423,,,0,48.0
25.46832556086282,95.03775457688587,,,0,661.0
26.349242968064832,90.1156035582072,,,0,38.0
23.73694444,92.81361111,Mizoram,Aizawl,1,407.0
23.146113983215383,93.54012807662444,,,0,1729.0
25.895879542359086,91.95721748070012,,,0,583.0
25.20315922254755,91.3188764778563,,,0,44.0
28.560139,95.149472,Arunachal Pradesh,Upper Siang,1,1070.0
27.388671637599803,93.78647868053592,,,0,1395.0
25.967930540666757,93.83513029746464,,,0,143.0
25.55731648126692,93.29416521434447,,,0,394.0
24.09210556,93.29866667,Mizoram,Kolasib,1,923.0
25.542871575920767,94.04436648010208,,,0,2559.0
27.054457262917666,88.81268294196794,,,0,1763.0
25.571256,91.825464,Meghalaya,East Khasi Hills,1,1277.0
25.274,92.373944,Meghalaya,East Jaintia Hills,1,875.0
25.53458,92.11539,Meghalaya,Jaintia Hills,1,1238.0
23.93561815349215,93.8706468392526,,,0,2129.0
24.863924,93.617853,Manipur,Noney,1,382.0
24.90538504285392,92.9726946070278,,,0,100.0
24.799689,93.706336,Manipur,Noney,1,903.0
22.591,92.917,Mizoram,Lawngtlai,1,1206.0
25.827608,94.783028,Nagaland,Kiphire,1,703.0
22.795282,92.813881,Mizoram,Lunglei,1,783.0
27.883442748522487,96.62280163497604,,,0,2905.0
23.73722222,92.7425,Mizoram,Aizawl,1,874.0
25.24010502206863,94.63499140047166,,,0,2164.0
26.44378027304116,95.2527564641111,,,0,1922.0
25.16046067320501,92.55310217364573,,,0,647.0
27.328940753148554,94.04133947262945,,,0,128.0
28.810126,94.785508,Arunachal Pradesh,Upper Siang,1,654.0
23.103680738666743,92.46700160981024,,,0,201.0
27.29596085491825,93.16932071253744,,,0,1275.0
27.91862009739151,95.2304755655825,,,0,263.0
27.549791529276536,92.45251657994044,,,0,3331.0
28.484056,95.207056,Arunachal Pradesh,Upper Siang,1,806.0
26.3,94.11,Nagaland,Wokha,1,303.0
23.201335,92.734857,Mizoram,Lunglei,1,774.0
26.034833,94.458,Nagaland,Zunheboto,1,925.0
23.60666667,92.72305556,Mizoram,Aizawl,1,925.0
26.38046500546421,94.25628586586916,,,0,188.0
23.751155,92.571589,Mizoram,Mamit,1,790.0
28.815122423785503,95.6305132912256,,,0,2847.0
24.903514195582837,92.3454816404053,,,0,20.0
24.92561662858218,94.84928392388366,,,0,291.0
23.239797,92.744214,Mizoram,Serchhip,1,779.0
27.001616764407974,88.41620320727421,,,0,770.0
24.662039008968083,93.43984449116331,,,0,370.0
27.824889,94.739556,Arunachal Pradesh,West Siang,1,695.0
23.54305556,92.70055556,Mizoram,Aizawl,1,824.0
24.54249068096933,94.32572009765128,,,0,521.0
23.72713889,92.7405,Mizoram,Aizawl,1,752.0
27.187098270028137,92.15725946134742,,,0,2885.0
25.83720161034464,91.61379632623252,,,0,480.0
26.29325,94.251806,Nagaland,Wokha,1,954.0
27.06570607325582,88.08638437757973,,,0,1819.0
22.89,92.47,Mizoram,Lunglei,1,60.0
24.634278,93.719639,Manipur,Noney,1,1354.0
23.52277778,92.70277778,Mizoram,Aizawl,1,787.0
25.18422462069644,92.76877944608113,,,0,1298.0
25.683139333209805,93.46781773414708,,,0,256.0
26.221083,95.030139,Nagaland,Tuensang,1,1371.0
25.962689,94.816972,Nagaland,Kiphire,1,1153.0
26.896254754809288,94.76650381468583,,,0,100.0
29.118116440529345,95.9075665984146,,,0,3080.0
25.728,94.098,Nagaland,Kohima,1,1301.0
27.83275,93.504417,Arunachal Pradesh,Kurung Kumey,1,813.0
24.0775,92.79055556,Mizoram,Kolasib,1,943.0
26.232944,94.130639,Nagaland,Wokha,1,577.0
25.14616649562018,92.8044110179416,,,0,1079.0
28.57967102933654,94.54775818556742,,,0,1848.0
24.532998376464885,94.38650665515983,,,0,651.0
24.982917,94.162639,Manipur,Ukhrul,1,1232.0
27.03025048201831,88.02227129915207,,,0,2502.0
24.01,93.99,Manipur,Chandel,1,1242.0
25.187728213533628,94.4081054034876,,,0,1205.0
25.433903,93.328944,Assam,Dima Hasao,1,423.0
23.89647864954513,93.8875540953868,,,0,1774.0
23.2066,93.148665,Mizoram,Khawzawl,1,830.0
24.943833,93.488917,Manipur,Tamenglong,1,1043.0
23.826259375251333,92.43801583231809,,,0,208.0
24.646969,93.672364,Manipur,Noney,1,977.0
26.45720064993529,95.16094956068136,,,0,1787.0
24.543675186007828,94.3927837330714,,,0,746.0
24.628721724400243,94.43596817477408,,,0,303.0
25.69422222,94.04538889,Nagaland,Kohima,1,998.0
25.646,93.843,Nagaland,Peren,1,761.0
27.78578925221704,96.5856389861166,,,0,2755.0
25.50092946849161,94.83114832146028,,,0,1742.0
25.79,91.24,Assam,Kamrup (Rural),1,781.0
28.240442,95.774201,Arunachal Pradesh,Lower Dibang Valley,1,830.0
28.192217,94.713927,Arunachal Pradesh,West Siang,1,324.0
27.99131250225465,96.68789831643404,,,0,2506.0
25.541571381250915,94.7075295215288,,,0,1461.0
28.082618,96.465189,Arunachal Pradesh,Anjaw,1,855.0
26.19113889,91.82961111,Assam,Kamrup,1,116.0
28.82197991646725,95.7583507293094,,,0,2491.0
27.666556,93.891861,Arunachal Pradesh,Lower Subansiri,1,1473.0
27.362394008168547,88.3972605357048,,,0,2500.0
27.124444,93.742222,Arunachal Pradesh,Papum Pare,1,153.0
24.509909071138303,93.95371920035709,,,0,775.0
25.948401819865648,93.58743193935663,,,0,176.0
22.469737,93.100868,Mizoram,Siaha,1,1116.0
25.092178,92.353564,Meghalaya,East Jaintia Hills,1,140.0
23.935917,93.345642,Mizoram,Champhai,1,805.0
25.59789175920174,90.90793960200506,,,0,714.0
25.97687979790636,93.80481332122652,,,0,143.0
27.794583,93.597306,Arunachal Pradesh,Kra Daadi,1,1080.0
27.1183661526426,92.17173791390258,,,0,2305.0
24.423039885498053,92.30703877619548,,,0,35.0
27.00756398026286,88.2662492388064,,,0,2165.0
27.296028,88.10175,Sikkim,West Sikkim,1,2001.0
25.357772264700536,93.8086090278324,,,0,1625.0
25.70363000144209,92.53749307788028,,,0,812.0
28.06704733396596,95.45662353252676,,,0,152.0
26.048562678018666,92.52637654341956,,,0,239.0
27.90475,96.34811,Arunachal Pradesh,Lohit,1,900.0
23.12214246270649,92.47252717352588,,,0,140.0
27.37320839952524,93.89026774569128,,,0,603.0
27.590028840310328,88.7550954892625,,,0,4763.0
27.438389,88.514389,Sikkim,North Sikkim,1,776.0
25.07372478808988,94.72521433472886,,,0,1164.0
25.582,94.141,Nagaland,Kohima,1,1549.0
23.47958336886579,92.34005106897573,,,0,128.0
28.18790832235433,96.41960646111312,,,0,3259.0
26.972889,92.632833,Assam,Sonitpur,1,134.0
27.302949,96.154621,Arunachal Pradesh,Changlang,1,271.0
23.719389,92.675083,Mizoram,Aizawl,1,488.0
28.518931045441583,96.01663805504188,,,0,3825.0
25.4370737651594,93.07007448678524,,,0,311.0
24.1421660073908,92.86102784745168,,,0,184.0
23.72888889,92.85388889,Mizoram,Aizawl,1,795.0
25.35861111,91.97208333,Meghalaya,East Khasi Hills,1,1166.0
22.57476443795721,92.75087351182997,,,0,313.0
27.17048401880208,93.29812532486804,,,0,1735.0
23.43722222,92.70333333,Mizoram,Aizawl,1,787.0
26.68224811756592,94.43884626234954,,,0,127.0
27.53240249770289,92.31541031544344,,,0,2866.0
25.128035819158978,93.48084994474746,,,0,238.0
23.695083,92.570639,Mizoram,Mamit,1,950.0
23.17884,92.736546,Mizoram,Lunglei,1,785.0
27.823139,94.732972,Arunachal Pradesh,West Siang,1,635.0
23.356048992312125,93.53040376913464,,,0,1462.0
25.886965344606285,93.91980299643556,,,0,178.0
24.42,93.84,Manipur,Churachandpur,1,771.0
25.80048026174593,94.62766207050362,,,0,1651.0
27.991496329998284,93.90006382684082,,,0,2396.0
23.801708581520188,93.23265019242604,,,0,1073.0
27.37123055317109,88.06638871956851,,,0,3034.0
24.12202955009576,92.59342958036504,,,0,121.0
22.32927720257097,92.31862148862116,,,0,146.0
25.66292865434142,91.44972004106764,,,0,977.0
27.4497754739992,92.82085278561462,,,0,1360.0
24.167738031200543,92.871139319441,,,0,164.0
24.492503525833385,93.943544346356,,,0,771.0
28.3941892182123,96.10276290812108,,,0,3467.0
23.73416667,92.69805556,Mizoram,Aizawl,1,940.0
22.369862,92.934998,Mizoram,Saiha,1,402.0
28.467234697123704,95.03776987613,,,0,1494.0
23.68277778,92.8575,Mizoram,Aizawl,1,946.0
25.7179491,94.0917724,Nagaland,Kohima,1,1349.0
25.96383715844081,93.91914328399328,,,0,158.0
28.265759477898783,95.3778279752897,,,0,1111.0
24.67916,94.252632,Manipur,Kamjong,1,1046.0
25.46650443534584,94.75044018098392,,,0,1858.0
28.45484550108511,95.937639611165,,,0,2733.0
25.81651222164796,94.60727216206284,,,0,2097.0
23.403402,92.750288,Mizoram,Aizawl,1,1198.0
28.148417,95.277964,Arunachal Pradesh,East Siang,1,199.0
25.4255,93.363944,Assam,Dima Hasao,1,384.0
25.77,93.94,Nagaland,Dimapur,1,805.0
25.93745882280553,93.87928487026362,,,0,149.0
26.950735089027216,88.52884711081587,,,0,474.0
25.972151287524053,93.83025062830674,,,0,145.0
27.655413633991923,93.2904946702708,,,0,2761.0
26.001503330074986,93.90908024956023,,,0,147.0
23.71595,92.70879444,Mizoram,Aizawl,1,895.0
25.9645,94.632583,Nagaland,Kiphire,1,1216.0
25.532,93.927,Manipur,Senapati,1,1806.0
25.197689990829605,92.48063094134592,,,0,793.0
23.242757883414207,92.404812211927,,,0,66.0
25.995333,94.031361,Nagaland,Wokha,1,581.0
28.15292,96.53858,Arunachal Pradesh,Anjaw,1,870.0
22.836382560392742,92.40962945482376,,,0,53.0
25.63,94.014,Nagaland,Kohima,1,1880.0
27.993152737210487,96.61432724101748,,,0,1184.0
22.64,92.61,Mizoram,Lawngtlai,1,144.0
23.298928,92.857435,Mizoram,Serchhip,1,941.0
24.232551,92.81525,Mizoram,Aizawl,1,494.0
24.014668255258044,93.87642532699113,,,0,1390.0
25.968233,94.684364,Nagaland,Kiphire,1,1866.0
23.124249138307285,92.96672060669644,,,0,636.0
24.79529924994633,92.889340572424,,,0,21.0
25.01,92.73,Assam,Cachar,1,100.0
25.08153618417447,93.1008053395828,,,0,416.0
27.189449673069493,93.9491749352862,,,0,104.0
27.48785841892168,88.6685372567921,,,0,3279.0
24.09176,92.803968,Mizoram,Aizawl,1,654.0
25.232506510072454,94.43889959366255,,,0,1354.0
25.020361,94.4095,Manipur,Ukhrul,1,1785.0
27.82930459731834,88.41426928636258,,,0,5146.0
26.12260626329592,95.1777493469956,,,0,2182.0
23.208017,92.676277,Mizoram,Lunglei,1,948.0
25.30127778,91.92198889,Meghalaya,East Khasi Hills,1,1192.0
23.91011,93.177193,Mizoram,Champhai,1,1016.0
27.248833,88.117194,Sikkim,West Sikkim,1,2019.0
27.376861,88.766167,Sikkim,East Sikkim,1,3786.0
23.54777778,92.70416667,Mizoram,Aizawl,1,883.0
23.205193,92.574684,Mizoram,Lunglei,1,774.0
28.140915,95.266966,Arunachal Pradesh,East Siang,1,515.0
27.92531466964505,95.72005548226768,,,0,143.0
25.945985783362573,95.23844878115392,,,0,774.0
26.04365244763291,94.76930004417548,,,0,2237.0
25.649,94.441,Nagaland,Phek,1,1499.0
23.70333333,92.87638889,Mizoram,Aizawl,1,566.0
25.23211111,91.37252778,Meghalaya,East Khasi Hills,1,418.0
28.321143,95.779346,Arunachal Pradesh,Dibang Valley,1,776.0
25.032989,92.462214,Assam,Cachar,1,82.0
27.105253,93.825399,Arunachal Pradesh,Papum Pare,1,172.0
25.18833,93.104922,Assam,Dima Hasao,1,576.0
26.82689005196488,88.33367477660248,,,0,417.0
27.897722,93.406306,Arunachal Pradesh,Kurung Kumey,1,878.0
27.142878160719743,88.77421639723794,,,0,2315.0
25.858168155123867,92.07845943547277,,,0,713.0
24.092702060160605,93.73245202316076,,,0,1110.0
27.6784,93.9026,Arunachal Pradesh,Lower Subansiri,1,1291.0
28.747226523492312,95.9736652807236,,,0,3215.0
26.76768218295646,92.54129061110396,,,0,83.0
27.544955045334085,96.62144354825912,,,0,1442.0
25.738,94.008,Nagaland,Kohima,1,992.0
24.79727778,93.73777778,Manipur,Noney,1,1165.0
23.45129964521012,92.53308421658798,,,0,563.0
27.160194,88.415056,Sikkim,South Sikkim,1,1552.0
23.14953,93.287758,Mizoram,Champhai,1,1437.0
25.00675830111748,93.22126394474856,,,0,213.0
25.56667,91.90194,Meghalaya,East Khasi Hills,1,1545.0
24.833103851086136,92.25758023983352,,,0,17.0
24.112840615360685,92.68107978527318,,,0,598.0
25.045179895591104,92.88721185963288,,,0,615.0
23.81,92.5,Mizoram,Mamit,1,610.0
23.95249482204312,92.546629266685,,,0,117.0
25.539611,92.001556,Meghalaya,East Khasi Hills,1,1542.0
25.51973,91.28443,Meghalaya,West Khasi Hills,1,1449.0
23.630554074722564,92.45231048470212,,,0,501.0
27.24922056208717,96.20333162471222,,,0,1137.0
27.530556,92.959167,Arunachal Pradesh,East Kameng,1,1089.0
25.68255833,91.90111389,Meghalaya,Ri-Bhoi,1,960.0
24.675641129048653,93.79072242375145,,,0,775.0
25.29228503125481,93.71341822432886,,,0,1105.0
24.027950748268672,93.40275738559522,,,0,1226.0
26.11032588606623,91.0765069678938,,,0,41.0
25.188578,94.139278,Manipur,Senapati,1,1279.0
28.093514,95.272526,Arunachal Pradesh,East Siang,1,489.0
27.68223202859187,93.7806035574998,,,0,1534.0
23.202247,92.57903,Mizoram,Lunglei,1,736.0
25.145861,93.024194,Assam,Dima Hasao,1,704.0
24.100401,92.915441,Mizoram,Aizawl,1,817.0
25.14775,92.375528,Meghalaya,East Jaintia Hills,1,264.0
27.23781680955454,88.00848421088199,,,0,3047.0
23.63703333,93.14361389,Mizoram,Kolasib,1,1161.0
23.965889,92.682278,Mizoram,Aizawl,1,300.0
23.732858967107557,91.9624659274677,,,0,176.0
25.54875524998694,91.05399861384106,,,0,803.0
22.659895365912757,92.76628604758426,,,0,312.0
26.950147744473117,94.9798411224331,,,0,131.0
28.102473209499657,95.57109165678756,,,0,209.0
28.858358,95.858469,Arunachal Pradesh,Dibang Valley,1,1393.0
27.163472,88.143083,Sikkim,West Sikkim,1,2073.0
25.670083,91.094806,Meghalaya,West Khasi Hills,1,986.0
23.31277591205379,93.46709188183738,,,0,2038.0
25.66874167,94.22856389,Nagaland,Kohima,1,890.0
27.291171156317827,95.73470022798888,,,0,149.0
23.86,92.35,Mizoram,Mamit,1,282.0
27.333333,88.212972,Sikkim,West Sikkim,1,1405.0
25.45491725693592,91.9724563894687,,,0,1667.0
24.754028229482625,94.50059457144788,,,0,1076.0
27.345556,92.266389,Arunachal Pradesh,West Kameng,1,1581.0
28.40784002698686,96.4816395766412,,,0,3428.0
25.41733333,93.12908333,Assam,Dima Hasao (N.C. Hills),1,387.0
25.24422862328065,93.55090296903327,,,0,1508.0
28.234833,94.972278,Arunachal Pradesh,West Siang,1,275.0
26.44911341929695,94.17435839892713,,,0,113.0
23.750139,93.098167,Mizoram,Champhai,1,1412.0
23.246555,92.554054,Mizoram,Lunglei,1,1022.0
24.05902513808765,93.4172167940416,,,0,762.0
26.843440937994988,94.63969248106255,,,0,101.0
24.652787551529688,93.78758669863484,,,0,770.0
26.934047223894517,88.40757701346999,,,0,1250.0
25.52545643686593,90.4838576674768,,,0,619.0
25.24612,93.028292,Assam,Dima Hasao,1,609.0
25.566,94.162,Nagaland,Kohima,1,1302.0
27.383900100371186,96.69636341776204,,,0,1950.0
27.562990065938,94.11706743529273,,,0,1000.0
23.35416667,92.77027778,Mizoram,Aizawl,1,941.0
25.047417,92.793389,Assam,Dima Hasao,1,118.0
23.49933333,92.70225,Mizoram,Aizawl,1,928.0
23.44061361910588,92.46794548853627,,,0,364.0
26.085389,94.258,Nagaland,Wokha,1,1295.0
27.234917,93.536139,Arunachal Pradesh,Papum Pare,1,839.0
26.026389,94.331722,Nagaland,Wokha,1,1086.0
23.86277778,92.8825,Mizoram,Aizawl,1,992.0
23.913445,93.023941,Mizoram,Aizawl,1,1101.0
27.63392820186314,88.46577210576247,,,0,2373.0
23.35958611,93.04477222,Mizoram,Aizawl,1,595.0
27.42770680830267,93.71192175788384,,,0,829.0
23.03094946520538,92.6099031193027,,,0,255.0
25.534486,91.205492,Meghalaya,West Khasi Hills,1,1359.0
25.65341111,91.89819444,Meghalaya,East Khasi Hills,1,1038.0
25.400317978214996,94.39720972472628,,,0,1295.0
25.579093239063493,93.42397548517334,,,0,273.0
22.29,93.09,Mizoram,Saiha,1,1276.0
28.335376,94.956509,Arunachal Pradesh,East Siang,1,289.0
23.57361111,92.71222222,Mizoram,Aizawl,1,874.0
23.423972,93.165944,Mizoram,Champhai,1,1046.0
22.447001,92.882004,Mizoram,Lawngtlai,1,577.0
24.90271432412468,92.77862817728308,,,0,34.0
24.105809125692154,93.6855409155873,,,0,1102.0
26.98600804387168,88.39050786727788,,,0,496.0
27.38590963131455,93.62213610832391,,,0,1353.0
27.555606409451958,91.66795412229564,,,0,2375.0
28.157394110425845,96.6389584944056,,,0,1704.0
25.298806,91.923167,Meghalaya,East Khasi Hills,1,1233.0
27.840167,93.980861,Arunachal Pradesh,Upper Subansiri,1,625.0
22.892199,92.822884,Mizoram,Lunglei,1,796.0
27.35373901767525,91.97161492682176,,,0,4256.0
23.01689167,93.283175,Mizoram,Kolasib,1,885.0
26.024535691073247,92.6714216051286,,,0,66.0
27.449463011055588,95.8055520812395,,,0,160.0
25.427275612887065,95.01656247135314,,,0,908.0
25.44835,91.59150278,Meghalaya,East Khasi Hills,1,1649.0
25.69172222,94.10319444,Nagaland,Kohima,1,1355.0
25.61,90.3,Meghalaya,West Garo Hills,1,692.0
25.865722,94.048806,Nagaland,Kohima,1,962.0
26.96984194208158,88.34759013417532,,,0,1751.0
27.177138,92.576909,Arunachal Pradesh,West Kameng,1,1476.0
25.57121833401865,93.60452596930628,,,0,473.0
23.223594,92.914767,Mizoram,Serchhip,1,760.0
27.48290914459162,93.68814834269682,,,0,1084.0
23.025625497182958,92.54061311994178,,,0,628.0
24.834145867751243,92.65541154320172,,,0,14.0
25.671411970968617,94.89563192456582,,,0,1445.0
24.808619,93.651094,Manipur,Noney,1,421.0
25.268687870492013,94.45370621044016,,,0,1438.0
25.672,94.111,Nagaland,Kohima,1,1378.0
23.54972222,92.70305556,Mizoram,Aizawl,1,791.0
26.220028,95.034417,Nagaland,Tuensang,1,1308.0
25.17188889,93.02061111,Assam,Dima Hasao,1,575.0
27.984704629095692,94.90860144063647,,,0,839.0
26.096722,94.253694,Nagaland,Wokha,1,1346.0
27.542639,92.954417,Arunachal Pradesh,East Kameng,1,1275.0
27.903389,93.370361,Arunachal Pradesh,Kurung Kumey,1,880.0
24.146606,92.796528,Mizoram,Aizawl,1,702.0
25.739551108904912,91.50244122016008,,,0,606.0
23.194007,92.734654,Mizoram,Lunglei,1,778.0
24.640639,93.620311,Manipur,Noney,1,565.0
28.137762,94.62431,Arunachal Pradesh,West Siang,1,772.0
26.76743529292642,92.96781459078994,,,0,71.0
24.478972,92.682861,Assam,Hailakandi,1,65.0
28.825119864409167,95.77996812761668,,,0,3031.0
27.273999,95.975506,Arunachal Pradesh,Changlang,1,415.0
25.232397622855107,93.68204127797613,,,0,1142.0
26.032028,91.989528,Meghalaya,Ri-Bhoi,1,237.0
24.452008190197503,93.02043894969071,,,0,95.0
27.420867080246367,93.77943257036448,,,0,1199.0
24.73,93.19,Manipur,Jiribam,1,269.0
25.449056,93.370861,Assam,Dima Hasao,1,427.0
27.084417,92.586622,Arunachal Pradesh,West Kameng,1,211.0
22.522148480322628,93.0981039028385,,,0,763.0
25.397248875554524,94.91090390206782,,,0,638.0
23.77677865302161,92.42072835211894,,,0,264.0
28.460215226444472,95.14007258638256,,,0,942.0
28.24687044485005,96.18464373402648,,,0,3734.0
27.566131,92.973072,Arunachal Pradesh,East Kameng,1,623.0
23.735,92.695111,Mizoram,Aizawl,1,919.0
24.597735131560707,93.77700055421704,,,0,772.0
27.51574304398396,93.62796562623105,,,0,1407.0
28.18923534232176,95.33232910610796,,,0,1197.0
25.638019615254088,90.94195715555745,,,0,749.0
24.49827988256175,94.05962670509548,,,0,947.0
26.007601051390434,95.0215680948948,,,0,1393.0
25.218961,91.707094,Meghalaya,East Khasi Hills,1,546.0
25.2745958928475,94.43442132145852,,,0,1521.0
25.379208033065844,92.22239895275504,,,0,1263.0
27.048166406297423,88.62817052578255,,,0,1608.0
27.33075,88.216333,Sikkim,West Sikkim,1,1456.0
24.4421679246786,92.86116717373407,,,0,150.0
27.23772,88.51384,Sikkim,East Sikkim,1,434.0
26.275851908274458,93.71364186220764,,,0,370.0
24.271557568114652,92.11681427079664,,,0,76.0
27.435670724918555,95.90275559904764,,,0,159.0
28.728768035066853,95.05128204138674,,,0,1383.0
25.810964,94.527417,Nagaland,Kiphire,1,1318.0
27.87671942425886,94.56315106627,,,0,1138.0
26.190389,91.809944,Assam,Kamrup (Metro),1,94.0
27.493156578089053,88.38815761137185,,,0,3243.0
27.19558889,88.62802778,Sikkim,East Sikkim,1,584.0
25.676,92.157917,Meghalaya,East Khasi Hills,1,838.0
25.661920562194915,93.7695758529502,,,0,428.0
25.182916916717847,94.61453773954784,,,0,2650.0
25.883168878559253,93.85051569132106,,,0,154.0
27.048239849400375,93.01954727067694,,,0,672.0
25.398728737997203,93.88697747703894,,,0,2186.0
25.97539070134902,93.79863962874995,,,0,137.0
25.17597222,93.02016667,Assam,Dima Hasao,1,590.0
24.911194,94.242111,Manipur,Ukhrul,1,1380.0
28.775779,95.890362,Arunachal Pradesh,Dibang Valley,1,1233.0
24.50756827360908,94.37274574709024,,,0,238.0
28.529939822299266,95.76911717331562,,,0,1066.0
23.462667,93.317472,Mizoram,Champhai,1,1333.0
23.619352961030096,93.44730113731468,,,0,1217.0
26.298389,93.21625,Assam,Karbi Anglong,1,193.0
25.935833,91.56525,Meghalaya,Ri-Bhoi,1,486.0
26.1902037429522,95.17404820878257,,,0,1953.0
28.179262,95.477068,Arunachal Pradesh,East Siang,1,358.0
28.34416157496552,96.13639870202582,,,0,1298.0
28.1164824455652,95.98257476052572,,,0,1619.0
25.553794,91.231139,Meghalaya,West Khasi Hills,1,1304.0
24.615083,93.696844,Manipur,Noney,1,1468.0
25.039808648973302,93.33814829439709,,,0,370.0
25.28119570595297,94.37244863759751,,,0,1204.0
26.6,94.49,Nagaland,Mokokchung,1,600.0
26.113639,92.441222,Assam,Nagaon,1,203.0
26.0037,93.9862,Nagaland,Wokha,1,514.0
25.17691667,93.02655556,Assam,Dima Hasao,1,452.0
26.481217205410783,94.17854512650896,,,0,102.0
25.66741778193182,91.7936486989421,,,0,1026.0
25.64053600272532,91.23988887509483,,,0,1326.0
23.710194,92.741167,Mizoram,Aizawl,1,613.0
28.21267,95.803194,Arunachal Pradesh,Lower Dibang Valley,1,1025.0
25.20331517648645,94.65962618178892,,,0,2116.0
23.341333,93.080056,Mizoram,Champhai,1,1060.0
27.032995562000263,88.5630889495803,,,0,1291.0
25.320833,91.9275,Meghalaya,East Khasi Hills,1,1099.0
24.39720647601036,93.38757576444004,,,0,298.0
25.318433,93.115767,Assam,Dima Hasao,1,433.0
24.643853970314957,93.91509608614896,,,0,773.0
27.04305138171368,88.7695542220952,,,0,1457.0
28.4367442106358,96.61430915316475,,,0,4107.0
25.510867625625863,91.03939877016649,,,0,740.0
26.053200911043284,94.75948657285916,,,0,1805.0
23.23806727339332,92.40913416312416,,,0,56.0
28.090087,96.454067,Arunachal Pradesh,Anjaw,1,1010.0
23.03830550678228,92.59565314446732,,,0,111.0
27.163861,88.141361,Sikkim,West Sikkim,1,2149.0
26.18435779793781,93.0953469291028,,,0,86.0
24.36527778,92.93,Mizoram,Aizawl,1,581.0
26.60275,93.48408,Assam,Karbi Anglong,1,114.0
26.216861,95.002889,Nagaland,Tuensang,1,1600.0
29.123373294407955,95.7210106456464,,,0,2998.0
24.040703,92.774277,Mizoram,Aizawl,1,941.0
25.21694444,93.01136111,Assam,Dima Hasao (N.C. Hills),1,484.0
27.3346449982892,92.06384900458208,,,0,3499.0
24.308857515375568,91.95639860715964,,,0,40.0
24.346028,93.954583,Manipur,Chandel,1,1232.0
25.168028,93.748972,Manipur,Tamenglong,1,692.0
24.905144725717506,92.63619659231152,,,0,18.0
27.509883651130068,93.05332546846962,,,0,805.0
27.51491667,88.56313889,Sikkim,North Sikkim,1,1416.0
27.64360207527973,88.78322116134008,,,0,4404.0
27.141,88.211194,Sikkim,West Sikkim,1,676.0
26.48736108770736,94.9078478119668,,,0,559.0
27.227449,93.798727,Arunachal Pradesh,Papum Pare,1,353.0
27.86690964699351,94.5234712443845,,,0,1414.0
23.96020358252873,92.43428173658658,,,0,180.0
27.246778250444557,93.9157932890437,,,0,212.0
25.129639,93.661806,Manipur,Tamenglong,1,1199.0
24.250722,94.073861,Manipur,Chandel,1,1353.0
27.86157311126734,88.92182861078369,,,0,5155.0
23.68436980761589,91.94767897889858,,,0,172.0
23.76972222,92.76,Mizoram,Aizawl,1,1166.0
25.44465,91.34622,Meghalaya,West Khasi Hills,1,1471.0
23.359075241028503,92.57379627448807,,,0,493.0
24.09,93.91,Manipur,Chandel,1,1163.0
24.9130945583506,93.21011056531444,,,0,107.0
23.455367,93.362276,Mizoram,Champhai,1,1368.0
25.14392043252873,94.17716983684495,,,0,896.0
23.38075,93.13075,Mizoram,Champhai,1,1299.0
25.66264,94.11353,Nagaland,Kohima,1,1380.0
25.66977,94.11269,Nagaland,Kohima,1,1357.0
27.380266560979265,93.87075351544102,,,0,628.0
22.97032,92.70697,Mizoram,Lunglei,1,725.0
22.799189427211623,93.14292238428568,,,0,506.0
28.592047894826536,95.9481716485812,,,0,2119.0
23.653791678235443,93.43723671572089,,,0,1070.0
25.79148889,94.01525556,Nagaland,Kohima,1,548.0
25.101972,94.5125,Manipur,Ukhrul,1,1528.0
25.205651,91.599771,Meghalaya,East Khasi Hills,1,493.0
25.363190795274768,94.6941878858786,,,0,1645.0
25.214300256217413,94.6111271791595,,,0,2243.0
24.74758494039998,92.9925223789697,,,0,30.0
27.540917,92.949333,Arunachal Pradesh,East Kameng,1,1266.0
27.99579963401519,95.39011105476698,,,0,144.0
25.056022,92.394119,Meghalaya,East Jaintia Hills,1,82.0
23.230371,92.673973,Mizoram,Lunglei,1,848.0
26.12096236466523,92.51486653923916,,,0,86.0
26.758906240922084,94.74019756434892,,,0,132.0
22.22903511863077,92.74457590126563,,,0,226.0
25.02658271212059,93.39903572542816,,,0,420.0
22.688472,92.842907,Mizoram,Lunglei,1,949.0
28.164890289197213,96.4147092794178,,,0,3582.0
27.919652590337638,93.70242389863904,,,0,1529.0
24.106444,92.276389,Tripura,North Tripura,1,559.0
25.719,94.105,Nagaland,Kohima,1,1293.0
25.68416553499344,94.9071246712414,,,0,1584.0
24.812167,93.423,Manipur,Noney,1,415.0
25.550992720085667,94.4183414222107,,,0,956.0
23.445083,93.223889,Mizoram,Champhai,1,1489.0
24.457190205419437,92.97420969563984,,,0,253.0
23.191775,92.734778,Mizoram,Lunglei,1,785.0
26.36083,94.84,Nagaland,Tuensang,1,2004.0
23.42472222,92.74472222,Mizoram,Aizawl,1,763.0
28.025768627876747,93.47839292188088,,,0,785.0
26.799929,95.309533,Arunachal Pradesh,Longding,1,1125.0
23.7135613527519,93.25845906278336,,,0,898.0
26.102167,92.440472,Assam,Nagaon,1,314.0
25.106395519512574,91.81191248896002,,,0,8.0
27.311254863314424,93.73071090837452,,,0,1894.0
27.35694444,88.61833333,Sikkim,East Sikkim,1,1715.0
25.817344766438172,92.25262926059249,,,0,887.0
24.624252417799333,94.45920116241489,,,0,411.0
25.5619651289402,90.94846211175756,,,0,772.0
23.41714788876974,93.50907125965176,,,0,1316.0
23.184091,92.738895,Mizoram,Lunglei,1,781.0
25.181639,94.342667,Manipur,Ukhrul,1,1688.0
28.40302512237,94.7524523066148,,,0,1380.0
25.323731,92.80751,Assam,Dima Hasao,1,1061.0
25.134611,94.460722,Manipur,Ukhrul,1,1918.0
27.252139,88.176944,Sikkim,West Sikkim,1,1288.0
26.142215857604494,94.71258968595038,,,0,2160.0
28.119012644780117,95.70014433495032,,,0,186.0
26.88585624661227,95.72195042365487,,,0,2079.0
26.57991427381345,94.59941754068817,,,0,300.0
23.323423,92.860926,Mizoram,Serchhip,1,989.0
28.80604505971095,96.04063887305428,,,0,3734.0
24.125845917022662,94.25864944829,,,0,212.0
25.718018506443865,92.37058029611148,,,0,904.0
27.3250091,88.4704442,Sikkim,South Sikkim,1,493.0
24.8994383891,93.87183262088762,,,0,799.0
23.435405,92.871814,Mizoram,Serchhip,1,762.0
26.803226887819832,94.80541854569204,,,0,121.0
22.792336546616426,93.14882932030798,,,0,889.0
22.766860463493742,93.1225120730018,,,0,574.0
28.253413957426854,95.0986224186875,,,0,1421.0
25.255931,94.1254,Manipur,Senapati,1,1401.0
23.54194444,92.7175,Mizoram,Aizawl,1,839.0
23.341022,92.776761,Mizoram,Aizawl,1,744.0
23.945170366911054,91.96301245987382,,,0,105.0
28.674090656689728,96.02109110071908,,,0,1961.0
25.603,94.426,Nagaland,Phek,1,841.0
25.770055,93.937873,Nagaland,Kohima,1,791.0
23.69305556,92.72111111,Mizoram,Aizawl,1,954.0
24.615478957836448,94.46967007020729,,,0,439.0
27.368278,88.711278,Sikkim,East Sikkim,1,3182.0
26.05506803716171,94.91557193664076,,,0,1019.0
25.28247222,91.36413333,Meghalaya,South West Khasi Hills,1,973.0
24.639806,93.691333,Manipur,Noney,1,1280.0
23.960774681960316,92.515845986522,,,0,312.0
24.11,94.02,Manipur,Chandel,1,1477.0
23.187762,92.898034,Mizoram,Serchhip,1,866.0
28.81522537084745,95.7338834063238,,,0,2974.0
25.04614036684667,92.85958489624736,,,0,619.0
25.72342008485767,90.35559971376462,,,0,390.0
25.99632708269021,91.36158908134168,,,0,52.0
25.79655997618173,91.75803759741682,,,0,653.0
24.129613199155585,94.19379626289712,,,0,534.0
25.63017174010885,91.7351404718153,,,0,988.0
26.42186,94.3852,Nagaland,Mokokchung,1,767.0
24.794493,93.652745,Manipur,Noney,1,467.0
27.45072666190517,93.91222994238338,,,0,2166.0
24.00260070978387,92.60848144316824,,,0,305.0
26.175016361631627,93.9740065763122,,,0,118.0
27.134306,88.370528,Sikkim,South Sikkim,1,1116.0
26.14746873085242,92.52216548817056,,,0,60.0
24.19755185241822,94.38952832480196,,,0,147.0
25.60339,91.856222,Meghalaya,East Khasi Hills,1,1245.0
23.035839,92.795578,Mizoram,Lunglei,1,876.0
25.328672986190607,94.65871584105986,,,0,1651.0
27.798654146012275,94.63568254999134,,,0,480.0
25.703,94.137,Nagaland,Kohima,1,1346.0
26.1445,91.7362,Assam,Kamrup (Metro),1,50.0
23.473778,93.239194,Mizoram,Champhai,1,905.0
27.20833,93.794568,Arunachal Pradesh,Papum Pare,1,220.0
25.143881305977175,92.6117675914362,,,0,1237.0
26.06368725265379,94.78383413444196,,,0,1836.0
24.687667,94.267306,Manipur,Kamjong,1,1452.0
25.651,94.12,Nagaland,Kohima,1,1276.0
27.751917,94.023472,Arunachal Pradesh,Kamle,1,327.0
25.571508960035693,94.00513678321992,,,0,2315.0
25.67277559896278,92.3386198304937,,,0,972.0
24.070285,92.787738,Mizoram,Aizawl,1,971.0
25.613917,91.868639,Meghalaya,East Khasi Hills,1,1282.0
26.90593466827836,88.41468434233478,,,0,700.0
26.19167,91.79028,Assam,Kamrup,1,91.0
23.815,92.8275,Mizoram,Aizawl,1,548.0
26.3304056399134,95.19062747742628,,,0,846.0
26.844545841035355,94.97235882877274,,,0,252.0
25.73572,94.08703,Nagaland,Kohima,1,1444.0
23.53611111,92.68444444,Mizoram,Aizawl,1,488.0
26.956619660943684,88.37070401264924,,,0,709.0
27.995889,94.525941,Arunachal Pradesh,Lepa rada,1,456.0
23.308426380711666,93.41785039116304,,,0,1333.0
25.429639,94.556472,Manipur,Ukhrul,1,1223.0
25.44177778,92.19558333,Meghalaya,West Jaintia Hills,1,1340.0
25.166833,94.354889,Manipur,Ukhrul,1,1722.0
25.85585696602273,93.90659531418544,,,0,251.0
27.50708000880163,88.75502511748513,,,0,4620.0
25.65455655843856,95.01157024548291,,,0,1665.0
26.908187722099846,95.02587762359674,,,0,343.0
28.140639,95.292122,Arunachal Pradesh,East Siang,1,273.0
23.298413,92.81508,Mizoram,Serchhip,1,485.0
25.730185322260727,94.9027695397318,,,0,1042.0
27.797389,94.735333,Arunachal Pradesh,West Siang,1,821.0
28.24638359017361,95.39551566081184,,,0,2085.0
28.472919,95.857932,Arunachal Pradesh,Dibang Valley,1,845.0
26.778444,95.069083,Nagaland,Mon,1,981.0
26.102944,91.862111,Assam,Kamrup,1,151.0
22.959354271551984,93.17165030765514,,,0,1153.0
27.424186969167035,96.17897677570345,,,0,266.0
24.646197,93.671856,Manipur,Noney,1,964.0
25.282861,93.296111,Assam,Dima Hasao,1,754.0
25.135251831264306,94.723394448352,,,0,2088.0
25.162472,93.01044,Assam,Dima Hasao,1,599.0
25.8,91.11,Meghalaya,West Khasi Hills,1,513.0
25.96664,92.51636,Assam,West Karbi Anglong,1,221.0
23.61388889,92.80083333,Mizoram,Aizawl,1,411.0
25.287664,93.488956,Nagaland,Peren,1,1410.0
23.306444,93.303889,Mizoram,Champhai,1,1492.0
25.347444,92.007917,Meghalaya,West Jaintia Hills,1,1008.0
24.08772093294145,93.77181326943465,,,0,794.0
23.737083,92.703889,Mizoram,Aizawl,1,929.0
26.24139,94.82056,Nagaland,Tuensang,1,1413.0
26.104528,94.353833,Nagaland,Wokha,1,826.0
26.29,94.11,Nagaland,Wokha,1,317.0
25.07495548450497,92.00173207087552,,,0,9.0
23.70445363437141,91.7643997912212,,,0,201.0
23.44805556,92.68333333,Mizoram,Aizawl,1,874.0
25.670639,91.09525,Meghalaya,West Khasi Hills,1,1004.0
25.88667,94.78639,Nagaland,Tuensang,1,1176.0
23.532588907651228,92.50556309556944,,,0,423.0
23.924278,92.744806,Mizoram,Aizawl,1,919.0
23.77305556,92.74361111,Mizoram,Aizawl,1,1002.0
25.55317433962194,94.0732648970533,,,0,2537.0
26.394026322321476,94.24697982620845,,,0,209.0
24.939167,94.548889,Manipur,Kamjong,1,1529.0
28.55204590606649,94.1345308302484,,,0,2486.0
28.313528,95.966611,Arunachal Pradesh,Lower Dibang Valley,1,810.0
27.90581,96.35933,Arunachal Pradesh,Lohit,1,1052.0
25.578,93.805,Nagaland,Peren,1,1581.0
26.74789065927729,94.73921927409646,,,0,175.0
25.156483,93.018367,Assam,Dima Hasao,1,614.0
25.928558217453205,92.20145131073554,,,0,620.0
27.42303845097152,88.17460723431185,,,0,2459.0
23.223555,92.92672,Mizoram,Serchhip,1,436.0
25.72158491331645,91.84276392642558,,,0,756.0
28.38269857196409,96.08769861576748,,,0,3313.0
27.5739244711246,88.89674229763209,,,0,4194.0
25.15773833921097,93.45115162540456,,,0,1719.0
28.44133708182169,94.85531510471796,,,0,602.0
27.347703415818398,92.72665953323424,,,0,1112.0
25.10658671768624,94.19436743859062,,,0,1279.0
23.685602,93.028404,Mizoram,Champhai,1,484.0
23.327409051922537,92.53170660826528,,,0,777.0
23.057276,92.90416,Mizoram,Lunglei,1,799.0
22.903807,92.757401,Mizoram,Lunglei,1,1156.0
27.385960694227148,88.14498147255344,,,0,3462.0
28.0898272667917,96.60883805752697,,,0,2089.0
24.989944,94.233611,Manipur,Ukhrul,1,1112.0
25.8,93.81,Nagaland,Dimapur,1,340.0
26.176691849577225,93.22011427377186,,,0,452.0
26.248887476567084,92.256110258796,,,0,57.0
27.597762072018423,88.82744693713485,,,0,4256.0
22.87851767808471,93.25779655522594,,,0,1003.0
22.5,93.01,Mizoram,Saiha,1,1216.0
25.169159,91.690014,Meghalaya,East Khasi Hills,1,29.0
23.795778,93.38797,Mizoram,Champhai,1,1155.0
24.700278,94.197611,Manipur,Kangpokpi,1,1224.0
26.902804606551147,92.82333755377633,,,0,89.0
23.871694,92.919955,Mizoram,Aizawl,1,1186.0
27.589889,91.881194,Arunachal Pradesh,Tawang,1,2763.0
23.857278,92.646222,Mizoram,Mamit,1,163.0
26.260556,94.813333,Nagaland,Tuensang,1,1276.0
25.735584835031883,95.03774493556088,,,0,3571.0
23.9204796588206,93.49989425815215,,,0,1144.0
24.41159971877024,92.36926852432462,,,0,90.0
24.943258,94.457787,Manipur,Kamjong,1,1960.0
24.842944,93.439972,Manipur,Tamenglong,1,860.0
28.25701,95.551656,Arunachal Pradesh,Lower Dibang Valley,1,585.0
25.72657594107966,90.376397496603,,,0,405.0
25.529408,92.455339,Meghalaya,West Jaintia hills,1,1178.0
26.43102989182986,94.0588879087582,,,0,98.0
25.44189557119179,93.19709102098174,,,0,323.0
26.237460638902277,95.18809855036343,,,0,2293.0
24.916072516153783,93.24996148398893,,,0,94.0
27.98728,96.41208,Arunachal Pradesh,Anjaw,1,387.0
26.24024699946389,95.2195605817536,,,0,2232.0
25.49736111,91.77902778,Meghalaya,East Khasi Hills,1,1802.0
25.341306,92.009611,Meghalaya,West Jaintia Hills,1,1053.0
23.477778,93.236333,Mizoram,Champhai,1,919.0
23.976412,92.683312,Mizoram,Kolasib,1,386.0
27.057413597260567,93.39581000943328,,,0,681.0
27.337028,93.821306,Arunachal Pradesh,Papum Pare,1,990.0
27.376222,88.799667,Sikkim,East Sikkim,1,3938.0
25.10638889,92.86480556,Assam,Dima Hasao (N.C. Hills),1,221.0
25.651,94.097,Nagaland,Kohima,1,1605.0
28.50468645086735,94.53581740281687,,,0,1869.0
25.824038,94.397945,Nagaland,Phek,1,1859.0
26.96412099527957,95.842394118669,,,0,1425.0
26.834194,95.081639,Nagaland,Mon,1,280.0
26.13520289465137,95.2291506641158,,,0,1721.0
25.160583,93.7055,Manipur,Tamenglong,1,868.0
28.216253,95.796393,Arunachal Pradesh,Lower Dibang Valley,1,1081.0
23.083221,92.556969,Mizoram,Lunglei,1,177.0
27.204694,88.32375,Sikkim,West Sikkim,1,466.0
22.179852238960702,92.38734110846592,,,0,111.0
28.162405787594608,95.57366206863568,,,0,278.0
27.024319940673788,88.02379345054551,,,0,2499.0
25.45408238910044,94.41648815291428,,,0,1015.0
27.33426022250992,95.77203343034884,,,0,144.0
25.51,93.71,Nagaland,Peren,1,1174.0
24.809917,93.736111,Manipur,Noney,1,1221.0
25.575066644787256,94.71201777711016,,,0,1824.0
28.834352376586835,96.13045049871764,,,0,3941.0
27.474408,96.408773,Arunachal Pradesh,Changlang,1,528.0
27.37441667,88.54505556,Sikkim,East Sikkim,1,1631.0
27.59793211919971,93.14196273466187,,,0,1917.0
26.02373716990424,95.1930388665224,,,0,1731.0
25.552993159858055,91.00455794731286,,,0,848.0
27.749081768629924,91.98666327880336,,,0,3764.0
26.27953359126634,91.77168492904924,,,0,48.0
22.7,92.56,Mizoram,Lawngtlai,1,334.0
24.02025,93.243973,Mizoram,Champhai,1,558.0
25.84,91.47,Meghalaya,Ri-Bhoi,1,359.0
25.63669,94.21986,Nagaland,Phek,1,892.0
23.61,92.72083333,Mizoram,Aizawl,1,912.0
27.045861717064664,88.12274055351072,,,0,2255.0
27.70385607724159,91.94357697004156,,,0,4504.0
23.46972222,92.71861111,Mizoram,Aizawl,1,1081.0
24.85292125834297,94.43978221060296,,,0,948.0
24.903678606478294,92.99479741578452,,,0,99.0
23.611428600751918,92.4174101426027,,,0,507.0
28.192444,94.984917,Arunachal Pradesh,Siang,1,1032.0
25.100221536489844,92.10735199313712,,,0,13.0
22.331149793969875,92.51388003834197,,,0,380.0
27.92787794474684,96.5280693417397,,,0,1790.0
26.195301688664976,92.12222960843204,,,0,56.0
27.092028,92.597028,Arunachal Pradesh,West Kameng,1,210.0
22.968879672582016,92.55234082447276,,,0,552.0
22.755395560715694,92.93447762229324,,,0,438.0
28.27481973092964,95.45149791401394,,,0,1579.0
28.38115706775197,95.87590213408292,,,0,1213.0
25.33299281360034,93.93048097456682,,,0,1700.0
24.404167,94.156667,Manipur,Tengnoupal,1,1256.0
25.73719082300968,92.35892188098435,,,0,861.0
25.313,94.50975,Manipur,Ukhrul,1,1439.0
28.33174825338309,95.28158634691673,,,0,1320.0
26.912588362231563,94.95507169451533,,,0,132.0
28.2554159837717,95.12531391510412,,,0,1706.0
25.10150714090068,90.94216117674958,,,0,6.0
27.897361,94.844111,Arunachal Pradesh,West Siang,1,717.0
25.972636,94.511444,Nagaland,Kiphire,1,1634.0
25.211269,91.208223,Meghalaya,South West Khasi Hills,1,322.0
27.657830824204677,93.05016387130664,,,0,1072.0
27.439155210676592,93.21505717177136,,,0,2313.0
27.06689310706708,88.11904252793506,,,0,2666.0
27.322609092701786,88.91303433693493,,,0,4433.0
25.409167,94.599278,Manipur,Ukhrul,1,1667.0
22.683001,92.882004,Mizoram,Lunglei,1,890.0
27.2535,88.54141667,Sikkim,Gangtok District,1,601.0
27.288125,96.075898,Arunachal Pradesh,Changlang,1,305.0
24.25345772195796,92.56283041744614,,,0,190.0
25.57967414087759,94.00403792647435,,,0,2321.0
26.46735596862558,94.91623324548392,,,0,723.0
25.859444,94.160139,Nagaland,Kohima,1,1474.0
23.92294,92.65703,Mizoram,Aizawl,1,111.0
24.659168332684565,93.44407453696904,,,0,396.0
24.175865,92.945618,Mizoram,Aizawl,1,506.0
25.194357711948072,93.8873782212139,,,0,1324.0
25.848474157429237,93.62030448558257,,,0,207.0
25.180536,91.576839,Meghalaya,East Khasi Hills,1,157.0
27.2105527720713,93.86297316751522,,,0,212.0
25.417333,93.129083,Assam,Dima Hasao,1,387.0
27.558416803598483,93.16918584614812,,,0,1290.0
27.566873939657903,88.45009865019192,,,0,2054.0
25.64501,94.032825,Nagaland,Kohima,1,1592.0
24.291139,94.276139,Manipur,Tengnoupal,1,594.0
23.990028,93.010582,Mizoram,Aizawl,1,602.0
23.68361111,92.72277778,Mizoram,Aizawl,1,924.0
23.186296,92.7356,Mizoram,Lunglei,1,838.0
28.498405,95.827217,Arunachal Pradesh,Dibang Valley,1,739.0
26.816056,95.074639,Nagaland,Mon,1,554.0
28.366417,95.221194,Arunachal Pradesh,Upper Siang,1,599.0
26.511843681918343,94.599108776382,,,0,430.0
23.297113012624763,92.99973919322991,,,0,662.0
27.152066829114723,92.71566437088556,,,0,866.0
27.163861,88.52,Sikkim,East Sikkim,1,561.0
24.0,93.82,Manipur,Chandel,1,1191.0
27.04596588189885,93.96856331017808,,,0,85.0
27.02155226013354,93.73041100497797,,,0,122.0
27.46003508053509,88.35713575222242,,,0,2774.0
25.56,94.151,Nagaland,Kohima,1,1582.0
25.91936,92.50556,Assam,West Karbi Anglong,1,357.0
23.704333,92.7145,Mizoram,Aizawl,1,1049.0
26.989518651085103,88.42206008198791,,,0,205.0
27.79875078484968,88.91803266085755,,,0,4828.0
23.114070299764126,92.46941554066738,,,0,135.0
25.17543079381281,94.61012018249929,,,0,2496.0
27.587878980572583,93.90964728277106,,,0,2455.0
25.49397065557344,94.44766337909026,,,0,1419.0
24.613545,94.33124,Manipur,Kamjong,1,1207.0
26.86103993644332,92.50849389990286,,,0,115.0
25.38546576679782,93.91174682071792,,,0,2089.0
25.164222,93.736361,Manipur,Tamenglong,1,758.0
24.84839998834531,94.44430289784157,,,0,763.0
23.173606,92.739793,Mizoram,Lunglei,1,787.0
24.268022,94.120806,Manipur,Chandel,1,1212.0
26.6036209414772,94.91488676640289,,,0,328.0
24.553917,94.091167,Manipur,Thoubal,1,995.0
28.32643909078981,95.10895556218756,,,0,1633.0
25.350061,94.220711,Manipur,Senapati,1,1722.0
23.461739412622787,92.52248657960492,,,0,649.0
24.09123,92.795928,Mizoram,Aizawl,1,923.0
23.140294,93.344976,Mizoram,Champhai,1,1111.0
22.865734,92.771561,Mizoram,Lunglei,1,1143.0
24.821873401211608,92.82518681565573,,,0,25.0
25.200934,91.63449,Meghalaya,East Khasi Hills,1,200.0
23.88453580905971,92.57018929059844,,,0,624.0
25.248223251314712,94.64045973361488,,,0,1753.0
24.638933658305028,94.70941551724312,,,0,129.0
24.080938,92.914167,Mizoram,Aizawl,1,801.0
27.273083,88.389528,Sikkim,South Sikkim,1,1224.0
27.52903750243742,93.9370900134086,,,0,2492.0
24.38,92.68,Mizoram,Kolasib,1,80.0
27.292583,88.820417,Sikkim,East Sikkim,1,3786.0
28.314239676640952,95.6534791919937,,,0,675.0
25.1009485856174,91.98653756233853,,,0,12.0
25.18844444,93.01966667,Assam,Dima Hasao (N.C. Hills),1,522.0
24.071167,92.291694,Tripura,North Tripura,1,247.0
24.05138889,92.66833333,Mizoram,Kolasib,1,708.0
25.440996740608583,94.67380947471916,,,0,2177.0
26.77844165483323,94.64851516386182,,,0,141.0
24.880418996893976,92.50012877719418,,,0,27.0
25.554567715246712,93.4671369394154,,,0,465.0
25.021458951654708,94.73295950525672,,,0,1684.0
25.337428,94.184525,Manipur,Senapati,1,1665.0
27.57328920928947,93.39302940244374,,,0,2134.0
24.790386,93.657044,Manipur,Noney,1,614.0
23.09954722,93.18600278,Mizoram,Aizawl,1,913.0
23.867277,93.205643,Mizoram,Champhai,1,1047.0
22.686473306245503,92.4495952636262,,,0,344.0
27.223667,93.580417,Arunachal Pradesh,Papum Pare,1,785.0
25.472566,93.727307,Nagaland,Peren,1,1531.0
28.14781720028927,96.33382174345876,,,0,1640.0
23.667306,92.978028,Mizoram,Aizawl,1,1095.0
28.376383445835778,95.07368800960954,,,0,272.0
23.44444444,92.79027778,Mizoram,Aizawl,1,1175.0
24.308163170847248,94.37262047272402,,,0,173.0
24.86469444,93.62116667,Manipur,Tamenglong,1,350.0
22.8363,92.892799,Mizoram,Lunglei,1,484.0
27.257083,88.696583,Sikkim,East Sikkim,1,1401.0
27.05472253165382,95.03994860828256,,,0,104.0
23.51510488099049,92.48880402065456,,,0,674.0
24.38500674817454,94.01033588029298,,,0,837.0
28.311680100457867,96.7114200689402,,,0,3055.0
28.175659,95.470804,Arunachal Pradesh,East Siang,1,374.0
26.34417,94.83333,Nagaland,Tuensang,1,1746.0
25.354924820542063,92.29886476108206,,,0,1236.0
25.625,94.345,Nagaland,Phek,1,1859.0
23.975055257723604,93.40290252877668,,,0,1146.0
22.982395929693777,93.1806437875764,,,0,1645.0
27.712607668411337,88.6390020675342,,,0,4292.0
26.99727128463856,88.56754857515507,,,0,1433.0
23.244541,93.099533,Mizoram,Champhai,1,1081.0
27.566611,92.967639,Arunachal Pradesh,East Kameng,1,567.0
27.6549,93.8759,Arunachal Pradesh,Lower Subansiri,1,1591.0
25.1828890793026,94.77336203826016,,,0,1525.0
23.290306411247474,92.58377800599403,,,0,418.0
23.45173116218056,92.51811198391428,,,0,973.0
27.89014558641151,94.90023793241268,,,0,345.0
23.825205,92.830469,Mizoram,Aizawl,1,385.0
26.1505375,91.72798139,Assam,Kamrup (Metro),1,76.0
25.424704563713377,90.60023566571252,,,0,591.0
23.451972,93.259686,Mizoram,Champhai,1,762.0
27.052162227606384,92.47955847979712,,,0,1770.0
25.39897,91.993367,Meghalaya,East Khasi Hills,1,1422.0
25.072636,92.794514,Assam,Dima Hasao,1,469.0
25.181583,94.304444,Manipur,Ukhrul,1,1412.0
25.652,94.288,Nagaland,Phek,1,1816.0
23.62972222,92.72555556,Mizoram,Aizawl,1,771.0
23.35516667,92.76991667,Mizoram,Aizawl,1,968.0
24.841472,93.495917,Manipur,Noney,1,345.0
25.342269,92.58225,Meghalaya,East Jaintia Hills,1,1069.0
25.142185737646106,92.71853946929892,,,0,1622.0
24.491667,94.160889,Manipur,Chandel,1,1541.0
25.236428,92.096172,Meghalaya,West Jaintia Hills,1,803.0
26.025630284259737,93.79327138478963,,,0,132.0
25.94406213462956,93.59646122239482,,,0,175.0
23.223957,92.936401,Mizoram,Serchhip,1,367.0
24.451359704358666,94.4299515836692,,,0,187.0
24.7135,94.199417,Manipur,Kangpokpi,1,1393.0
27.200294338520045,93.89979383104016,,,0,124.0
27.31323648926028,92.62120454399523,,,0,1155.0
25.77810179885452,91.53982306952508,,,0,772.0
24.26102228809974,92.41647903924029,,,0,132.0
25.161667,93.730361,Manipur,Tamenglong,1,741.0
22.962684272961827,93.50467788049502,,,0,2131.0
28.133525364160302,96.27518419287424,,,0,2707.0
28.23559621926967,95.4267695738736,,,0,963.0
23.608133,93.201022,Mizoram,Champhai,1,972.0
27.49757391852822,88.85058158414896,,,0,4636.0
28.327545,95.783923,Arunachal Pradesh,Dibang Valley,1,737.0
25.057194,93.603028,Manipur,Tamenglong,1,977.0
25.614807,91.871158,Meghalaya,East Khasi Hills,1,1294.0
25.96,91.857,Meghalaya,Ri-Bhoi,1,312.0
23.63871998389184,92.53743356025272,,,0,735.0
23.392567748311,93.5507843770011,,,0,1879.0
25.37220656689755,92.12804445302086,,,0,1344.0
25.678,94.109,Nagaland,Kohima,1,1435.0
23.54055556,92.71666667,Mizoram,Aizawl,1,908.0
27.34045047288612,93.59303583121245,,,0,2120.0
27.613578303326115,93.78968351806397,,,0,1926.0
27.41610823520371,88.04867039069698,,,0,4144.0
27.85738995865557,93.74894341928004,,,0,1753.0
24.72,93.18,Manipur,Jiribam,1,251.0
26.214972,94.812056,Nagaland,Tuensang,1,1752.0
25.6715,91.095233,Meghalaya,West Khasi Hills,1,989.0
27.51675273071905,92.7603725497887,,,0,1641.0
24.823283,94.322722,Manipur,Kamjong,1,1368.0
24.689139,94.165472,Manipur,Ukhrul,1,885.0
26.151483902565136,92.39231595673144,,,0,61.0
23.53986111,92.70063889,Mizoram,Aizawl,1,843.0
27.102359582869727,95.80848004772828,,,0,1241.0
23.29631174120085,93.45286615889944,,,0,1507.0
27.525829736094863,88.22613675289634,,,0,5475.0
23.624751215396355,92.39244176692306,,,0,347.0
25.72516111,94.03246944,Nagaland,Kohima,1,976.0
28.260612366550934,95.13178122135751,,,0,1668.0
23.631054438543217,93.51512921053558,,,0,1214.0
23.654025,93.287022,Mizoram,Champhai,1,1541.0
26.305833,94.875833,Nagaland,Tuensang,1,1004.0
26.831417,95.077917,Nagaland,Mon,1,279.0
24.802417,93.699175,Manipur,Noney,1,642.0
26.87442059400524,94.87880507756252,,,0,358.0
25.9545,91.546622,Meghalaya,Ri-Bhoi,1,180.0
27.733673045645908,93.809083661788,,,0,1538.0
28.38111739035957,95.8179759954632,,,0,1455.0
26.077806,92.170389,Assam,Kamrup,1,79.0
25.372863985732597,93.77562683009688,,,0,1199.0
23.104166,92.559998,Mizoram,Lunglei,1,233.0
23.300952910017067,92.54443814373477,,,0,804.0
23.727639,92.703083,Mizoram,Aizawl,1,870.0
24.716225,93.32551389,Mizoram,Kolasib,1,116.0
23.785988413676936,93.49809142983636,,,0,1272.0
25.266067,92.204897,Meghalaya,West Jaintia Hills,1,719.0
26.15477778,91.77411111,Assam,Kamrup (Metro),1,105.0
28.013916550568155,94.7979397132062,,,0,1102.0
22.27,93.09,Mizoram,Saiha,1,1149.0
24.644706859054157,93.94862369096388,,,0,777.0
25.5651,94.1390034,Nagaland,Kohima,1,1669.0
23.807034559464945,92.44573090477289,,,0,329.0
25.442543537238517,92.45532729153356,,,0,1076.0
28.213028,95.232528,Arunachal Pradesh,Upper Siang,1,359.0
23.309532187297297,92.9769693134859,,,0,1006.0
26.136258085935346,92.31634846977109,,,0,57.0
24.220596,92.802961,Mizoram,Aizawl,1,677.0
25.857991,94.159346,Nagaland,Kohima,1,1489.0
23.923551369943876,91.4868196606721,,,0,78.0
25.612528,91.870861,Meghalaya,East Khasi Hills,1,1328.0
26.964738463018648,95.63375021757048,,,0,1107.0
25.052833,94.551083,Manipur,Ukhrul,1,1825.0
22.979994,92.726112,Mizoram,Lunglei,1,486.0
25.58713046482136,93.30406357169122,,,0,429.0
28.232472,94.914889,Arunachal Pradesh,West Siang,1,333.0
25.79976703497701,94.5931231880443,,,0,2081.0
25.686433611230143,93.52994252378892,,,0,209.0
24.58496667,93.31397222,Mizoram,Kolasib,1,473.0
23.299073,93.057068,Mizoram,Champhai,1,1271.0
27.813833,94.134333,Arunachal Pradesh,Kamle,1,1389.0
28.114617,95.273722,Arunachal Pradesh,East Siang,1,382.0
25.446611,94.049511,Manipur,Senapati,1,1392.0
24.779709475072742,92.3687051644118,,,0,19.0
25.47390554661172,92.38584076442392,,,0,1244.0
27.165806,93.751167,Arunachal Pradesh,Papum Pare,1,179.0
26.57455,93.11244,Assam,Nagaon,1,117.0
27.65041955724529,93.13977459878848,,,0,1539.0
28.752336861505267,95.98611489059044,,,0,3226.0
24.387686010989267,93.78171137880015,,,0,844.0
28.6464895116264,94.8600897338109,,,0,1438.0
27.466653786045367,88.25037890661845,,,0,4212.0
24.981031,93.654678,Manipur,Noney,1,1095.0
27.36733404475034,92.342366049143,,,0,2691.0
25.62109288116403,91.36951175803482,,,0,1457.0
23.953910070830663,93.47757618350812,,,0,962.0
25.652457133671525,90.92046465189458,,,0,638.0
24.240415,92.941421,Mizoram,Aizawl,1,606.0
26.465110602740545,95.15419130980624,,,0,2138.0
25.118056,93.648556,Manipur,Tamenglong,1,1220.0
25.221224710447903,94.3847123542748,,,0,1967.0
27.132560895930403,92.70543848781124,,,0,546.0
27.160056,88.091806,Sikkim,West Sikkim,1,2177.0
27.769688805536777,93.6641200187756,,,0,1413.0
24.012472,93.047249,Mizoram,Aizawl,1,1238.0
25.245448,93.003937,Assam,Dima Hasao,1,311.0
23.172571502839062,92.42564832239358,,,0,141.0
28.286447,95.920837,Arunachal Pradesh,Lower Dibang Valley,1,2377.0
27.06591378914396,88.51736670112201,,,0,987.0
25.2398165479742,94.6086468513694,,,0,1619.0
27.05978436647124,93.79619932283292,,,0,118.0
23.881728667458585,92.57685497904932,,,0,614.0
26.021083,94.040361,Nagaland,Wokha,1,302.0
24.932631,94.417417,Manipur,Kamjong,1,1305.0
23.914716115976063,92.54337011059506,,,0,240.0
28.685862330098264,95.06589551411528,,,0,1646.0
25.426145148328715,93.62000035700784,,,0,1131.0
25.56771089849806,93.99847562682402,,,0,1866.0
25.92046020203122,91.6612540948118,,,0,500.0
25.015771419471164,91.23287633038588,,,0,10.0
27.418,88.623333,Sikkim,North Sikkim,1,1396.0
26.673639,94.744139,Nagaland,Mokokchung,1,893.0
25.168083,93.024922,Assam,Dima Hasao,1,485.0
22.39,92.64,Mizoram,Lawngtlai,1,100.0
26.31885830718359,93.48162437393763,,,0,383.0
25.550608,91.232894,Meghalaya,West Khasi Hills,1,1331.0
22.532,92.862999,Mizoram,Lawngtlai,1,857.0
27.384444,88.639611,Sikkim,East Sikkim,1,1635.0
28.47606010516277,94.74682237283272,,,0,2007.0
26.07248693745269,93.3486054325941,,,0,418.0
22.61,92.67,Mizoram,Lawngtlai,1,464.0
24.39697398927028,92.61188118226328,,,0,70.0
24.59096449825049,93.54815452885158,,,0,1160.0
24.183115,92.949989,Mizoram,Aizawl,1,460.0
26.0225,94.004444,Nagaland,Wokha,1,720.0
25.046038563056047,92.9045926940222,,,0,341.0
24.702939014286645,93.8362894540336,,,0,771.0
23.172249,93.058052,Mizoram,Serchhip,1,1003.0
27.337957459270108,93.57394727478356,,,0,2130.0
23.735028,92.696028,Mizoram,Aizawl,1,926.0
25.17531121259422,92.29996319998246,,,0,583.0
27.89948050883393,88.74863241998747,,,0,5271.0
28.163691,95.458,Arunachal Pradesh,East Siang,1,431.0
25.746661389093635,92.81871969487972,,,0,86.0
24.326154350865693,94.35120146813792,,,0,195.0
25.181527724381265,94.4108420230062,,,0,1225.0
27.662895417350388,92.7282572971073,,,0,1933.0
27.708117868587003,94.18052443150847,,,0,738.0
24.56703611,93.23536389,Mizoram,Kolasib,1,399.0
23.49083333,92.70555556,Mizoram,Aizawl,1,1007.0
23.884083,93.209908,Mizoram,Champhai,1,1192.0
23.124045888593344,92.31167812043154,,,0,129.0
24.986444,93.494,Manipur,Tamenglong,1,1074.0
27.099436858579036,96.00961764929914,,,0,1325.0
25.324861,91.938389,Meghalaya,East Khasi Hills,1,851.0
25.323556,94.525583,Manipur,Ukhrul,1,1213.0
26.97100239951573,95.97658098928692,,,0,1419.0
25.148747,92.175119,Meghalaya,West Jaintia Hills,1,151.0
24.20083333,92.985,Mizoram,Aizawl,1,244.0
23.852861,93.059998,Mizoram,Aizawl,1,840.0
26.55237243073997,95.2256675934528,,,0,1558.0
24.829333,93.507056,Manipur,Noney,1,365.0
22.65,92.61,Mizoram,Lawngtlai,1,105.0
26.98347588494605,93.76034101171956,,,0,95.0
27.649366991410176,93.05244650288704,,,0,615.0
23.320815,92.854748,Mizoram,Serchhip,1,960.0
27.270667,88.142056,Sikkim,West Sikkim,1,1461.0
23.918850832322747,93.39535395304874,,,0,692.0
27.059377035687348,88.27345529270737,,,0,1677.0
24.925628058717543,93.30490799939624,,,0,146.0
26.005917,94.039667,Nagaland,Wokha,1,489.0
23.61361111,92.80777778,Mizoram,Aizawl,1,549.0
25.513112395129205,93.2734728815278,,,0,380.0
26.389028,94.434556,Nagaland,Mokokchung,1,647.0
26.76084670523352,93.22846353878838,,,0,82.0
22.71980866972078,92.35090795433496,,,0,90.0
24.356023,92.225478,Tripura,North Tripura,1,67.0
24.777306,94.601889,Manipur,Kamjong,1,694.0
27.357473781017077,95.86018973837766,,,0,155.0
26.908492485708184,88.68944978658064,,,0,237.0
25.061287328615634,93.0647904910211,,,0,981.0
22.22,92.95,Mizoram,Saiha,1,1002.0
26.257203847839,93.93594074553098,,,0,115.0
26.666917,95.203583,Nagaland,Mon,1,1080.0
25.48997525355845,92.30736755784768,,,0,1329.0
22.880794755614215,93.03168854397188,,,0,332.0
25.65703365583145,91.76275699218078,,,0,934.0
27.420367776803097,88.45207960637863,,,0,2585.0
25.29899300484011,94.62447122863132,,,0,1711.0
23.55426111,93.110175,Mizoram,Kolasib,1,812.0
22.469,92.876999,Mizoram,Lawngtlai,1,632.0
27.326974693639976,91.9545472088224,,,0,4158.0
25.15473820587899,92.79070154591663,,,0,1510.0
26.32685,93.267639,Assam,Karbi Anglong,1,319.0
27.93883478895812,88.78685889491291,,,0,5396.0
26.000117598832144,93.87016891745054,,,0,144.0
28.33575193745432,96.0972327782191,,,0,945.0
27.328528,93.812528,Arunachal Pradesh,Papum Pare,1,888.0
23.74472222,92.69277778,Mizoram,Aizawl,1,974.0
26.695194,94.636194,Nagaland,Mokokchung,1,160.0
25.02245645865208,93.09733446490635,,,0,398.0
25.30539659603456,94.4457991337894,,,0,1530.0
28.29018991543404,96.34149635819816,,,0,3219.0
26.66849270999259,94.80944828763732,,,0,648.0
24.02800887378795,93.7544778245076,,,0,929.0
25.182861,94.505167,Manipur,Ukhrul,1,1802.0
27.63368622537204,91.67399461353348,,,0,3602.0
26.843929992921957,92.51315982022308,,,0,107.0
25.03314162288191,91.53206158017387,,,0,14.0
26.860687590362254,94.90999972803294,,,0,129.0
25.267553,93.191317,Assam,Dima Hasao,1,503.0
26.931064087622943,95.0555405105878,,,0,112.0
25.913792318360997,92.0554583276676,,,0,749.0
28.022800355370908,95.46297927691832,,,0,146.0
25.560667,91.228028,Meghalaya,West Khasi Hills,1,1307.0
25.6712978,94.1388109,Nagaland,Kohima,1,1267.0
25.840228,94.15148,Nagaland,Kohima,1,1418.0
25.66005024559645,93.50820056933811,,,0,221.0
28.00881121947196,93.5736794627175,,,0,567.0
27.05645860476616,88.18334372108284,,,0,819.0
25.164674269783035,92.78285624407954,,,0,1426.0
26.76602205192656,93.6727384973235,,,0,80.0
24.960402904522912,94.0733120656458,,,0,867.0
23.980749,93.28653,Mizoram,Champhai,1,1427.0
26.844389,95.077667,Nagaland,Mon,1,260.0
25.106472,93.623472,Manipur,Tamenglong,1,1122.0
25.115281417363462,91.85795800362142,,,0,10.0
23.29979705038105,92.99010116666652,,,0,997.0
28.233626382108216,94.65889120189703,,,0,297.0
23.803085,93.159225,Mizoram,Champhai,1,421.0
25.78316276988572,91.76871628976004,,,0,737.0
23.18219706274729,92.41939710532752,,,0,119.0
26.68,94.534661,Nagaland,Mokokchung,1,501.0
22.91873820432185,93.38877815172584,,,0,1023.0
26.596389,94.990833,Nagaland,Mon,1,578.0
23.887251,93.095612,Mizoram,Aizawl,1,637.0
26.19044,91.77502,Assam,Kamrup (Metro),1,109.0
25.627946,91.876487,Meghalaya,East Khasi Hills,1,1164.0
23.810806,93.379028,Mizoram,Champhai,1,1074.0
27.08130556,93.61283333,Arunachal Pradesh,Papum Pare,1,273.0
25.439833,92.181333,Meghalaya,West Jaintia Hills,1,1294.0
27.227528,88.219639,Sikkim,West Sikkim,1,1785.0
25.44753266546748,94.40489816938069,,,0,815.0
23.174341,92.740855,Mizoram,Lunglei,1,786.0
28.31853645713561,96.83021795396375,,,0,3860.0
26.013806,94.530111,Nagaland,Zunheboto,1,1691.0
24.863272,93.574044,Manipur,Noney,1,523.0
25.17453296072602,94.62164364544164,,,0,2479.0
25.645074,94.032741,Nagaland,Kohima,1,1592.0
25.612794,91.173697,Meghalaya,West Khasi Hills,1,1157.0
27.642788589349305,93.79002541680433,,,0,1667.0
25.19509,92.9995,Assam,Dima Hasao,1,469.0
28.160664,95.446755,Arunachal Pradesh,East Siang,1,472.0
27.21387293971473,92.3063449306272,,,0,1891.0
25.11602618951004,92.60012507382876,,,0,814.0
25.423674,91.721317,Meghalaya,East Khasi Hills,1,1693.0
26.434108321082054,91.95058778604508,,,0,59.0
27.1744498807918,92.69085128436572,,,0,415.0
25.92516287494212,91.6547934291745,,,0,528.0
22.89061,92.73033,Mizoram,Lunglei,1,683.0
26.016835114084618,94.73041503721444,,,0,2135.0
24.838167,94.357139,Manipur,Kamjong,1,1546.0
25.40667192482158,90.01216525247462,,,0,86.0
28.1125316252337,95.00001844284326,,,0,599.0
25.727243012236706,92.1902686967067,,,0,788.0
23.64222222,92.855,Mizoram,Aizawl,1,1013.0
27.53533333,88.49797222,Sikkim,North Sikkim,1,911.0
25.127722,94.449417,Manipur,Ukhrul,1,1878.0
25.462403139558948,92.5879903846786,,,0,746.0
25.615134,91.872232,Meghalaya,East Khasi Hills,1,1292.0
27.91164,96.34269,Arunachal Pradesh,Lohit,1,1274.0
26.692572595572223,95.6296389322212,,,0,1238.0
23.73111111,92.70388889,Mizoram,Aizawl,1,873.0
24.12,94.07,Manipur,Chandel,1,1329.0
25.179448343099374,93.44431537694824,,,0,1137.0
26.172552966837497,92.17565110041888,,,0,61.0
23.111824,92.745097,Mizoram,Lunglei,1,835.0
25.67776,94.1390317,Nagaland,Kohima,1,1311.0
24.872153,93.623861,Manipur,Noney,1,591.0
25.23373352400939,92.63781170565288,,,0,1414.0
25.031431,92.463231,Assam,Cachar,1,93.0
23.01197020369364,92.8637814949036,,,0,716.0
25.54,93.74,Nagaland,Peren,1,1273.0
27.300667,92.391833,Arunachal Pradesh,West Kameng,1,1731.0
25.418177116322635,93.6626905396275,,,0,953.0
25.77982778,93.800875,Nagaland,Chumoukedima,1,261.0
26.011389,94.022722,Nagaland,Wokha,1,446.0
28.07302519658841,95.66416680409677,,,0,170.0
27.05409668458855,88.62674948122566,,,0,1675.0
26.329798034228432,92.22730013746936,,,0,57.0
23.07445421400482,93.38900517294007,,,0,1242.0
25.824828,94.397388,Nagaland,Phek,1,1840.0
27.151028,88.309889,Sikkim,West Sikkim,1,1211.0
25.113586,92.370594,Meghalaya,East Jaintia Hills,1,98.0
24.797951,93.214998,Manipur,Tamenglong,1,290.0
27.251777982113516,92.99731781718089,,,0,887.0
28.06464157832597,96.37364448418218,,,0,2854.0
24.74,93.12,Manipur,Jiribam,1,37.0
25.722938257362834,94.98230289003592,,,0,2837.0
27.46602083769242,93.57314991221948,,,0,1170.0
24.917278,93.471167,Manipur,Tamenglong,1,1010.0
25.046778,92.790111,Assam,Dima Hasao,1,110.0
25.711032,91.891803,Meghalaya,East Khasi Hills,1,834.0
25.86575,92.153286,Meghalaya,Ri-Bhoi,1,674.0
25.360004,91.8838,Meghalaya,East Khasi Hills,1,1522.0
26.871229529417604,95.81952663205102,,,0,968.0
25.683,94.038,Nagaland,Kohima,1,1095.0
27.448734396130927,88.22097473713866,,,0,3984.0
28.063,96.49914,Arunachal Pradesh,Anjaw,1,508.0
27.41475991912341,88.21911109250657,,,0,3044.0
27.233194,88.246361,Sikkim,West Sikkim,1,1538.0
25.351377103091423,92.23333547879206,,,0,1249.0
24.32,93.14,Manipur,Pherzawl,1,707.0
27.112694,92.543472,Arunachal Pradesh,West Kameng,1,1359.0
28.258144,95.551252,Arunachal Pradesh,Lower Dibang Valley,1,578.0
23.74190833,92.74161389,Mizoram,Aizawl,1,891.0
28.22328,96.55303,Arunachal Pradesh,Anjaw,1,1515.0
25.85444647044479,91.81891650967162,,,0,828.0
25.18818302400148,94.65783641312662,,,0,1955.0
24.93566105380279,92.36596958311809,,,0,16.0
25.6251,91.9118,Meghalaya,East Khasi Hills,1,1355.0
26.93195683360089,88.33215504171056,,,0,1748.0
27.092699,92.58314,Arunachal Pradesh,West Kameng,1,520.0
25.570222,94.877278,Nagaland,Phek,1,1212.0
22.4,93.13,Mizoram,Saiha,1,1359.0
23.52583333,92.63861111,Mizoram,Aizawl,1,229.0
28.4498594581003,95.02950007742776,,,0,1194.0
27.02635673885323,92.97678424023592,,,0,992.0
27.61049497980732,92.71828533149076,,,0,1882.0
26.132181533106536,91.56234634233336,,,0,48.0
23.368386,93.380632,Mizoram,Champhai,1,837.0
27.11207582530392,93.98043360138736,,,0,89.0
24.66120423184161,93.81134843045729,,,0,771.0
25.472137,94.151037,Nagaland,Kohima,1,1550.0
25.220023,91.631989,Meghalaya,East Khasi Hills,1,435.0
24.264317,94.096472,Manipur,Chandel,1,1338.0
27.60343456431379,88.4858056142076,,,0,3445.0
25.51,93.68,Nagaland,Peren,1,1198.0
27.2779417899931,92.50894795840378,,,0,1517.0
23.918917,92.650833,Mizoram,Mamit,1,158.0
23.397884,93.384281,Mizoram,Champhai,1,1055.0
26.29749741443565,94.6783386257148,,,0,988.0
26.383145996982613,93.6979347696884,,,0,908.0
25.671125,91.178883,Meghalaya,West Khasi Hills,1,1101.0
25.460705395484613,93.85041253115712,,,0,1300.0
25.838644350782143,92.08094105118428,,,0,1064.0
25.65485856843824,91.37845373607236,,,0,1574.0
25.14264,93.03182,Assam,Dima Hasao,1,498.0
26.27647222,94.13175,Nagaland,Wokha,1,480.0
25.324194,94.520278,Manipur,Ukhrul,1,1264.0
26.919768976687063,88.14523825601478,,,0,1858.0
24.29,92.65,Mizoram,Kolasib,1,112.0
22.26321168157997,93.18124273320596,,,0,843.0
25.488310667962097,92.36906033769384,,,0,1230.0
27.688583,94.681,Arunachal Pradesh,West Siang,1,271.0
24.96,92.95,Assam,Cachar,1,140.0
25.74721299081581,95.04457220054826,,,0,3454.0
27.248167,93.765889,Arunachal Pradesh,Papum Pare,1,333.0
25.69066879719553,91.52365437015224,,,0,1132.0
23.615,92.7175,Mizoram,Aizawl,1,898.0
25.89321351506738,92.42282383616828,,,0,586.0
25.095056,94.547722,Manipur,Ukhrul,1,1655.0
23.586582,93.102493,Mizoram,Champhai,1,626.0
28.11457133358224,95.37313390071265,,,0,214.0
27.202433,88.656708,Sikkim,East Sikkim,1,747.0
25.859018512850312,91.78611754906764,,,0,832.0
22.31,92.63,Mizoram,Lawngtlai,1,121.0
27.107417,88.363139,Sikkim,South Sikkim,1,488.0
25.80882059100226,95.0411205858981,,,0,2716.0
24.01,93.98,Manipur,Chandel,1,1175.0
23.210028,92.522781,Mizoram,Lunglei,1,799.0
24.77334070265064,93.97380393589668,,,0,781.0
25.22092169397221,94.44052763020817,,,0,1810.0
23.431075128996227,92.54724438370368,,,0,392.0
28.459400263221923,95.97991736626072,,,0,3038.0
23.54722222,92.70361111,Mizoram,Aizawl,1,898.0
26.262140323935068,92.48901408143836,,,0,62.0
27.3746234720533,93.76712793148268,,,0,709.0
24.918331090631156,93.29384720971188,,,0,182.0
23.201759,92.734328,Mizoram,Lunglei,1,763.0
28.644794870109017,94.6577993175662,,,0,784.0
25.98194291716077,94.89733912331089,,,0,1454.0
27.23166667,88.5025,Sikkim,East Sikkim,1,390.0
28.608016,95.854035,Arunachal Pradesh,Dibang Valley,1,815.0
26.907054553778963,95.11400668899424,,,0,190.0
25.15227863035413,94.63138146999412,,,0,2329.0
26.105667,92.441,Assam,Nagaon,1,275.0
23.262222,93.337667,Mizoram,Champhai,1,1351.0
23.237356,92.744978,Mizoram,Serchhip,1,774.0
28.868037,95.983398,Arunachal Pradesh,Dibang Valley,1,1548.0
27.149722,88.348333,Sikkim,South Sikkim,1,1408.0
27.908413570925216,93.71415782643572,,,0,1793.0
27.61936111,88.66131389,Sikkim,North Sikkim,1,1848.0
24.795892,93.045425,Assam,Cachar,1,125.0
26.114833,94.399222,Nagaland,Zunheboto,1,493.0
26.869258627714967,92.70658226059744,,,0,93.0
24.14,92.41,Mizoram,Mamit,1,318.0
25.547867,91.292589,Meghalaya,West Khasi Hills,1,1485.0
24.923885839910717,93.25880350504558,,,0,193.0
25.40586111,93.11097222,Assam,Dima Hasao (N.C. Hills),1,252.0
26.9693,92.634,Assam,Sonitpur,1,140.0
27.1185805267654,92.96435084093892,,,0,872.0
24.875339684275158,93.37582421488592,,,0,251.0
24.655226,94.292756,Manipur,Kamjong,1,1129.0
22.998546372806747,93.1956611496592,,,0,1168.0
26.178472,94.41275,Nagaland,Zunheboto,1,958.0
23.02591613321412,92.52086500309854,,,0,238.0
26.41931,94.97369,Nagaland,Mon,1,686.0
26.619013684927555,93.2785290631041,,,0,77.0
26.111389,94.119028,Nagaland,Wokha,1,669.0
23.269016607441248,93.00102111493123,,,0,826.0
28.492374656746147,95.36976698798468,,,0,2908.0
27.038998467442426,88.39181929401215,,,0,1419.0
25.720225689470464,95.0514793681532,,,0,2492.0
24.07789705460205,92.71406810284476,,,0,285.0
25.771028,94.076167,Nagaland,Kohima,1,1309.0
23.310074,92.858498,Mizoram,Serchhip,1,999.0
25.084771062362066,93.15671480592566,,,0,1044.0
25.841667,94.436472,Nagaland,Zunheboto,1,1747.0
24.073902154533197,93.6748747012362,,,0,1302.0
25.316519,92.692,Meghalaya,East Jaintia Hills,1,938.0
28.264888,95.550575,Arunachal Pradesh,Lower Dibang Valley,1,442.0
26.4463824087558,94.19440309068516,,,0,161.0
22.24,92.68,Mizoram,Lawngtlai,1,199.0
28.025244202467437,93.44252992724252,,,0,984.0
27.45752045327613,88.12046561820254,,,0,3636.0
25.590458,93.851498,Nagaland,Peren,1,1733.0
22.914071709416778,92.35215903982196,,,0,57.0
23.888081,93.026642,Mizoram,Aizawl,1,958.0
27.10708685936748,95.38658080888354,,,0,236.0
25.5667327,91.9146185,Meghalaya,East Khasi Hills,1,1537.0
25.116556,93.645944,Manipur,Tamenglong,1,1228.0
25.99557305446439,92.9269454618862,,,0,77.0
25.749,94.078,Nagaland,Kohima,1,1231.0
27.57739592632387,93.966960587342,,,0,2511.0
28.440082,94.66913,Arunachal Pradesh,West Siang,1,463.0
25.10988889,92.89316667,Assam,Dima Hasao (N.C. Hills),1,282.0
23.20549,92.543278,Mizoram,Lunglei,1,651.0
23.751694,92.731528,Mizoram,Aizawl,1,946.0
28.535474,94.597063,Arunachal Pradesh,West Siang,1,927.0
24.58397577107303,93.80270337142116,,,0,768.0
25.635164341099287,92.26589452472032,,,0,1021.0
27.02030390811155,88.143390812052,,,0,1471.0
24.985167,93.508306,Manipur,Tamenglong,1,1238.0
25.68650217397568,92.56106957847446,,,0,593.0
26.111540872527343,92.51634293390222,,,0,74.0
25.04435733413585,90.48170264466272,,,0,13.0
23.87498174102197,91.95054365875666,,,0,359.0
22.93097849100466,93.34244686262107,,,0,1353.0
24.471690867093397,94.37882402612549,,,0,371.0
26.539694624055308,94.20278459656616,,,0,109.0
27.022836413953264,88.49616159940489,,,0,759.0
25.621,94.335,Nagaland,Phek,1,1806.0
25.655,94.234,Nagaland,Phek,1,1216.0
25.07849444,94.23608333,Manipur,Ukhrul,1,1591.0
27.01651696603421,95.07715548173424,,,0,107.0
25.98141094869488,94.91955503750869,,,0,1272.0
28.348082876309444,95.660215795848,,,0,1929.0
27.153826,95.77545,Arunachal Pradesh,Changlang,1,400.0
26.728556,95.032306,Nagaland,Mon,1,682.0
25.045651432838778,91.42596654931484,,,0,9.0
25.22548,93.023783,Assam,Dima Hasao,1,606.0
25.173056,94.136261,Manipur,Senapati,1,1241.0
27.260444,93.7895,Arunachal Pradesh,Papum Pare,1,365.0
25.10027532171688,93.47252418417646,,,0,252.0
22.520424176167637,93.26743782860696,,,0,849.0
27.525522588903385,96.15013602984295,,,0,233.0
26.86707919580597,95.13978542206742,,,0,389.0
26.21242936185991,92.251304204021,,,0,189.0
25.580586319526585,90.10136007066708,,,0,328.0
25.85985995478449,93.79179619326815,,,0,162.0
27.28955556,88.37748333,Sikkim,South Sikkim,1,1496.0
25.447528,93.364417,Assam,Dima Hasao,1,387.0
25.485650234786934,93.81609246913028,,,0,686.0
28.760937,95.865649,Arunachal Pradesh,Dibang Valley,1,1298.0
25.41955556,92.16194444,Meghalaya,West Jaintia Hills,1,1393.0
24.52,93.8,Manipur,Bishnupur,1,774.0
23.395474,93.370459,Mizoram,Champhai,1,1192.0
23.783956,92.553695,Mizoram,Mamit,1,645.0
23.330488163951497,92.55893561226829,,,0,359.0
25.73683333,94.00586111,Nagaland,Kohima,1,963.0
24.964150924787727,93.2553311130092,,,0,99.0
28.123517531747257,95.39667398866516,,,0,224.0
25.018193942854342,91.4027816815297,,,0,10.0
27.255861,88.156139,Sikkim,West Sikkim,1,1535.0
23.705705,93.19007,Mizoram,Champhai,1,1104.0
23.719972,92.697694,Mizoram,Aizawl,1,961.0
26.094083,95.043389,Nagaland,Noklak,1,1742.0
25.04547473988388,93.7329816050282,,,0,1552.0
27.08078568468913,88.53100767750371,,,0,1093.0
25.644,94.107,Nagaland,Kohima,1,1596.0
26.01476067387143,94.7450462464002,,,0,1689.0
25.206426,91.75498,Meghalaya,East Khasi Hills,1,478.0
26.52608277788628,95.17127444131576,,,0,1425.0
23.081023,92.897247,Mizoram,Hnahthial,1,749.0
26.80311368335963,94.51888045821278,,,0,103.0
25.56551560389036,94.96020532671996,,,0,1387.0
24.62604722,93.22583889,Mizoram,Kolasib,1,128.0
24.852222,94.369333,Manipur,Kamjong,1,1452.0
24.827778,93.479167,Manipur,Noney,1,446.0
26.216778,95.006139,Nagaland,Tuensang,1,1596.0
24.22472222,92.9775,Mizoram,Aizawl,1,663.0
25.259722,94.03715,Manipur,Senapati,1,1464.0
25.639435164312054,92.59534308897835,,,0,835.0
25.287306,94.539833,Manipur,Ukhrul,1,1439.0
25.69742692638328,94.8934862574229,,,0,1710.0
24.691944,94.250333,Manipur,Kamjong,1,1483.0
22.852823,92.815781,Mizoram,Lunglei,1,1151.0
22.03691935782925,92.9088915323121,,,0,118.0
23.682611,92.602028,Mizoram,Mamit,1,1082.0
24.68357208740003,93.97317664683388,,,0,837.0
23.47471283531572,93.60840976897305,,,0,987.0
23.448368,92.899862,Mizoram,Serchhip,1,790.0
26.510833,94.836944,Nagaland,Longleng,1,1134.0
25.87589617666868,92.2988399109196,,,0,660.0
25.591228,93.851831,Nagaland,Peren,1,1738.0
26.91277746036958,88.24387747296042,,,0,1051.0
25.230153303258216,92.85598561356252,,,0,776.0
26.94573457300092,93.5925634721618,,,0,100.0
27.289976542410283,95.7302451647817,,,0,149.0
25.40167071680989,90.12596260529736,,,0,176.0
22.429161547338047,93.19746356798689,,,0,686.0
26.272361,94.58425,Nagaland,Tuensang,1,947.0
24.85363446694237,93.00278727286718,,,0,33.0
26.834,95.079806,Nagaland,Mon,1,294.0
26.63175809375197,94.91913086770728,,,0,587.0
23.92794310089838,92.51740202903572,,,0,117.0
23.439142,93.222581,Mizoram,Champhai,1,1595.0
27.188151,93.78308,Arunachal Pradesh,Papum Pare,1,180.0
28.267726,95.551477,Arunachal Pradesh,Lower Dibang Valley,1,465.0
23.751528,91.604533,Mizoram,Lunglei,1,88.0
25.30740232642807,92.29449102262632,,,0,1079.0
24.983773894710225,93.24700904151682,,,0,131.0
25.468035254602647,94.3461141119916,,,0,1444.0
24.11,93.58,Manipur,Churachandpur,1,846.0
26.78545192240456,92.6806596756033,,,0,95.0
24.434833360844294,93.4959705680619,,,0,1071.0
23.716125,92.866156,Mizoram,Aizawl,1,704.0
26.19552778,91.78055556,Assam,Kamrup (Metro),1,165.0
23.405305,92.851014,Mizoram,Serchhip,1,915.0
27.190067,88.596483,Sikkim,East Sikkim,1,458.0
25.391254923043828,93.87603530980104,,,0,2203.0
23.37083333,92.77333333,Mizoram,Aizawl,1,1380.0
27.94402745105499,96.47799953461492,,,0,1704.0
25.402472,93.390444,Assam,Dima Hasao,1,462.0
25.61737847077586,90.85495782909167,,,0,609.0
26.95646157381365,88.41455416217367,,,0,457.0
25.756583,94.363694,Nagaland,Phek,1,1699.0
23.6088,92.80972222,Mizoram,Aizawl,1,510.0
24.386419050382973,94.50708490034492,,,0,249.0
25.109569977528803,93.52820947568436,,,0,1783.0
25.029924572838212,93.73712005465356,,,0,1188.0
26.523290708082204,94.4851543960046,,,0,670.0
22.87056,92.822105,Mizoram,Lunglei,1,954.0
22.016416405857036,92.99743792796764,,,0,997.0
23.414113,93.136272,Mizoram,Champhai,1,864.0
23.297759,92.856169,Mizoram,Serchhip,1,980.0
26.55805866335569,95.15403906238085,,,0,1736.0
26.48581624509465,94.18325351597444,,,0,102.0
27.144614293375493,88.6399894157536,,,0,976.0
24.604772416054203,92.3864919189485,,,0,51.0
27.664972,94.693861,Arunachal Pradesh,West Siang,1,209.0
25.537344,91.207542,Meghalaya,West Khasi Hills,1,1333.0
25.423839,91.862729,Meghalaya,East Khasi Hills,1,1749.0
25.18,93.3,Assam,Dima Hasao,1,880.0
23.75513035269234,93.24945367963704,,,0,1275.0
28.02460408911285,94.93841067407838,,,0,978.0
22.6334490541995,93.02866180804143,,,0,1714.0
24.003417,91.45425,Tripura,West Tripura,1,66.0
22.845263,92.674942,Mizoram,Lunglei,1,371.0
23.300837,92.855693,Mizoram,Serchhip,1,937.0
28.402715371024723,95.59507332329362,,,0,1534.0
23.86,92.37,Mizoram,Mamit,1,540.0
28.786868,95.908637,Arunachal Pradesh,Dibang Valley,1,1316.0
26.907820828367356,95.24823834559552,,,0,826.0
26.423137,94.382261,Nagaland,Mokokchung,1,526.0
26.022082126970123,94.76039554622685,,,0,1328.0
23.927389,93.02803,Mizoram,Aizawl,1,1071.0
28.70509022859073,94.81340830270216,,,0,1142.0
25.712,93.949,Nagaland,Kohima,1,1243.0
22.45518629731565,92.4688861672507,,,0,237.0
24.958261,94.473862,Manipur,Kamjong,1,1869.0
26.936568266812785,88.71295263854043,,,0,282.0
28.28547972289501,95.67358058341632,,,0,335.0
25.064833,94.643917,Manipur,Ukhrul,1,1448.0
28.71717933482349,95.71233449316333,,,0,2650.0
23.040051,92.773327,Mizoram,Lunglei,1,1087.0
25.872444,94.950069,Nagaland,Kiphire,1,1825.0
26.255326015707777,93.9806503942058,,,0,112.0
27.821278,94.730278,Arunachal Pradesh,West Siang,1,640.0
26.974964874814617,88.32202001028529,,,0,2000.0
22.34,93.04,Mizoram,Saiha,1,1159.0
25.578206,92.266856,Meghalaya,West Jaintia hills,1,1250.0
23.84461,93.190277,Mizoram,Champhai,1,762.0
25.344389,94.199722,Manipur,Senapati,1,1759.0
25.108,93.003,Assam,Dima Hasao,1,538.0
24.892071541986105,92.8831421420121,,,0,23.0
24.12213302300072,92.7188476914322,,,0,182.0
27.816662542101124,88.55543897732598,,,0,3598.0
27.170082963417663,92.95608667551498,,,0,1340.0
25.450956711896843,94.64909149746477,,,0,1680.0
23.777555,93.112473,Mizoram,Champhai,1,1261.0
25.74885343642294,91.8123996239204,,,0,765.0
25.64887222,91.89692778,Meghalaya,East Khasi Hills,1,1083.0
23.793417,93.387474,Mizoram,Champhai,1,1162.0
24.00373741547135,92.4557577209376,,,0,100.0
25.902280194829075,92.38425068960652,,,0,637.0
27.29078061625927,92.92793799420974,,,0,364.0
23.383429951816563,92.52953539403494,,,0,730.0
25.64911111,91.899,Meghalaya,East Khasi Hills,1,1091.0
28.44756292610821,95.37351384982034,,,0,1629.0
28.2895677852586,95.05819954504756,,,0,1052.0
25.64987039256053,91.24387120717518,,,0,1614.0
25.93489960202173,94.9244856699272,,,0,1097.0
25.995915929857038,92.6528587275013,,,0,67.0
27.52000052602062,91.95655715160947,,,0,3425.0
23.242828,92.798134,Mizoram,Serchhip,1,907.0
25.070386895350968,93.19652588156345,,,0,269.0
25.916838479905948,90.79832936042816,,,0,154.0
23.305600390341247,92.57859853658957,,,0,348.0
23.492759946322447,93.4267262683039,,,0,1035.0
25.204495188084916,92.457389892379,,,0,517.0
27.246111,93.804667,Arunachal Pradesh,Papum Pare,1,270.0
28.04912713492437,95.62687852797876,,,0,173.0
26.086975,91.7831,Meghalaya,Ri-Bhoi,1,88.0
25.230063,91.688941,Meghalaya,East Khasi Hills,1,591.0
23.792749,93.116943,Mizoram,Champhai,1,1285.0
22.874456,92.901688,Mizoram,Lunglei,1,663.0
23.504006,92.699247,Mizoram,Aizawl,1,868.0
22.519716,92.891037,Mizoram,Lawngtlai,1,888.0
25.1345,93.666417,Manipur,Tamenglong,1,1163.0
28.436504139804253,94.78244076165748,,,0,1873.0
25.163167,93.735556,Manipur,Tamenglong,1,745.0
24.15559259810611,94.2653969278585,,,0,206.0
23.10172778,93.20231944,Mizoram,Aizawl,1,1175.0
26.78825,95.068361,Nagaland,Mon,1,825.0
24.94594681792132,91.54283606492643,,,0,11.0
23.281219,92.869608,Mizoram,Serchhip,1,1046.0
24.983722,94.158306,Manipur,Ukhrul,1,1118.0
23.22082571015841,92.30934399851242,,,0,134.0
23.73386111,92.69491667,Mizoram,Aizawl,1,899.0
24.51,92.75,Assam,Hailakandi,1,144.0
25.441019860628536,93.07514183859196,,,0,260.0
23.79125,93.384583,Mizoram,Champhai,1,1270.0
26.191463,94.549524,Nagaland,Zunheboto,1,1529.0
28.142551,95.287886,Arunachal Pradesh,East Siang,1,180.0
25.11907723409545,92.59532979970533,,,0,573.0
25.252898702459152,92.67952409288516,,,0,1367.0
25.660644630216336,91.4976810526428,,,0,1059.0
22.86428,92.71097,Mizoram,Lunglei,1,626.0
25.69927509688804,92.74362216208137,,,0,345.0
27.227384381418023,88.90025953025028,,,0,2175.0
28.04296635746637,94.3882777258584,,,0,1435.0
28.378092737762103,94.83549224449024,,,0,1092.0
24.950278,93.481917,Manipur,Tamenglong,1,894.0
24.621488022556623,94.01832465171768,,,0,779.0
26.50508598610002,93.02282521594564,,,0,260.0
25.905433,94.097386,Nagaland,Wokha,1,661.0
28.022667,94.574294,Arunachal Pradesh,Lepa rada,1,550.0
26.82027528670385,94.8922803807672,,,0,203.0
25.96094,92.60122,Assam,West Karbi Anglong,1,138.0
27.16,93.739167,Arunachal Pradesh,Papum Pare,1,216.0
24.80863889,93.73572222,Manipur,Noney,1,1205.0
26.307972,93.275722,Assam,Karbi Anglong,1,435.0
25.165111529454936,91.29294963181088,,,0,12.0
24.714559582719005,94.5388175158814,,,0,414.0
25.713284301783297,94.89732582281462,,,0,1098.0
23.387194,93.147806,Mizoram,Champhai,1,1151.0
25.142184533088383,92.54827148987955,,,0,664.0
27.81975,93.945556,Arunachal Pradesh,Upper Subansiri,1,664.0
25.54948611,91.91179722,Meghalaya,East Khasi Hills,1,1638.0
25.027557866826506,92.66014772213806,,,0,221.0
27.703222,94.67275,Arunachal Pradesh,West Siang,1,266.0
25.110667,93.62275,Manipur,Tamenglong,1,1142.0
23.019981,92.920921,Mizoram,Lunglei,1,792.0
28.141514,95.289198,Arunachal Pradesh,East Siang,1,182.0
24.376545136467406,93.448641828014,,,0,1533.0
25.420278,93.371306,Assam,Dima Hasao,1,406.0
25.700944,94.775361,Nagaland,Phek,1,1366.0
25.44771893896368,92.61088188707704,,,0,813.0
25.880069,94.628103,Nagaland,Kiphire,1,1913.0
24.31,92.71,Mizoram,Kolasib,1,340.0
25.157800762846744,93.42218385039752,,,0,565.0
24.452289279651943,93.6758390509063,,,0,1313.0
27.83453670983567,93.69450650824004,,,0,1923.0
27.741435181162437,96.408313233469,,,0,1066.0
25.254327893355924,92.93234265329072,,,0,710.0
28.275421351909543,96.3197598670663,,,0,2980.0
25.041338740968563,93.83713146187108,,,0,1753.0
27.794333,94.73075,Arunachal Pradesh,West Siang,1,797.0
25.93622790552056,93.95171038275464,,,0,169.0
27.1794817825178,88.78865900960191,,,0,2783.0
25.30202569507744,92.92913263788166,,,0,652.0
23.206239,92.491221,Mizoram,Lunglei,1,645.0
26.84425,95.080278,Nagaland,Mon,1,270.0
27.437033442733597,93.71019745366765,,,0,643.0
25.23246241256952,90.86614937019468,,,0,388.0
25.593333,94.855194,Nagaland,Phek,1,1207.0
26.189323507053142,91.491957324643,,,0,49.0
23.221762,92.975006,Mizoram,Serchhip,1,979.0
23.82325,92.925222,Mizoram,Aizawl,1,1128.0
25.860611,94.0555,Nagaland,Kohima,1,922.0
25.504083,91.723028,Meghalaya,East Khasi Hills,1,1747.0
24.025676,92.914807,Mizoram,Aizawl,1,1042.0
23.323873035666114,93.42024018564828,,,0,1227.0
26.07545775708695,93.77168809149492,,,0,133.0
25.469272268902973,93.05206262593602,,,0,214.0
25.563,94.165,Nagaland,Kohima,1,1296.0
24.36911111,92.72822222,Mizoram,Kolasib,1,243.0
27.246203343822074,96.2121735117568,,,0,1108.0
26.966106793340863,88.3037377447047,,,0,2226.0
23.30287949860155,92.52415239169018,,,0,654.0
25.969859993526374,91.38271122026708,,,0,51.0
28.094359,96.453058,Arunachal Pradesh,Anjaw,1,1117.0
23.127505,92.740257,Mizoram,Lunglei,1,834.0
25.261117,92.385231,Meghalaya,East Jaintia Hills,1,843.0
24.966617555682536,93.3576170654276,,,0,285.0
22.815697,92.802696,Mizoram,Lunglei,1,957.0
22.3,92.59,Mizoram,Lawngtlai,1,116.0
25.10435965895569,92.6625338553836,,,0,1055.0
25.510393297287244,94.02580968542895,,,0,2532.0
25.35093,92.51236,Meghalaya,East Jaintia Hills,1,1177.0
26.161955,94.594693,Nagaland,Zunheboto,1,1806.0
23.740306,92.965389,Mizoram,Aizawl,1,815.0
25.15638889,93.01838889,Assam,Dima Hasao,1,614.0
28.5211055633312,95.77695606450376,,,0,883.0
24.95600319361145,92.09464906647987,,,0,10.0
25.587778,94.858722,Nagaland,Phek,1,1269.0
25.706162743483294,93.43808970750808,,,0,280.0
27.463069124357908,88.6684199150353,,,0,2509.0
23.404207,93.318763,Mizoram,Champhai,1,1171.0
23.41421944,93.10569167,Mizoram,Kolasib,1,1023.0
25.853910528815184,93.89457272182489,,,0,211.0
27.46275532632562,88.07783412830837,,,0,4032.0
28.84845165854392,94.96896639068348,,,0,1957.0
27.909337644042413,94.42318676407464,,,0,719.0
24.047916,93.056946,Mizoram,Aizawl,1,1229.0
27.481619063899853,92.4222965081806,,,0,2148.0
24.083691464797436,92.98378401891966,,,0,528.0
23.33395237265104,93.19594061840444,,,0,928.0
25.292542958864896,94.40091659912964,,,0,1559.0
25.769517660132344,92.92109674016518,,,0,82.0
27.377953734258647,95.5790466619673,,,0,166.0
25.1414630902434,94.5976742238983,,,0,2402.0
27.37022151428725,92.7160003021702,,,0,1624.0
24.798618025045645,93.13610932028568,,,0,35.0
24.49612737596449,94.06882143237218,,,0,1004.0
25.063167,94.614389,Manipur,Ukhrul,1,1001.0
25.459665506250385,90.05413753646928,,,0,121.0
28.218539,95.794022,Arunachal Pradesh,Lower Dibang Valley,1,1101.0
25.424318092712085,94.922917092462,,,0,516.0
25.51571666533152,94.07749522405808,,,0,2126.0
24.280472,94.073833,Manipur,Chandel,1,1419.0
26.81732720378729,95.14159534029233,,,0,538.0
28.3105,95.197472,Arunachal Pradesh,Upper Siang,1,657.0
22.90442,92.72281,Mizoram,Lunglei,1,752.0
25.18919,93.02118,Assam,Dima Hasao,1,481.0
23.65138889,92.72694444,Mizoram,Aizawl,1,789.0
28.223325830928022,96.28481495363968,,,0,3331.0
25.222030762719957,93.45101848285393,,,0,1078.0
25.699556,94.775583,Nagaland,Phek,1,1419.0
23.60294169449669,92.33438560039336,,,0,263.0
26.32680528314769,92.4830358238535,,,0,60.0
27.264361,88.558389,Sikkim,East Sikkim,1,636.0
23.306444,93.311639,Mizoram,Champhai,1,1500.0
27.00874879614903,88.31527310373926,,,0,1593.0
24.897722,94.328472,Manipur,Kamjong,1,1348.0
27.064707724931253,88.76650379601635,,,0,2124.0
23.812139,92.954167,Mizoram,Aizawl,1,1335.0
23.603199429278995,92.3197512645832,,,0,117.0
25.310863336628906,94.43066267810428,,,0,1224.0
24.0865248051306,93.20375802772718,,,0,911.0
28.242782,95.922731,Arunachal Pradesh,Lower Dibang Valley,1,2656.0
23.76459425493713,92.92143665845076,,,0,658.0
25.180889,94.504611,Manipur,Ukhrul,1,1780.0
27.587611,91.894167,Arunachal Pradesh,Tawang,1,2383.0
28.09427563673604,96.26456343965071,,,0,1127.0
23.88,92.69,Mizoram,Aizawl,1,609.0
24.72192,92.90381,Assam,Cachar,1,39.0
24.72074444,93.30899167,Mizoram,Kolasib,1,372.0
24.10636270245739,94.32198033345102,,,0,154.0
24.99653838758236,93.3512749699336,,,0,160.0
25.012041420666613,91.6053104734275,,,0,15.0
27.203869,88.658333,Sikkim,East Sikkim,1,729.0
26.651389,95.12525,Nagaland,Mon,1,897.0
27.30168693830596,95.65606579959166,,,0,141.0
24.35,92.82,Mizoram,Kolasib,1,485.0
28.266889,95.21425,Arunachal Pradesh,Upper Siang,1,550.0
27.208083,93.133472,Arunachal Pradesh,Pakke Kessang,1,1151.0
27.21151780289838,93.87426425419171,,,0,183.0
25.563472,92.329689,Meghalaya,East Jaintia Hills,1,1032.0
24.89314452610853,93.38097772039444,,,0,201.0
26.10325,95.060361,Nagaland,Noklak,1,2025.0
26.17027,91.698,Assam,Kamrup,1,138.0
25.606969,91.176158,Meghalaya,West Khasi Hills,1,1131.0
28.135328579467632,95.51158060468858,,,0,236.0
23.604431,93.204251,Mizoram,Champhai,1,1040.0
25.038753,94.152236,Manipur,Senapati,1,873.0
22.656334,92.874725,Mizoram,Lunglei,1,905.0
27.262056,88.4305,Sikkim,South Sikkim,1,637.0
27.39905303706101,91.8684182507937,,,0,2597.0
24.85325,93.2449,Manipur,Tamenglong,1,369.0
28.12728006903182,93.25640586427356,,,0,950.0
26.93341650449341,95.0978712774503,,,0,127.0
23.657,93.028012,Mizoram,Aizawl,1,497.0
27.321069674139935,93.96669444729504,,,0,209.0
28.830097,94.874715,Arunachal Pradesh,Upper Siang,1,513.0
28.570209243254315,95.25948163111184,,,0,1015.0
23.188273,92.898879,Mizoram,Serchhip,1,827.0
25.85973,94.425459,Nagaland,Zunheboto,1,1776.0
27.599265644764085,93.75813357637028,,,0,2125.0
24.03503889,93.54139444,Mizoram,Aizawl,1,1012.0
27.234139,93.707861,Arunachal Pradesh,Papum Pare,1,441.0
24.267194,94.111889,Manipur,Chandel,1,1203.0
22.78022033558629,92.46525797445318,,,0,62.0
23.205305,92.585861,Mizoram,Lunglei,1,499.0
27.135640640489207,96.0941886039455,,,0,1121.0
23.186501,92.735632,Mizoram,Lunglei,1,838.0
28.347856111672996,95.33718797068548,,,0,1640.0
28.23649096119036,95.09203982172782,,,0,1281.0
23.9981457217802,93.45909289592996,,,0,1007.0
25.614,94.493,Nagaland,Phek,1,824.0
23.30546337231036,92.57857755769196,,,0,348.0
26.05065876427216,91.50933837143076,,,0,55.0
25.02600510723984,93.10902167899457,,,0,511.0
26.185479,94.577522,Nagaland,Zunheboto,1,1752.0
27.86162917892428,95.24880994180458,,,0,133.0
27.12911529381884,88.0336948193742,,,0,2778.0
25.39506273711348,90.90329898473496,,,0,371.0
26.3754193726624,94.20366023439584,,,0,459.0
23.034201271665196,92.47233910276717,,,0,119.0
24.142722,92.273583,Tripura,North Tripura,1,315.0
25.093167,94.516611,Manipur,Ukhrul,1,1527.0
22.51,92.886002,Mizoram,Lawngtlai,1,714.0
24.72,93.13,Manipur,Jiribam,1,55.0
24.65409167,93.204625,Mizoram,Kolasib,1,134.0
24.60921944,93.30050278,Mizoram,Kolasib,1,720.0
23.47803,92.861256,Mizoram,Serchhip,1,1027.0
25.09625373816839,91.38126595657565,,,0,11.0
25.686694169244976,92.32385778815228,,,0,975.0
28.09773953887774,95.76589227495342,,,0,205.0
28.901687835654705,94.69484213047616,,,0,2625.0
27.125861,88.14275,Sikkim,West Sikkim,1,1528.0
23.43424977304395,92.43667103539008,,,0,510.0
24.84,93.9,Manipur,West Imphal,1,934.0
22.30097979963359,92.89822231662244,,,0,708.0
24.698690481944546,93.38532191755614,,,0,640.0
27.157806,88.230306,Sikkim,West Sikkim,1,1494.0
27.64357030111995,94.91014730979896,,,0,108.0
25.198756,94.136078,Manipur,Senapati,1,1301.0
23.43388889,92.76111111,Mizoram,Aizawl,1,1534.0
24.59323933839694,93.88015397778427,,,0,770.0
25.029333,93.586167,Manipur,Tamenglong,1,818.0
27.015383493617623,88.58638762757164,,,0,1126.0
25.756444,94.245333,Nagaland,Kohima,1,776.0
23.96084552477249,92.4460577815579,,,0,182.0
25.63371134702623,92.70887012696843,,,0,606.0
23.636036981939856,93.40287972791252,,,0,1268.0
25.037203,92.450339,Assam,Cachar,1,211.0
25.802601440261288,92.2819594228191,,,0,961.0
26.24876801742431,91.54911242659558,,,0,49.0
23.75861111,92.73261111,Mizoram,Aizawl,1,1169.0
25.438130695104785,93.83784763216534,,,0,938.0
28.143447021584656,96.7199000387634,,,0,2787.0
23.97411111,92.71730556,Mizoram,Kolasib,1,540.0
23.016111,92.764168,Mizoram,Lunglei,1,917.0
25.073257867634755,93.1067497062424,,,0,886.0
26.604076284428228,95.1849589464983,,,0,1543.0
27.281444,88.187833,Sikkim,West Sikkim,1,1746.0
26.355321913943875,95.19496237850906,,,0,1149.0
25.063378,92.795536,Assam,Dima Hasao,1,283.0
23.261944,93.295194,Mizoram,Champhai,1,1353.0
27.211203620355374,93.2218366731092,,,0,2232.0
24.916444,93.481556,Manipur,Tamenglong,1,1021.0
24.48458889,93.58781944,Mizoram,Aizawl,1,817.0
23.59444444,92.82861111,Mizoram,Aizawl,1,615.0
26.73704249988456,94.52358481003158,,,0,165.0
22.860407,92.705795,Mizoram,Lunglei,1,479.0
23.415775005664745,92.5200563856842,,,0,660.0
25.628980070768637,89.81875722396734,,,0,27.0
25.05246694656052,93.73812160780416,,,0,1752.0
24.660825,93.632156,Manipur,Noney,1,536.0
26.100597901603983,93.88550068517586,,,0,127.0
24.019306,93.181274,Mizoram,Aizawl,1,1058.0
25.572,94.25,Nagaland,Kohima,1,1794.0
25.19355489940947,90.97086036930706,,,0,20.0
27.228061,93.797954,Arunachal Pradesh,Papum Pare,1,361.0
28.531798392792847,94.92330705874733,,,0,1581.0
23.721167,92.675056,Mizoram,Aizawl,1,561.0
25.95608333,91.86413889,Meghalaya,Ri-Bhoi,1,409.0
25.696,94.461,Nagaland,Phek,1,1527.0
27.94138133792644,94.58315992036152,,,0,698.0
28.36329351796785,95.1654470041132,,,0,1540.0
24.32,92.51,Assam,Hailakandi,1,81.0
23.79791211169836,93.50139191591316,,,0,1389.0
23.337519,93.076258,Mizoram,Champhai,1,1122.0
24.940333,94.202556,Manipur,Ukhrul,1,1018.0
25.346878588451133,91.15092768402808,,,0,688.0
24.03359156529294,92.53749566401788,,,0,49.0
27.144167,88.311083,Sikkim,West Sikkim,1,1160.0
25.795875,93.99373611,Nagaland,Kohima,1,502.0
24.131698609156512,93.81135335826949,,,0,1219.0
25.574,94.332,Nagaland,Phek,1,1756.0
25.269014,94.046367,Manipur,Senapati,1,1321.0
27.351194,88.272417,Sikkim,South Sikkim,1,1520.0
25.014788951453628,93.77760698617448,,,0,1723.0
24.777333,94.602278,Manipur,Kamjong,1,697.0
27.90664,96.35964,Arunachal Pradesh,Lohit,1,1047.0
23.449083,93.206222,Mizoram,Champhai,1,1338.0
23.456101,92.859084,Mizoram,Serchhip,1,1025.0
28.042979266939888,95.72831818648709,,,0,169.0
25.89062641341772,95.04764976442311,,,0,2013.0
26.0052,93.9927,Nagaland,Wokha,1,585.0
25.571,93.871,Nagaland,Peren,1,1475.0
23.563724061307692,92.9388879171417,,,0,1437.0
24.62073756598773,94.24005480679324,,,0,997.0
25.222221,91.742134,Meghalaya,East Khasi Hills,1,989.0
24.641194,93.594472,Manipur,Noney,1,1105.0
23.73222222,92.76555556,Mizoram,Aizawl,1,892.0
24.340028,93.977472,Manipur,Chandel,1,938.0
22.2,92.61,Mizoram,Lawngtlai,1,213.0
27.378417,88.697222,Sikkim,East Sikkim,1,3062.0
27.587417,91.886944,Arunachal Pradesh,Tawang,1,2589.0
25.138923714618542,91.84273249439444,,,0,13.0
25.81756,93.10886,Assam,Nagaon,1,223.0
27.76594380307317,96.42617594219216,,,0,1988.0
27.258778,88.202639,Sikkim,West Sikkim,1,1256.0
25.46299671145404,94.61341545973649,,,0,1190.0
25.406269438829263,93.67488894418985,,,0,1045.0
25.332489,94.080258,Manipur,Senapati,1,1080.0
23.72327778,92.70222222,Mizoram,Aizawl,1,928.0
25.115194,93.645,Manipur,Tamenglong,1,1235.0
23.899294538757992,92.5899644549134,,,0,498.0
27.918723911779875,93.1408455757226,,,0,1387.0
25.641242,91.894137,Meghalaya,East Khasi Hills,1,1210.0
25.594266047433752,91.68080391703366,,,0,1561.0
27.358902423505988,93.10020271923489,,,0,1503.0
27.54996300825777,93.82772580632678,,,0,1580.0
27.51232802876699,93.7378820954817,,,0,1128.0
24.776694,94.599472,Manipur,Kamjong,1,675.0
25.308297220736424,92.95853797237804,,,0,560.0
24.989697,93.507075,Manipur,Tamenglong,1,1241.0
25.217502845242176,94.41245140491104,,,0,1330.0
24.78121307540036,94.46075532085965,,,0,857.0
23.4688,92.7208,Mizoram,Aizawl,1,1136.0
27.216722,88.274639,Sikkim,West Sikkim,1,1265.0
25.64625464202306,94.64381625380686,,,0,604.0
24.35,93.54,Manipur,Churachandpur,1,1101.0
27.258889,88.145611,Sikkim,West Sikkim,1,1531.0
27.30176915634381,93.3713786373109,,,0,1922.0
23.93916667,92.68,Mizoram,Kolasib,1,268.0
24.2,93.22,Manipur,Pherzawl,1,1266.0
25.687,94.062,Nagaland,Kohima,1,1078.0
25.884419191284177,95.02448096087431,,,0,2673.0
23.4855,92.7033,Mizoram,Aizawl,1,978.0
24.36,92.88,Mizoram,Kolasib,1,100.0
24.80664722,93.66738056,Manipur,Noney,1,977.0
23.822054,92.826453,Mizoram,Aizawl,1,458.0
27.685509587300047,88.66582337103142,,,0,3620.0
23.531231014257205,91.84095587798856,,,0,100.0
27.20378995959438,96.17054821089953,,,0,875.0
26.202186981180127,93.22678085152356,,,0,342.0
25.38793404312377,94.83950604465052,,,0,886.0
22.22726486817629,92.87005521121988,,,0,415.0
23.2034,92.7379,Mizoram,Lunglei,1,770.0
25.57425,91.214472,Meghalaya,West Khasi Hills,1,1247.0
27.52449399234223,88.72103885512497,,,0,3127.0
25.044344596383244,93.8195714844898,,,0,1350.0
27.638979217051567,93.50223067140732,,,0,2034.0
23.383778,93.115972,Mizoram,Champhai,1,1144.0
27.53085217200331,93.98576793304169,,,0,2555.0
24.641747,93.640183,Manipur,Noney,1,515.0
25.852222,91.881361,Meghalaya,Ri-Bhoi,1,595.0
24.90828918062404,93.1688535471635,,,0,66.0
26.88644377684376,94.81927199856256,,,0,102.0
23.7275,92.75777778,Mizoram,Aizawl,1,887.0
26.56781011221469,93.92936457587714,,,0,102.0
24.796722,94.40925,Manipur,Kamjong,1,1272.0
23.201447,92.736703,Mizoram,Lunglei,1,740.0
26.929209871774017,88.21525612083842,,,0,1001.0
23.5325,92.69694444,Mizoram,Aizawl,1,820.0
27.199722,88.641633,Sikkim,East Sikkim,1,625.0
23.315355,92.786906,Mizoram,Serchhip,1,652.0
26.4175,94.960278,Nagaland,Tuensang,1,782.0
25.409222,94.589389,Manipur,Ukhrul,1,1663.0
27.461694,88.523472,Sikkim,North Sikkim,1,930.0
23.36545,93.377907,Mizoram,Champhai,1,867.0
23.78565198539122,91.7667028828094,,,0,133.0
25.054,94.550972,Manipur,Ukhrul,1,1797.0
26.93577912829284,94.896326649962,,,0,119.0
26.11956,92.052125,Assam,Kamrup (Metro),1,72.0
28.555658503484988,94.6825409391104,,,0,1620.0
25.480722,94.532861,Manipur,Ukhrul,1,965.0
25.276491427154063,94.3637259800374,,,0,1143.0
22.517724768648133,93.11634921268804,,,0,446.0
27.41442714831863,95.72666634847434,,,0,188.0
25.589578799704874,93.62482967110924,,,0,406.0
27.958658778197787,94.36645250091264,,,0,752.0
28.128819016053093,95.5024621643614,,,0,227.0
27.77707520387741,88.62194226279256,,,0,4554.0
26.89614096946142,94.68668301343054,,,0,100.0
24.12,92.38,Mizoram,Mamit,1,123.0
23.121323,92.741086,Mizoram,Lunglei,1,809.0
23.915778,92.742417,Mizoram,Aizawl,1,1006.0
25.53128,94.16536,Manipur,Senapati,1,1700.0
25.15859,93.01292,Assam,Dima Hasao,1,586.0
27.282917,88.189556,Sikkim,West Sikkim,1,1752.0
27.094690219138943,88.76107792484406,,,0,2471.0
23.70390966969596,92.4205874286544,,,0,486.0
27.194333,88.388889,Sikkim,South Sikkim,1,1761.0
25.84992,92.69072,Assam,West Karbi Anglong,1,459.0
25.45432249469857,95.02603342423814,,,0,1138.0
24.63933690476329,94.05767352837589,,,0,781.0
25.650556,94.5095,Nagaland,Phek,1,1255.0
25.485861,94.544528,Manipur,Ukhrul,1,907.0
24.912510689843472,94.06356157617364,,,0,937.0
26.87859,95.35234,Arunachal Pradesh,Longding,1,667.0
25.158643,91.525222,Meghalaya,East Khasi Hills,1,60.0
25.10814732110273,91.76167464629798,,,0,15.0
26.644083,95.075167,Nagaland,Mon,1,891.0
28.128998962096727,95.5896392015054,,,0,232.0
25.43139827399944,94.81899291141735,,,0,1842.0
23.2741,92.848362,Mizoram,Serchhip,1,742.0
23.716754437677825,93.2908103234608,,,0,1378.0
27.463840220302878,88.34515370064557,,,0,3302.0
25.758623167709317,91.37603957472392,,,0,740.0
27.16422106497705,88.75737421427988,,,0,2764.0
23.96312881687681,94.13016346273125,,,0,480.0
25.163722,93.700556,Manipur,Tamenglong,1,946.0
25.517727496825863,94.9724597512038,,,0,423.0
23.103993,92.74869,Mizoram,Lunglei,1,736.0
23.58166667,92.71027778,Mizoram,Aizawl,1,696.0
24.93875,94.181861,Manipur,Ukhrul,1,942.0
23.73416667,92.79861111,Mizoram,Aizawl,1,296.0
26.93564808591853,88.30533382659834,,,0,2001.0
28.26825,95.555457,Arunachal Pradesh,Lower Dibang Valley,1,521.0
23.5425,92.67694444,Mizoram,Aizawl,1,648.0
25.45061220621904,94.80497946196,,,0,2232.0
26.961077164031774,93.60755584076392,,,0,107.0
23.73666667,92.79722222,Mizoram,Aizawl,1,335.0
27.0161567189998,95.25470678055288,,,0,412.0
23.182264,92.737099,Mizoram,Lunglei,1,827.0
27.329472,88.648917,Sikkim,East Sikkim,1,1400.0
25.72901692086928,92.18638788139847,,,0,778.0
25.668,94.107,Nagaland,Kohima,1,1409.0
28.093970183606103,95.86928146044072,,,0,332.0
27.432377209195028,95.53815228793334,,,0,138.0
26.022918454367257,92.78536291951964,,,0,71.0
24.9682010822222,92.13640608512084,,,0,21.0
26.06498087179464,94.9340925587966,,,0,912.0
26.27,94.14,Nagaland,Wokha,1,467.0
27.373472,88.721944,Sikkim,East Sikkim,1,3264.0
25.68866667,94.09733333,Nagaland,Chumoukedima,1,1382.0
24.90644781997863,93.39934514478222,,,0,257.0
24.722472,93.492806,Manipur,Noney,1,189.0
26.090556,94.349083,Nagaland,Wokha,1,1028.0
28.560005864536052,94.92397766307138,,,0,2267.0
27.949320633553288,88.6612371028157,,,0,5309.0
26.371995893060607,95.22605377240404,,,0,765.0
26.15378481794804,93.91417087552372,,,0,123.0
26.88115178805333,95.0287019443807,,,0,513.0
27.58215642774644,93.90867331982297,,,0,2364.0
26.558458827986797,95.3995193221935,,,0,1169.0
27.301972,88.218778,Sikkim,West Sikkim,1,1798.0
23.56145278,93.10908889,Mizoram,Kolasib,1,730.0
25.430111,92.182167,Meghalaya,West Jaintia Hills,1,1302.0
23.51361111,92.69861111,Mizoram,Aizawl,1,793.0
27.36798715263208,91.83750349659697,,,0,2618.0
28.462314,95.849136,Arunachal Pradesh,Dibang Valley,1,856.0
26.066479570936,94.8043174740797,,,0,1398.0
23.654361,92.932389,Mizoram,Aizawl,1,848.0
28.744715900683445,95.6462991389621,,,0,2734.0
27.550389,92.964861,Arunachal Pradesh,East Kameng,1,954.0
22.326,92.771004,Mizoram,Lawngtlai,1,322.0
24.95207181571492,92.35273672287472,,,0,15.0
22.92174319533704,93.14949550362864,,,0,421.0
25.180032,91.65815,Meghalaya,East Khasi Hills,1,123.0
25.44281878561956,94.91893585809773,,,0,1233.0
28.026718139870397,94.72626645803555,,,0,1072.0
25.5,93.67,Nagaland,Peren,1,1256.0
23.10040457707028,92.28847685311815,,,0,84.0
27.195722,88.387472,Sikkim,South Sikkim,1,1697.0
25.0165886591385,93.8946898953839,,,0,1122.0
23.605916390136368,92.51145481175531,,,0,125.0
25.70269903571951,92.73071798432711,,,0,350.0
23.34778638302846,93.43202601901628,,,0,1159.0
24.40639,94.06583,Manipur,Chandel,1,1196.0
22.908807420203004,92.2120623064294,,,0,31.0
27.079235584623124,92.67628942164308,,,0,366.0
27.438351801995218,88.88459483487664,,,0,3800.0
25.181806,94.522556,Manipur,Ukhrul,1,1346.0
25.96925724879948,94.92305666716862,,,0,1090.0
25.632,94.215,Nagaland,Phek,1,827.0
23.91173040286697,93.47814742171929,,,0,1058.0
27.28124260325316,95.82277835663568,,,0,460.0
23.848917,93.135307,Mizoram,Aizawl,1,463.0
25.366201,91.767213,Meghalaya,East Khasi Hills,1,1608.0
27.335,88.206722,Sikkim,West Sikkim,1,1453.0
25.07158253783816,92.2379749144044,,,0,18.0
24.26,93.1,Manipur,Pherzawl,1,682.0
24.99439297570866,93.25334243560452,,,0,97.0
25.76512222,93.94213889,Nagaland,Kohima,1,834.0
25.131889,94.322667,Manipur,Ukhrul,1,1714.0
24.91414017677162,93.92135874329084,,,0,814.0
27.85028094370225,92.94867167923816,,,0,3725.0
23.73388889,92.76527778,Mizoram,Aizawl,1,878.0
22.535999,92.860001,Mizoram,Lawngtlai,1,892.0
27.01491485964978,88.02000863597188,,,0,2304.0
25.12486085681602,94.8031342817576,,,0,1169.0
27.73204190509319,96.49859303045668,,,0,1475.0
24.686028,94.145444,Manipur,Kangpokpi,1,846.0
25.618763398404276,93.52904218142427,,,0,329.0
27.172228,88.372,Sikkim,South Sikkim,1,1663.0
26.36913264862414,93.84867879785178,,,0,116.0
26.110139,92.439333,Assam,Nagaon,1,228.0
27.87366608206186,94.63454182516274,,,0,1367.0
22.78953785253066,92.54400641996972,,,0,250.0
25.641293506571213,94.93720444963084,,,0,2515.0
27.0611,95.721024,Arunachal Pradesh,Changlang,1,1014.0
28.680550213252577,94.75727352957402,,,0,1432.0
25.156833,93.703222,Manipur,Tamenglong,1,900.0
23.09459,92.753733,Mizoram,Lunglei,1,756.0
24.829225,93.720472,Manipur,Noney,1,581.0
27.783667,93.600806,Arunachal Pradesh,Kra Daadi,1,1044.0
26.07205351561622,94.9179386959478,,,0,788.0
24.83025,93.466972,Manipur,Noney,1,815.0
25.356306,94.525222,Manipur,Ukhrul,1,1454.0
23.58638889,92.71388889,Mizoram,Aizawl,1,801.0
25.653,94.121,Nagaland,Kohima,1,1325.0
28.26086296157617,95.6656499849063,,,0,308.0
27.124188057075365,93.33462558277284,,,0,1071.0
24.139771347196444,93.6800081858773,,,0,1152.0
23.67628925384536,91.43158217104974,,,0,50.0
24.883194,93.465667,Manipur,Tamenglong,1,1403.0
26.004557200040104,93.7065611158408,,,0,188.0
28.29508313757296,94.59053554796476,,,0,1291.0
24.957384063381323,93.30776301306108,,,0,228.0
27.51051720894913,88.12689746237534,,,0,4273.0
27.53374828004765,91.72152533392588,,,0,2170.0
25.39040508968812,93.96952651491397,,,0,1685.0
27.949504361604006,93.58207729062175,,,0,1506.0
25.420393789671277,92.68610784989524,,,0,778.0
26.59591640070715,94.9144502693181,,,0,419.0
26.578028,95.028278,Nagaland,Mon,1,475.0
25.705176032742692,91.38355791515842,,,0,1116.0
28.11231749556494,95.60204991329972,,,0,214.0
26.7094958066836,94.93131146072048,,,0,525.0
26.114227,94.338333,Nagaland,Wokha,1,990.0
25.289944,94.525111,Manipur,Ukhrul,1,1122.0
27.38107778,88.64063333,Sikkim,East Sikkim (Near Kaabi),1,1706.0
26.36402777494425,93.59273835144973,,,0,938.0
26.20536,91.86497,Assam,Kamrup (Metro),1,69.0
25.95514,93.72997,Assam,Karbi Anglong,1,176.0
23.167397195960984,92.27010471591328,,,0,136.0
26.238016,91.945953,Assam,Kamrup (Metro),1,85.0
24.19533333,92.99544444,Mizoram,Aizawl,1,160.0
25.28907147665996,94.37846304673852,,,0,1370.0
26.308509209230653,95.2556379042886,,,0,2056.0
24.6449759312316,92.27251503292598,,,0,31.0
28.254136812063567,95.71183861476824,,,0,244.0
25.342472,94.161667,Manipur,Senapati,1,1482.0
27.429570070544862,88.78599148256735,,,0,4341.0
27.106722,93.660111,Arunachal Pradesh,Papum Pare,1,238.0
27.46256592327309,88.39422185872053,,,0,2788.0
24.85490510357313,92.96137768395783,,,0,35.0
24.16,93.3,Manipur,Churachandpur,1,1065.0
25.106,93.001,Assam,Dima Hasao,1,677.0
26.12908710768068,92.21224732069388,,,0,65.0
24.98402240426785,91.84339307040432,,,0,9.0
27.269714,93.802353,Arunachal Pradesh,Papum Pare,1,417.0
24.33805556,92.73386111,Mizoram,Kolasib,1,181.0
23.680931,92.859617,Mizoram,Aizawl,1,1051.0
23.73722222,92.71972222,Mizoram,Aizawl,1,948.0
25.224654,91.735929,Meghalaya,East Khasi Hills,1,1048.0
25.108759,92.978048,Assam,Dima Hasao,1,432.0
28.532756401280658,95.997149058401,,,0,3982.0
24.29,93.11,Manipur,Pherzawl,1,570.0
27.455011779528085,91.68341863445532,,,0,2619.0
26.10983918560928,94.70359335064964,,,0,1687.0
26.234778,94.782333,Nagaland,Tuensang,1,1668.0
25.18725,93.12055556,Assam,Dima Hasao,1,650.0
26.502952501103245,92.08119127731678,,,0,61.0
23.97884334817428,93.67860528289876,,,0,1724.0
27.049661537143702,88.34676963356914,,,0,1773.0
25.450353,94.129017,Manipur,Senapati,1,1422.0
26.35942382203883,94.12435857535372,,,0,112.0
22.21,92.96,Mizoram,Saiha,1,1059.0
25.126584128855672,93.55539491880486,,,0,1730.0
24.076035,92.790672,Mizoram,Aizawl,1,949.0
28.154111,95.181694,Arunachal Pradesh,East Siang,1,474.0
25.42236081979196,90.19600954308304,,,0,144.0
24.896685087857843,92.9560284122504,,,0,61.0
24.82318815104984,94.72289166390168,,,0,392.0
24.28361111,92.9125,Mizoram,Aizawl,1,768.0
22.861877,92.897736,Mizoram,Lunglei,1,579.0
24.490133998032064,94.02980274207307,,,0,951.0
23.979380524890647,93.87060567742816,,,0,1456.0
25.884392,94.040381,Nagaland,Kohima,1,1094.0
24.030186,92.673377,Mizoram,Kolasib,1,731.0
28.404545691828524,95.11895057647682,,,0,932.0
24.092622330479035,92.96918318322254,,,0,163.0
25.02027891830624,94.80627612755924,,,0,849.0
28.09704011350831,96.06529937451027,,,0,879.0
27.60403977319135,93.4027667097819,,,0,2212.0
23.758901,92.730863,Mizoram,Aizawl,1,1068.0
25.38625867656516,91.17331425481852,,,0,915.0
28.873622,95.850285,Arunachal Pradesh,Dibang Valley,1,1452.0
25.76618333,93.94043611,Nagaland,Kohima,1,812.0
22.950378810449187,93.26920082344292,,,0,1246.0
25.86008680190294,90.38496533033108,,,0,152.0
27.447438447330363,88.78186099516644,,,0,4741.0
28.275625052015076,94.63791552844614,,,0,576.0
23.326465965037908,92.5644906755403,,,0,385.0
27.43405074419952,93.55488597794172,,,0,1406.0
28.439444896897776,94.46672170665268,,,0,2697.0
24.642513445805168,93.96008095708802,,,0,776.0
24.095276868962063,94.3360198890307,,,0,137.0
23.36708071119113,92.97997899339826,,,0,1510.0
25.116083,93.639889,Manipur,Tamenglong,1,1239.0
25.708,94.386,Nagaland,Phek,1,2072.0
24.67763318365477,93.76863622210448,,,0,804.0
27.32926819841109,88.91762214757082,,,0,4536.0
23.447985,92.856607,Mizoram,Serchhip,1,775.0
27.395113572192447,92.81971107195037,,,0,566.0
27.938056,94.700306,Arunachal Pradesh,Lepa rada,1,894.0
25.95759772017648,91.65518827426088,,,0,458.0
27.705754291828832,94.6029153860905,,,0,416.0
25.079,92.361667,Meghalaya,East Jaintia Hills,1,186.0
25.69814,93.129423,Assam,Dima Hasao,1,306.0
25.436536164646032,93.65822516169996,,,0,1019.0
27.23727286121572,95.8055607677671,,,0,347.0
23.040669,92.772823,Mizoram,Lunglei,1,1111.0
25.415639,94.559361,Manipur,Ukhrul,1,1189.0
27.627605672804474,88.8153030018899,,,0,4547.0
24.801681,93.736408,Manipur,Noney,1,1290.0
23.3152375319633,92.57549572510196,,,0,303.0
23.055170376602454,92.506286139366,,,0,168.0
25.71903818723072,93.29595458429496,,,0,196.0
25.254703332633134,93.749567902659,,,0,1064.0
26.130974771857858,94.93214299138968,,,0,1625.0
26.784694,95.072222,Nagaland,Mon,1,889.0
24.192522,92.944635,Mizoram,Aizawl,1,520.0
28.298003166909364,95.07165915253916,,,0,864.0
26.20082326176706,92.54340130737432,,,0,69.0
26.135361,94.502167,Nagaland,Zunheboto,1,1358.0
23.41588273619723,92.51678684578825,,,0,579.0
22.812199402203653,92.53818494226132,,,0,332.0
23.092573,92.896141,Mizoram,Lunglei,1,762.0
24.180261,92.690737,Mizoram,Kolasib,1,686.0
27.448738621557023,88.72587428881515,,,0,3302.0
27.203167,88.588667,Sikkim,East Sikkim,1,1279.0
25.640056,94.765278,Nagaland,Phek,1,2116.0
23.340389,93.102306,Mizoram,Champhai,1,1305.0
24.92448858872392,93.84698999689516,,,0,831.0
26.208390497089862,95.15719524897068,,,0,1974.0
26.99515016091881,92.4546141807005,,,0,649.0
27.89412979074217,95.24154845053287,,,0,168.0
27.10373186943575,88.81294746306983,,,0,1581.0
27.092205251871235,93.98713905473392,,,0,87.0
27.288667,88.816111,Sikkim,East Sikkim,1,3768.0
25.435917,93.455944,Assam,Dima Hasao,1,468.0
25.427231,94.048914,Manipur,Senapati,1,1456.0
28.973456796088747,96.04264075161448,,,0,3849.0
23.60138889,92.71888889,Mizoram,Aizawl,1,811.0
25.20315760405942,92.85397837603298,,,0,886.0
25.646,94.177,Nagaland,Kohima,1,1019.0
23.456861,93.006694,Mizoram,Serchhip,1,1403.0
26.667424334264037,92.6961336514266,,,0,67.0
26.1895,91.78716667,Assam,Kamrup (Metro),1,70.0
23.732894,92.753033,Mizoram,Aizawl,1,907.0
25.67546111,91.89726944,Meghalaya,Ri-Bhoi,1,1007.0
27.645315635799843,93.0669305787869,,,0,683.0
27.43570610364848,88.23019702154055,,,0,3067.0
23.341194,93.080389,Mizoram,Champhai,1,1050.0
23.836056,93.37664,Mizoram,Champhai,1,868.0
24.637924618947928,93.87099587661238,,,0,772.0
27.150884193501312,88.75623925836184,,,0,2747.0
23.457971,93.263265,Mizoram,Champhai,1,820.0
24.416553990246463,93.00060398173468,,,0,304.0
26.93586,92.70441,Assam,Sonitpur,1,143.0
24.25874300244952,94.34370897975452,,,0,173.0
25.346747,94.215264,Manipur,Senapati,1,1736.0
25.551667,92.331806,Meghalaya,West Jaintia hills,1,1192.0
26.70011587842832,94.4272815898824,,,0,118.0
24.86979896310941,93.19322349323916,,,0,114.0
26.295428338876235,92.08111755985948,,,0,57.0
25.886089,94.542711,Nagaland,Kiphire,1,1491.0
27.00435109880716,88.76727659667782,,,0,586.0
25.39625,94.548444,Manipur,Ukhrul,1,932.0
25.7853,93.8014,Nagaland,Chumoukedima,1,237.0
23.147697,92.687386,Mizoram,Lunglei,1,858.0
25.848958,94.755311,Nagaland,Kiphire,1,976.0
25.25540452481051,91.11112957988595,,,0,486.0
24.25,93.66,Manipur,Churachandpur,1,860.0
23.37972222,92.75166667,Mizoram,Aizawl,1,1273.0
23.24500833,93.17587222,Mizoram,Aizawl,1,559.0
25.240338,91.677786,Meghalaya,East Khasi Hills,1,718.0
23.047222,92.906944,Mizoram,Lunglei,1,781.0
23.59030633997331,93.466702616803,,,0,1177.0
28.511808060032745,95.29386523259048,,,0,2799.0
24.155827002254053,94.35317867819958,,,0,138.0
25.71165556,91.89512778,Meghalaya,Ri-Bhoi,1,854.0
27.653826582505644,88.43379610816922,,,0,4049.0
27.293828849829225,88.89105074968033,,,0,3416.0
26.236111,94.809694,Nagaland,Tuensang,1,1497.0
23.62151749829064,92.347602299641,,,0,526.0
25.62492269528239,93.172041882065,,,0,394.0
25.7943805259452,90.90364247493254,,,0,231.0
24.57025,92.685,Assam,Cachar,1,49.0
25.079361,94.549667,Manipur,Ukhrul,1,1530.0
27.031668340172367,88.13121988483907,,,0,1637.0
27.75690759266956,94.53527754715832,,,0,878.0
24.07805556,92.91155556,Mizoram,Aizawl,1,846.0
24.453937192164297,94.51110676149824,,,0,183.0
23.8986565721655,93.46060634962168,,,0,1257.0
25.230694991382503,93.71881768958528,,,0,1360.0
22.872299,92.815971,Mizoram,Lunglei,1,906.0
28.20632486371234,96.4218141915637,,,0,2661.0
25.101388036762003,94.17138504554929,,,0,1094.0
22.985724923638436,93.10557007136752,,,0,915.0
25.007979350864463,93.83744336678556,,,0,1636.0
25.11146241702092,93.21512437103696,,,0,1145.0
25.75115858153702,90.88129536881613,,,0,576.0
24.99,92.6,Assam,Cachar,1,84.0
24.82022222,94.35255556,Manipur,Ukhrul,1,1593.0
24.4012,92.237233,Tripura,North Tripura,1,52.0
24.99694,93.50222,Manipur,Tamenglong,1,1186.0
26.043583,92.452222,Assam,West Karbi Anglong,1,343.0
25.110389,93.624056,Manipur,Tamenglong,1,1118.0
27.24722222,88.60666667,Sikkim,East Sikkim,1,1281.0
23.88666667,92.91861111,Mizoram,Aizawl,1,1048.0
23.859282372282937,94.07226263367085,,,0,648.0
24.427038374017,92.9946592081198,,,0,221.0
23.432163530251216,92.554216158676,,,0,346.0
27.20085386995659,88.98106328929164,,,0,2605.0
25.43711905104407,94.22177776412802,,,0,1446.0
27.692122592660763,93.73036910782211,,,0,1634.0
25.214814104755067,92.48957159771534,,,0,734.0
25.015219085368983,93.89807174980145,,,0,1079.0
23.89247222,92.85047222,Mizoram,Aizawl,1,573.0
26.124083,94.294694,Nagaland,Wokha,1,1233.0
27.61480414841403,88.38318802669464,,,0,3219.0
24.03980278,93.29373889,Mizoram,Kolasib,1,749.0
24.096191696753223,93.73280741758936,,,0,1007.0
25.08556637355708,91.38432035173874,,,0,8.0
23.730867,92.755639,Mizoram,Aizawl,1,898.0
25.667461311130825,94.94207741180594,,,0,2527.0
24.44301205886283,94.02994651983244,,,0,853.0
25.07307130926047,92.54736378368312,,,0,479.0
23.55881111,93.10900556,Mizoram,Kolasib,1,756.0
25.354841089215803,92.95017095861516,,,0,571.0
25.444510671205684,94.26891909003598,,,0,2315.0
28.77364528845801,95.80322344388593,,,0,2503.0
26.55,94.36,Assam,Jorhat,1,171.0
28.615028,95.053306,Arunachal Pradesh,Upper Siang,1,623.0
22.28,93.09,Mizoram,Saiha,1,1234.0
23.64188809769658,91.76573313494492,,,0,144.0
25.93963492390228,92.14088248917534,,,0,763.0
23.350776,93.296677,Mizoram,Champhai,1,1226.0
27.395444,92.164167,Arunachal Pradesh,West Kameng,1,1794.0
25.781919,94.171169,Nagaland,Kohima,1,1469.0
25.83889,94.15269,Nagaland,Kohima,1,1359.0
27.517765654364123,96.5246987228524,,,0,602.0
26.42947857594621,95.26873499508407,,,0,1246.0
23.86638889,92.88138889,Mizoram,Aizawl,1,939.0
27.697657610955908,88.68587937340371,,,0,3764.0
25.14041667,93.02038889,Assam,Dima Hasao,1,732.0
27.770645819678887,96.61744682183576,,,0,1977.0
26.19530556,91.76563889,Assam,Kamrup,1,85.0
23.728778,92.557833,Mizoram,Mamit,1,797.0
23.25840856719533,93.39962150541936,,,0,1337.0
28.455769,94.680664,Arunachal Pradesh,West Siang,1,404.0
27.169659,93.756277,Arunachal Pradesh,Papum Pare,1,310.0
25.03503953438245,92.18695958512431,,,0,13.0
25.38501384892217,90.6034082275076,,,0,264.0
24.5768,93.106075,Mizoram,Kolasib,1,119.0
27.172444,88.089528,Sikkim,West Sikkim,1,2340.0
26.27850117045911,95.007623321316,,,0,2088.0
23.60277778,92.81444444,Mizoram,Aizawl,1,536.0
22.962877,92.738541,Mizoram,Lunglei,1,758.0
23.73361111,92.82388889,Mizoram,Aizawl,1,493.0
23.89277778,92.85083333,Mizoram,Aizawl,1,582.0
25.103111,94.532083,Manipur,Ukhrul,1,1547.0
28.350771323934914,95.15087907849484,,,0,1896.0
26.293056,94.839167,Nagaland,Tuensang,1,814.0
23.57138889,92.70972222,Mizoram,Aizawl,1,855.0
25.688,93.907,Nagaland,Kohima,1,916.0
24.92101781521008,91.69082004372902,,,0,13.0
22.896781097182245,93.02575297376777,,,0,355.0
25.678,94.122,Nagaland,Kohima,1,1433.0
26.78748046493288,92.46221516746128,,,0,109.0
24.23775,92.95447222,Mizoram,Aizawl,1,636.0
26.033098,94.542753,Nagaland,Zunheboto,1,1614.0
27.01014533282729,88.19663407631319,,,0,2114.0
25.061417,92.806833,Assam,Dima Hasao,1,162.0
24.823296,94.358767,Manipur,Kamjong,1,1679.0
26.279103697810825,94.69083395725886,,,0,1243.0
28.065455651287525,95.1318090635857,,,0,1403.0
25.814272,94.968933,Nagaland,Kiphire,1,1696.0
27.035402100014966,88.4142973048251,,,0,868.0
25.60955973437096,90.7186547370707,,,0,345.0
22.607280760442784,93.11286241198592,,,0,829.0
27.419636556292737,88.21575833947598,,,0,3208.0
27.220861,88.657111,Sikkim,East Sikkim,1,1166.0
27.266881944844467,93.91426921731365,,,0,168.0
25.945619,91.548883,Meghalaya,Ri-Bhoi,1,227.0
25.450628,91.817767,Meghalaya,East Khasi Hills,1,1788.0
22.06812312424192,92.41580967912408,,,0,322.0
28.026515,94.590918,Arunachal Pradesh,Lepa rada,1,631.0
26.45103480616979,94.91762681869724,,,0,732.0
25.731035888168755,93.54117255894484,,,0,195.0
27.31924554559553,88.75346704932733,,,0,3547.0
25.343939,92.5849,Meghalaya,East Jaintia Hills,1,1090.0
28.45612007192072,96.01662136837317,,,0,2866.0
25.312667,92.130417,Meghalaya,West Jaintia Hills,1,1142.0
27.07700634227949,88.07486985630338,,,0,1744.0
25.576806,92.242444,Meghalaya,East Khasi Hills,1,1190.0
24.954798180791958,93.35139154429478,,,0,476.0
23.10565,92.745979,Mizoram,Lunglei,1,711.0
26.376148682713087,94.11379862410624,,,0,110.0
24.940611,94.1515,Manipur,Ukhrul,1,1033.0
25.206972,92.208028,Meghalaya,West Jaintia Hills,1,680.0
28.00305656930959,93.29114926418428,,,0,2839.0
23.69916667,92.87277778,Mizoram,Aizawl,1,565.0
23.68027778,92.72472222,Mizoram,Aizawl,1,905.0
26.02202921679996,93.33588145576545,,,0,258.0
26.52055522879137,95.21870996198724,,,0,1970.0
22.63652592429594,93.19575276722796,,,0,1268.0
23.148056,93.055832,Mizoram,Serchhip,1,953.0
25.215583,92.077639,Meghalaya,West Jaintia Hills,1,687.0
27.161307585055976,95.50263646931624,,,0,446.0
24.976294663326783,93.88564491154489,,,0,885.0
25.203941746436925,92.67548727679134,,,0,1248.0
23.54166667,92.66555556,Mizoram,Aizawl,1,678.0
25.356333,93.566583,Nagaland,Peren,1,835.0
27.152861,88.390361,Sikkim,South Sikkim,1,1229.0
26.99623513865151,88.22385358174121,,,0,1908.0
26.7175,95.03125,Nagaland,Mon,1,628.0
26.214389,94.236694,Nagaland,Wokha,1,348.0
25.050409844487262,91.8546836460852,,,0,14.0
26.988198243932462,88.30072828948887,,,0,2433.0
23.977168277915624,92.52572602175748,,,0,113.0
24.399887425641687,93.45062088630442,,,0,1403.0
27.195511,88.6342,Sikkim,East Sikkim,1,563.0
24.53675888446177,94.29717230840062,,,0,932.0
25.05173194265281,93.1342780116293,,,0,961.0
27.1025,88.400778,Sikkim,South Sikkim,1,848.0
23.901638,93.278641,Mizoram,Champhai,1,1691.0
28.170374208034097,95.64000231881526,,,0,238.0
25.091858,94.550786,Manipur,Ukhrul,1,1595.0
25.585472,94.846833,Nagaland,Phek,1,1181.0
26.4429384213202,95.1228889158322,,,0,2039.0
27.158972,88.514611,Sikkim,East Sikkim,1,817.0
23.457083,93.007639,Mizoram,Serchhip,1,1468.0
27.131444,88.386,Sikkim,South Sikkim,1,1547.0
23.208921,92.541174,Mizoram,Lunglei,1,669.0
27.479141,96.403435,Arunachal Pradesh,Changlang,1,495.0
24.770622896568646,92.81362671481791,,,0,20.0
23.985672012546228,92.18342964378584,,,0,100.0
24.134703319542293,94.23446897761396,,,0,279.0
22.63,92.64,Mizoram,Lawngtlai,1,84.0
28.251139,95.55011,Arunachal Pradesh,Lower Dibang Valley,1,517.0
27.750196286653605,92.03035138997704,,,0,4595.0
24.7955,93.736056,Manipur,Noney,1,1188.0
24.939611964454382,93.31046805086824,,,0,167.0
25.431275042124,92.6021870518217,,,0,747.0
25.150286,92.213508,Meghalaya,West Jaintia Hills,1,55.0
22.35,92.65,Mizoram,Lawngtlai,1,123.0
26.999059261232656,88.463454231048,,,0,581.0
24.80991667,93.73611111,Manipur,Noney,1,1221.0
25.64346774118596,94.9889274867886,,,0,991.0
22.97870264364544,92.60504949529376,,,0,86.0
25.77008505541708,90.20618152698736,,,0,219.0
27.968878552240263,94.89594170988376,,,0,1327.0
24.553572,93.711317,Manipur,Churachandpur,1,1085.0
24.689806,93.522583,Manipur,Noney,1,743.0
27.746371240722198,88.44963640388634,,,0,4860.0
27.074065166963724,95.12902742064968,,,0,106.0
24.80212141318664,92.94987610829958,,,0,27.0
26.087917,94.098056,Nagaland,Wokha,1,736.0
27.233667,88.348389,Sikkim,South Sikkim,1,1908.0
25.444194,93.424694,Assam,Dima Hasao,1,414.0
25.792453231809677,91.80490005797694,,,0,674.0
25.38207405246664,92.2565960841741,,,0,1277.0
25.20849847449473,90.83032348095698,,,0,179.0
25.027333,94.423583,Manipur,Ukhrul,1,1937.0
27.089595532398143,88.54869558813844,,,0,1234.0
24.55170273674501,93.44872114564645,,,0,528.0
27.280667,88.190861,Sikkim,West Sikkim,1,1564.0
27.14578073215581,88.75731055231849,,,0,2689.0
24.674730377809297,93.85743872244475,,,0,773.0
27.82685276616469,93.4218824819242,,,0,2040.0
28.610437689765117,95.9533157835435,,,0,1498.0
25.77421785537995,95.18242696525787,,,0,1990.0
21.90299441919249,92.85919093892622,,,0,156.0
26.00872192521577,93.90039240918868,,,0,140.0
22.9,92.49,Mizoram,Lunglei,1,222.0
24.10556705481354,93.7049355099886,,,0,1419.0
25.92862653024136,95.05739948884558,,,0,2513.0
24.44447225101067,94.35560961900116,,,0,296.0
24.113980979062777,92.72627357675356,,,0,226.0
24.43797,92.250464,Tripura,North Tripura,1,62.0
25.099674580960123,92.6215304747438,,,0,1004.0
25.79744444,91.87408611,Meghalaya,Ri-Bhoi,1,642.0
27.30675,88.199083,Sikkim,West Sikkim,1,1632.0
22.52,92.867996,Mizoram,Lawngtlai,1,702.0
25.96455984417365,93.58190501996717,,,0,164.0
23.38138276797904,93.46374695314064,,,0,1054.0
26.44163773069145,94.27926027099424,,,0,187.0
25.85544,92.57369,Assam,West Karbi Anglong,1,443.0
27.52582692330566,88.77520528157493,,,0,4468.0
25.96458,92.52081,Assam,West Karbi Anglong,1,90.0
22.44,93.1,Mizoram,Saiha,1,1502.0
27.074431,95.638118,Arunachal Pradesh,Tirap,1,967.0
23.37361111,92.77611111,Mizoram,Aizawl,1,1360.0
25.86,93.99,Nagaland,Dimapur,1,399.0
25.89702257272207,91.967053826024,,,0,575.0
26.61138639314591,94.18851415808072,,,0,95.0
27.676722,88.597194,Sikkim,North Sikkim,1,2197.0
28.497294,95.827044,Arunachal Pradesh,Dibang Valley,1,716.0
25.32128927641476,92.92791874448535,,,0,281.0
26.143053604546,92.5274635684429,,,0,60.0
24.683238,94.267283,Manipur,Kamjong,1,1432.0
26.47413875340777,93.01525014268624,,,0,86.0
27.78218746751936,93.26278533646584,,,0,2578.0
25.279389,94.032194,Manipur,Senapati,1,1046.0
27.47888889,88.52861111,Sikkim,North Sikkim,1,877.0
29.00514527985744,95.9095015486742,,,0,3591.0
25.10571522818674,92.6682135751988,,,0,1289.0
25.230499277541536,91.27675989469432,,,0,542.0
25.68162563606839,90.99151091894232,,,0,819.0
25.761681402719663,91.42958471852774,,,0,346.0
25.75634,92.017832,Meghalaya,Ri-Bhoi,1,973.0
27.67693596320268,88.6653676153998,,,0,3391.0
25.841372521851586,91.7986896183593,,,0,753.0
27.149889,88.096861,Sikkim,West Sikkim,1,2297.0
22.404215,92.951647,Mizoram,Siaha,1,198.0
25.671,94.209,Nagaland,Phek,1,858.0
23.19254743602482,93.46396539455208,,,0,1876.0
27.238111,88.601528,Sikkim,East Sikkim,1,1216.0
21.95742853141169,92.4538095332732,,,0,200.0
24.321048001527167,94.48552589874242,,,0,307.0
23.45,92.68166667,Mizoram,Aizawl,1,872.0
22.069842984503417,93.09961429726307,,,0,591.0
24.069857,92.918457,Mizoram,Aizawl,1,757.0
23.73638889,92.79805556,Mizoram,Aizawl,1,346.0
25.155917,93.681583,Manipur,Tamenglong,1,1018.0
27.123139,93.702139,Arunachal Pradesh,Papum Pare,1,153.0
27.240083,93.745917,Arunachal Pradesh,Papum Pare,1,411.0
25.593186523388383,91.081222639006,,,0,978.0
25.891339344683274,91.93855241808387,,,0,604.0
23.99,94.04,Manipur,Chandel,1,1233.0
27.76583613351269,96.47385296739776,,,0,1769.0
27.235917,88.645167,Sikkim,East Sikkim,1,1436.0
24.34874462865197,92.16520633817578,,,0,32.0
26.017317,94.531348,Nagaland,Zunheboto,1,1815.0
26.22234644594435,94.00854950126964,,,0,117.0
25.787211,94.834275,Nagaland,Kiphire,1,864.0
24.925207005851327,93.3774549748431,,,0,424.0
26.030802,94.634987,Nagaland,Zunheboto,1,2034.0
24.899742403557884,93.34736571708882,,,0,391.0
28.078008341745047,95.06567991352742,,,0,1357.0
23.95871238926662,92.58606574688112,,,0,592.0
24.98611,93.50583,Manipur,Tamenglong,1,1235.0
27.178889,88.533097,Sikkim,East Sikkim,1,370.0
27.71132605549037,88.65279080160116,,,0,4428.0
27.311667,88.418611,Sikkim,South Sikkim,1,1229.0
23.25951944,93.15917222,Mizoram,Aizawl,1,1252.0
23.225357,92.74039,Mizoram,Lunglei,1,756.0
27.24675,93.765333,Arunachal Pradesh,Papum Pare,1,323.0
24.5465,93.671667,Manipur,Churachandpur,1,1053.0
25.338711,91.775111,Meghalaya,East Khasi Hills,1,1432.0
27.75108372718882,93.8700926237878,,,0,1068.0
24.958445610289555,93.2298113441448,,,0,146.0
25.136,93.04,Assam,Dima Hasao,1,621.0
27.433083,88.514528,Sikkim,North Sikkim,1,721.0
25.17144,93.005694,Assam,Dima Hasao,1,698.0
22.719116549796908,93.09082503491204,,,0,587.0
27.171083,88.245417,Sikkim,West Sikkim,1,1132.0
25.461021841264454,94.81694852849006,,,0,2134.0
23.60972222,92.75611111,Mizoram,Aizawl,1,663.0
26.036583,92.273056,Assam,West Karbi Anglong,1,201.0
27.46166,88.52341,Sikkim,North Sikkim,1,930.0
23.73541667,92.81222222,Mizoram,Aizawl,1,370.0
26.841667,95.079333,Nagaland,Mon,1,284.0
25.247899105459283,93.7553624357398,,,0,1313.0
25.50781,90.68,Meghalaya,East Garo hills,1,352.0
28.92593014329333,95.91469000170588,,,0,3498.0
25.827397,94.907311,Nagaland,Kiphire,1,1727.0
25.570361,91.215056,Meghalaya,West Khasi Hills,1,1274.0
26.639872245986687,94.89133567046514,,,0,349.0
24.03281987372382,92.47376066534396,,,0,93.0
25.695,94.349,Nagaland,Phek,1,1866.0
22.69333009440045,92.42962147705852,,,0,109.0
25.278472,93.252972,Assam,Dima Hasao,1,860.0
24.756528201167068,94.468621617524,,,0,578.0
25.6985,91.056611,Meghalaya,West Khasi Hills,1,907.0
25.107009505283827,90.71405988904937,,,0,11.0
25.438063112459183,94.41987162414816,,,0,1222.0
23.62611111,92.72638889,Mizoram,Aizawl,1,785.0
22.475,92.964996,Mizoram,Saiha,1,389.0
25.877404234777654,93.92290054613426,,,0,215.0
25.37958079711752,92.93328330443153,,,0,349.0
25.968006,94.574256,Nagaland,Kiphire,1,1890.0
24.523203020137576,94.03828534802405,,,0,812.0
27.650071357252184,96.6271372498039,,,0,2367.0
25.74725655356466,95.2317703657671,,,0,1177.0
25.40217371364593,93.96031867269534,,,0,1102.0
24.43369589266141,94.01139416158708,,,0,794.0
27.497551093577982,92.01780733301494,,,0,4104.0
23.094999,92.785835,Mizoram,Lunglei,1,477.0
28.511650491206463,95.90477603219009,,,0,1646.0
24.79083333,93.72333333,Manipur,TAMENGLONG,1,1053.0
25.147942,92.181586,Meghalaya,West Jaintia Hills,1,162.0
25.436306,91.050361,Meghalaya,West Khasi Hills,1,621.0
26.25285718081639,94.28895371231572,,,0,343.0
23.432164883875192,92.5301581749502,,,0,541.0
23.7025,92.72138889,Mizoram,Aizawl,1,875.0
25.936440926147032,93.56651538446988,,,0,178.0
25.059861,93.604639,Manipur,Tamenglong,1,973.0
22.824420437733103,92.43433957289491,,,0,199.0
25.951106,91.968889,Meghalaya,Ri-Bhoi,1,547.0
25.667,94.211,Nagaland,Phek,1,809.0
26.48821990974013,94.29862055813236,,,0,193.0
24.742139,94.221333,Manipur,Ukhrul,1,1710.0
24.63272095565503,92.55571430257244,,,0,28.0
23.351115,93.296893,Mizoram,Champhai,1,1212.0
27.99825364469098,95.5272326902086,,,0,146.0
24.067576,92.893076,Mizoram,Aizawl,1,1003.0
25.122676504732382,93.54403314479153,,,0,1386.0
25.18676,91.396515,Meghalaya,East Khasi Hills,1,104.0
27.177099756862518,92.1978161903788,,,0,2143.0
22.85940913769861,93.33564572864977,,,0,1207.0
28.42809031929675,95.61737316438756,,,0,2039.0
25.018851042210063,91.54669767362364,,,0,15.0
23.177311,93.198157,Mizoram,Champhai,1,1149.0
24.87935380825472,93.15793398434587,,,0,53.0
22.214054152498328,92.83469699000104,,,0,89.0
22.808444800448825,93.18740653964414,,,0,1456.0
27.589417,91.861444,Arunachal Pradesh,Tawang,1,2884.0
23.53888889,92.70055556,Mizoram,Aizawl,1,872.0
27.613235133281293,88.89125657828599,,,0,4458.0
23.487306,93.192778,Mizoram,Champhai,1,1099.0
23.423704306687853,92.5059554579786,,,0,655.0
25.662,94.453,Nagaland,Phek,1,1481.0
26.93529,95.37696,Arunachal Pradesh,Tirap,1,428.0
28.41875900021912,95.12702359975673,,,0,1021.0
24.853139,94.369875,Manipur,Kamjong,1,1451.0
24.900800960520844,93.87092271611496,,,0,804.0
26.760330647433555,93.45278669194124,,,0,65.0
26.134639,94.049278,Nagaland,Wokha,1,541.0
25.289139,94.539417,Manipur,Ukhrul,1,1397.0
25.22175,91.693006,Meghalaya,East Khasi Hills,1,477.0
27.253528,88.786111,Sikkim,East Sikkim,1,3140.0
25.675145563969764,90.5545992750002,,,0,281.0
25.229822,91.693551,Meghalaya,East Khasi Hills,1,448.0
28.946622898996587,96.07433605656348,,,0,2645.0
27.623227675112588,94.62488193243688,,,0,141.0
25.15670367240377,92.53687700239196,,,0,319.0
25.598908,91.175628,Meghalaya,West Khasi Hills,1,1098.0
25.751567,94.48315,Nagaland,Phek,1,755.0
28.101692,95.271861,Arunachal Pradesh,East Siang,1,375.0
23.87075,93.078529,Mizoram,Aizawl,1,702.0
25.523,94.135,Manipur,Senapati,1,1757.0
22.32607562605359,93.19097885149444,,,0,457.0
25.14721273304434,92.57614927382974,,,0,1020.0
25.99089592891024,95.08643323425416,,,0,2099.0
26.88360092304252,88.30913660764737,,,0,1388.0
27.95977682415533,93.52742949701826,,,0,768.0
28.625048,95.857251,Arunachal Pradesh,Dibang Valley,1,822.0
27.342139,93.041583,Arunachal Pradesh,East Kameng,1,432.0
25.079892038250065,92.0665614109988,,,0,15.0
27.17078300017118,96.04538233833613,,,0,1407.0
23.32440740499322,93.44299811174386,,,0,1193.0
27.42294262882738,88.25261804068475,,,0,2615.0
26.191611,94.284361,Nagaland,Wokha,1,992.0
23.37222222,92.755,Mizoram,Aizawl,1,1209.0
27.32199354590509,88.01298397667946,,,0,2437.0
25.604389,94.839583,Nagaland,Phek,1,1339.0
25.428903966757083,94.35507802610252,,,0,1334.0
28.522806,95.172639,Arunachal Pradesh,Upper Siang,1,771.0
28.367958375170517,95.59885863534622,,,0,1702.0
28.255703,95.55061,Arunachal Pradesh,Lower Dibang Valley,1,648.0
26.159139,91.915583,Assam,Kamrup,1,101.0
26.16616,91.713803,Assam,Kamrup,1,143.0
25.834436,94.795519,Nagaland,Kiphire,1,597.0
22.486225391213285,92.34275078211788,,,0,42.0
25.549667,91.242444,Meghalaya,West Khasi Hills,1,1350.0
26.85437077669116,92.80654718666352,,,0,85.0
26.167861,95.026694,Nagaland,Noklak,1,1142.0
26.846139,95.077861,Nagaland,Mon,1,246.0
25.124122220557418,91.93010239752296,,,0,13.0
24.29,92.96,Mizoram,Aizawl,1,837.0
25.462231109006275,93.91505651486656,,,0,1280.0
27.02531507776932,88.4928748552303,,,0,524.0
25.30830005002982,94.72184380217296,,,0,1894.0
25.55166586617247,90.5241075526787,,,0,326.0
23.481881,93.214835,Mizoram,Champhai,1,1045.0
25.515901141867477,95.00665383435766,,,0,1214.0
27.020805110906736,88.22640691615669,,,0,1739.0
26.008333,94.032333,Nagaland,Wokha,1,429.0
26.070831131174725,94.960426748413,,,0,1078.0
25.748,94.077,Nagaland,Kohima,1,1181.0
25.09022222,92.35805556,Meghalaya,Jaintia Hills,1,151.0
26.206995232531167,95.1122548325731,,,0,1661.0
28.11144592733082,96.64954843854662,,,0,1779.0
25.982658702372635,93.85999046591118,,,0,145.0
27.138607291067647,96.18884097794768,,,0,655.0
23.208055,92.795555,Mizoram,Lunglei,1,979.0
24.51698056,93.57191667,Mizoram,Aizawl,1,772.0
25.965394,94.571428,Nagaland,Kiphire,1,1896.0
25.76225510042412,91.16683597320024,,,0,807.0
23.302456,92.853533,Mizoram,Serchhip,1,982.0
25.22784,91.688252,Meghalaya,East Khasi Hills,1,566.0
27.271583,88.430389,Sikkim,South Sikkim,1,505.0
26.375278,94.936389,Nagaland,Tuensang,1,1288.0
25.0026552980947,92.19485090087196,,,0,14.0
24.56,92.94,Assam,Cachar,1,43.0
25.294601,91.930853,Meghalaya,East Khasi Hills,1,1115.0
25.057361,94.533083,Manipur,Ukhrul,1,1552.0
28.30881013285953,96.79012850460892,,,0,3559.0
25.271216377416398,92.90219107954016,,,0,827.0
23.537491,93.159176,Mizoram,Champhai,1,1082.0
24.46181046758254,93.474629169523,,,0,1062.0
24.89768607752148,92.5736036567716,,,0,21.0
25.26676,93.1964,Assam,Dima Hasao,1,546.0
24.54604515249205,92.22734802040878,,,0,73.0
23.319156,92.857722,Mizoram,Serchhip,1,1038.0
27.10443141070092,88.55010681667751,,,0,1671.0
25.852733431973995,92.38089118028942,,,0,658.0
23.40169444,92.75025,Mizoram,Aizawl,1,1200.0
25.066715,94.349728,Manipur,Ukhrul,1,1826.0
27.75459251683229,94.39221453391356,,,0,551.0
26.189447427327693,93.84623163713653,,,0,134.0
27.676607366305344,91.66855056758088,,,0,3074.0
27.886538506703378,94.93845621750856,,,0,294.0
25.702532232293763,91.38364203620677,,,0,1056.0
25.945225,91.560703,Meghalaya,Ri-Bhoi,1,396.0
22.704,92.985001,Mizoram,Lawngtlai,1,1069.0
28.186582,95.471126,Arunachal Pradesh,East Siang,1,406.0
25.862494556769114,92.4938909664896,,,0,687.0
25.088698172581832,92.71738100872678,,,0,559.0
28.35515399771001,95.71696525937756,,,0,1412.0
25.04312260697585,93.79387747384304,,,0,1343.0
25.156047910541165,94.03643011085778,,,0,1364.0
25.77070918533929,91.8176714866852,,,0,698.0
25.839722,94.050333,Nagaland,Kohima,1,918.0
25.95381,92.60444,Assam,West Karbi Anglong,1,309.0
27.00336156863261,88.44482215307633,,,0,186.0
26.89297464161664,94.58978489742172,,,0,93.0
27.129,88.441361,Sikkim,South Sikkim,1,643.0
25.747141748539477,91.83221275430384,,,0,745.0
25.68133333,94.20877778,Nagaland,Kohima,1,818.0
25.01,92.75,Assam,Cachar,1,40.0
27.574184656182325,88.80110066449065,,,0,4800.0
25.698111,91.18275,Meghalaya,West Khasi Hills,1,1105.0
28.54353538730432,95.29447870592185,,,0,1963.0
26.69958954871812,94.79060148181362,,,0,188.0
23.604544052849715,92.52283320794209,,,0,156.0
28.490278,95.203194,Arunachal Pradesh,Upper Siang,1,942.0
25.05528650187849,93.77819056265008,,,0,1110.0
23.40002,92.842404,Mizoram,Serchhip,1,901.0
25.581983,91.176972,Meghalaya,West Khasi Hills,1,1251.0
24.56917222,93.14073611,Mizoram,Kolasib,1,355.0
27.47043467283634,88.23041252663153,,,0,4303.0
28.831619,95.882949,Arunachal Pradesh,Dibang Valley,1,1610.0
24.11934687645129,92.67502913328688,,,0,311.0
25.21586830081437,92.74983986614052,,,0,1324.0
24.679639,93.669667,Manipur,Noney,1,1330.0
28.2823122121186,95.07599948265324,,,0,1037.0
25.324889,91.943417,Meghalaya,East Khasi Hills,1,835.0
25.3375,94.52825,Manipur,Ukhrul,1,1110.0
28.060973431198995,93.59196879318992,,,0,1497.0
28.139996,95.259634,Arunachal Pradesh,East Siang,1,568.0
27.606971266416757,96.30900692879028,,,0,491.0
25.973993658870512,95.0295778445517,,,0,2223.0
28.255967,95.907144,Arunachal Pradesh,Lower Dibang Valley,1,2542.0
28.863017,95.856703,Arunachal Pradesh,Dibang Valley,1,1406.0
25.9255,94.760419,Nagaland,Kiphire,1,1874.0
27.814806,93.521,Arunachal Pradesh,Kurung Kumey,1,943.0
27.73699320330008,88.74817044086475,,,0,3383.0
25.875167,94.042953,Nagaland,Kohima,1,1063.0
27.261476949083896,93.406506654854,,,0,1241.0
24.436492729449423,92.71039087693482,,,0,114.0
22.53,92.7,Mizoram,Lawngtlai,1,242.0
25.43313171244301,92.72957428290132,,,0,961.0
26.30175,94.50675,Nagaland,Mokokchung,1,1234.0
26.758981214792943,95.76482670668324,,,0,515.0
24.926384895299527,92.51770113096356,,,0,16.0
24.68373379268823,94.51648785024685,,,0,384.0
25.389193266929777,93.81188350770228,,,0,1615.0
27.96756,96.40214,Arunachal Pradesh,Lohit,1,413.0
25.783939,94.856411,Nagaland,Kiphire,1,739.0
26.067225481459275,92.3710194266062,,,0,361.0
27.03013694143501,88.38763033444182,,,0,1039.0
26.212972,94.116583,Nagaland,Wokha,1,616.0
22.889872,92.903984,Mizoram,Lunglei,1,689.0
23.32044,92.643229,Mizoram,Lunglei,1,718.0
26.204699903768752,92.45952722435251,,,0,61.0
25.01961028215657,92.25435465602536,,,0,18.0
26.433725231173383,93.92922437010314,,,0,105.0
24.75731672181062,94.80500568659808,,,0,126.0
27.781792,93.477942,Arunachal Pradesh,Kra Daadi,1,1068.0
28.720187,94.971636,Arunachal Pradesh,Upper Siang,1,413.0
23.40527204014328,92.57702590129524,,,0,290.0
25.14295325381777,93.4545453291151,,,0,1256.0
25.13177062514672,93.4563813925385,,,0,939.0
27.4151034355604,93.79184630956384,,,0,1497.0
25.42486325678839,94.76166462111132,,,0,1907.0
26.966366154131315,88.23845632703207,,,0,1240.0
26.488279416944003,94.9569448321448,,,0,1166.0
26.068111,95.025972,Nagaland,Noklak,1,1817.0
27.1638079060632,93.844932071962,,,0,152.0
23.69333333,92.72055556,Mizoram,Aizawl,1,990.0
28.482721106685243,95.99401504179872,,,0,3088.0
28.49556524282771,96.06545282419444,,,0,3596.0
25.283672,93.301012,Assam,Dima Hasao,1,660.0
23.6315833,93.13670278,Mizoram,Kolasib,1,1212.0
23.322363,92.854689,Mizoram,Serchhip,1,935.0
27.834083,94.768972,Arunachal Pradesh,West Siang,1,538.0
24.51785556,93.55086944,Mizoram,Aizawl,1,1019.0
27.23616,93.807069,Arunachal Pradesh,Papum Pare,1,345.0
27.232668941678916,88.03177642414421,,,0,3445.0
26.17672222,91.78672222,Assam,Kamrup (Metro),1,85.0
29.097845215156344,95.84590139874553,,,0,2507.0
24.97924867371773,91.7770281447413,,,0,12.0
25.264056,93.409528,Assam,Dima Hasao,1,861.0
25.621,94.11806,Nagaland,Kohima,1,1486.0
26.002679366611307,94.38789737453985,,,0,685.0
22.86003,92.75831,Mizoram,Lunglei,1,885.0
25.453942,94.048881,Manipur,Senapati,1,1325.0
25.418361,94.578528,Manipur,Ukhrul,1,1511.0
25.56737615932623,91.0924044244222,,,0,1058.0
26.95517746236464,88.28845654823076,,,0,2052.0
27.12973895544397,96.29699182269124,,,0,835.0
24.39092686273576,93.43544969675196,,,0,967.0
25.390444,91.883806,Meghalaya,East Khasi Hills,1,1251.0
25.457746272079987,93.800057040842,,,0,438.0
23.563275,93.120567,Mizoram,Champhai,1,731.0
25.77882882055953,91.18051504883952,,,0,655.0
25.756417,94.476083,Nagaland,Phek,1,765.0
25.037771994222933,91.69700549814844,,,0,9.0
28.775918,95.874296,Arunachal Pradesh,Dibang Valley,1,1305.0
24.606559091472175,94.23454104884294,,,0,1169.0
23.833166,93.305275,Mizoram,Champhai,1,1268.0
25.272072885126903,92.64304611030632,,,0,1176.0
27.13866854010793,95.44212854271358,,,0,243.0
23.127266,93.296204,Mizoram,Champhai,1,1530.0
26.971092289389567,88.39715811959492,,,0,864.0
28.31731,95.956718,Arunachal Pradesh,Lower Dibang Valley,1,1220.0
25.22,93.35,Assam,Dima Hasao,1,1173.0
27.44699630731897,93.19205110855756,,,0,2084.0
23.621279436326653,92.52509752348357,,,0,342.0
25.80725833,91.87509444,Meghalaya,Ri-Bhoi,1,612.0
25.260943419846328,92.89127332460656,,,0,644.0
23.28985,92.860445,Mizoram,Serchhip,1,864.0
26.114159,94.338471,Nagaland,Wokha,1,990.0
25.911931,94.793292,Nagaland,Kiphire,1,1066.0
24.32,93.74,Manipur,Churachandpur,1,902.0
25.168528,94.288333,Manipur,Ukhrul,1,1642.0
25.740148,91.224044,Assam,West Khasi Hills,1,903.0
25.328139,93.334056,Assam,Dima Hasao,1,553.0
27.824444888649097,93.74262406345244,,,0,1016.0
26.75550063479237,94.901951219174,,,0,259.0
28.403180026693207,95.36847187865212,,,0,1464.0
25.2185,93.013111,Assam,Dima Hasao,1,494.0
25.771451,93.907041,Nagaland,Kohima,1,631.0
25.789640374451285,91.93839523294317,,,0,826.0
23.62800904848968,92.51282453483256,,,0,201.0
22.26,92.68,Mizoram,Lawngtlai,1,191.0
25.286634854811226,92.9470894573808,,,0,561.0
26.053525,94.636107,Nagaland,Zunheboto,1,1948.0
24.730139,93.485389,Manipur,Noney,1,315.0
24.02555556,92.91944444,Mizoram,Aizawl,1,1018.0
25.82355977309804,91.92797684355357,,,0,786.0
27.505433149274,88.73361914089821,,,0,3574.0
27.515566349911527,93.134134970155,,,0,1100.0
27.06658,92.59572,Arunachal Pradesh,West Kameng,1,330.0
26.41,94.37,Nagaland,Mokokchung,1,529.0
25.667,94.21,Nagaland,Phek,1,811.0
25.2664247606934,92.4821686546622,,,0,832.0
26.379798,94.450751,Nagaland,Mokokchung,1,896.0
27.219444,88.391111,Sikkim,South Sikkim,1,1577.0
23.923047,92.656696,Mizoram,Aizawl,1,107.0
26.5930602629713,94.89212446471336,,,0,305.0
24.830325806747314,92.99658140684136,,,0,23.0
27.777278,94.715583,Arunachal Pradesh,West Siang,1,649.0
27.2755,88.308056,Sikkim,West Sikkim,1,1571.0
25.25245938036224,93.74905764297591,,,0,1055.0
23.88355556,92.84952778,Mizoram,Aizawl,1,491.0
26.14265165384646,92.34697315954648,,,0,62.0
28.099657,95.287831,Arunachal Pradesh,East Siang,1,224.0
24.1,93.29,Manipur,Churachandpur,1,1241.0
23.626738,93.033627,Mizoram,Champhai,1,600.0
22.732147379943516,92.4159556833435,,,0,67.0
22.43,92.71,Mizoram,Lawngtlai,1,1040.0
24.96486779747482,93.29400796103424,,,0,314.0
27.160056,88.423028,Sikkim,South Sikkim,1,1553.0
28.047916471723354,96.0362798015364,,,0,391.0
24.806064,93.735478,Manipur,Noney,1,1199.0
24.95611591712236,92.0603189082578,,,0,13.0
24.05823611,93.28901944,Mizoram,Kolasib,1,585.0
24.72493698679399,92.56358838269448,,,0,19.0
27.8160000446498,91.75348739799163,,,0,2451.0
25.160333,93.688528,Manipur,Tamenglong,1,1006.0
23.313996,92.863984,Mizoram,Serchhip,1,916.0
26.48080437145203,95.180655942982,,,0,1814.0
27.369979016180796,95.07090213145646,,,0,108.0
22.838051,92.798889,Mizoram,Lunglei,1,1161.0
22.72826004907685,93.12710494600618,,,0,1330.0
25.52901389,91.26188611,Meghalaya,West Khasi Hills,1,1361.0
23.013216505613716,93.39468061864612,,,0,1098.0
27.174430989572592,93.44064979458466,,,0,1795.0
22.55882996315773,92.76589645179712,,,0,461.0
23.67611111,92.71972222,Mizoram,Aizawl,1,976.0
23.176777,92.738013,Mizoram,Lunglei,1,784.0
25.667,94.035,Nagaland,Kohima,1,1555.0
23.65777778,92.67444444,Mizoram,Aizawl,1,954.0
25.433231,94.070986,Manipur,Senapati,1,1419.0
24.32,93.28,Manipur,Churachandpur,1,739.0
26.160139,94.499806,Nagaland,Zunheboto,1,1111.0
25.5454523087324,93.59046582335064,,,0,512.0
25.358977,91.973477,Meghalaya,East Khasi Hills,1,1182.0
22.293201523905903,92.82843734074731,,,0,221.0
27.662049357552075,94.07029418444895,,,0,1783.0
25.253421073843853,94.7888998506783,,,0,1515.0
28.705091975587848,95.93674169184396,,,0,3353.0
22.88081985781962,93.1192548822462,,,0,563.0
25.02484909124758,91.46338175778344,,,0,11.0
24.64430469201594,92.34727189283122,,,0,23.0
23.18351,92.735641,Mizoram,Lunglei,1,824.0
27.417778,88.623389,Sikkim,North Sikkim,1,1396.0
27.662444,88.602556,Sikkim,North Sikkim,1,2072.0
27.787077545698352,93.28922194602325,,,0,2295.0
27.551191641901493,93.76570181351656,,,0,1412.0
27.54310152541785,94.03191897797448,,,0,1509.0
26.39513346046963,95.21993119283444,,,0,893.0
28.099647,95.28567,Arunachal Pradesh,East Siang,1,210.0
23.700471272053555,93.41635767279182,,,0,1017.0
25.54032496799016,91.0200008619784,,,0,872.0
27.38013129794668,92.94229444501148,,,0,1386.0
25.447674620483543,93.90382936704896,,,0,2301.0
22.32236912595056,92.89516632932543,,,0,140.0
25.164278,93.691361,Manipur,Tamenglong,1,1013.0
22.89845058181189,92.6607022024494,,,0,530.0
25.416,94.579028,Manipur,Ukhrul,1,1505.0
27.2615,88.788778,Sikkim,East Sikkim,1,3366.0
26.638861,95.123333,Nagaland,Mon,1,1172.0
23.633569440895865,93.41647031889102,,,0,961.0
25.57244,94.17178,Nagaland,Kohima,1,1181.0
27.942917,94.694528,Arunachal Pradesh,Lepa rada,1,822.0
27.378667,88.699611,Sikkim,East Sikkim,1,3088.0
26.774243370916004,94.57865092525358,,,0,118.0
25.839361,94.430583,Nagaland,Zunheboto,1,1749.0
28.52083494851833,95.72923176412912,,,0,1374.0
22.1943888198771,92.5448512658643,,,0,416.0
27.520447489135368,88.73755235187132,,,0,3935.0
26.08028983317436,94.9742502491818,,,0,1227.0
28.702952341745583,95.6844432492563,,,0,2629.0
28.122484780551524,95.62106698719845,,,0,213.0
27.145444,88.305694,Sikkim,West Sikkim,1,1135.0
23.153805,92.686775,Mizoram,Lunglei,1,890.0
25.514327,93.666041,Nagaland,Peren,1,1116.0
23.688638238609173,92.4294640506461,,,0,557.0
22.801022,92.81369,Mizoram,Lunglei,1,805.0
25.05895228592444,93.02910817763195,,,0,889.0
24.548053,93.709739,Manipur,Churachandpur,1,1214.0
28.171861922657342,95.70161706222864,,,0,206.0
27.1660201362976,88.73894430060598,,,0,2237.0
25.008239571437635,93.4097148909996,,,0,656.0
25.9822233232187,95.14031622791614,,,0,2282.0
25.970169,94.503803,Nagaland,Kiphire,1,1776.0
28.141139,94.786583,Arunachal Pradesh,West Siang,1,368.0
25.57236285743385,93.66404961763412,,,0,600.0
27.301412,93.051563,Arunachal Pradesh,East Kameng,1,1172.0
26.197691584739346,92.223096914931,,,0,56.0
25.602689750957005,93.5254239370902,,,0,276.0
23.295423899198934,92.97877500664158,,,0,1104.0
27.17748333,88.52165833,Sikkim,Pakyong,1,320.0
27.610074111749423,88.46114660142038,,,0,2117.0
28.242389,94.220861,Arunachal Pradesh,Upper Siang,1,827.0
27.38824939798109,93.83128579902534,,,0,1780.0
24.16986389,93.33564167,Mizoram,Kolasib,1,501.0
23.58818620001462,92.17962666316504,,,0,170.0
25.77914650403132,95.05451294318428,,,0,2788.0
22.468,92.873001,Mizoram,Lawngtlai,1,511.0
28.52093005304552,95.67041840588752,,,0,1531.0
25.842742,94.503003,Nagaland,Kiphire,1,1570.0
23.73583333,92.85194444,Mizoram,Aizawl,1,711.0
25.22849772827419,90.44091411669694,,,0,109.0
23.542899,93.156212,Mizoram,Champhai,1,1040.0
22.16,93.0,Mizoram,Saiha,1,790.0
25.9409567995616,93.7934915682049,,,0,139.0
25.88646890405824,91.7533558491164,,,0,526.0
26.3765,95.011139,Nagaland,Mon,1,1403.0
27.703917,88.562306,Sikkim,North Sikkim,1,2420.0
25.73433333,94.01708333,Nagaland,Kohima,1,983.0
26.824694,95.076889,Nagaland,Mon,1,386.0
25.591875608641484,95.09019615728955,,,0,1432.0
24.96185307155324,93.22567943319552,,,0,122.0
23.165872,92.741435,Mizoram,Lunglei,1,813.0
24.025094,92.769158,Mizoram,Aizawl,1,870.0
25.948222,94.014361,Nagaland,Kohima,1,390.0
25.339339,92.584781,Meghalaya,East Jaintia Hills,1,1109.0
27.521083,92.995444,Arunachal Pradesh,East Kameng,1,622.0
22.528,92.896004,Mizoram,Lawngtlai,1,875.0
25.849308686132613,92.08777756708032,,,0,796.0
26.729972,95.018778,Nagaland,Mon,1,578.0
27.94074613139699,95.8034242038772,,,0,140.0
25.706,94.468,Nagaland,Phek,1,1263.0
25.4147872942681,93.5622168974616,,,0,1367.0
25.74,93.775,Nagaland,Dimapur,1,359.0
23.72138889,92.79944444,Mizoram,Aizawl,1,209.0
26.550472,95.101889,Nagaland,Mon,1,1452.0
22.50855468188138,93.13261183214392,,,0,629.0
28.395156243052703,95.11931771904392,,,0,891.0
27.964798201130552,95.5302394433538,,,0,142.0
27.258389,88.246611,Sikkim,West Sikkim,1,1141.0
26.03718732807584,95.1344427213822,,,0,2569.0
26.441056,95.046111,Nagaland,Mon,1,1617.0
28.527722,95.173556,Arunachal Pradesh,Upper Siang,1,795.0
25.18101276119036,91.936580485886,,,0,98.0
23.886868399691654,92.00583255701984,,,0,63.0
26.97041,92.63436,Assam,Sonitpur,1,130.0
25.36353248414669,92.90027902965151,,,0,570.0
25.477056,94.534528,Manipur,Ukhrul,1,941.0
25.61127355906849,91.68869780966688,,,0,1498.0
25.891043,94.041031,Nagaland,Kohima,1,1087.0
27.144056,88.127361,Sikkim,West Sikkim,1,2315.0
22.226356396857817,92.82758713822236,,,0,410.0
25.763833,94.479889,Nagaland,Phek,1,885.0
27.171833,88.160861,Sikkim,West Sikkim,1,1356.0
24.06034123434757,94.30347487764952,,,0,151.0
28.30684593482902,95.47796427151248,,,0,1609.0
25.63456979904547,90.92829278914516,,,0,739.0
24.99,92.75,Assam,Cachar,1,152.0
22.34902564776977,92.50470182413558,,,0,236.0
25.496361508293635,92.33939986098744,,,0,1369.0
25.828736,94.728314,Nagaland,Kiphire,1,1366.0
23.670985532519623,92.40042737435508,,,0,403.0
28.67549275530452,95.74009174817994,,,0,3049.0
25.66975,91.100222,Meghalaya,West Khasi Hills,1,1029.0
26.864102985283704,93.73225933239796,,,0,78.0
23.166357617405644,92.43554188816964,,,0,114.0
25.262931,92.203628,Meghalaya,West Jaintia Hills,1,666.0
28.310626,94.675637,Arunachal Pradesh,West Siang,1,323.0
22.5,93.02,Mizoram,Saiha,1,1629.0
24.800556,93.674222,Manipur,Noney,1,457.0
25.9272909550716,93.93548415133256,,,0,168.0
27.224778,88.372083,Sikkim,South Sikkim,1,2029.0
27.207659,93.615842,Arunachal Pradesh,Papum Pare,1,590.0
25.12262875573097,92.63923465161204,,,0,1018.0
26.039361,92.273806,Assam,West Karbi Anglong,1,155.0
25.677061998907504,92.26418910552478,,,0,876.0
25.24193687587008,94.4116597629922,,,0,1406.0
23.692222,92.015833,Tripura,Dhalai,1,244.0
25.132179646305826,91.91379908513026,,,0,11.0
27.62677295241678,88.42578476536264,,,0,3317.0
25.42142,92.28894,Meghalaya,Jaintia Hills,1,1331.0
27.550917,88.646056,Sikkim,North Sikkim,1,1363.0
27.419081621814342,93.10119202111537,,,0,1126.0
25.059556,94.550611,Manipur,Ukhrul,1,1768.0
27.11236111,88.32455556,Sikkim,Namchi,1,370.0
28.53610018881273,95.74296037074603,,,0,839.0
23.02345476895972,93.37214334976466,,,0,569.0
23.882389,93.248947,Mizoram,Champhai,1,1518.0
27.865977611988583,96.44291627999368,,,0,1075.0
28.23121214374342,96.70392483165912,,,0,2685.0
25.68591944,91.90256667,Meghalaya,Ri-Bhoi,1,938.0
24.10379274137024,92.08096585702748,,,0,166.0
24.82805614863825,94.63305298344822,,,0,391.0
26.21890125312921,92.24236186392356,,,0,124.0
27.314694,88.417917,Sikkim,South Sikkim,1,1210.0
27.50867473966061,88.79208463997857,,,0,4765.0
26.051561548660807,93.74981208175936,,,0,153.0
25.528308,91.395711,Meghalaya,West Khasi Hills,1,1539.0
26.9000662936076,94.8695048487351,,,0,155.0
26.336448518024028,94.7686036121037,,,0,983.0
24.2,94.2,Manipur,Chandel,1,714.0
26.97788182541288,95.86676499372147,,,0,1088.0
23.749722,92.693781,Mizoram,Aizawl,1,849.0
28.014875692251227,96.31474290285485,,,0,950.0
27.9888019870414,95.828941947157,,,0,157.0
25.143969,92.217497,Meghalaya,East Jaintia Hills,1,110.0
26.385155057312783,92.93308415398528,,,0,347.0
27.70429866605824,94.49397604298282,,,0,638.0
27.379108410126843,93.70092255120072,,,0,1535.0
23.90514579620808,93.4249139451322,,,0,933.0
25.631,94.203,Nagaland,Phek,1,987.0
23.181417,93.197586,Mizoram,Champhai,1,1011.0
23.300291,92.69577,Mizoram,Serchhip,1,358.0
28.79942844063073,95.16185135895026,,,0,2391.0
26.97422923238057,95.98511463214705,,,0,1162.0
25.199617,92.997478,Assam,Dima Hasao,1,465.0
24.143780155462,93.77891908792265,,,0,855.0
25.346641,91.891987,Meghalaya,East Khasi Hills,1,1516.0
24.998950061099126,93.31501053379792,,,0,358.0
25.611096,94.216757,Nagaland,Kohima,1,999.0
25.8879558625493,93.64723659719763,,,0,196.0
27.60899936040086,91.69785027027058,,,0,1408.0
27.31470243726132,93.19781038631125,,,0,1151.0
26.508186767481835,94.89580175294556,,,0,334.0
25.013083,93.530111,Manipur,Tamenglong,1,1068.0
27.78,93.456231,Arunachal Pradesh,Kra Daadi,1,1139.0
23.05954712269089,93.44165624815882,,,0,727.0
22.890068,92.823021,Mizoram,Lunglei,1,774.0
28.01571207308043,95.04926098467644,,,0,1338.0
23.73544311155748,91.48635064317926,,,0,67.0
26.23191780411268,95.22226070832244,,,0,1787.0
28.05456884444876,95.4879821783368,,,0,157.0
26.202969661372776,93.43201434099907,,,0,659.0
22.969807,92.729706,Mizoram,Lunglei,1,622.0
22.34,92.71,Mizoram,Lawngtlai,1,449.0
25.78010492599996,95.18157579272555,,,0,1726.0
28.378694,95.230667,Arunachal Pradesh,Upper Siang,1,692.0
25.142318207024925,91.78784278886856,,,0,15.0
23.87375984755635,93.42509204019888,,,0,1451.0
28.796106027905942,95.7278983208828,,,0,2776.0
25.58,89.99,Meghalaya,West Garo Hills,1,43.0
23.53805556,92.66305556,Mizoram,Aizawl,1,583.0
27.941458919360564,94.49894324738024,,,0,1151.0
27.303083,88.433167,Sikkim,South Sikkim,1,890.0
28.43040691427049,95.98797487880762,,,0,2096.0
28.5553134874149,95.91793995935797,,,0,2846.0
26.012920740094284,94.95572500811508,,,0,1869.0
23.990118133132672,92.58789213335264,,,0,332.0
27.1917446992602,88.03019254103864,,,0,2998.0
24.703648963373197,94.77071050654112,,,0,127.0
26.61775680179401,94.91234248767856,,,0,456.0
27.55236944,88.58208333,Sikkim,North Sikkim,1,1842.0
25.17644929730832,93.56577141278702,,,0,803.0
27.82755475897219,93.29760569670192,,,0,3163.0
25.95603677767639,94.94762823046568,,,0,737.0
26.28908333,94.61005556,Nagaland,Tuensang,1,983.0
25.942549885236147,94.98602374510182,,,0,1419.0
27.08961535384642,88.65813114864795,,,0,2008.0
25.84008489171401,91.54134938374492,,,0,426.0
25.456896,91.826145,Meghalaya,East Khasi Hills,1,1760.0
27.28475,88.106194,Sikkim,West Sikkim,1,1610.0
27.06997317974121,88.53645205267667,,,0,699.0
22.54735,92.882032,Mizoram,Lawngtlai,1,822.0
23.5087,93.360825,Mizoram,Champhai,1,1307.0
27.10215,93.61371,Arunachal Pradesh,Papum Pare,1,357.0
25.039497064392293,94.75304322125996,,,0,1648.0
25.762051,91.658959,Meghalaya,Eastern-West Khasi Hill,1,796.0
26.373056,94.941389,Nagaland,Tuensang,1,1142.0
25.588806,94.859428,Nagaland,Phek,1,1266.0
25.17044,93.025325,Assam,Dima Hasao,1,469.0
25.02069200285848,93.2111611833488,,,0,133.0
26.154944,94.614503,Nagaland,Zunheboto,1,1756.0
25.55408,94.23669,Nagaland,Phek,1,1168.0
26.678833,95.19475,Nagaland,Mon,1,908.0
28.96130522192922,96.18099186006454,,,0,3296.0
24.43528830569219,92.7227783196469,,,0,83.0
27.186361,88.320417,Sikkim,West Sikkim,1,458.0
23.549317060306397,92.92540516367204,,,0,1536.0
22.873558,92.755953,Manipur,Ukhrul,1,1075.0
26.541389,94.946389,Nagaland,Mon,1,1175.0
27.460731,96.41975,Arunachal Pradesh,Changlang,1,610.0
28.585490254336808,94.9645027636578,,,0,2250.0
29.00823339026153,95.9937845861014,,,0,3209.0
23.54277778,92.67472222,Mizoram,Aizawl,1,628.0
27.280889,88.084333,Sikkim,West Sikkim,1,2381.0
25.566944,94.773222,Nagaland,Phek,1,1314.0
24.801389,93.469444,Manipur,Noney,1,542.0
23.74916667,92.69416667,Mizoram,Aizawl,1,802.0
23.577354,93.102871,Mizoram,Champhai,1,693.0
27.360139954052983,93.10493555201556,,,0,1679.0
25.58194,94.35,Nagaland,Phek,1,1417.0
24.909623684249613,93.87447290119373,,,0,805.0
22.917300844037715,93.09352714429632,,,0,944.0
22.654861,92.894722,Mizoram,Lunglei,1,805.0
27.42244227652296,95.85075906830882,,,0,152.0
24.454953,94.225406,Manipur,Tengnoupal,1,1466.0
28.550354582370723,94.9443921222269,,,0,1519.0
27.21391667,88.60833333,Sikkim,Pakyong,1,813.0
25.028284585405963,91.80751145957686,,,0,12.0
25.629,94.273,Nagaland,Phek,1,1734.0
27.599,91.876528,Arunachal Pradesh,Tawang,1,2945.0
24.94196760759883,93.28875147862703,,,0,193.0
27.143154464863255,88.67931679280342,,,0,1504.0
27.497202165874,92.303440522987,,,0,2854.0
25.49488149159448,94.8043666300697,,,0,2647.0
26.719417,94.660667,Nagaland,Mokokchung,1,211.0
27.922672560668232,88.6890808352432,,,0,4735.0
25.76688539951419,91.75770180094078,,,0,621.0
23.30265,92.742945,Mizoram,Serchhip,1,698.0
23.375533469766797,92.53808770817145,,,0,520.0
27.03698416418896,88.2394350449927,,,0,1330.0
28.97965905309333,95.73181541263516,,,0,2718.0
25.853111,91.881583,Meghalaya,Ri-Bhoi,1,596.0
23.460968,92.597217,Mizoram,Mamit,1,941.0
23.307524,92.857678,Mizoram,Serchhip,1,960.0
24.81583333,93.74019444,Manipur,Noney,1,1254.0
24.881577481327675,93.8566691763603,,,0,797.0
25.80541365772354,91.40928995135332,,,0,185.0
23.246611,92.655112,Mizoram,Lunglei,1,405.0
25.58611214355031,93.45113261612188,,,0,304.0
26.300556,94.844722,Nagaland,Tuensang,1,935.0
28.244851,95.773499,Arunachal Pradesh,Lower Dibang Valley,1,791.0
27.29268,96.024049,Arunachal Pradesh,Changlang,1,237.0
26.262845743121563,95.18724944808224,,,0,1852.0
22.694362346481658,93.11103580968576,,,0,654.0
22.60198316777753,93.29955688677488,,,0,1204.0
27.87823803655157,96.48427150174332,,,0,1633.0
23.189638,92.549889,Mizoram,Lunglei,1,574.0
26.19052,91.77499,Assam,Kamrup (Metro),1,109.0
25.43090073108533,91.94136185139764,,,0,1388.0
27.03829423426937,88.48426614875582,,,0,744.0
23.05479,92.702461,Mizoram,Lunglei,1,903.0
25.18625,93.01629,Assam,Dima Hasao,1,568.0
26.556111,94.783333,Nagaland,Longleng,1,1167.0
23.75180174144104,93.29617543207976,,,0,1302.0
26.094333,94.493639,Nagaland,Zunheboto,1,1515.0
25.688,94.121,Nagaland,Kohima,1,1380.0
28.38945498644092,95.3373235831221,,,0,2232.0
23.57138889,92.70888889,Mizoram,Aizawl,1,834.0
25.82108,92.544,Assam,West Karbi Anglong,1,457.0
23.44138889,92.77888889,Mizoram,Aizawl,1,1331.0
25.870353049862768,92.78859683724588,,,0,90.0
26.067889,94.224889,Nagaland,Wokha,1,1073.0
25.22,93.34,Assam,Dima Hasao,1,1295.0
25.86373020607099,93.79657557351813,,,0,157.0
26.84711358003656,91.86742521514496,,,0,237.0
23.72428333,92.70737778,Mizoram,Aizawl,1,978.0
28.740874,94.866397,Arunachal Pradesh,Upper Siang,1,463.0
28.980295757533952,96.04409977267106,,,0,3757.0
25.18092,91.570335,Meghalaya,East Khasi Hills,1,49.0
27.075253631877523,91.92051830322438,,,0,2584.0
28.153028,95.218294,Arunachal Pradesh,East Siang,1,740.0
27.12737431656187,88.73466161677115,,,0,2864.0
25.025472,93.537028,Manipur,Tamenglong,1,1146.0
24.756089,93.622039,Manipur,Noney,1,910.0
23.62333333,92.78888889,Mizoram,Aizawl,1,229.0
22.844894,92.944511,Mizoram,Lunglei,1,1304.0
25.77368056,94.03548611,Nagaland,Kohima,1,613.0
27.812370704897955,94.36208342460228,,,0,636.0
26.85941718477488,95.15662698019258,,,0,655.0
27.13360070454227,88.57090809085204,,,0,1543.0
23.463164,92.854672,Mizoram,Serchhip,1,1060.0
26.050603,94.634088,Nagaland,Zunheboto,1,1955.0
25.467068457841368,94.2708414391559,,,0,1877.0
23.24014966463398,93.52763433015367,,,0,1924.0
24.42846289164069,92.996341429295,,,0,163.0
29.12540174917162,95.83818476659565,,,0,3212.0
28.1128149948262,95.63270672731568,,,0,213.0
24.51,92.71,Assam,Hailakandi,1,34.0
22.99780025782329,92.57460737386631,,,0,185.0
27.018342,92.6356,Arunachal Pradesh,West Kameng,1,221.0
27.867081509347862,88.56608163984407,,,0,3991.0
22.883429064748302,93.12700386350124,,,0,357.0
25.69506,94.11203,Nagaland,Kohima,1,1288.0
27.254222,88.3005,Sikkim,West Sikkim,1,566.0
26.13222,91.83972,Assam,Kamrup,1,78.0
25.72871952113025,93.03003594667908,,,0,144.0
24.972275091448324,91.3625981618508,,,0,9.0
27.235778,88.506306,Sikkim,East Sikkim,1,429.0
25.045386,92.420764,Meghalaya,East Jaintia Hills,1,181.0
28.294781221202523,95.08185493474156,,,0,1015.0
27.51174789407643,88.29815671110842,,,0,4486.0
25.17505556,93.02041667,Assam,Dima Hasao,1,574.0
27.25748914990653,93.21701055775893,,,0,2216.0
27.318968852629087,92.10352932692658,,,0,3568.0
25.11415421978757,91.69912930060988,,,0,14.0
23.897323698358907,93.96397521147946,,,0,1591.0
27.208222,92.55475,Arunachal Pradesh,West Kameng,1,1147.0
24.922861,93.633144,Manipur,Noney,1,1124.0
27.128694,88.442778,Sikkim,South Sikkim,1,646.0
28.21557747029389,94.40723186578718,,,0,1816.0
25.22781423114434,94.24441621385483,,,0,1162.0
25.0042201901542,93.38802970798793,,,0,410.0
24.99058421817349,94.773762933581,,,0,976.0
27.04998581956779,88.34851544990472,,,0,1835.0
27.295006137633266,95.8327344305189,,,0,252.0
24.66555665697988,93.7734742821276,,,0,774.0
25.599096,91.859289,Meghalaya,East Khasi Hills,1,1279.0
28.106358,95.268592,Arunachal Pradesh,East Siang,1,413.0
23.125686,92.740507,Mizoram,Lunglei,1,802.0
25.71281,94.09194,Nagaland,Kohima,1,1446.0
25.677,94.08,Nagaland,Kohima,1,1285.0
23.71865833,92.72335278,Mizoram,Aizawl,1,949.0
23.739306,92.743111,Mizoram,Aizawl,1,919.0
25.247226,91.671435,Meghalaya,East Khasi Hills,1,341.0
23.51980556,92.70066667,Mizoram,Aizawl,1,773.0
27.44538763676798,93.91911225128848,,,0,2062.0
27.45975281840654,88.10936126466268,,,0,3672.0
24.08103849190516,91.77984119232308,,,0,100.0
25.31143406165837,93.76053481081878,,,0,1754.0
24.517319388549605,94.04461440063506,,,0,986.0
23.285967,92.856546,Mizoram,Serchhip,1,854.0
26.98402216857862,88.4133788431136,,,0,300.0
27.520111,92.997139,Arunachal Pradesh,East Kameng,1,602.0
27.33768013748585,93.6280604251491,,,0,2239.0
27.36552778,88.61596667,Sikkim,Gangtok District,1,1672.0
25.335364,94.169247,Manipur,Senapati,1,1664.0
26.85820386731496,94.86419417849513,,,0,510.0
28.579489869439147,95.80917938043407,,,0,1311.0
25.599247370996075,90.91612029452534,,,0,707.0
27.765480382334463,94.63842453186837,,,0,854.0
25.82940462395372,92.24800789888658,,,0,874.0
23.754493,92.690145,Mizoram,Aizawl,1,689.0
25.07533333,92.36341667,Meghalaya,Jaintia Hills,1,156.0
25.0365,92.780417,Assam,Dima Hasao,1,93.0
28.729371,94.92012,Arunachal Pradesh,Upper Siang,1,446.0
24.816111,93.443917,Manipur,Noney,1,375.0
26.299872806898748,92.54508487524464,,,0,61.0
24.872917,93.779167,Manipur,Kangpokpi,1,1216.0
27.32025,93.053222,Arunachal Pradesh,East Kameng,1,683.0
25.83790702257319,91.97173232932002,,,0,760.0
28.253915,95.578439,Arunachal Pradesh,Lower Dibang Valley,1,445.0
27.457022696313608,93.11697129239911,,,0,866.0
26.94755,93.257521,Assam,Sonitpur,1,125.0
25.158667,93.685222,Manipur,Tamenglong,1,1004.0
25.025147915360595,93.81369444281142,,,0,1967.0
27.4550538808094,88.69132223782093,,,0,2450.0
22.19,92.69,Mizoram,Lawngtlai,1,216.0
23.17824,92.491031,Mizoram,Lunglei,1,762.0
27.07964636802478,88.81293910064514,,,0,2119.0
26.12532441793557,92.5472483549945,,,0,61.0
28.69167394459509,95.27345286296833,,,0,3147.0
25.078134729084653,93.10385662127604,,,0,489.0
28.135056,95.145444,Arunachal Pradesh,East Siang,1,278.0
27.31399555164934,93.9327894968498,,,0,305.0
25.29531069029224,90.58233477984146,,,0,141.0
28.270641965863923,96.1584266837044,,,0,2264.0
23.769697463795943,93.2149613888825,,,0,904.0
25.19501048845342,91.32361047217844,,,0,150.0
22.46,92.69,Mizoram,Lawngtlai,1,1034.0
25.67291111,94.23135278,Nagaland,Kohima,1,968.0
27.269595227382485,92.62388461649029,,,0,1331.0
25.63,94.25,Nagaland,Phek,1,1026.0
22.895235,92.747812,Mizoram,Lunglei,1,1010.0
24.729720447909457,93.98593497738636,,,0,782.0
23.22966667,91.49532222,Tripura,South Tripura,1,51.0
27.803972,93.543083,Arunachal Pradesh,Kurung Kumey,1,941.0
25.302544,91.925218,Meghalaya,East Khasi Hills,1,1184.0
26.256833,95.096639,Nagaland,Tuensang,1,1285.0
25.387488501957503,94.00919341535835,,,0,1525.0
27.238515,88.48812389,Sikkim,East Sikkim,1,398.0
22.71338993986546,93.1426647999376,,,0,1302.0
24.94591092408327,91.78509945313571,,,0,8.0
27.370472,88.686417,Sikkim,East Sikkim,1,2752.0
25.86975974215056,92.80473562744729,,,0,90.0
28.618831116430076,95.44062327095487,,,0,2378.0
25.514062732295248,93.60254023620224,,,0,869.0
26.525823605836013,94.26865779489243,,,0,335.0
26.331333,94.280389,Nagaland,Wokha,1,864.0
26.323032087951017,94.9849418443049,,,0,1947.0
25.78738020094292,91.51876084754912,,,0,687.0
24.659389,92.497361,Assam,Karimganj,1,33.0
26.307337813005805,91.9386874152392,,,0,56.0
27.171639,88.159333,Sikkim,West Sikkim,1,1401.0
25.21565001855225,92.59798222665212,,,0,1321.0
25.85498,93.56638,Assam,Karbi Anglong,1,249.0
27.137694,88.401556,Sikkim,South Sikkim,1,1849.0
25.265578,94.064836,Manipur,Senapati,1,1353.0
27.011413323641843,88.46877101500087,,,0,304.0
27.31960050838113,92.06282927116456,,,0,3624.0
27.49577289199552,93.81025909381395,,,0,1513.0
28.270582525138813,95.0559736860037,,,0,1391.0
25.910583,94.206417,Nagaland,Kohima,1,1315.0
23.65475,92.690083,Mizoram,Aizawl,1,860.0
23.55444444,92.70527778,Mizoram,Aizawl,1,826.0
25.727533473588437,95.0008749252962,,,0,2995.0
26.344913292408343,94.19114799780871,,,0,242.0
25.243783,91.738698,Meghalaya,East Khasi Hills,1,1091.0
25.759278,91.882861,Meghalaya,Ri-Bhoi,1,771.0
27.239333,93.745,Arunachal Pradesh,Papum Pare,1,410.0
23.70972222,92.72222222,Mizoram,Aizawl,1,918.0
25.122,93.025,Assam,Dima Hasao,1,691.0
23.59194444,92.75055556,Mizoram,Aizawl,1,701.0
25.787,91.876583,Meghalaya,Ri-Bhoi,1,736.0
23.603629,93.355925,Mizoram,Champhai,1,1373.0
25.81689,92.71744,Assam,West Karbi Anglong,1,214.0
22.68,92.59,Mizoram,Lawngtlai,1,132.0
25.413086,94.526303,Manipur,Ukhrul,1,1149.0
24.686651,94.258667,Manipur,Kamjong,1,1372.0
23.512147,93.359164,Mizoram,Champhai,1,1299.0
24.814333,93.428306,Manipur,Noney,1,417.0
27.54816682557525,88.73313412231866,,,0,3337.0
22.689457529292888,93.0598726752434,,,0,1222.0
27.01003331100887,88.6324065576368,,,0,1307.0
25.19479460126337,93.44313702840265,,,0,900.0
26.47699196815306,92.08454350586304,,,0,65.0
24.33,93.67,Manipur,Churachandpur,1,939.0
22.913414,92.754501,Mizoram,Lunglei,1,1169.0
23.245819,92.798233,Mizoram,Serchhip,1,868.0
27.759556,94.712333,Arunachal Pradesh,West Siang,1,455.0
25.52791176033209,90.53488304304616,,,0,369.0
25.15764395878256,92.63734844751858,,,0,1280.0
22.149567616750097,92.53777134958922,,,0,300.0
25.179194,94.526528,Manipur,Ukhrul,1,1293.0
25.041083,92.783111,Assam,Dima Hasao,1,91.0
27.179278,88.190972,Sikkim,West Sikkim,1,1969.0
23.59885171510463,93.4307831765234,,,0,1032.0
25.331948,91.661011,Meghalaya,East Khasi Hills,1,1546.0
28.69170068675204,95.6894349466702,,,0,2856.0
25.887003728852964,93.89634377704508,,,0,160.0
27.22031722047677,95.52096472626552,,,0,209.0
24.439057442847805,93.30538187492763,,,0,419.0
25.18955556,93.09641667,Assam,Dima Hasao (N.C. Hills),1,535.0
26.562222,94.773056,Nagaland,Longleng,1,1174.0
22.37,92.63,Mizoram,Lawngtlai,1,113.0
27.215611,93.123139,Arunachal Pradesh,East Kameng,1,1268.0
28.954822129376577,95.91884803294458,,,0,3812.0
23.627670462210265,92.4675775998353,,,0,685.0
26.52997199535,95.21197376322488,,,0,1851.0
23.99845111933057,92.55763763976144,,,0,88.0
25.623067,94.114196,Nagaland,Kohima,1,1593.0
22.14516914769777,92.5398542142039,,,0,287.0
25.44857048527436,94.70351744061972,,,0,2177.0
28.252507,95.781741,Arunachal Pradesh,Lower Dibang Valley,1,764.0
22.893372,92.946724,Mizoram,Lunglei,1,539.0
27.629361,88.695194,Sikkim,North Sikkim,1,2095.0
24.18,92.54,Mizoram,Kolasib,1,82.0
26.178805151965044,95.1113146640731,,,0,2472.0
22.35,92.74,Mizoram,Lawngtlai,1,286.0
28.744078,94.86976,Arunachal Pradesh,Upper Siang,1,468.0
26.47033569451485,94.91239690861109,,,0,694.0
27.460656,96.412177,Arunachal Pradesh,Changlang,1,637.0
23.546627,93.381058,Mizoram,Champhai,1,1660.0
27.7257,93.9656,Arunachal Pradesh,Lower Subansiri,1,537.0
24.83986831349916,94.78971891897696,,,0,192.0
24.9770043176136,94.29376945587444,,,0,1046.0
25.57159169075814,94.70926121216856,,,0,2048.0
26.19244444,91.76422222,Assam,Kamrup (Metro),1,101.0
27.61424946875936,91.72880780476734,,,0,2400.0
23.58694444,92.8175,Mizoram,Aizawl,1,633.0
28.100914,96.449162,Arunachal Pradesh,Anjaw,1,1304.0
27.859811995753088,93.5683505549482,,,0,1259.0
25.330042624294496,93.81531381878057,,,0,1598.0
25.412958,93.242826,Assam,Dima Hasao,1,600.0
23.837251205317003,92.44819085158674,,,0,318.0
25.309969,92.69525,Meghalaya,East Jaintia Hills,1,1157.0
25.101083,93.620333,Manipur,Tamenglong,1,1095.0
24.24472222,92.69111111,Mizoram,Kolasib,1,426.0
27.1273167927971,94.00404971409594,,,0,86.0
25.321861,94.523839,Manipur,Ukhrul,1,1247.0
24.71301175234067,94.45633515275098,,,0,705.0
25.09609930561077,91.82249676903766,,,0,14.0
27.282,88.415028,Sikkim,South Sikkim,1,1380.0
27.352092155211377,92.67650922334998,,,0,2181.0
28.638336,95.856331,Arunachal Pradesh,Dibang Valley,1,897.0
24.768202040937613,92.81681487440548,,,0,28.0
28.061030754751528,96.20626869696017,,,0,1871.0
25.929976650773565,91.00481140969374,,,0,68.0
25.92395642365693,92.10984028993526,,,0,823.0
25.126167,94.456278,Manipur,Ukhrul,1,1876.0
28.09703132137903,95.98146389447152,,,0,887.0
23.454924,93.260137,Mizoram,Champhai,1,780.0
25.579,93.87,Nagaland,Peren,1,1621.0
25.337547518761387,92.20795303195985,,,0,1214.0
27.394,88.62525,Sikkim,East Sikkim,1,1577.0
23.54583333,92.71861111,Mizoram,Aizawl,1,847.0
27.74842462912835,93.90371719580534,,,0,1453.0
23.28621,92.857249,Mizoram,Serchhip,1,836.0
22.483999,92.954002,Mizoram,Saiha,1,511.0
25.61948662067585,94.9938400242858,,,0,920.0
24.94445137592866,93.28476694074914,,,0,382.0
27.25236891965298,93.86486662482632,,,0,227.0
26.93633657127507,88.22952395348761,,,0,1089.0
26.081472,95.02625,Nagaland,Noklak,1,1836.0
28.25521343589789,96.01819168049664,,,0,1966.0
27.504801969702104,88.82215113974267,,,0,4425.0
24.57390007974165,94.18104223928702,,,0,1140.0
25.682333,94.760111,Nagaland,Phek,1,1598.0
25.631122,94.748497,Nagaland,Phek,1,1997.0
25.956333,91.85725,Meghalaya,Ri-Bhoi,1,400.0
25.05664169035246,93.7543327191204,,,0,1764.0
22.64602533504901,92.34581207950272,,,0,64.0
28.10679002917126,95.36313581811793,,,0,188.0
23.615,92.79222222,Mizoram,Aizawl,1,331.0
25.673472,94.716222,Nagaland,Phek,1,1204.0
27.400278,88.356861,Sikkim,West Sikkim,1,1566.0
25.91422,92.49972,Assam,West Karbi Anglong,1,317.0
24.077014,92.790809,Mizoram,Aizawl,1,933.0
27.330021007810725,92.6640583495988,,,0,1780.0
25.68625,94.043194,Nagaland,Kohima,1,997.0
22.963326101815216,93.45560524494368,,,0,1237.0
23.58611111,92.72944444,Mizoram,Aizawl,1,610.0
25.19732379271377,92.91506191786692,,,0,800.0
25.69150833,91.64160833,Meghalaya,Eastern-West Khasi Hill,1,1338.0
24.099377712383937,93.02221651638924,,,0,112.0
23.57055556,92.70888889,Mizoram,Aizawl,1,904.0
23.41,92.74944444,Mizoram,Aizawl,1,1224.0
22.892977,92.947433,Mizoram,Lunglei,1,536.0
25.68436111,94.20497222,Nagaland,Kohima,1,919.0
25.44716111,91.59067778,Meghalaya,East Khasi Hills,1,1635.0
24.55987778,93.12541667,Mizoram,Kolasib,1,334.0
25.568372,93.733314,Nagaland,Peren,1,1186.0
25.067194,94.632972,Manipur,Ukhrul,1,1316.0
24.500628551283647,93.49756172616604,,,0,592.0
27.221778,88.390861,Sikkim,South Sikkim,1,1589.0
26.73052778,94.83911111,Nagaland,Longleng,1,301.0
26.089806,94.349306,Nagaland,Wokha,1,1035.0
23.021052641476278,92.51226874236362,,,0,214.0
23.730863823082966,92.4569075852704,,,0,384.0
25.22194444,91.38422222,Meghalaya,East Khasi Hills,1,240.0
23.152955895856643,93.44034302689128,,,0,1448.0
25.266939,91.383208,Meghalaya,South West Khasi Hills,1,751.0
24.11,93.53,Manipur,Churachandpur,1,661.0
25.09509572800219,93.54096599574882,,,0,1239.0
25.47016915730909,91.98496020445916,,,0,1633.0
26.187773041050715,93.91843047662972,,,0,115.0
25.062950617549003,93.95066335945845,,,0,1173.0
23.674694,92.597361,Mizoram,Mamit,1,1033.0
25.23151478774189,93.53109348128208,,,0,1521.0
24.66675760802269,94.51101209439396,,,0,501.0
24.301806,94.059917,Manipur,Chandel,1,1316.0
26.13379,94.632141,Nagaland,Zunheboto,1,1236.0
24.894359,94.320541,Manipur,Kamjong,1,1306.0
23.82527778,92.8325,Mizoram,Aizawl,1,400.0
27.379639,88.315361,Sikkim,West Sikkim,1,1516.0
26.461169917372523,95.14601891173656,,,0,2003.0
27.82870987724254,93.76652202832835,,,0,1689.0
27.164528,88.348472,Sikkim,South Sikkim,1,1099.0
29.003285522753423,96.05239459016812,,,0,3649.0
27.041190997272032,93.06056521046548,,,0,901.0
27.40031659595395,93.1880073606057,,,0,2102.0
23.60805556,92.74083333,Mizoram,Aizawl,1,808.0
23.802772,91.272189,Tripura,West Tripura,1,19.0
26.936043,95.370996,Arunachal Pradesh,Tirap,1,408.0
23.395375,93.369426,Mizoram,Champhai,1,1237.0
26.679143022188374,93.2414021058275,,,0,62.0
25.65792,93.11811,Assam,Dima Hasao,1,357.0
24.21,93.21,Manipur,Pherzawl,1,852.0
27.176,88.429556,Sikkim,South Sikkim,1,1623.0
26.110811619652885,91.56705989511742,,,0,49.0
26.42545881651148,95.1989670728862,,,0,982.0
23.046442,92.772974,Mizoram,Lunglei,1,1035.0
27.116194,92.543111,Arunachal Pradesh,West Kameng,1,1331.0
27.158944,88.427111,Sikkim,South Sikkim,1,1586.0
28.77363,95.869239,Arunachal Pradesh,Dibang Valley,1,1307.0
27.41829920824,88.41804159583634,,,0,2806.0
27.064499004548363,88.63346491749382,,,0,1686.0
27.697139,88.57025,Sikkim,North Sikkim,1,2337.0
25.044833,92.429333,Meghalaya,East Jaintia Hills,1,248.0
26.202167,95.017889,Nagaland,Noklak,1,1492.0
25.450464,92.095806,Meghalaya,West Jaintia Hills,1,1078.0
25.053149290331493,93.10229144029996,,,0,394.0
23.42127048647147,92.54693608544684,,,0,395.0
25.80299116855745,93.6455692511598,,,0,166.0
25.72739,94.10103,Nagaland,Kohima,1,1234.0
25.768275276258112,90.8618695842079,,,0,588.0
25.651,94.514833,Nagaland,Phek,1,1211.0
28.136058558435515,96.11936758285762,,,0,2097.0
27.255861673548523,88.87229000195792,,,0,3341.0
28.31766058417336,94.00733321129356,,,0,2335.0
23.900770382246343,93.49625638319662,,,0,932.0
24.722227995760704,93.86429145004314,,,0,773.0
23.931478284932787,93.40147798013967,,,0,853.0
28.2688837955356,96.71911156761377,,,0,3419.0
25.259868206665224,93.96265858673276,,,0,1782.0
25.615,93.944,Nagaland,Kohima,1,1723.0
28.18525,96.53256,Arunachal Pradesh,Anjaw,1,1079.0
27.129861,88.266222,Sikkim,West Sikkim,1,396.0
26.17756,91.76589,Assam,Kamrup (Metro),1,96.0
26.156533176774825,92.54149797153391,,,0,60.0
24.910619,94.321092,Manipur,Kamjong,1,1052.0
23.459737,93.044479,Mizoram,Champhai,1,1253.0
27.53187408528258,88.41396031841568,,,0,2364.0
24.24712646119223,94.37398516656656,,,0,171.0
28.12922947834532,95.3700311898438,,,0,221.0
22.101233037163155,92.52591956861158,,,0,307.0
23.72058121866515,93.56002968156156,,,0,1538.0
25.877753230860773,93.81322712675288,,,0,152.0
22.282529961279973,92.82426245227435,,,0,256.0
27.809028217437582,94.55279045782568,,,0,632.0
23.933904,92.673871,Mizoram,Aizawl,1,225.0
27.15572226411232,96.25996443490644,,,0,627.0
24.930056,93.797167,Manipur,Kangpokpi,1,1405.0
22.405001,92.861,Mizoram,Lawngtlai,1,654.0
24.965627433008056,93.95742764521576,,,0,985.0
25.148760008438494,93.55027965777369,,,0,599.0
24.32,93.15,Manipur,Pherzawl,1,733.0
26.750637544416087,94.89071083892708,,,0,554.0
22.573833,92.917519,Mizoram,Lawngtlai,1,998.0
23.346456,92.851511,Mizoram,Serchhip,1,906.0
26.768833,95.086194,Nagaland,Mon,1,992.0
27.47072771238378,88.08410708144918,,,0,4602.0
22.99175812074872,92.6173455390601,,,0,237.0
25.04802253678809,93.79358685408184,,,0,1274.0
25.086106363351536,91.5412689213735,,,0,14.0
27.411306,88.516611,Sikkim,North Sikkim,1,608.0
23.62833333,92.72333333,Mizoram,Aizawl,1,797.0
28.23726267098333,95.39487058702154,,,0,1486.0
25.89197466669678,91.06390217557524,,,0,70.0
25.434405746537628,94.7140371914928,,,0,1870.0
25.426194,92.180472,Meghalaya,West Jaintia Hills,1,1360.0
27.420722,93.011083,Arunachal Pradesh,East Kameng,1,481.0
26.845472,95.077639,Nagaland,Mon,1,254.0
25.519556,91.266444,Meghalaya,South West Khasi Hills,1,1333.0
25.095282273212675,93.48854215309376,,,0,387.0
24.898443139148164,92.361338377449,,,0,22.0
27.104219263459758,88.54711226360128,,,0,1685.0
23.89138889,92.84888889,Mizoram,Aizawl,1,568.0
24.49454589161481,94.3119810535947,,,0,667.0
25.695552,91.903777,Meghalaya,East Khasi Hills,1,879.0
23.73222222,92.75,Mizoram,Aizawl,1,944.0
27.186611,88.206278,Sikkim,West Sikkim,1,1671.0
25.23676764347861,92.57072345981165,,,0,912.0
27.1545,88.275667,Sikkim,West Sikkim,1,755.0
24.304417,94.243889,Manipur,Tengnoupal,1,702.0
25.899894,94.624047,Nagaland,Kiphire,1,1825.0
27.31125617420107,91.82220827142156,,,0,3474.0
26.075944778257888,92.51883088875522,,,0,113.0
27.4097,88.54371,Sikkim,North Sikkim,1,1517.0
26.26336111,94.81563889,Nagaland,Tuensang,1,1298.0
25.034948,92.778753,Assam,Dima Hasao,1,88.0
23.319531261247704,92.53373871619108,,,0,876.0
25.010531122895383,92.1471549624506,,,0,14.0
23.367366,92.767304,Mizoram,Aizawl,1,1144.0
23.784060110735915,93.25495565186714,,,0,1834.0
24.900321678265968,93.28394444294857,,,0,218.0
24.62780092132388,93.83675331476304,,,0,775.0
27.26616667,88.72697222,Sikkim,East Sikkim,1,1914.0
22.999076647749057,92.36128288713785,,,0,73.0
25.53939601816392,90.9222818764121,,,0,661.0
28.155083793315043,95.66640873576456,,,0,221.0
22.54118726690424,93.22600337655156,,,0,716.0
23.27527726927669,92.95696510620076,,,0,460.0
24.800125,93.700025,Manipur,Noney,1,687.0
24.5606,93.13071389,Mizoram,Kolasib,1,464.0
26.760194,95.107778,Nagaland,Mon,1,899.0
23.95496661392326,93.41769022217704,,,0,1031.0
22.221548628850844,92.52356914746566,,,0,135.0
25.587111,91.498556,Meghalaya,West Khasi Hills,1,1567.0
27.54750638498327,93.25655189402696,,,0,1802.0
27.155306,88.390278,Sikkim,South Sikkim,1,1198.0
24.665650336319064,94.63974275617016,,,0,497.0
27.88929747726949,93.7282056416175,,,0,2077.0
26.989112989840773,93.38061826194716,,,0,624.0
27.20028173264112,93.99954959492314,,,0,97.0
25.186389,94.52025,Manipur,Ukhrul,1,1458.0
27.22858300248867,92.20540975032566,,,0,2822.0
26.93795140246892,94.8969527187292,,,0,118.0
24.109896456569555,92.7159180057664,,,0,212.0
25.244199828565066,94.6628199205676,,,0,1744.0
24.32876476700946,94.41153955953452,,,0,175.0
23.222652,92.940269,Mizoram,Serchhip,1,409.0
25.61597,94.09208,Nagaland,Kohima,1,2250.0
25.97337073291488,93.90084387243444,,,0,148.0
24.9166956985846,92.31233451284363,,,0,22.0
26.89074,92.12068,Assam,Udalguri,1,228.0
25.81,91.02,Meghalaya,West Khasi Hills,1,431.0
23.496347,93.310454,Mizoram,Champhai,1,1523.0
23.20190443342989,92.34545504394174,,,0,310.0
25.03964513017345,91.57991017550128,,,0,7.0
22.403697591657743,92.80603590955404,,,0,263.0
25.003510343411747,93.80016291697386,,,0,1851.0
27.10954756444438,88.63449387297894,,,0,1815.0
25.172918,92.995982,Assam,Dima Hasao,1,429.0
25.12637277507743,93.45584325252824,,,0,814.0
25.40858138321744,91.28480626421371,,,0,1386.0
24.813889,93.245222,Manipur,Tamenglong,1,139.0
23.966917,93.041473,Mizoram,Aizawl,1,1106.0
27.68083629933133,94.22565193152326,,,0,1417.0
24.958102831067624,94.07508978291423,,,0,841.0
23.305259,92.809736,Mizoram,Serchhip,1,488.0
26.179958794956136,93.9882960053682,,,0,114.0
24.865153991786364,92.26151133097676,,,0,17.0
25.369972,93.260306,Assam,Dima Hasao,1,371.0
25.971897,91.562372,Meghalaya,Ri-Bhoi,1,280.0
23.795444,93.04039,Mizoram,Aizawl,1,530.0
23.00011111,92.67905556,Mizoram,Kolasib,1,529.0
25.1,93.28,Assam,Dima Hasao,1,909.0
25.64635143194731,94.96508426830778,,,0,1332.0
22.241468734077745,92.80887782974048,,,0,396.0
26.52185065398377,95.21625380444657,,,0,2012.0
27.56236509745358,94.17000988181492,,,0,652.0
23.428061,93.339182,Mizoram,Champhai,1,1294.0
22.826855,92.971519,Mizoram,Lunglei,1,1274.0
23.198961,92.590043,Mizoram,Lunglei,1,687.0
26.321458262756597,92.0918445024278,,,0,47.0
28.27138,95.90606,Arunachal Pradesh,Lower Dibang Valley,1,2413.0
26.1434,94.633527,Nagaland,Zunheboto,1,1394.0
27.12322980069577,93.43846450863649,,,0,1270.0
27.937861,94.702139,Arunachal Pradesh,Lepa rada,1,913.0
28.260051,94.984752,Arunachal Pradesh,East Siang,1,286.0
25.039063395500094,92.2900062200064,,,0,22.0
24.751139,93.462806,Manipur,Noney,1,477.0
27.327333,93.043611,Arunachal Pradesh,East Kameng,1,804.0
27.12011795834877,88.69510463687618,,,0,1845.0
27.188528,88.501194,Sikkim,East Sikkim,1,394.0
23.097,92.696358,Mizoram,Lunglei,1,927.0
27.994349756801483,93.27965157774476,,,0,2776.0
28.207796,95.807742,Arunachal Pradesh,Lower Dibang Valley,1,908.0
23.186133,92.735682,Mizoram,Lunglei,1,850.0
24.09816771861277,93.83062318939054,,,0,991.0
25.51776807662072,94.056582615118,,,0,2393.0
26.792579683905338,95.360618902876,,,0,645.0
27.10570556,88.35308056,Sikkim,Namchi,1,489.0
23.737167,92.557167,Mizoram,Mamit,1,734.0
23.479667,93.225722,Mizoram,Champhai,1,1003.0
27.399256483526504,93.22115318418308,,,0,2409.0
25.14677778,93.03097222,Assam,Dima Hasao (N.C. Hills),1,483.0
25.356461,92.006278,Meghalaya,West Jaintia Hills,1,919.0
27.24749902328965,93.91143587171342,,,0,175.0
25.002006415423445,93.28776288206826,,,0,355.0
25.185798506610432,92.75920828391772,,,0,1189.0
28.265532,95.549321,Arunachal Pradesh,Lower Dibang Valley,1,513.0
25.55389171483171,91.0096224821618,,,0,818.0
27.311231,93.04677,Arunachal Pradesh,East Kameng,1,937.0
27.217667,88.234639,Sikkim,West Sikkim,1,1196.0
28.609263,95.856878,Arunachal Pradesh,Dibang Valley,1,679.0
26.627766159655227,93.1726107334332,,,0,69.0
24.14,94.07,Manipur,Chandel,1,1452.0
24.22,94.11,Manipur,Chandel,1,1158.0
25.631,94.174,Nagaland,Kohima,1,1114.0
25.899241041505647,93.70353231698998,,,0,159.0
26.92666,92.73966,Assam,Sonitpur,1,156.0
24.125294,92.805847,Mizoram,Aizawl,1,703.0
23.563776938833865,92.9385885949168,,,0,1418.0
24.517113993314112,94.38848099630768,,,0,373.0
28.06006,96.44636,Arunachal Pradesh,Anjaw,1,652.0
23.235651,92.673058,Mizoram,Lunglei,1,886.0
25.22466367294935,93.4578336702828,,,0,1008.0
26.196222,95.020722,Nagaland,Noklak,1,1349.0
29.042320463884053,95.83408390434012,,,0,2272.0
27.045066231397428,93.36245936109368,,,0,264.0
21.91760907537948,92.4951925137072,,,0,487.0
28.77177874542677,96.0060551732494,,,0,2898.0
25.70552108964985,93.8444553329443,,,0,352.0
23.899305,93.015587,Mizoram,Aizawl,1,1066.0
25.62905598694065,92.613324293643,,,0,745.0
24.49112222,93.62215556,Mizoram,Aizawl,1,1216.0
25.177028,93.020889,Assam,Dima Hasao,1,571.0
28.29543994739064,95.6765037742148,,,0,391.0
24.391361,94.154361,Manipur,Tengnoupal,1,1312.0
27.51960894702936,93.69108339496113,,,0,1733.0
25.4622932811482,94.23832674673248,,,0,1465.0
25.348394,91.762714,Meghalaya,East Khasi Hills,1,1547.0
27.57021723832512,88.72628187797254,,,0,3789.0
24.413873,92.241309,Tripura,North Tripura,1,57.0
28.360009938225627,95.8641907227637,,,0,1995.0
23.32351259912172,92.9699378337546,,,0,1533.0
26.42608,94.398916,Nagaland,Mokokchung,1,865.0
25.439370874017445,94.240131672239,,,0,1979.0
26.03971176903013,92.65555373291602,,,0,64.0
28.0656397003685,95.82822006819649,,,0,220.0
24.764917,93.46125,Manipur,Noney,1,458.0
25.238186355464336,94.62751435170192,,,0,2259.0
27.96325,96.40097,Arunachal Pradesh,Lohit,1,526.0
28.265803,95.570892,Arunachal Pradesh,Lower Dibang Valley,1,540.0
23.42561533961639,93.5344195779576,,,0,827.0
27.269861,88.178139,Sikkim,West Sikkim,1,1312.0
25.652,94.121,Nagaland,Kohima,1,1288.0
28.40481562016006,95.97795462960774,,,0,1316.0
25.585389,91.1765,Meghalaya,West Khasi Hills,1,1211.0
27.90772,96.34517,Arunachal Pradesh,Lohit,1,1155.0
27.795283465798327,94.82035193680817,,,0,730.0
24.1,93.28,Manipur,Churachandpur,1,1184.0
25.6074849592617,93.58980614436788,,,0,398.0
24.19,93.97,Manipur,Chandel,1,871.0
25.55994267317741,93.5885821458031,,,0,320.0
28.21909,95.791084,Arunachal Pradesh,Lower Dibang Valley,1,1009.0
28.1070491153964,94.89340441666651,,,0,832.0
28.25203,96.54264,Arunachal Pradesh,Anjaw,1,1886.0
24.974242517815465,91.58459326250184,,,0,16.0
23.602028,93.083824,Mizoram,Champhai,1,1167.0
26.91774263462769,95.13651732232906,,,0,197.0
26.95353191154477,88.49311950826107,,,0,1139.0
25.695402888336957,91.83516061759568,,,0,861.0
25.12178923084142,94.15211957587096,,,0,969.0
28.607425837399028,96.00731057031238,,,0,2341.0
24.67825682327483,94.5661149900976,,,0,229.0
23.630914,93.079723,Mizoram,Champhai,1,963.0
25.86877248392511,90.96485121528826,,,0,219.0
25.18352981519852,93.48332751734787,,,0,1138.0
23.409674,92.750935,Mizoram,Aizawl,1,1183.0
25.671957,94.231096,Nagaland,Phek,1,922.0
27.757981601614475,94.21538731196424,,,0,801.0
25.643494,91.159222,Meghalaya,West Khasi Hills,1,1214.0
25.621,94.212,Nagaland,Phek,1,937.0
22.300229780909376,92.53631368374847,,,0,497.0
25.188327,91.761486,Meghalaya,East Khasi Hills,1,144.0
23.926427457736867,91.45254076001754,,,0,47.0
27.42604531175644,88.03261758115629,,,0,4279.0
23.900694,93.015587,Mizoram,Aizawl,1,1077.0
23.52722222,92.70055556,Mizoram,Aizawl,1,811.0
27.72321571487151,96.34478549520011,,,0,933.0
27.499316864977136,88.96905330025542,,,0,3900.0
23.76972222,92.74472222,Mizoram,Aizawl,1,1153.0
27.797806,93.96175,Arunachal Pradesh,Upper Subansiri,1,441.0
26.981322387216903,88.34700512701805,,,0,1473.0
24.74769981415444,94.8019532284959,,,0,123.0
25.435741634484955,93.80702151566148,,,0,1426.0
26.979710414033995,93.7854548496292,,,0,89.0
25.095525167095747,93.55788888666832,,,0,1327.0
24.506528,94.180389,Manipur,Chandel,1,1516.0
26.723,95.029139,Nagaland,Mon,1,720.0
25.240315,91.733388,Meghalaya,East Khasi Hills,1,1096.0
24.869085729367637,94.044195012218,,,0,787.0
27.212222,88.587889,Sikkim,East Sikkim,1,1399.0
27.08095889707467,95.98474804530152,,,0,1701.0
22.58670148094741,92.5847253495672,,,0,312.0
25.895111,94.650258,Nagaland,Kiphire,1,2055.0
26.176111,95.023639,Nagaland,Noklak,1,850.0
24.494794481099568,93.44692612677916,,,0,516.0
27.257083,88.65975,Sikkim,East Sikkim,1,1642.0
28.223799973420288,95.70325019447124,,,0,231.0
27.216778,93.074944,Arunachal Pradesh,East Kameng,1,1076.0
25.23235427021079,93.7943590153532,,,0,1643.0
23.41333333,92.73972222,Mizoram,Aizawl,1,1129.0
27.868950837226144,94.9013055213445,,,0,370.0
25.096611,94.551028,Manipur,Ukhrul,1,1650.0
27.317270829486308,92.86606829028015,,,0,983.0
23.490115862980208,93.49422629614638,,,0,1410.0
25.436875,91.06105,Meghalaya,West Khasi Hills,1,685.0
23.932181725660413,93.84658456963749,,,0,1677.0
25.23779060654804,93.66647947961044,,,0,843.0
26.845557232230057,94.95559950999755,,,0,618.0
25.790574594332448,94.59254661070668,,,0,1802.0
22.91745801283076,92.61553395817124,,,0,158.0
24.19111111,92.60222222,Mizoram,Kolasib,1,183.0
28.588692984349866,95.67734503295902,,,0,2624.0
24.112603661503627,93.68637779427992,,,0,1149.0
27.330435199368868,88.99346245784787,,,0,2778.0
25.02414354067072,92.26782921393368,,,0,13.0
26.958104847313965,88.08196310261303,,,0,1439.0
23.83111111,92.83138889,Mizoram,Aizawl,1,342.0
23.948917,93.038719,Mizoram,Aizawl,1,1053.0
28.963981,95.808627,Arunachal Pradesh,Dibang Valley,1,1546.0
23.87964561600756,93.72048547172037,,,0,1306.0
28.254509,95.581558,Arunachal Pradesh,Lower Dibang Valley,1,423.0
25.243358,91.747094,Meghalaya,East Khasi Hills,1,1117.0
25.388553613150744,91.29441030060804,,,0,1449.0
25.781246,91.874475,Meghalaya,Ri-Bhoi,1,698.0
22.65,92.67,Mizoram,Lunglei,1,371.0
28.994626300451277,96.01266297978016,,,0,3471.0
25.447378,94.049444,Manipur,Senapati,1,1357.0
23.288105,92.857432,Mizoram,Serchhip,1,862.0
25.488716311718825,94.77121942637636,,,0,2480.0
22.17,93.01,Mizoram,Saiha,1,970.0
23.55198447439724,92.51760155431089,,,0,186.0
22.83528,92.80519,Mizoram,Lunglei,1,1229.0
24.22416667,92.97638889,Mizoram,Aizawl,1,672.0
25.03028090358857,92.9299221471335,,,0,353.0
22.673,92.844002,Mizoram,Lunglei,1,906.0
27.089394,95.729849,Arunachal Pradesh,Changlang,1,779.0
25.41163052179808,94.87193833780788,,,0,1634.0
27.078472,93.605639,Arunachal Pradesh,Papum Pare,1,234.0
26.093972,94.217417,Nagaland,Wokha,1,1117.0
26.531196858997912,95.217384724342,,,0,1764.0
23.182466,92.487731,Mizoram,Lunglei,1,785.0
25.78311087383422,92.3698800558706,,,0,720.0
25.471556,93.726778,Nagaland,Peren,1,1534.0
22.458916,92.886108,Mizoram,Lawngtlai,1,945.0
27.130056,88.412944,Sikkim,South Sikkim,1,1731.0
23.733222,92.557833,Mizoram,Mamit,1,710.0
27.85447422981902,94.52763387266234,,,0,1584.0
25.2175575296405,93.91725885613292,,,0,1517.0
24.71810073982838,94.54518518016476,,,0,329.0
25.17483,93.019861,Assam,Dima Hasao,1,650.0
25.987385258793587,93.79893255046478,,,0,136.0
27.38155556,88.63883333,Sikkim,East Sikkim,1,1696.0
29.10060437014509,96.06314149751184,,,0,2522.0
23.56332778,93.10553333,Mizoram,Kolasib,1,724.0
24.639311,93.691111,Manipur,Noney,1,1272.0
27.72113611566584,93.770859236973,,,0,1883.0
25.27707832751902,92.93766830138746,,,0,658.0
26.601736798996622,95.23802151105475,,,0,1056.0
24.938765441490105,92.01934150760964,,,0,19.0
24.04,94.08,Manipur,Chandel,1,973.0
22.738477883445174,93.09994888029564,,,0,401.0
28.54600894572948,95.89796176414762,,,0,2397.0
25.818947,94.8075,Nagaland,Kiphire,1,742.0
26.037139,94.258306,Nagaland,Wokha,1,1436.0
23.954563240003523,92.58955734032702,,,0,586.0
26.13231559562409,94.94249711979602,,,0,1431.0
23.70272,92.71631,Mizoram,Aizawl,1,1097.0
24.983194,93.500417,Manipur,Noney,1,1225.0
22.375,92.858002,Mizoram,Lawngtlai,1,361.0
23.410218,93.343897,Mizoram,Champhai,1,1307.0
25.34522002540479,94.67804897109286,,,0,1442.0
22.11,92.85,Mizoram,Saiha,1,295.0
25.696,94.318,Nagaland,Phek,1,1511.0
23.036246228579746,92.5286000330039,,,0,271.0
22.77480399589162,93.103275457741,,,0,425.0
25.318161,92.687219,Meghalaya,East Jaintia Hills,1,904.0
24.228111,92.287417,Tripura,North Tripura,1,64.0
23.62358561507385,92.45237099736994,,,0,441.0
25.649428,94.737028,Nagaland,Phek,1,1797.0
23.460006938799,93.60814556347704,,,0,1331.0
27.936476168185028,94.0232603629312,,,0,1659.0
27.258845300261036,88.88069501762229,,,0,3518.0
23.21509545073664,93.40388819438952,,,0,909.0
26.424167,94.863889,Nagaland,Longleng,1,637.0
26.57411,93.09811,Assam,Nagaon,1,89.0
25.246748636835477,90.9237039803321,,,0,551.0
26.571222,95.096361,Nagaland,Mon,1,1407.0
25.851617,94.528211,Nagaland,Kiphire,1,913.0
24.895816626993614,92.3363037636651,,,0,17.0
25.15139452857288,92.30995264458242,,,0,86.0
25.486262014738244,93.83352443914444,,,0,900.0
25.123,93.034,Assam,Dima Hasao,1,715.0
25.54985278,91.91202778,Meghalaya,East Khasi Hills,1,1635.0
23.740350952607574,93.53423975635909,,,0,1057.0
25.03875441995193,93.73161243294828,,,0,1362.0
24.633083,93.610222,Manipur,Noney,1,846.0
22.904615,92.75705,Mizoram,Lunglei,1,1159.0
27.40389815858785,93.84439172561572,,,0,1362.0
27.01259128022297,95.31833161313688,,,0,304.0
23.747444,92.696194,Mizoram,Aizawl,1,792.0
26.699056,95.079417,Nagaland,Mon,1,754.0
26.426062631710533,94.50292473803223,,,0,631.0
23.46524184757904,93.45577763450602,,,0,1066.0
23.480763323862732,92.50147343151627,,,0,590.0
26.206111,94.223333,Nagaland,Wokha,1,515.0
25.153472,93.712444,Manipur,Tamenglong,1,826.0
25.20283,91.20908,Meghalaya,West Khasi Hills,1,50.0
24.97,92.76,Assam,Cachar,1,24.0
27.36977778,88.54466667,Sikkim,East Sikkim,1,1735.0
26.3287,93.269194,Assam,Karbi Anglong,1,328.0
25.287611,94.5295,Manipur,Ukhrul,1,1159.0
27.936727068671075,95.25182571959856,,,0,164.0
25.308028,93.471028,Assam,Dima Hasao,1,1594.0
28.49605119480257,95.99659948675028,,,0,3721.0
23.8106840347164,92.43576900985248,,,0,261.0
24.983528,94.158333,Manipur,Ukhrul,1,1118.0
26.116361,94.323778,Nagaland,Wokha,1,1138.0
27.241,93.731417,Arunachal Pradesh,Papum Pare,1,408.0
25.116778,94.353917,Manipur,Ukhrul,1,1699.0
28.05544744278411,94.46999959659138,,,0,816.0
28.929983664175417,95.69807403613666,,,0,2250.0
26.105016051036905,94.69389503484967,,,0,1974.0
25.29967,91.46108,Meghalaya,South West Khasi Hills,1,1047.0
27.44195319386259,88.2513894229033,,,0,2872.0
27.411944,93.010528,Arunachal Pradesh,East Kameng,1,416.0
23.9421687807267,92.56454296321245,,,0,382.0
25.39630686197662,92.48680785442728,,,0,1032.0
23.773722183535103,93.44414026594085,,,0,912.0
23.160443,92.743261,Mizoram,Lunglei,1,863.0
23.25986389,93.16155278,Mizoram,Aizawl,1,1215.0
27.366447569171903,93.25712516786515,,,0,1675.0
25.082778,94.550694,Manipur,Ukhrul,1,1543.0
23.386777837550152,92.5785907981874,,,0,272.0
25.187817692801644,93.8669591426864,,,0,1459.0
25.44051349860217,94.70600686259546,,,0,1976.0
26.32628334911918,93.9419960847553,,,0,111.0
26.0049,93.9901,Nagaland,Wokha,1,552.0
23.896806,92.283361,Tripura,North Tripura,1,382.0
25.688833,91.653639,Meghalaya,Eastern-West Khasi Hill,1,1046.0
28.06615767487008,94.5019853645634,,,0,515.0
27.906463342456167,93.7485140186333,,,0,2211.0
25.660275,91.144308,Meghalaya,West Khasi Hills,1,1177.0
25.172806,94.347694,Manipur,Ukhrul,1,1726.0
28.251951598568077,96.8064940421466,,,0,3948.0
23.54277778,92.72361111,Mizoram,Aizawl,1,701.0
27.52101548678552,92.866252555955,,,0,1149.0
27.39472222,88.62361111,Sikkim,North Sikkim,1,1585.0
25.22421590612121,94.62786378601425,,,0,2010.0
23.397861,93.3845,Mizoram,Champhai,1,1055.0
25.07709010058391,94.79761219103337,,,0,1027.0
24.6572107001009,94.04347377566393,,,0,782.0
24.734861,93.296,Manipur,Tamenglong,1,379.0
23.121618635857157,92.44373409143822,,,0,138.0
26.713089610577512,95.3143337135275,,,0,950.0
25.90939479612418,91.16244596244904,,,0,98.0
24.48308611,93.58860833,Mizoram,Aizawl,1,866.0
26.989453017573027,94.9521013981365,,,0,140.0
28.99915113232841,96.11522897588787,,,0,3376.0
25.23591628109869,91.28294397197854,,,0,692.0
27.297167,93.050889,Arunachal Pradesh,East Kameng,1,1332.0
23.413178803065897,93.4465091269365,,,0,1239.0
23.322760888428714,92.52134616702206,,,0,627.0
25.929733,94.072478,Nagaland,Kohima,1,511.0
23.502336,92.697334,Mizoram,Aizawl,1,706.0
27.6375,93.8555,Arunachal Pradesh,Lower Subansiri,1,1818.0
27.473410567310843,88.33183169965156,,,0,2750.0
25.85072,93.56682,Assam,Karbi Anglong,1,250.0
25.632775146746297,91.25480368370474,,,0,1195.0
25.263528,93.390611,Assam,Dima Hasao,1,837.0
23.918461,92.741531,Mizoram,Aizawl,1,985.0
22.62340863490163,92.49042525878043,,,0,160.0
26.483630686048027,95.23157496612843,,,0,1375.0
26.666778,95.200833,Nagaland,Mon,1,1056.0
25.634299254093605,94.9512227991382,,,0,1894.0
24.798077,94.406137,Manipur,Kamjong,1,1308.0
26.91134743192637,88.55563613192182,,,0,383.0
25.392389,94.454333,Manipur,Ukhrul,1,1542.0
26.11464,91.83886,Assam,Kamrup (Metro),1,175.0
27.201875,88.667278,Sikkim,East Sikkim,1,988.0
23.927194,92.275389,Tripura,North Tripura,1,687.0
25.66969,94.06267,Nagaland,Kohima,1,1445.0
26.921526368261432,95.67077463101582,,,0,1523.0
25.716061602528605,92.4350829029232,,,0,920.0
25.471526,94.151784,Manipur,Senapati,1,1548.0
25.51028,90.21678,Meghalaya,West Garo Hills,1,325.0
25.62978,94.19514,Nagaland,Kohima,1,936.0
24.895,94.242972,Manipur,Ukhrul,1,1224.0
24.952611,93.487611,Manipur,Tamenglong,1,1187.0
25.11976088280773,91.99915096820752,,,0,15.0
25.043667,92.425444,Meghalaya,East Jaintia Hills,1,216.0
28.662811231804643,94.23210856279094,,,0,3590.0
25.160398,91.489558,Meghalaya,East Khasi Hills,1,34.0
26.990559927238543,92.45823278029395,,,0,496.0
27.373928611391072,92.0700986250598,,,0,3097.0
27.503520202069083,88.77298343475799,,,0,4764.0
26.94872577153533,94.92556183401804,,,0,111.0
25.228356635554224,93.5840874495835,,,0,766.0
24.56864983423625,94.21878600561423,,,0,1333.0
23.204981,92.534603,Mizoram,Lunglei,1,776.0
27.03106,93.62292,Arunachal Pradesh,Papum Pare,1,312.0
27.23444444,88.49083333,Sikkim,East Sikkim,1,361.0
24.503024738288797,93.46224340630464,,,0,547.0
25.74697,93.98167,Nagaland,Kohima,1,885.0
25.74467,94.08672,Nagaland,Kohima,1,1421.0
25.332523776313007,94.42892836296154,,,0,1115.0
25.941708759739647,93.79741824379236,,,0,143.0
24.68432871914281,93.83416900619125,,,0,822.0
26.337778,94.929167,Nagaland,Mon,1,1182.0
23.997079461265866,93.39783237744192,,,0,1510.0
22.95236828843936,93.0866066185351,,,0,777.0
23.16864,92.740342,Mizoram,Lunglei,1,800.0
26.18065733316034,91.48250982526427,,,0,73.0
26.590520350504026,90.64893509258503,,,0,66.0
24.985833,94.60825,Manipur,Kamjong,1,1537.0
27.006961279899777,88.06654194585495,,,0,1917.0
24.028194,92.091861,Tripura,Dhalai,1,152.0
23.077813,92.89844,Mizoram,Hnahthial,1,712.0
28.388118418514484,94.59384029925512,,,0,1356.0
28.283273647642275,95.0314113110616,,,0,782.0
24.06661998204919,92.98492050176172,,,0,628.0
25.722,94.081,Nagaland,Kohima,1,1288.0
28.15699656357161,95.52508239711864,,,0,286.0
25.042406758541716,92.05110814477892,,,0,14.0
25.51,90.21,Meghalaya,West Garo Hills,1,264.0
27.284528,88.195583,Sikkim,West Sikkim,1,1725.0
25.22895551264063,92.85791447881668,,,0,761.0
25.507611,94.661028,Nagaland,Phek,1,1540.0
27.76087512220538,94.89077812642437,,,0,257.0
25.614112,91.869632,Meghalaya,East Khasi Hills,1,1291.0
24.877417,93.460583,Manipur,Tamenglong,1,1389.0
27.668278,93.629472,Arunachal Pradesh,Kra Daadi,1,1105.0
26.825,95.076778,Nagaland,Mon,1,395.0
22.880117,92.831108,Mizoram,Lunglei,1,575.0
23.301399,92.699109,Mizoram,Serchhip,1,401.0
25.548306,91.61775,Meghalaya,West Khasi Hills,1,1637.0
25.665,94.215,Nagaland,Phek,1,808.0
24.67043170220785,93.42307360636724,,,0,615.0
23.67425,92.587278,Mizoram,Mamit,1,1048.0
28.257258,95.777764,Arunachal Pradesh,Lower Dibang Valley,1,649.0
28.504747671751822,95.57617223775536,,,0,2524.0
23.878353358256525,92.59910481676135,,,0,434.0
23.958944,93.022781,Mizoram,Aizawl,1,896.0
24.950361,93.482333,Manipur,Tamenglong,1,895.0
23.712236653635124,92.43165554610928,,,0,342.0
28.44745745763075,94.942818610307,,,0,1685.0
25.09691132335618,93.10111863576404,,,0,601.0
24.962917781807317,93.2437388247805,,,0,143.0
25.434972,92.18425,Meghalaya,West Jaintia Hills,1,1274.0
24.48053797342421,94.04508775458092,,,0,891.0
27.724818508629767,88.3871233539047,,,0,5313.0
28.708361396271435,95.81833685523613,,,0,1363.0
23.003361,92.962914,Mizoram,Lunglei,1,663.0
24.974675715805223,93.8286382820501,,,0,1407.0
25.07703470513129,93.7343707150299,,,0,1277.0
24.46203950566992,92.87375664846182,,,0,102.0
25.187583,93.653861,Nagaland,Peren,1,600.0
25.161654712690662,93.59209459849706,,,0,905.0
23.3154,92.791224,Mizoram,Serchhip,1,620.0
25.525533,91.467683,Meghalaya,South West Khasi Hills,1,1692.0
27.417444,88.621083,Sikkim,North Sikkim,1,1406.0
24.32,93.36,Manipur,Churachandpur,1,769.0
25.05125,94.556111,Manipur,Ukhrul,1,1771.0
27.398083,88.614583,Sikkim,East Sikkim,1,1628.0
26.076583,94.433611,Nagaland,Zunheboto,1,966.0
26.073167,95.0785,Nagaland,Noklak,1,2068.0
25.51877828807697,92.89665739727502,,,0,443.0
25.23660156101069,94.73972211901642,,,0,1592.0
23.669056,92.888889,Mizoram,Aizawl,1,487.0
25.175972,93.020167,Assam,Dima Hasao,1,590.0
25.14879,93.031636,Assam,Dima Hasao,1,470.0
22.41852481235461,93.23815902639264,,,0,1284.0
24.85406220927205,93.29686824039126,,,0,997.0
28.323125457641705,95.46893690281117,,,0,1322.0
27.34249213834391,94.07978031062687,,,0,118.0
23.150719,92.74826,Mizoram,Lunglei,1,881.0
25.552707,94.161461,Nagaland,Kohima,1,1408.0
28.243417,95.538216,Arunachal Pradesh,East Siang,1,613.0
23.308778,92.858357,Mizoram,Serchhip,1,960.0
26.041658,94.5241,Nagaland,Zunheboto,1,1784.0
27.978869937344065,96.28235431417612,,,0,1311.0
27.329361,88.649278,Sikkim,East Sikkim,1,1390.0
27.309012,96.158495,Arunachal Pradesh,Changlang,1,264.0
26.62101267970899,94.86672363746456,,,0,514.0
26.016157717152687,93.90954278143492,,,0,141.0
26.226972,94.211806,Nagaland,Wokha,1,532.0
27.11220180888472,88.73076750607775,,,0,2553.0
28.64324741995049,95.15039697637388,,,0,2207.0
25.399649277224103,93.7245123100534,,,0,651.0
25.838681,94.788925,Nagaland,Kiphire,1,568.0
26.360556,94.933056,Nagaland,Mon,1,1361.0
24.792333,93.658222,Manipur,Tamenglong,1,447.0
26.247414,94.819895,Nagaland,Tuensang,1,1311.0
27.110583,88.340472,Sikkim,West Sikkim,1,324.0
26.34675992103496,91.6232623563806,,,0,47.0
28.46242622544468,94.79666734208796,,,0,1109.0
27.025231843465868,93.71691515328392,,,0,127.0
24.65677341472214,94.46135377208718,,,0,699.0
26.02497666510735,95.1253401002708,,,0,2432.0
27.77543151711181,93.27410674403838,,,0,2109.0
25.733,94.022,Nagaland,Kohima,1,1019.0
25.098678019067307,92.57317692521292,,,0,1121.0
26.204380889991725,92.09285820332708,,,0,51.0
25.62897029597344,91.3586415064998,,,0,1451.0
24.12,94.02,Manipur,Chandel,1,1281.0
27.158579,93.74103,Arunachal Pradesh,Papum Pare,1,168.0
25.85487,93.56583,Assam,Karbi Anglong,1,246.0
23.427681,92.714959,Mizoram,Aizawl,1,905.0
24.61526569352446,93.77346985270844,,,0,786.0
23.816,92.84,Mizoram,Aizawl,1,294.0
25.57780356437559,94.68585485758906,,,0,1556.0
27.591417,91.973083,Arunachal Pradesh,Tawang,1,2617.0
25.2621902105122,94.7314735586477,,,0,2080.0
25.348698758227695,92.92544356918758,,,0,512.0
24.79825,93.72408333,Manipur,Noney,1,854.0
24.88114903269552,92.8219420187674,,,0,26.0
28.405747759082328,95.54646024421652,,,0,1686.0
24.11429043120868,93.67807723662852,,,0,1177.0
25.181194,94.524861,Manipur,Ukhrul,1,1317.0
27.163861,88.462306,Sikkim,South Sikkim,1,1512.0
25.89125,94.202306,Nagaland,Kohima,1,1379.0
27.268119482318905,95.46445680219584,,,0,155.0
25.7641421,94.0777917,Nagaland,Kohima,1,1255.0
25.27077996803021,93.93535200238902,,,0,1509.0
24.30768611,93.58120556,Mizoram,Aizawl,1,735.0
27.090352133359108,95.97198590400556,,,0,1591.0
25.44233333,92.19447222,Meghalaya,West Jaintia Hills,1,1331.0
25.912413673089613,90.93527777364191,,,0,452.0
28.68766989722507,95.08258316297542,,,0,2314.0
25.20836,91.725397,Meghalaya,East Khasi Hills,1,586.0
26.433460386363876,94.27850900199682,,,0,270.0
28.437068568627023,95.68897509539586,,,0,1563.0
27.04964185246369,88.5002087053753,,,0,630.0
28.088696130417933,95.54376838045349,,,0,194.0
25.34181191741973,92.25162686099767,,,0,1242.0
28.383817799859823,96.68089125989472,,,0,2846.0
27.61775,88.623639,Sikkim,North Sikkim,1,1738.0
25.41783422457945,94.8102038453685,,,0,1802.0
25.81236,92.55156,Assam,West Karbi Anglong,1,493.0
25.597778,94.767,Nagaland,Phek,1,1753.0
23.272218,92.873298,Mizoram,Serchhip,1,970.0
23.657186,93.087169,Mizoram,Champhai,1,1128.0
23.70444444,92.76333333,Mizoram,Aizawl,1,893.0
22.922528,92.752404,Mizoram,Lunglei,1,1126.0
25.317878,94.069389,Manipur,Senapati,1,1060.0
25.401873408954835,91.1173120171144,,,0,634.0
25.66517787804138,90.63502885598798,,,0,297.0
26.92356063655044,94.89268989881931,,,0,260.0
25.184303499453517,92.5211481892593,,,0,201.0
22.803709,92.815636,Mizoram,Lunglei,1,835.0
26.205889,94.221583,Nagaland,Wokha,1,560.0
23.254534765060416,93.49358935290556,,,0,2050.0
24.692906,94.258355,Manipur,Kamjong,1,1454.0
25.297296868370395,93.7903650097724,,,0,1411.0
28.03906089551086,95.69323691441458,,,0,161.0
26.552069344140723,92.90615148228557,,,0,71.0
25.65275,94.032,Nagaland,Kohima,1,1675.0
25.785117664657083,93.53782762966011,,,0,198.0
23.99777778,92.68166667,Mizoram,Kolasib,1,544.0
23.46954985600192,93.12872947627642,,,0,1105.0
25.922356196144666,93.84903474198872,,,0,148.0
25.693,94.043,Nagaland,Kohima,1,1059.0
27.011145827019448,92.43862684261072,,,0,931.0
25.581,94.863694,Nagaland,Phek,1,1229.0
25.61276111,91.17375278,Meghalaya,West Khasi Hills,1,1166.0
27.476285,96.40896,Arunachal Pradesh,Changlang,1,511.0
26.80524368483784,95.13649526216456,,,0,664.0
27.300150479682063,93.26442684814396,,,0,1950.0
25.978975,94.512064,Nagaland,Kiphire,1,1647.0
25.665,94.214,Nagaland,Phek,1,848.0
25.360389,94.529917,Manipur,Ukhrul,1,1461.0
25.066396948978063,91.2515940327167,,,0,13.0
25.951438724815517,94.93289627916518,,,0,869.0
25.196781,91.574727,Meghalaya,East Khasi Hills,1,249.0
26.15427778,91.79263889,Assam,Kamrup (Metro),1,78.0
25.12,93.02,Assam,Dima Hasao,1,750.0
27.745194,88.544278,Sikkim,North Sikkim,1,2806.0
22.459,92.873001,Mizoram,Lawngtlai,1,673.0
24.15,93.3,Manipur,Churachandpur,1,1376.0
23.322039,92.859147,Mizoram,Serchhip,1,1006.0
24.028721,92.909301,Mizoram,Aizawl,1,1068.0
24.675912878852028,93.83503629300776,,,0,770.0
25.75933,92.52258,Assam,West Karbi Anglong,1,713.0
28.09758371091056,94.44165920526544,,,0,1125.0
23.394732,93.381271,Mizoram,Champhai,1,1091.0
28.305228631856643,95.33418304030428,,,0,2667.0
27.127485524028955,88.67591229179162,,,0,1081.0
24.866698721287943,92.1895164299688,,,0,17.0
23.86694444,92.91444444,Mizoram,Aizawl,1,1026.0
22.30509029042605,92.85793887387504,,,0,225.0
25.798708147410085,91.1863332288382,,,0,574.0
23.08989,93.020531,Mizoram,Serchhip,1,1319.0
23.75888889,92.73336111,Mizoram,Aizawl,1,1217.0
27.102,88.458667,Sikkim,South Sikkim,1,433.0
28.785279273699608,95.04463289074894,,,0,2922.0
25.972469,91.560822,Meghalaya,Ri-Bhoi,1,278.0
23.71,92.692528,Mizoram,Aizawl,1,649.0
23.26874531649352,93.476509787127,,,0,1481.0
23.474472,93.322667,Mizoram,Champhai,1,1471.0
23.745639,92.694361,Mizoram,Aizawl,1,934.0
24.067149907892624,93.71875382353792,,,0,1216.0
25.056611,92.801722,Assam,Dima Hasao,1,131.0
23.18675,92.735178,Mizoram,Lunglei,1,850.0
25.660539,91.635431,Meghalaya,West Khasi Hills,1,1389.0
24.85397,93.61937,Manipur,Noney,1,501.0
22.80672312990356,92.52994536820188,,,0,364.0
26.829029604994243,94.8823114192168,,,0,174.0
26.045472,92.457417,Assam,West Karbi Anglong,1,364.0
22.954966,92.705765,Mizoram,Lunglei,1,761.0
26.678471729780583,94.81967522195302,,,0,662.0
26.344799673602974,91.7805334074638,,,0,54.0
25.576594,93.78377,Nagaland,Peren,1,1476.0
24.94125,94.220861,Manipur,Ukhrul,1,1184.0
23.63055556,92.72305556,Mizoram,Aizawl,1,860.0
24.492333,94.143361,Manipur,Tengnoupal,1,1284.0
26.00826995673022,91.67859779068569,,,0,384.0
25.087917,92.357906,Meghalaya,East Jaintia Hills,1,231.0
27.509720191279527,93.1405370764041,,,0,1566.0
25.165222,92.388389,Meghalaya,East Jaintia Hills,1,423.0
24.37,92.85,Mizoram,Kolasib,1,348.0
26.724639,95.031528,Nagaland,Mon,1,675.0
24.781694,93.776056,Tripura,West Tripura,1,991.0
24.92466912141033,93.14344845568051,,,0,74.0
23.501778,92.58575,Mizoram,Mamit,1,849.0
24.758778,93.456889,Manipur,Noney,1,440.0
22.62,92.64,Mizoram,Lawngtlai,1,83.0
24.831167,94.334111,Manipur,Kamjong,1,1395.0
24.921103467006947,93.35963956393122,,,0,723.0
25.70994444,94.04122222,Nagaland,Kohima,1,995.0
25.643770278701663,94.66955816395608,,,0,1300.0
23.57833333,92.71222222,Mizoram,Aizawl,1,903.0
27.4640740482612,88.69647750122876,,,0,3184.0
25.24249337975462,92.47797366756386,,,0,810.0
23.91777778,92.73805556,Mizoram,Kolasib,1,908.0
28.377315011924548,95.4788498725705,,,0,1383.0
28.1425,95.239194,Arunachal Pradesh,East Siang,1,550.0
23.131158,93.293979,Mizoram,Champhai,1,1447.0
23.370167,93.120444,Mizoram,Champhai,1,1404.0
28.772473,95.867921,Arunachal Pradesh,Dibang Valley,1,1315.0
28.216997,95.790585,Arunachal Pradesh,Lower Dibang Valley,1,960.0
28.06222744947133,95.451510787831,,,0,150.0
27.214806,88.588083,Sikkim,East Sikkim,1,1446.0
25.272552016380352,92.04269057771631,,,0,857.0
26.86892178173247,94.81987286426696,,,0,111.0
23.429338473698145,92.42684843989636,,,0,719.0
26.19236111,91.78080556,Assam,Kamrup (Metro),1,91.0
23.93333333,92.67305556,Mizoram,Kolasib,1,207.0
23.782249,93.148865,Mizoram,Champhai,1,817.0
23.10851389,93.20975,Mizoram,Aizawl,1,1106.0
27.38375,88.808694,Sikkim,East Sikkim,1,3940.0
27.722271402221462,96.34821927912128,,,0,890.0
27.495625399111425,88.6903771570624,,,0,4129.0
27.429482083909114,96.22314400883346,,,0,305.0
23.145016,92.908569,Mizoram,Lunglei,1,677.0
27.01735984628094,93.95570707599455,,,0,82.0
27.309745,93.047722,Arunachal Pradesh,East Kameng,1,988.0
23.75969444,92.73241667,Mizoram,Aizawl,1,1190.0
27.396722,92.163861,Arunachal Pradesh,West Kameng,1,1899.0
23.12683849122581,92.96213037367126,,,0,459.0
23.61611111,92.71722222,Mizoram,Aizawl,1,887.0
24.147673432300216,94.35778215050006,,,0,138.0
24.946889,94.155111,Manipur,Ukhrul,1,1071.0
24.79833333,93.65505556,Manipur,Noney,1,430.0
27.470221,96.407798,Arunachal Pradesh,Changlang,1,556.0
23.50136847028732,92.52457889646924,,,0,276.0
22.48765,92.886806,Mizoram,Lawngtlai,1,1028.0
25.552402642911744,93.06313040281584,,,0,169.0
28.605528,95.105528,Arunachal Pradesh,Upper Siang,1,1279.0
26.083972,92.14525,Assam,Kamrup,1,76.0
27.37649348500917,92.45363883760288,,,0,2024.0
23.747111,93.378258,Mizoram,Champhai,1,1400.0
26.20559015497412,93.86127584570384,,,0,118.0
27.441056,88.513694,Sikkim,North Sikkim,1,802.0
24.925309258449207,93.27873595238758,,,0,419.0
26.06787925433173,92.5899170377088,,,0,64.0
26.99508013818049,93.51582050512287,,,0,535.0
26.220495526130176,93.99639593503562,,,0,114.0
24.51960646406654,92.39331167854814,,,0,26.0
25.827106,94.907639,Nagaland,Kiphire,1,1719.0
24.87416303210537,93.3937592273785,,,0,179.0
25.05357846174487,91.90569528532404,,,0,11.0
27.55892515717039,93.9406347935234,,,0,2397.0
28.39139436107529,96.46930110711916,,,0,2474.0
22.908737,92.930191,Mizoram,Lunglei,1,303.0
26.082972,94.267528,Nagaland,Wokha,1,1511.0
26.88031176809431,95.15529283769308,,,0,542.0
26.262889,95.084667,Nagaland,Noklak,1,1094.0
26.19322,91.77033,Assam,Kamrup (Metro),1,164.0
23.276999,92.850991,Mizoram,Serchhip,1,734.0
27.517278,88.539667,Sikkim,North Sikkim,1,1317.0
27.053976,93.494166,Arunachal Pradesh,Papum Pare,1,223.0
27.84964888392777,96.1957123753549,,,0,217.0
28.436019,94.668744,Arunachal Pradesh,West Siang,1,504.0
25.889056,94.278361,Nagaland,Kohima,1,1262.0
26.906667018970797,94.83478134804444,,,0,99.0
24.08,93.89,Manipur,Chandel,1,1116.0
23.0194939101966,92.86196992837166,,,0,796.0
25.165851886475007,94.23253822648422,,,0,1308.0
24.515520597114957,94.27504572133456,,,0,777.0
25.213277756627367,94.4331681643254,,,0,1481.0
27.73539033177881,88.7063660472225,,,0,5164.0
24.022376,92.77308,Mizoram,Aizawl,1,829.0
25.046181,92.408878,Meghalaya,East Jaintia Hills,1,82.0
25.437954906231337,91.16884921964927,,,0,1072.0
24.02027778,92.92861111,Mizoram,Aizawl,1,1073.0
25.09917134960088,92.03009137066368,,,0,9.0
23.670389,92.964417,Mizoram,Aizawl,1,1059.0
26.835417,95.080444,Nagaland,Mon,1,279.0
25.375362261154745,91.13407666126687,,,0,564.0
24.975175,93.652939,Manipur,Noney,1,944.0
26.23925,94.202222,Nagaland,Wokha,1,335.0
23.479766,92.870601,Mizoram,Serchhip,1,922.0
24.424271887939764,93.25481783263795,,,0,306.0
25.45547768205184,94.2333308605364,,,0,1436.0
24.981109067864782,94.08446539339204,,,0,930.0
26.138417339441997,94.93281596538291,,,0,1573.0
25.252943346521803,94.64149455190604,,,0,1700.0
25.16023,93.01084,Assam,Dima Hasao,1,591.0
25.850667,94.154667,Nagaland,Kohima,1,1433.0
27.312184563860274,93.68000654813774,,,0,1548.0
27.488504970857512,96.5139910174954,,,0,480.0
26.731944,95.018361,Nagaland,Mon,1,574.0
27.99602505403179,95.0010467411937,,,0,820.0
26.006749946710983,92.16084512210296,,,0,376.0
25.222564,91.691398,Meghalaya,East Khasi Hills,1,528.0
22.988854037689368,92.51140890895196,,,0,139.0
25.71878585263539,91.79942427990606,,,0,778.0
27.478012427228204,93.11973486724511,,,0,1588.0
26.064111,95.03975,Nagaland,Noklak,1,1658.0
23.74,92.715,Mizoram,Aizawl,1,1065.0
23.46954177670628,92.52507779374358,,,0,701.0
27.4829563670262,93.91203180892992,,,0,2558.0
22.291691628450216,92.9619872537722,,,0,441.0
27.091139,93.615667,Arunachal Pradesh,Papum Pare,1,343.0
24.5,93.12,Manipur,Pherzawl,1,555.0
23.636647,93.082939,Mizoram,Champhai,1,1130.0
25.948833,94.025667,Nagaland,Kohima,1,485.0
28.081814146220065,94.76307092098727,,,0,465.0
25.145735651229494,91.27837968207572,,,0,15.0
27.431424220775853,88.07055222723359,,,0,4492.0
25.136439803444123,94.67844252090708,,,0,2265.0
25.675,94.397,Nagaland,Phek,1,1420.0
23.387328,92.933397,Mizoram,Serchhip,1,979.0
25.577212,91.75219,Meghalaya,East Khasi Hills,1,1674.0
27.35701391069668,93.87089685358336,,,0,852.0
26.98322943520482,88.56922372443897,,,0,1375.0
24.12457217318918,92.73799223423268,,,0,172.0
25.17797544575716,93.86832821659318,,,0,2237.0
25.6,90.03,Meghalaya,West Garo Hills,1,75.0
27.27625,93.795889,Arunachal Pradesh,Papum Pare,1,487.0
25.14702778,92.37883333,Meghalaya,Jaintia Hills,1,195.0
25.06367193801888,92.1725468599688,,,0,18.0
25.576992,93.809083,Nagaland,Peren,1,1574.0
24.04727334475972,92.18924155870172,,,0,91.0
26.93597,92.70455,Assam,Sonitpur,1,143.0
27.772910360203,94.81472399540353,,,0,599.0
27.46370087212035,91.7179249701918,,,0,2640.0
25.45939722,90.70860278,Meghalaya,South Garo Hills,1,190.0
25.11303,92.37394,Meghalaya,East Jaintia Hills,1,52.0
25.83674797155299,90.36874443258417,,,0,202.0
27.33458599170004,93.71728417205374,,,0,1238.0
25.657361,94.750278,Nagaland,Phek,1,1706.0
28.114742,95.273582,Arunachal Pradesh,East Siang,1,382.0
25.33235758564726,93.9366302109393,,,0,1694.0
25.151764483335192,93.4538812230241,,,0,1546.0
27.59352134708149,93.09193457812871,,,0,1893.0
28.71127316733929,95.28838215900424,,,0,3143.0
28.816882,94.791032,Arunachal Pradesh,Upper Siang,1,698.0
27.104452012150027,92.8415120234806,,,0,563.0
27.595601835567944,93.7467092353843,,,0,2027.0
28.56844837593244,95.80648646746351,,,0,1843.0
25.92525,92.51031,Assam,West Karbi Anglong,1,362.0
27.359433281431397,88.02428709458839,,,0,2881.0
23.09951,92.782928,Mizoram,Lunglei,1,561.0
25.042408,92.434525,Meghalaya,East Jaintia Hills,1,308.0
26.646917,95.074944,Nagaland,Mon,1,873.0
25.163909712854093,92.49735522287418,,,0,286.0
25.667744,91.597819,Meghalaya,West Khasi Hills,1,1280.0
25.747597,92.114167,Meghalaya,East Khasi Hills,1,893.0
25.75,93.97,Nagaland,Dimapur,1,998.0
27.118206428966264,88.75121496492619,,,0,2793.0
27.453940532382617,88.67141569055799,,,0,2057.0
24.41999929580117,93.89952364097492,,,0,771.0
25.222043980449133,92.46925553278696,,,0,766.0
27.71035315648708,88.4226046362151,,,0,4617.0
27.448293085905902,88.09408652996396,,,0,3944.0
25.423806,93.369722,Assam,Dima Hasao,1,396.0
26.96499786436177,93.58998811325068,,,0,155.0
27.01735112104548,88.67766113164998,,,0,1025.0
23.484639,93.278222,Mizoram,Champhai,1,1130.0
25.425944,91.866,Meghalaya,East Khasi Hills,1,1576.0
25.56,90.34,Meghalaya,West Garo Hills,1,745.0
25.223307,91.762345,Meghalaya,East Khasi Hills,1,524.0
25.291948647491747,93.78823841155192,,,0,1481.0
26.115139,91.837833,Assam,Kamrup,1,144.0
23.68916667,92.72055556,Mizoram,Aizawl,1,1063.0
23.207528,93.258861,Mizoram,Champhai,1,1408.0
25.191611,92.155361,Meghalaya,West Jaintia Hills,1,538.0
24.129083,92.277667,Tripura,North Tripura,1,443.0
23.309822480817846,93.48723025973077,,,0,2048.0
23.410771,92.753123,Mizoram,Aizawl,1,1132.0
28.549318936440383,95.3602487522108,,,0,3145.0
25.523,93.898,Manipur,Senapati,1,2150.0
25.55979831676024,94.00064030274268,,,0,2423.0
24.895064540942425,93.90038390388892,,,0,799.0
24.806806,93.404806,Manipur,Tamenglong,1,298.0
27.49416961627107,92.72493787905908,,,0,2198.0
27.8917713883806,95.04216670040836,,,0,367.0
25.03429898444641,93.332130986915,,,0,586.0
27.592639,91.867528,Arunachal Pradesh,Tawang,1,2907.0
25.644222,91.158528,Meghalaya,West Khasi Hills,1,1205.0
25.598,93.848,Nagaland,Peren,1,1733.0
25.17998323545319,93.47350445488888,,,0,1292.0
25.745,94.338,Nagaland,Phek,1,1590.0
25.200853,94.134506,Manipur,Senapati,1,1304.0
26.34243820840568,94.0798126862653,,,0,116.0
27.11375,92.537583,Arunachal Pradesh,West Kameng,1,1299.0
23.69972222,92.7175,Mizoram,Aizawl,1,998.0
25.6721,94.231075,Nagaland,Kohima,1,938.0
24.73197222,92.75988889,Mizoram,Aizawl,1,19.0
24.47321038651053,92.98676959733514,,,0,234.0
24.806897956512728,92.99265314226488,,,0,31.0
28.18439,96.53453,Arunachal Pradesh,Anjaw,1,1213.0
25.685,94.12,Nagaland,Kohima,1,1397.0
27.359073987063493,93.91883094166536,,,0,884.0
26.74959907503348,94.7747226975357,,,0,493.0
23.70827778,92.71711111,Mizoram,Aizawl,1,1024.0
27.46088910042803,93.70064190846104,,,0,821.0
26.129583,91.938306,Assam,Kamrup,1,98.0
25.883092753063437,91.27961116026096,,,0,417.0
24.97037865962894,92.25243753040633,,,0,18.0
25.572085525589937,94.68423436003228,,,0,1304.0
25.641194,91.890667,Meghalaya,East Khasi Hills,1,1178.0
25.135333,93.667,Manipur,Tamenglong,1,1152.0
25.26305625316497,94.19149345201464,,,0,2025.0
25.64906111,91.89733611,Meghalaya,East Khasi Hills,1,1096.0
24.87529950716149,92.78919736284088,,,0,20.0
27.364574152580573,92.05126039362074,,,0,3845.0
27.49394789003,88.8163831051275,,,0,4754.0
25.012881590141408,91.86197879777518,,,0,14.0
25.16649,93.01092,Assam,Dima Hasao,1,648.0
27.96237631810912,93.9380897243389,,,0,2131.0
24.52611111,92.93694444,Mizoram,Aizawl,1,72.0
27.31716724272145,95.52060404895784,,,0,197.0
23.271227,92.874544,Mizoram,Serchhip,1,945.0
27.22237783709945,93.42777312920944,,,0,1162.0
22.31467378596339,92.92228253791836,,,0,615.0
24.02205084361526,92.46637981009005,,,0,143.0
27.103944,93.637611,Arunachal Pradesh,Papum Pare,1,421.0
25.451566427250327,93.2014404006748,,,0,306.0
25.654639,91.898222,Meghalaya,East Khasi Hills,1,994.0
23.71740833,92.70644167,Mizoram,Aizawl,1,896.0
25.95420681566516,90.99651925830014,,,0,56.0
24.477850192798517,94.49626867120966,,,0,185.0
26.043722,92.441472,Assam,West Karbi Anglong,1,443.0
25.69683611,91.64485556,Meghalaya,Eastern-West Khasi Hill,1,1257.0
27.20258333,88.65547222,Sikkim,East Sikkim,1,721.0
25.154917,93.711278,Manipur,Tamenglong,1,851.0
27.6295,88.692778,Sikkim,North Sikkim,1,2073.0
23.73361111,92.84305556,Mizoram,Aizawl,1,676.0
25.164,93.040194,Assam,Dima Hasao,1,450.0
24.873274640313856,94.71657826429836,,,0,669.0
24.141694,92.322306,Tripura,North Tripura,1,100.0
25.88969660136592,92.2859642823234,,,0,756.0
26.03164310168262,93.23479666547637,,,0,162.0
24.92716429819662,93.12295583414708,,,0,38.0
25.444333,94.006631,Manipur,Senapati,1,1674.0
25.531503581837036,93.32812462400948,,,0,362.0
25.583833,94.858,Nagaland,Phek,1,1203.0
25.327560451531067,92.94967026352312,,,0,249.0
27.60282394641481,88.53503480808025,,,0,3073.0
23.58277778,92.71333333,Mizoram,Aizawl,1,871.0
27.322582,93.048256,Arunachal Pradesh,East Kameng,1,736.0
24.9541846281922,92.34551313784344,,,0,14.0
28.00611,96.42872,Arunachal Pradesh,Anjaw,1,444.0
26.123806,94.294889,Nagaland,Wokha,1,1218.0
25.09272734805001,91.81611689409296,,,0,10.0
25.79342998159053,91.9381818630632,,,0,738.0
26.238694,94.203944,Nagaland,Wokha,1,339.0
24.929131777087395,93.39340043935609,,,0,177.0
27.37327917270784,91.80169025435846,,,0,2207.0
23.34333333,92.7775,Mizoram,Aizawl,1,783.0
25.32069444,93.12733333,Assam,Dima Hasao,1,289.0
25.096592,92.351017,Meghalaya,East Jaintia Hills,1,146.0
22.41,92.64,Mizoram,Lawngtlai,1,91.0
25.403367274373256,93.7319324162485,,,0,640.0
24.41225581084292,93.7599642313316,,,0,772.0
23.105869,92.746616,Mizoram,Lunglei,1,740.0
23.71666667,92.85583333,Mizoram,Aizawl,1,882.0
23.603808,93.092328,Mizoram,Champhai,1,967.0
23.32842788934687,92.92095775391068,,,0,820.0
25.218022,94.107603,Manipur,Senapati,1,1235.0
23.35655556,92.76958333,Mizoram,Aizawl,1,959.0
22.83885,92.89209,Mizoram,Lunglei,1,510.0
27.799862985685216,93.8031271070235,,,0,1054.0
25.563239,91.225711,Meghalaya,West Khasi Hills,1,1326.0
27.61426046961671,88.53069757831365,,,0,3708.0
26.787333,95.068917,Nagaland,Mon,1,852.0
24.834083,94.353028,Manipur,Kamjong,1,1473.0
26.965533226066903,88.45857040863267,,,0,873.0
27.86105291508886,94.2514337806804,,,0,531.0
26.529444,94.837778,Nagaland,Longleng,1,1041.0
27.40705707926592,93.92892679177754,,,0,447.0
26.673278,94.743833,Nagaland,Mokokchung,1,885.0
24.75075,93.464944,Manipur,Noney,1,508.0
25.405,93.133,Assam,Dima Hasao,1,306.0
25.362972,91.976278,Meghalaya,East Khasi Hills,1,1192.0
26.987568389350216,88.27435900539562,,,0,2254.0
25.124339363501,92.0424282679125,,,0,11.0
26.431,94.669944,Nagaland,Mokokchung,1,1416.0
24.534017,93.680433,Manipur,Churachandpur,1,1005.0
24.965086482375465,93.28397831583992,,,0,464.0
27.068358,95.725306,Arunachal Pradesh,Changlang,1,963.0
26.270595037889887,90.4373527149163,,,0,38.0
25.998778,94.264853,Nagaland,Wokha,1,1118.0
28.31911951441438,95.85774892518532,,,0,1737.0
27.595167,91.895444,Arunachal Pradesh,Tawang,1,2420.0
26.812984110320475,94.68937542902532,,,0,99.0
23.5925,92.71666667,Mizoram,Aizawl,1,763.0
25.22519838627448,94.21447420904134,,,0,1102.0
27.04400180013272,88.59739179439707,,,0,1233.0
28.76655398527206,95.04152104567795,,,0,2439.0
25.6715,94.06942,Nagaland,Kohima,1,1551.0
23.379469,93.385565,Mizoram,Champhai,1,916.0
22.484871798564026,92.42516069357744,,,0,91.0
25.671,94.21,Nagaland,Phek,1,836.0
23.018333,92.920555,Mizoram,Lunglei,1,793.0
25.410611,93.284,Assam,Dima Hasao,1,283.0
26.02530027758452,94.75566275208622,,,0,1517.0
25.625,94.335,Nagaland,Phek,1,1932.0
25.474938619325226,91.95140152539469,,,0,1744.0
23.745802,92.717053,Mizoram,Aizawl,1,919.0
24.955972,94.157889,Manipur,Ukhrul,1,1047.0
23.370519338141712,92.98601333805652,,,0,1385.0
26.480861134294614,94.6070555772357,,,0,509.0
25.552,94.289,Nagaland,Phek,1,1860.0
26.07829407950009,92.54939009757489,,,0,123.0
24.84563889,93.50202778,Manipur,Tamenglong,1,355.0
22.88093400171845,93.1216203219691,,,0,435.0
25.555290194101435,94.03509989303726,,,0,2531.0
23.79683499992594,93.60592493812938,,,0,1413.0
25.999744,94.030058,Nagaland,Wokha,1,633.0
24.882174734779287,92.40100623961328,,,0,18.0
23.318568,92.852294,Mizoram,Serchhip,1,810.0
26.258889,94.8175,Nagaland,Tuensang,1,1354.0
24.09,94.15,Manipur,Chandel,1,861.0
25.690833,91.056556,Meghalaya,West Khasi Hills,1,923.0
23.44600189304849,92.44720551993848,,,0,207.0
27.367482563405776,96.52637561001008,,,0,933.0
28.0171047114168,95.45119338977048,,,0,138.0
25.85849680825802,93.88187799181848,,,0,167.0
23.6445,92.990194,Mizoram,Aizawl,1,1238.0
25.551225,91.232636,Meghalaya,West Khasi Hills,1,1333.0
28.774498663497088,94.9606950249103,,,0,754.0
22.803982,92.815475,Mizoram,Lunglei,1,806.0
23.33988875045717,92.57013299168516,,,0,496.0
27.20526839660897,88.00342492170672,,,0,3049.0
24.42230260418951,93.46371716605732,,,0,814.0
25.687431,91.648322,Meghalaya,West Khasi Hills,1,1133.0
27.150778,88.4385,Sikkim,South Sikkim,1,1197.0
25.25419,90.21486,Meghalaya,West Garo Hills,1,44.0
25.123361,93.656306,Manipur,Tamenglong,1,1227.0
25.809088,91.875238,Meghalaya,Ri-Bhoi,1,594.0
23.305939,92.857538,Mizoram,Serchhip,1,922.0
23.975496838782377,91.61646220337909,,,0,38.0
25.328506688461232,92.29062921594635,,,0,1159.0
23.89939972543545,92.58064141628483,,,0,665.0
25.545939,91.284283,Meghalaya,West Khasi Hills,1,1425.0
27.268159333334925,95.04462572859336,,,0,111.0
26.70675,94.70475,Nagaland,Mokokchung,1,756.0
28.450912963814503,95.77561094637396,,,0,1481.0
24.820222,94.352889,Manipur,Kamjong,1,1599.0
25.65308889,91.89803889,Meghalaya,East Khasi Hills,1,1044.0
25.978803,91.860278,Meghalaya,Ri-Bhoi,1,309.0
25.237221,91.679456,Meghalaya,East Khasi Hills,1,656.0
25.833028,94.050056,Nagaland,Kohima,1,845.0
28.057822773354687,95.7707054245618,,,0,184.0
24.766667,93.458111,Manipur,Noney,1,493.0
23.61694444,92.80027778,Mizoram,Aizawl,1,452.0
27.68182725766907,93.78685165541502,,,0,1552.0
23.72322222,92.70183333,Mizoram,Aizawl,1,920.0
25.487726984399625,94.2779107552034,,,0,1819.0
23.8980087073083,92.58925644399504,,,0,537.0
27.384872298291597,92.95673759705882,,,0,1059.0
26.251778,95.072111,Nagaland,Tuensang,1,1080.0
25.268703,94.045883,Manipur,Senapati,1,1305.0
27.782139,93.546139,Arunachal Pradesh,Kurung Kumey,1,1026.0
26.984719271492985,88.27523251531427,,,0,2100.0
25.29122514672125,93.91753744085182,,,0,1409.0
26.92216,92.7678,Assam,Sonitpur,1,139.0
27.757417,94.716167,Arunachal Pradesh,West Siang,1,380.0
23.66345922245831,92.43276083039594,,,0,702.0
25.984456,94.031639,Nagaland,Wokha,1,764.0
26.784222,95.069944,Nagaland,Mon,1,931.0
23.03821667,93.12529444,Mizoram,Kolasib,1,435.0
24.846167,94.323778,Manipur,Kamjong,1,1320.0
26.112194,94.259111,Nagaland,Wokha,1,1383.0
24.693502569819792,94.49036953763236,,,0,797.0
28.099705,95.284891,Arunachal Pradesh,East Siang,1,218.0
25.860488170480423,93.80064404789032,,,0,160.0
23.429170012530196,92.51967780105149,,,0,769.0
27.112222,93.694444,Arunachal Pradesh,Papum Pare,1,137.0
27.38853558918711,95.7796083896292,,,0,151.0
25.814897,94.970297,Nagaland,Kiphire,1,1693.0
25.078935,92.95379,Assam,Dima Hasao,1,1081.0
27.500230216262608,88.40826166715772,,,0,2691.0
25.39611111,91.99194444,Meghalaya,East Khasi Hills,1,1436.0
27.0146466217238,88.410963600712,,,0,993.0
24.964694,94.6175,Manipur,Kamjong,1,1319.0
28.711003662605687,95.0998919524432,,,0,2450.0
25.490472,92.069472,Meghalaya,West Jaintia Hills,1,1230.0
25.55685747468039,93.46003232094424,,,0,564.0
23.129048,92.742692,Mizoram,Lunglei,1,763.0
25.533631076766483,94.44218832540771,,,0,857.0
23.68352778,92.71338889,Mizoram,Aizawl,1,1005.0
26.39775388436551,95.12725191824404,,,0,1705.0
25.849947,94.916697,Nagaland,Kiphire,1,1526.0
23.791000771703366,93.674742157727,,,0,1291.0
23.466558336353867,93.59325857511216,,,0,1191.0
25.667,94.718944,Nagaland,Phek,1,1292.0
26.613036871206987,94.8722135554207,,,0,271.0
23.45083333,92.6825,Mizoram,Aizawl,1,903.0
23.379441,92.844081,Mizoram,Serchhip,1,930.0
22.68,92.58,Mizoram,Lawngtlai,1,250.0
27.148130704731777,92.34506746703089,,,0,2927.0
25.536141685292247,95.0251978489594,,,0,981.0
28.081652165684527,96.30116823394508,,,0,2035.0
27.267722,93.80125,Arunachal Pradesh,Papum Pare,1,389.0
26.425201122172705,93.26866862895332,,,0,773.0
24.871694,93.776861,Manipur,Kangpokpi,1,1253.0
25.220414826177915,94.20896997780372,,,0,974.0
24.8,93.472222,Manipur,Noney,1,637.0
22.08126195128449,93.27170073126186,,,0,918.0
27.165333,88.162028,Sikkim,West Sikkim,1,1217.0
25.422278,91.867694,Meghalaya,East Khasi Hills,1,1713.0
25.686262584706817,91.26036465675487,,,0,1251.0
26.78149971623372,95.1577955924176,,,0,644.0
23.425424,92.716106,Mizoram,Aizawl,1,948.0
23.47405556,92.71008333,Mizoram,Aizawl,1,1018.0
23.870445,93.208611,Mizoram,Champhai,1,1045.0
25.52036,94.1311201,Nagaland,Kohima,1,1723.0
25.301676,91.923138,Meghalaya,East Khasi Hills,1,1193.0
26.97230803923642,88.5383929637582,,,0,948.0
28.158367620084714,95.66830583159718,,,0,205.0
27.205258986443123,93.43542369980938,,,0,1544.0
25.546,94.274,Nagaland,Phek,1,1745.0
25.494781646636568,92.96852052462316,,,0,287.0
25.039932081431267,91.55533816885716,,,0,13.0
25.071523568140776,92.0069611191837,,,0,12.0
27.438378429259934,88.0866900253892,,,0,4289.0
27.166864,93.755668,Arunachal Pradesh,Papum Pare,1,223.0
26.753791400133466,93.67824448511236,,,0,75.0
23.349857,92.780208,Mizoram,Aizawl,1,925.0
25.849806,94.057083,Nagaland,Kohima,1,964.0
25.08029490673193,93.083518812842,,,0,1035.0
23.763273752079478,93.26899195151896,,,0,1397.0
23.87924425445767,92.55125468534284,,,0,433.0
23.25,92.48,Mizoram,Lunglei,1,733.0
25.235114564770583,94.7332875796402,,,0,1582.0
24.116796654596172,93.21183123217496,,,0,730.0
25.314558,93.094195,Assam,Dima Hasao,1,445.0
23.476989,93.377213,Mizoram,Champhai,1,1394.0
25.23880556,93.03219444,Assam,Dima Hasao,1,569.0
26.494841889878487,95.00660664899728,,,0,1733.0
23.744303,92.720114,Mizoram,Aizawl,1,1148.0
23.378571,93.218843,Mizoram,Champhai,1,749.0
25.054917,94.551306,Manipur,Ukhrul,1,1794.0
22.08358933612703,92.9654981267833,,,0,323.0
23.648967,93.291988,Mizoram,Champhai,1,1653.0
27.131528,88.384417,Sikkim,South Sikkim,1,1610.0
25.139639,93.669639,Manipur,Tamenglong,1,1129.0
25.49952889089443,93.19172980761698,,,0,245.0
27.323830728045444,95.7027921187117,,,0,143.0
25.90665,94.428758,Nagaland,Kohima,1,1101.0
27.13608567393863,88.63874722786889,,,0,1018.0
25.849611,94.156806,Nagaland,Kohima,1,1492.0
27.57943735023051,88.39092784081778,,,0,1541.0
24.56925833,93.177275,Mizoram,Kolasib,1,184.0
24.061004,92.925342,Mizoram,Aizawl,1,810.0
22.96023808010373,93.15885696870694,,,0,966.0
25.243258316681445,94.64059008916068,,,0,1999.0
25.21330938020721,94.40723310045828,,,0,1435.0
23.908806,93.180832,Mizoram,Champhai,1,1004.0
23.184711,92.679962,Mizoram,Lunglei,1,871.0
28.308362816986484,94.4838173722784,,,0,1482.0
26.959988711528744,93.17946414104756,,,0,191.0
26.410327666913723,94.1919471966764,,,0,251.0
25.120226699880067,90.6721401886473,,,0,12.0
25.021042529749607,94.78280909067136,,,0,1091.0
23.385239855700437,92.47598576562574,,,0,272.0
27.5806,93.6348,Arunachal Pradesh,Kra Daadi,1,1281.0
26.97058685521237,92.56219177749446,,,0,250.0
26.390238793879917,95.22597987497235,,,0,912.0
25.234922,92.095531,Meghalaya,West Jaintia Hills,1,797.0
25.451814,94.049944,Manipur,Senapati,1,1387.0
25.68077778,94.10619444,Nagaland,Kohima,1,1409.0
24.824608444769368,92.39878803850084,,,0,18.0
24.86269444,93.62405556,Manipur,Noney,1,338.0
27.24396856574499,92.95071454072676,,,0,1411.0
23.442083,93.223472,Mizoram,Champhai,1,1531.0
27.315083,88.506056,Sikkim,East Sikkim,1,1476.0
25.875007,94.17886,Nagaland,Tseminyu,1,1461.0
27.672970847188047,91.88287898673708,,,0,4423.0
23.537082,93.161682,Mizoram,Champhai,1,1086.0
24.77647462828493,94.26232750458357,,,0,784.0
24.44,92.5,Assam,Karimganj,1,201.0
25.649222,91.899,Meghalaya,East Khasi Hills,1,1091.0
25.45176782940456,94.27914961842298,,,0,2336.0
27.6369,93.853,Arunachal Pradesh,Lower Subansiri,1,1805.0
28.613473886684925,95.28386450438606,,,0,1868.0
25.439081090411783,91.22656650596484,,,0,1204.0
28.32273673443884,95.6882796849607,,,0,770.0
25.07271861843769,91.70560769455244,,,0,10.0
24.068472,92.290833,Tripura,North Tripura,1,269.0
25.047833,92.789306,Manipur,Tamenglong,1,95.0
23.762482,92.742799,Mizoram,Aizawl,1,1064.0
25.451978,94.137142,Manipur,Senapati,1,1478.0
27.892990614396187,96.48680297081891,,,0,1137.0
25.687815,94.0474583,Nagaland,Kohima,1,1026.0
25.500876041320367,94.08308809422807,,,0,2125.0
23.022377,92.757759,Mizoram,Lunglei,1,803.0
26.78516209702611,95.21054210447944,,,0,1348.0
25.64089668678818,91.49068584193066,,,0,1229.0
22.844216708499456,92.28170887317847,,,0,124.0
28.352044399448022,96.38291903120702,,,0,3555.0
23.6995,92.71617,Mizoram,Aizawl,1,987.0
26.854687095029536,95.13947246375837,,,0,396.0
22.485666,92.985825,Mizoram,Saiha,1,1141.0
27.214778,93.635667,Arunachal Pradesh,Papum Pare,1,513.0
25.059996905957377,93.13697443069309,,,0,930.0
25.339872,94.168736,Manipur,Senapati,1,1678.0
25.389639,94.457028,Manipur,Ukhrul,1,1558.0
24.854262457480463,92.77469693855754,,,0,25.0
25.91344627679913,93.56531323877338,,,0,224.0
25.797781,94.770447,Nagaland,Kiphire,1,588.0
26.002139,94.253972,Nagaland,Wokha,1,1148.0
28.196906585415963,96.61940905298464,,,0,2956.0
25.57994,92.72822,Assam,Dima Hasao,1,446.0
28.255059,95.576996,Arunachal Pradesh,Lower Dibang Valley,1,460.0
26.34064860060349,91.95995492317516,,,0,53.0
23.73694444,92.715,Mizoram,Aizawl,1,1066.0
24.289019,94.073331,Manipur,Chandel,1,1368.0
24.513588843668128,93.99822525929042,,,0,775.0
25.43538048766808,92.39268978922608,,,0,1212.0
23.677509154099123,93.62506344486498,,,0,779.0
27.50536132427192,88.84769589381925,,,0,4593.0
27.69724871863668,91.60471374797592,,,0,4084.0
25.15822682611025,94.21753756992626,,,0,1302.0
23.246319111175,93.3907358580277,,,0,803.0
25.425,91.405,Meghalaya,West Khasi Hills,1,1563.0
27.89458846586583,93.74146831983964,,,0,2504.0
22.793307,92.819831,Mizoram,Lunglei,1,865.0
24.599639,94.358694,Manipur,Kamjong,1,1119.0
23.73833333,92.81333333,Mizoram,Aizawl,1,391.0
25.004434852268805,93.35501525557363,,,0,172.0
23.10926496281428,92.9710861744862,,,0,512.0
24.60287740395501,93.8032976139375,,,0,770.0
23.63890624948643,91.79516517582482,,,0,113.0
26.41380303073188,91.597932553135,,,0,53.0
27.959917721096303,95.25799073562304,,,0,171.0
24.839306,94.22575,Manipur,Ukhrul,1,1228.0
23.833698,92.650724,Mizoram,Mamit,1,117.0
27.187276647796825,95.47959815638023,,,0,170.0
25.918194,94.409611,Nagaland,Zunheboto,1,1034.0
25.67720639827713,91.49463717546551,,,0,1097.0
25.320232,92.818091,Assam,Dima Hasao,1,1019.0
25.8,94.0,Nagaland,Dimapur,1,574.0
27.89536608640374,94.18497036207631,,,0,1521.0
26.15333333,91.77711111,Assam,Kamrup,1,73.0
24.986472,93.49425,Manipur,Tamenglong,1,1078.0
23.62096832103509,93.406580839149,,,0,1096.0
25.71,93.74,Nagaland,Dimapur,1,380.0
23.782218608924985,93.27595168723713,,,0,1529.0
27.79988211767984,96.40915467039416,,,0,1938.0
27.7774912037029,94.24337387827552,,,0,661.0
24.43834661830529,93.48519237862006,,,0,1355.0
23.07703572665484,93.4204939928451,,,0,1074.0
25.757139,94.246194,Nagaland,Kohima,1,807.0
23.69,92.35,Mizoram,Mamit,1,473.0
27.814777525480864,94.04077462871524,,,0,1593.0
26.034642,94.570032,Nagaland,Zunheboto,1,1086.0
23.847246,92.927341,Mizoram,Aizawl,1,1788.0
27.621806,88.618694,Sikkim,North Sikkim,1,1798.0
23.70825,92.71769444,Mizoram,Aizawl,1,1037.0
25.319717,93.123028,Assam,Dima Hasao,1,314.0
26.731563296319425,94.20612124782087,,,0,102.0
25.22191955190805,93.90612348569256,,,0,1241.0
25.676,94.083,Nagaland,Kohima,1,1322.0
27.010136688356926,93.71996587211704,,,0,118.0
26.295278,94.835556,Nagaland,Tuensang,1,902.0
27.678119139964608,88.88993997651052,,,0,4111.0
26.956311852216896,95.26855384396562,,,0,361.0
26.92163311715622,88.25092858228643,,,0,1058.0
24.125631,92.805948,Mizoram,Aizawl,1,701.0
26.08536931183891,91.56894089689624,,,0,55.0
25.02,92.52,Assam,Cachar,1,83.0
23.434706,92.854894,Mizoram,Serchhip,1,904.0
25.669,94.218,Nagaland,Phek,1,760.0
23.68054,93.020091,Mizoram,Aizawl,1,608.0
27.02130188044995,88.22003038757774,,,0,1644.0
24.90893658866525,92.22457143946068,,,0,17.0
23.664089436154505,91.93364572518756,,,0,225.0
28.412722,95.247722,Arunachal Pradesh,Upper Siang,1,795.0
23.700835,92.877449,Mizoram,Aizawl,1,527.0
25.951583,94.023667,Nagaland,Kohima,1,494.0
27.158111,88.491722,Sikkim,South Sikkim,1,1102.0
23.860361,93.203804,Mizoram,Champhai,1,955.0
24.833889,94.346417,Manipur,Kamjong,1,1469.0
28.084516912599103,95.46917301020218,,,0,171.0
25.02755177579553,91.55118085245952,,,0,15.0
25.585,94.137,Nagaland,Kohima,1,1574.0
26.365000130356105,95.1017024517835,,,0,1812.0
23.45835,93.263247,Mizoram,Champhai,1,828.0
26.00627276383837,91.49306672571764,,,0,50.0
25.38707265240432,93.73647010645178,,,0,430.0
25.284293237005908,94.69692130626991,,,0,1763.0
22.084564455611343,92.95585611570564,,,0,252.0
24.82496183108554,92.68664868855096,,,0,22.0
26.445518056905225,95.24168389945127,,,0,1799.0
24.635453277268883,94.5615556155204,,,0,239.0
26.031786,94.634392,Nagaland,Zunheboto,1,2039.0
28.729999210879736,95.6553579773242,,,0,2214.0
24.612992,93.670236,Manipur,Churachandpur,1,656.0
25.301444,91.9245,Meghalaya,East Khasi Hills,1,1208.0
26.389556,94.616667,Nagaland,Mokokchung,1,1359.0
27.520523902630284,88.42353490714191,,,0,2293.0
27.92293668842057,94.48262387759172,,,0,802.0
27.61644511872082,94.14812196938348,,,0,1991.0
26.237,94.212611,Nagaland,Wokha,1,396.0
24.12573444748732,92.04642097206413,,,0,103.0
25.636562775725487,93.33498153015522,,,0,389.0
27.356416369834363,88.98003418877336,,,0,2602.0
28.31986095859248,95.55598001184012,,,0,1533.0
23.39813889,92.7485,Mizoram,Aizawl,1,1302.0
27.482215029404813,91.97970076737325,,,0,3798.0
23.21685,92.955475,Mizoram,Serchhip,1,534.0
25.7491204,94.0804548,Nagaland,Kohima,1,1262.0
26.48208698553397,92.82960033050172,,,0,67.0
25.310147282531425,92.9398157146103,,,0,469.0
28.242997,95.772144,Arunachal Pradesh,Lower Dibang Valley,1,805.0
26.16405556,91.72827778,Assam,Kamrup,1,92.0
24.0763762658904,93.003101284103,,,0,425.0
27.621537724543384,93.9472354990907,,,0,1797.0
28.386722,95.240833,Arunachal Pradesh,Upper Siang,1,663.0
24.819975,93.576653,Manipur,Noney,1,379.0
27.108467410739397,95.46496679356083,,,0,281.0
23.43416667,92.75222222,Mizoram,,1,1082.0
23.595,92.81611111,Mizoram,Aizawl,1,622.0
27.163684551654843,93.88048780570608,,,0,117.0
25.148158,92.177172,Meghalaya,West Jaintia Hills,1,177.0
25.240746678807227,94.73090911665552,,,0,1717.0
24.11712982887388,92.59062727070516,,,0,161.0
22.74,92.52,Mizoram,Lawngtlai,1,71.0
27.416487417578345,93.88864158128536,,,0,844.0
25.241135,93.007627,Assam,Dima Hasao,1,349.0
27.103639,92.76025,Arunachal Pradesh,West Kameng,1,380.0
25.907167,94.041583,Nagaland,Kohima,1,1036.0
23.297332,92.740677,Mizoram,Serchhip,1,731.0
25.428510020163703,91.17330209934482,,,0,1061.0
25.15669444,93.01766667,Assam,Dima Hasao (N.C. Hills),1,616.0
24.54,92.63,Assam,Hailakandi,1,49.0
24.049180363258195,93.75783915545044,,,0,784.0
24.952742458533187,94.76256655063384,,,0,688.0
25.314972,94.5065,Manipur,Ukhrul,1,1390.0
24.10506389,93.09593611,Mizoram,Kolasib,1,319.0
27.401561530670325,93.19187068458966,,,0,2325.0
23.298044,92.648759,Mizoram,Lunglei,1,723.0
27.271824751054503,93.65160508330436,,,0,1220.0
26.395389,94.454528,Nagaland,Mokokchung,1,842.0
25.636072383595188,92.6269557105808,,,0,762.0
28.06131446436924,93.8381586745839,,,0,1111.0
25.05449678821649,94.77269703459258,,,0,1177.0
27.663759630086528,92.7865028334042,,,0,2046.0
23.54805556,92.70222222,Mizoram,Aizawl,1,821.0
25.387912,91.762233,Meghalaya,East Khasi Hills,1,1768.0
27.13039653808121,95.3094474639819,,,0,121.0
25.2388483938284,94.7225554772118,,,0,1867.0
24.946506677814803,93.38564224540433,,,0,493.0
26.590556,94.764167,Nagaland,Longleng,1,970.0
27.96258606427097,94.8061161377465,,,0,1257.0
27.012646162171023,93.70118815308028,,,0,123.0
25.561604441114724,94.08368158285832,,,0,2777.0
23.94138889,92.68305556,Mizoram,Kolasib,1,257.0
25.346653,94.159475,Manipur,Senapati,1,1416.0
26.30416652844808,94.02729483059778,,,0,115.0
25.4351,94.071111,Manipur,Senapati,1,1394.0
23.89125,92.288056,Tripura,North Tripura,1,302.0
25.90692,92.64714,Assam,West Karbi Anglong,1,321.0
25.336242283296357,93.73792802417655,,,0,1441.0
25.297628,92.387525,Meghalaya,East Jaintia Hills,1,914.0
25.14809915889161,93.56594125834596,,,0,608.0
28.356530336246607,95.37679659790666,,,0,2325.0
23.143591,92.749751,Mizoram,Lunglei,1,851.0
25.001224347300507,93.2258002134,,,0,171.0
22.705,92.842003,Mizoram,Lunglei,1,810.0
26.091861,94.101333,Nagaland,Wokha,1,704.0
25.080389,93.611889,Manipur,Tamenglong,1,1085.0
26.17806,91.76083,Assam,Kamrup,1,61.0
28.308592,95.971041,Arunachal Pradesh,Lower Dibang Valley,1,893.0
25.88585381798472,95.21274435225882,,,0,1551.0
27.1139783075743,92.47395107649756,,,0,3040.0
25.37703568137993,93.65502978450392,,,0,594.0
28.14868598676483,95.52006770436348,,,0,267.0
27.594861,91.866444,Arunachal Pradesh,Tawang,1,2975.0
22.26,93.03,Mizoram,Saiha,1,1371.0
26.955736441617997,95.87906599252216,,,0,900.0
23.982,92.718028,Mizoram,Kolasib,1,687.0
25.269110652838062,94.8262975806462,,,0,1708.0
27.12825,88.292194,Sikkim,West Sikkim,1,373.0
23.94385025176369,92.16791242974227,,,0,117.0
23.88808582518579,93.51697412992092,,,0,878.0
25.521,94.134,Manipur,Senapati,1,1718.0
22.290441358166145,92.94708434982914,,,0,751.0
26.61308067437265,94.26502084266868,,,0,109.0
25.05280402363348,91.87010477616096,,,0,19.0
28.11781,96.54906,Arunachal Pradesh,Anjaw,1,939.0
25.104805318014563,91.66069169282918,,,0,18.0
25.145,93.158,Assam,Dima Hasao,1,1294.0
23.94722222,92.68277778,Mizoram,Kolasib,1,341.0
25.9559968410198,95.03730628837336,,,0,2477.0
26.0044,93.9789,Nagaland,Wokha,1,448.0
25.4307815350755,93.81745117486852,,,0,1018.0
26.984318,95.510469,Arunachal Pradesh,Tirap,1,753.0
24.33836111,92.73377778,Mizoram,Kolasib,1,177.0
24.458325,93.09439167,Mizoram,Kolasib,1,443.0
24.284222,94.2805,Manipur,Tengnoupal,1,526.0
28.783517,95.904106,Arunachal Pradesh,Dibang Valley,1,1280.0
23.061745,92.770105,Mizoram,Lunglei,1,941.0
22.416,92.864998,Mizoram,Lawngtlai,1,616.0
23.28611,92.85748,Mizoram,Serchhip,1,823.0
25.688,94.12,Nagaland,Kohima,1,1422.0
25.178417,94.52725,Manipur,Ukhrul,1,1296.0
23.611072090619118,92.51628714545586,,,0,201.0
23.431639,93.33925,Mizoram,Champhai,1,1302.0
25.155542593844867,94.23839077618632,,,0,1438.0
25.972964,91.858336,Meghalaya,Ri-Bhoi,1,337.0
26.57,94.35,Assam,Jorhat,1,183.0
25.163333,93.691194,Manipur,Tamenglong,1,1034.0
25.05627304040141,93.20798499250742,,,0,558.0
25.070691765120294,92.0211359543542,,,0,15.0
24.643252184091708,94.60687254555836,,,0,892.0
24.09,94.02,Manipur,Chandel,1,1466.0
23.336425,93.361493,Mizoram,Champhai,1,779.0
27.317398064998056,94.0611400804093,,,0,108.0
28.238615,95.893348,Arunachal Pradesh,Lower Dibang Valley,1,2328.0
26.62835164264659,95.27605702141976,,,0,1052.0
26.1766696763477,94.74253232892306,,,0,2103.0
24.20462417474518,92.05406306294218,,,0,130.0
24.98575,93.497389,Manipur,Tamenglong,1,1165.0
25.743,94.242,Nagaland,Kohima,1,804.0
27.174389,88.452028,Sikkim,South Sikkim,1,1538.0
23.306338,92.666573,Mizoram,Lunglei,1,686.0
28.41430334533653,96.5354435006258,,,0,3582.0
23.407131710894767,93.46858536182526,,,0,1571.0
27.674600350519004,93.45529877864868,,,0,2396.0
22.163274669858914,93.23760922642064,,,0,820.0
22.98897818551999,92.5597459659135,,,0,493.0
27.912806,94.726972,Arunachal Pradesh,Lepa rada,1,656.0
24.26,92.67,Mizoram,Kolasib,1,191.0
23.486909,92.856282,Mizoram,Serchhip,1,1009.0
23.65416667,92.71777778,Mizoram,Aizawl,1,872.0
25.410333,94.542028,Manipur,Ukhrul,1,887.0
26.834778,95.080639,Nagaland,Mon,1,294.0
24.193682,92.946417,Mizoram,Aizawl,1,531.0
28.199873,95.811883,Arunachal Pradesh,Lower Dibang Valley,1,873.0
24.81750574126286,94.74501892461149,,,0,211.0
28.265561,95.562854,Arunachal Pradesh,Lower Dibang Valley,1,466.0
27.5152,88.56456,Sikkim,North Sikkim,1,1393.0
23.183584,93.235031,Mizoram,Champhai,1,1460.0
23.73777778,92.825,Mizoram,Aizawl,1,470.0
27.9889960110476,93.64189197095902,,,0,1435.0
26.9646032424801,88.12400759420476,,,0,2045.0
27.399708851926817,94.02338198654064,,,0,551.0
23.91561024770621,93.86043896138123,,,0,2106.0
27.518731679307415,93.95085101757248,,,0,2559.0
25.234966,91.690051,Meghalaya,East Khasi Hills,1,631.0
23.938583,93.213997,Mizoram,Champhai,1,1044.0
26.101583,94.253222,Nagaland,Wokha,1,1311.0
22.869707,92.753304,Mizoram,Lunglei,1,1077.0
25.895838,94.044886,Nagaland,Kohima,1,1045.0
23.677967,93.087973,Mizoram,Champhai,1,1157.0
23.651836603923734,93.41012743502034,,,0,1009.0
22.818676800342548,92.47958562986214,,,0,73.0
26.042139,92.27525,Assam,West Karbi Anglong,1,145.0
28.240521,95.866592,Arunachal Pradesh,Lower Dibang Valley,1,1856.0
24.799333,93.435417,Manipur,Noney,1,926.0
24.41578502864575,93.75025316799068,,,0,782.0
23.894401300614717,93.87239122959951,,,0,1600.0
27.711265602761014,91.88851127627284,,,0,4408.0
23.570595,93.07382,Mizoram,Champhai,1,1007.0
25.117806,93.647528,Manipur,Tamenglong,1,1226.0
28.801427213543292,95.02378637424606,,,0,2195.0
26.18789,91.79493,Assam,Kamrup (Metro),1,96.0
25.453611,93.371389,Assam,Dima Hasao,1,440.0
25.289444,94.309472,Manipur,Senapati,1,1171.0
24.995767617816824,94.74365422014957,,,0,1533.0
23.717553,92.716826,Mizoram,Aizawl,1,1028.0
28.628320394309554,95.73067981024084,,,0,1035.0
26.077620252681893,95.1521332851234,,,0,2186.0
25.671583,91.040889,Meghalaya,West Khasi Hills,1,959.0
24.90139,93.45389,Manipur,Tamenglong,1,971.0
25.65119,94.234544,Nagaland,Phek,1,1207.0
24.601465359399,93.84832347601863,,,0,771.0
28.65046039668116,94.84858655250748,,,0,2155.0
27.088394379962487,92.67633294477994,,,0,383.0
27.11859253479217,93.90480867374342,,,0,95.0
22.748023990787743,92.747982016061,,,0,348.0
26.38091650010152,94.23391958122934,,,0,223.0
25.44440893792569,93.92885973576324,,,0,1026.0
22.43,92.69,Mizoram,Lawngtlai,1,557.0
26.6275737052931,94.86845944613412,,,0,467.0
23.1351,92.748694,Mizoram,Lunglei,1,921.0
27.28899062741089,88.02118141853344,,,0,3297.0
28.333036559985576,95.37843691173398,,,0,2743.0
24.800778,93.702611,Manipur,Noney,1,865.0
25.028899942453798,93.1200309818167,,,0,635.0
23.309295,92.860017,Mizoram,Serchhip,1,997.0
24.96221638397693,92.28979132438138,,,0,14.0
25.618222,93.918397,Nagaland,Peren,1,1665.0
27.14222989671454,95.9358062581018,,,0,832.0
23.45111111,92.68166667,Mizoram,Aizawl,1,908.0
27.760917,93.995583,Arunachal Pradesh,Lower Subansiri,1,426.0
22.28266551994839,92.87225285432623,,,0,569.0
23.72722222,92.85472222,Mizoram,Aizawl,1,805.0
27.239066706188652,88.86700180779268,,,0,2536.0
24.6735,94.270702,Manipur,Kamjong,1,1320.0
26.7855,95.071861,Nagaland,Mon,1,865.0
28.85645587516109,94.98146246327514,,,0,2376.0
25.66059843023037,93.20898493750204,,,0,300.0
27.66567861222561,96.4531731994518,,,0,2087.0
27.51782532031302,88.24017517856338,,,0,5536.0
23.461248,93.012863,Mizoram,Serchhip,1,1453.0
26.988217715521976,95.6195855156721,,,0,2046.0
24.789504,93.66385,Manipur,Noney,1,484.0
26.192556,94.484472,Nagaland,Zunheboto,1,1080.0
27.69053976375009,94.5664368734126,,,0,926.0
23.281075,93.144075,Mizoram,Aizawl,1,653.0
23.882583,92.877639,Mizoram,Aizawl,1,882.0
26.179,94.182611,Nagaland,Wokha,1,639.0
26.180157954323622,93.77376910216144,,,0,145.0
25.332836,91.934395,Meghalaya,East Khasi Hills,1,565.0
25.972322,91.561125,Meghalaya,Ri-Bhoi,1,285.0
27.393699468681604,93.19299289772437,,,0,2583.0
27.246835993054663,96.34669684164562,,,0,814.0
27.124713142389805,93.08985628470852,,,0,1152.0
26.184324,91.855395,Assam,Kamrup (Metro),1,70.0
26.864988362988758,95.01836053009352,,,0,167.0
25.21995922004841,94.73889576550556,,,0,1343.0
25.84451434735215,95.11997021533917,,,0,1881.0
28.267285817943964,95.12724147757211,,,0,1108.0
26.22769102225141,91.46673560571624,,,0,50.0
23.382175,92.843876,Mizoram,Serchhip,1,936.0
25.04318534839897,93.95535759257594,,,0,866.0
25.576,93.878,Nagaland,Peren,1,1536.0
23.30958854009305,92.53344034304774,,,0,941.0
24.57249406264848,93.77488620426216,,,0,770.0
24.38697080753682,94.46899036968924,,,0,161.0
23.42330665555175,92.48087138869336,,,0,505.0
25.059167,93.604222,Manipur,Tamenglong,1,981.0
22.490999,92.964996,Mizoram,Saiha,1,702.0
25.82897422484933,92.39003974785886,,,0,691.0
27.275542,95.965859,Arunachal Pradesh,Changlang,1,453.0
25.89626816757973,93.62300905833838,,,0,223.0
25.156,93.018,Assam,Dima Hasao,1,599.0
24.56016389,93.24426944,Mizoram,Kolasib,1,391.0
28.48295699458756,95.6227075978328,,,0,2336.0
26.89597037309704,88.3847933280915,,,0,700.0
24.222837,92.952639,Mizoram,Aizawl,1,599.0
25.59906156374231,93.39836203299558,,,0,253.0
25.664,94.101,Nagaland,Kohima,1,1482.0
24.94676028201212,92.49393495978696,,,0,18.0
23.513436,93.074047,Mizoram,Champhai,1,1065.0
23.900737908646448,93.8002234653756,,,0,1161.0
23.200655,92.5813,Mizoram,Lunglei,1,737.0
25.96794496818333,91.6489309215698,,,0,445.0
26.232556,94.472889,Nagaland,Zunheboto,1,982.0
25.156583,93.019611,Assam,Dima Hasao,1,624.0
25.126972,92.388083,Meghalaya,East Jaintia Hills,1,108.0
25.162028,93.733306,Manipur,Tamenglong,1,726.0
23.963755598415904,93.50033983129454,,,0,830.0
28.244975,95.914094,Arunachal Pradesh,Lower Dibang Valley,1,2640.0
28.31792854257085,95.68740819977177,,,0,503.0
25.755822298862917,91.16081138056198,,,0,757.0
24.303083,94.245056,Manipur,Tengnoupal,1,695.0
25.404383829862965,90.2697837703734,,,0,115.0
26.303333,93.225694,Assam,Karbi Anglong,1,262.0
25.249645759297028,93.55201346668396,,,0,1523.0
24.641528,93.623694,Manipur,Noney,1,518.0
27.161858,95.757717,Arunachal Pradesh,Changlang,1,528.0
25.78363358063096,95.09470099179865,,,0,2261.0
26.122694,95.076861,Nagaland,Noklak,1,1616.0
25.155,93.073,Assam,Dima Hasao,1,600.0
22.94633026241373,92.6553945535999,,,0,375.0
27.6756709339348,91.82334368891676,,,0,4299.0
25.31151571002479,92.25112212237347,,,0,1107.0
28.080151,96.472541,Arunachal Pradesh,Anjaw,1,819.0
28.527944,94.309444,Arunachal Pradesh,Shi-Yomi,1,1405.0
25.115889,93.639611,Manipur,Tamenglong,1,1248.0
23.969001942977084,92.5637998688984,,,0,465.0
25.7802266,93.936165,Nagaland,Chumoukedima,1,907.0
25.68241926683772,91.75666991932567,,,0,932.0
23.52694444,92.65444444,Mizoram,Aizawl,1,397.0
24.1013193073114,93.19389320946868,,,0,1066.0
24.698023932232083,94.621450849374,,,0,768.0
25.049861,93.602389,Manipur,Tamenglong,1,933.0
25.295624,91.56964,Meghalaya,East Khasi Hills,1,1263.0
23.81722222,92.82805556,Mizoram,Aizawl,1,460.0
25.926408,94.469758,Nagaland,Zunheboto,1,1757.0
27.54975833,88.57530833,Sikkim,North Sikkim,1,1888.0
27.122872,95.672546,Arunachal Pradesh,Changlang,1,757.0
23.474528,93.241611,Mizoram,Champhai,1,896.0
25.312667,94.509111,Manipur,Ukhrul,1,1448.0
27.076109660823345,95.8368140079511,,,0,1705.0
25.89434072179875,91.79712668259414,,,0,379.0
22.867741,92.898506,Mizoram,Lunglei,1,651.0
22.66,92.65,Mizoram,Lunglei,1,389.0
23.73528427791497,93.58960310908842,,,0,1066.0
25.84516,93.68408,Assam,Karbi Anglong,1,185.0
25.53427226269244,95.0458743227568,,,0,790.0
25.640264,91.848588,Meghalaya,East Khasi Hills,1,1203.0
25.340833,94.160528,Manipur,Senapati,1,1519.0
25.288056,94.527806,Manipur,Ukhrul,1,1151.0
22.328888,92.769997,Mizoram,Lawngtlai,1,336.0
24.433972,94.249278,Manipur,Tengnoupal,1,1329.0
23.617207590433708,91.76073831530454,,,0,173.0
25.77472130536646,91.93377579875086,,,0,863.0
24.271528,94.125667,Manipur,Tengnoupal,1,1209.0
23.57222222,92.71166667,Mizoram,Aizawl,1,880.0
27.269861,93.802361,Arunachal Pradesh,Papum Pare,1,417.0
26.34144632658476,94.3427368773141,,,0,441.0
28.30749575818064,96.04308925744913,,,0,961.0
23.39457639388034,93.51894461016192,,,0,1362.0
23.11145514696789,92.47740226689452,,,0,141.0
25.24327,91.866626,Meghalaya,East Khasi Hills,1,921.0
27.17054167,88.38358056,Sikkim,South Sikkim,1,1528.0
23.140846,92.751229,Mizoram,Lunglei,1,861.0
24.237794,92.805727,Mizoram,Aizawl,1,657.0
22.751808,92.838905,Mizoram,Lunglei,1,570.0
27.017006172867863,88.54168827560645,,,0,1114.0
28.181365,95.470102,Arunachal Pradesh,East Siang,1,380.0
22.45138,92.911942,Mizoram,Lawngtlai,1,654.0
26.060792355799972,93.87212690798034,,,0,134.0
25.20111,91.640451,Meghalaya,East Khasi Hills,1,412.0
25.587963109006484,91.96979991029072,,,0,1275.0
23.767139,92.533889,Mizoram,Mamit,1,483.0
25.441734,92.892033,Assam,Dima Hasao,1,618.0
27.200742883142087,93.99665744920988,,,0,95.0
26.324934162620742,91.75831336349216,,,0,50.0
26.447753257683463,93.1292079848332,,,0,325.0
24.08,92.51,Mizoram,Mamit,1,647.0
28.90231564047016,95.66889803731203,,,0,2729.0
26.22125,94.478056,Nagaland,Zunheboto,1,920.0
25.64908889,91.899,Meghalaya,East Khasi Hills,1,1091.0
28.28296403860479,96.0920581116754,,,0,1172.0
28.06016309867009,93.26873208053176,,,0,1821.0
28.83680111228694,94.53836536888296,,,0,3006.0
23.32926548738993,92.97327367079804,,,0,1424.0
27.137582131618085,88.71661373084095,,,0,2220.0
27.248882,88.476747,Sikkim,Gangtok District,1,461.0
24.775077017396164,94.72245469715116,,,0,313.0
22.529731,92.896699,Mizoram,Lawngtlai,1,852.0
27.776410835639243,88.86229375714308,,,0,4797.0
26.394980877829,93.36852421408692,,,0,708.0
27.705083000235337,92.97766590903636,,,0,2152.0
24.88196942689518,93.0368827671332,,,0,47.0
26.193,94.292972,Nagaland,Wokha,1,902.0
25.17136774119678,92.76443593241872,,,0,1339.0
25.259972,94.543806,Manipur,Ukhrul,1,1225.0
24.841944,94.512972,Manipur,Kamjong,1,1549.0
22.76731473797426,93.12614854621349,,,0,500.0
25.268942,94.044694,Manipur,Senapati,1,1300.0
24.819694,94.352611,Manipur,Kamjong,1,1562.0
28.75230052675552,95.7156546537741,,,0,2775.0
27.756778,93.436761,Arunachal Pradesh,Kra Daadi,1,1036.0
23.46777778,92.74111111,Mizoram,Aizawl,1,1328.0
23.850196528925377,93.47926868233282,,,0,1098.0
25.16553,93.02172,Assam,Dima Hasao,1,630.0
27.412111,88.626944,Sikkim,North Sikkim,1,1402.0
25.169,93.74075,Manipur,Tamenglong,1,763.0
27.56366625885067,94.75086239319305,,,0,105.0
22.57609807125184,92.7704585115828,,,0,364.0
22.580217731028,92.7821678480152,,,0,267.0
23.306012,92.704212,Mizoram,Serchhip,1,433.0
25.12823636761913,91.34568832825612,,,0,14.0
23.73888889,92.71472222,Mizoram,Aizawl,1,1107.0
25.54184836321688,89.87019017066777,,,0,27.0
24.9155,94.578333,Manipur,Kamjong,1,1128.0
25.50172232690316,92.32030831072422,,,0,1338.0
23.218283631233028,93.42234358738828,,,0,969.0
25.96133485158336,93.224158404868,,,0,179.0
24.775972,93.457139,Manipur,Noney,1,545.0
27.62888137836681,92.851101418332,,,0,2339.0
27.29166667,88.22,Sikkim,West district,1,1666.0
26.038585296987968,95.20777925584412,,,0,2216.0
25.87134801055499,91.74393909129031,,,0,530.0
25.67,94.109,Nagaland,Kohima,1,1465.0
28.06131,96.49256,Arunachal Pradesh,Anjaw,1,492.0
25.89075338515808,91.774517833115,,,0,383.0
25.554,94.148,Nagaland,Kohima,1,1535.0
26.301694,94.616694,Nagaland,Tuensang,1,1040.0
25.318718398923103,93.94867409662376,,,0,1454.0
25.48598424201904,94.24103746774568,,,0,1895.0
25.52,93.72,Nagaland,Peren,1,1358.0
25.1327318280903,91.8155545006513,,,0,12.0
28.262879,95.551911,Arunachal Pradesh,Lower Dibang Valley,1,468.0
23.644236257181145,92.52663432136907,,,0,255.0
25.184194,94.522694,Manipur,Ukhrul,1,1408.0
26.00748218386612,94.74144287282466,,,0,1710.0
23.411417,93.343361,Mizoram,Champhai,1,1297.0
26.213389,94.235778,Nagaland,Wokha,1,352.0
26.111278,94.257194,Nagaland,Wokha,1,1413.0
24.575899342010327,93.52641708633112,,,0,1143.0
26.93362,92.70757,Assam,Sonitpur,1,137.0
23.77777778,92.8479,Mizoram,Aizawl,1,678.0
24.22922222,93.35478333,Mizoram,Kolasib,1,842.0
23.54361111,92.67722222,Mizoram,Aizawl,1,656.0
24.64,92.98,Assam,Cachar,1,34.0
27.391639,93.011861,Arunachal Pradesh,East Kameng,1,619.0
25.5,90.21,Meghalaya,West Garo Hills,1,206.0
24.071212121777343,93.43195521834826,,,0,929.0
23.88833333,93.08638889,Mizoram,Aizawl,1,577.0
23.531417,92.573056,Mizoram,Mamit,1,875.0
24.06638889,92.78194444,Mizoram,Kolasib,1,971.0
23.453389,93.2615,Mizoram,Champhai,1,758.0
23.836421053761608,93.98829695237524,,,0,736.0
27.40796083116217,96.18052411153596,,,0,273.0
24.129888810537764,92.85607178668242,,,0,170.0
25.66897,94.04664,Nagaland,Kohima,1,1591.0
27.465896060404017,88.67710303709825,,,0,2356.0
25.66883889,94.21054444,Nagaland,Kohima,1,784.0
27.8559482549922,96.5031756282052,,,0,1539.0
24.98759434311297,92.8383710720186,,,0,168.0
27.537852431249547,88.27828522785391,,,0,4215.0
26.109222,91.939,Assam,Kamrup,1,75.0
25.357511044966213,93.96142311610288,,,0,1495.0
27.37919736665558,91.7326081050947,,,0,1499.0
28.410137397886164,95.34607055684296,,,0,1967.0
23.35691,93.301356,Mizoram,Champhai,1,1174.0
27.213127,92.652213,Arunachal Pradesh,Papum Pare,1,1034.0
24.691821162291784,94.6319787405864,,,0,874.0
25.610627574224115,91.7015746985582,,,0,1422.0
25.42755434053433,93.6691343117074,,,0,842.0
25.767,94.229778,Nagaland,Kohima,1,1097.0
27.91277776500171,93.23889597314732,,,0,1955.0
26.727889,95.040389,Nagaland,Mon,1,575.0
24.31,92.56,Assam,Hailakandi,1,46.0
24.894944,94.323111,Manipur,Kamjong,1,1340.0
25.9111760305879,92.0595057088212,,,0,685.0
25.905953,94.427414,Nagaland,Kohima,1,1128.0
24.09510507283829,93.2012417897498,,,0,1065.0
23.401015,92.848482,Mizoram,Serchhip,1,926.0
26.46298447200986,95.14617757417771,,,0,1923.0
26.698583,94.635167,Nagaland,Mokokchung,1,151.0
23.5325,92.65555556,Mizoram,Aizawl,1,463.0
23.71577,92.713172,Mizoram,Aizawl,1,956.0
23.866138,93.222809,Mizoram,Champhai,1,1163.0
27.27635772866648,92.1469907618745,,,0,2868.0
25.867301050334778,92.8831163788692,,,0,76.0
25.558058,90.809919,Meghalaya,East Garo hills,1,405.0
25.047556,92.405806,Meghalaya,East Jaintia Hills,1,71.0
26.59416,93.547361,Assam,Karbi Anglong,1,162.0
22.95786210083998,92.64925992906842,,,0,660.0
26.469278509665312,94.92411170459864,,,0,792.0
25.27447389268025,90.86013754244868,,,0,305.0
23.749805,93.099227,Mizoram,Champhai,1,1399.0
26.15461111,91.80086111,Assam,Kamrup (Metro),1,79.0
25.036777399476367,93.6989084501782,,,0,812.0
25.244005433044556,92.46597092097292,,,0,900.0
23.92391055213601,92.5479471389915,,,0,380.0
25.093851637992447,91.83612728792934,,,0,12.0
26.2149028280647,93.85318672937548,,,0,123.0
27.43409769721764,92.81679873877243,,,0,1040.0
27.490235402914355,88.7612165487571,,,0,4068.0
26.041611,95.075806,Nagaland,Noklak,1,1486.0
27.182111,88.508,Sikkim,East Sikkim,1,415.0
28.37095067552816,95.15772579490252,,,0,1893.0
23.7104,92.72237778,Mizoram,Aizawl,1,963.0
26.43,94.38,Nagaland,Mokokchung,1,415.0
25.511205941210637,94.44407520750872,,,0,1063.0
23.73555556,92.80027778,Mizoram,Aizawl,1,362.0
27.502,88.5375,Sikkim,North Sikkim,1,1231.0
25.59567808114099,91.39076020636443,,,0,1529.0
27.007056398468723,88.55093484900205,,,0,1437.0
26.99028196859683,88.21262980477799,,,0,1614.0
26.34846948990249,92.14853328248564,,,0,55.0
27.270257,93.798647,Arunachal Pradesh,Papum Pare,1,415.0
26.03696907628999,94.95458631573436,,,0,1008.0
27.421474993680235,88.19508071134355,,,0,2523.0
27.164472,88.213889,Sikkim,West Sikkim,1,1415.0
25.67222,94.11083,Nagaland,Kohima,1,1382.0
25.669,94.091,Nagaland,Kohima,1,1326.0
27.069837,93.5542,Arunachal Pradesh,Papum Pare,1,338.0
24.39645573950909,92.99941299542824,,,0,228.0
28.098983805277307,95.4430029958666,,,0,191.0
23.30828265869176,93.18751791452728,,,0,1195.0
27.1076,93.6413,Arunachal Pradesh,Papum Pare,1,315.0
26.49407404933981,92.8502376740268,,,0,66.0
23.553368927887103,92.38014654591562,,,0,128.0
28.3754338662737,95.12920610261646,,,0,1285.0
28.71100345767876,95.12473925052946,,,0,2761.0
27.951306,95.074056,Arunachal Pradesh,Lower dibang valley,1,437.0
25.36103333,91.64700833,Meghalaya,South Garo Hills,1,1449.0
25.761464,94.217103,Nagaland,Kohima,1,735.0
25.40356341030725,94.86210805156274,,,0,1334.0
25.93234759674521,93.9629835454361,,,0,173.0
25.67414899807752,91.27857741319278,,,0,1383.0
23.7002691,92.7181685,Mizoram,Aizawl,1,1038.0
26.230405276510545,93.75489790322284,,,0,146.0
23.973684,92.683868,Mizoram,Kolasib,1,338.0
24.391659742683053,93.00038834038452,,,0,182.0
24.833278,94.349639,Manipur,Kamjong,1,1501.0
24.02833333,92.89138889,Mizoram,Aizawl,1,1181.0
26.64697556875049,92.9816772094185,,,0,75.0
25.4652323071849,94.71086177166598,,,0,2266.0
24.323361,94.143556,Manipur,Tengnoupal,1,1265.0
24.995900254398915,93.4160031777406,,,0,418.0
22.47906510594688,93.26630696757228,,,0,1455.0
25.216169,91.389142,Meghalaya,East Khasi Hills,1,162.0
23.27329400691544,93.39999740686282,,,0,1369.0
23.565,92.70777778,Mizoram,Aizawl,1,851.0
26.200752213571672,95.34730628671451,,,0,1394.0
25.4990764813056,93.5842591808842,,,0,869.0
25.647,94.378,Nagaland,Phek,1,1475.0
26.572889,95.098944,Nagaland,Mon,1,1427.0
25.333758,92.589778,Meghalaya,East Jaintia Hills,1,1137.0
23.164508,93.270428,Mizoram,Champhai,1,1524.0
25.745,93.782,Nagaland,Dimapur,1,291.0
26.93254101490476,95.67485482681133,,,0,1337.0
28.71064400684948,94.81319431615198,,,0,1191.0
27.126444,88.340444,Sikkim,South Sikkim,1,1052.0
22.5,92.75,Mizoram,Lawngtlai,1,239.0
24.467401394386968,93.5285603010126,,,0,902.0
25.395431,92.990267,Assam,Dima Hasao,1,399.0
29.049523688336507,94.77708314290528,,,0,1783.0
25.4703065766299,94.77159942934958,,,0,2490.0
26.33078747999905,91.66101545250731,,,0,50.0
25.377068435305247,93.95243629615914,,,0,1030.0
27.56100254311371,94.60120981028751,,,0,104.0
28.376584154986915,96.12522535500176,,,0,1963.0
25.164759906478007,93.47295158891264,,,0,1520.0
25.658015502629485,91.76034486618616,,,0,939.0
23.230114,92.740067,Mizoram,Lunglei,1,781.0
26.149506670060305,94.6970444298498,,,0,1847.0
28.194898,95.807336,Arunachal Pradesh,Lower Dibang Valley,1,777.0
28.284225831294744,95.32378487871898,,,0,2208.0
25.15352495979988,92.4816410589454,,,0,189.0
27.49875553311959,93.98626468074116,,,0,2201.0
25.154121455324475,93.5693880472556,,,0,816.0
24.805342,94.322356,Manipur,Kamjong,1,1174.0
25.24218452055101,94.24097940775394,,,0,1077.0
28.827069,95.9225,Arunachal Pradesh,Dibang Valley,1,1655.0
24.73,93.13,Manipur,Jiribam,1,26.0
25.724,93.777,Nagaland,Dimapur,1,411.0
23.841761545368215,92.4497143805828,,,0,270.0
23.49991667,92.70136111,Mizoram,Aizawl,1,901.0
23.283951,92.852551,Mizoram,Serchhip,1,813.0
26.283358563689944,91.78185539581642,,,0,53.0
27.50371534341196,88.43333494261788,,,0,2954.0
22.395,92.860001,Mizoram,Lawngtlai,1,568.0
26.004725786002734,94.9101246041038,,,0,1208.0
24.2337658080577,94.34404958431313,,,0,163.0
25.622,94.114,Nagaland,Kohima,1,1644.0
27.11268272155204,88.75559827146138,,,0,2711.0
27.12355154034731,92.29217057752622,,,0,2620.0
23.67583333,92.715,Mizoram,Aizawl,1,997.0
24.27,93.11,Manipur,Pherzawl,1,749.0
27.368194,88.711167,Sikkim,East Sikkim,1,3167.0
25.34555,91.891461,Meghalaya,East Khasi Hills,1,1529.0
26.27716358385248,92.2321031768168,,,0,55.0
23.032444,92.705917,Mizoram,Lunglei,1,706.0
24.974128,93.666128,Manipur,Noney,1,813.0
24.9718789219091,94.37574352533343,,,0,834.0
26.314964,93.256408,Assam,Karbi Anglong,1,384.0
28.27632668811343,96.46383631499276,,,0,1917.0
27.167139,92.587917,Arunachal Pradesh,West Kameng,1,1735.0
28.81100790315582,95.19851660408118,,,0,1550.0
23.21641207634512,93.43693693162508,,,0,1135.0
26.121462932405628,93.89988011721958,,,0,126.0
25.990339,94.507711,Nagaland,Kiphire,1,1754.0
26.007083,91.909806,Meghalaya,Ri-Bhoi,1,210.0
27.748764800105285,96.44977649433324,,,0,1486.0
28.469246561224743,95.53870305881196,,,0,1919.0
25.290089,92.799175,Assam,Dima Hasao,1,1084.0
28.258729451804108,96.70097581290617,,,0,2844.0
25.55144909085248,92.9980651967338,,,0,127.0
24.925194,94.337056,Manipur,Ukhrul,1,1493.0
25.331130347179734,92.8967198967716,,,0,739.0
26.58537565242833,95.28882411911952,,,0,713.0
27.326915723235164,88.91428519081376,,,0,4366.0
27.991228899122028,94.9261113640797,,,0,569.0
26.804028,95.003722,Nagaland,Mon,1,696.0
25.038333807817505,92.07234806601456,,,0,12.0
28.009528051131134,95.81763454056151,,,0,162.0
23.885195,93.202332,Mizoram,Champhai,1,912.0
23.697889,92.568444,Mizoram,Mamit,1,923.0
22.91312,92.754616,Mizoram,Lunglei,1,1182.0
23.604611,92.726417,Mizoram,Aizawl,1,845.0
23.42024212962184,93.46421221680862,,,0,1246.0
22.203071024677868,93.3468521255064,,,0,980.0
25.584519,94.792344,Nagaland,Phek,1,1081.0
28.56693518582931,95.41968959943765,,,0,3548.0
24.53278062461972,93.88643665242115,,,0,769.0
27.555389,92.960778,Arunachal Pradesh,East Kameng,1,794.0
27.403475379183597,92.3430102740892,,,0,2415.0
25.011334379087444,92.22379698683817,,,0,16.0
23.9,91.75622222,Tripura,Dhalai,1,201.0
28.255355,95.551658,Arunachal Pradesh,Lower Dibang Valley,1,543.0
27.39336667,88.52236944,Sikkim,Gangtok District,1,1043.0
28.471388,95.852234,Arunachal Pradesh,Dibang Valley,1,911.0
23.301381,92.853078,Mizoram,Serchhip,1,980.0
25.2375,94.113889,Manipur,Senapati,1,1026.0
23.899944,92.279222,Tripura,North Tripura,1,501.0
23.513171511291656,92.04887792321284,,,0,169.0
24.15817222,93.02488611,Mizoram,Kolasib,1,570.0
25.05652512841179,92.6072521200924,,,0,201.0
26.37456,91.84561,Assam,Kamrup (Metro),1,61.0
24.200487,92.985172,Mizoram,Aizawl,1,269.0
28.057857388524017,95.71856196778702,,,0,182.0
23.70055556,92.87555556,Mizoram,Aizawl,1,464.0
24.681501432819623,93.43264147528151,,,0,346.0
27.00311522014091,88.6993640899234,,,0,651.0
27.2215,88.370667,Sikkim,South Sikkim,1,1791.0
25.066861,94.6325,Manipur,Ukhrul,1,1325.0
22.72798077155888,93.16291176150698,,,0,1300.0
25.73583703572092,91.36035559293516,,,0,836.0
25.43785445684613,94.79219127777202,,,0,2556.0
26.390893514750648,92.99423164596782,,,0,502.0
24.909889,94.486778,Manipur,Kamjong,1,1665.0
23.3057,92.852802,Mizoram,Serchhip,1,1023.0
25.599056,94.617222,Nagaland,Phek,1,1299.0
23.203903,92.576807,Mizoram,Lunglei,1,756.0
27.09700865901477,95.52261473494856,,,0,433.0
25.660583,94.755389,Nagaland,Phek,1,1673.0
26.714285135562022,95.51414708050986,,,0,1073.0
25.663384104508346,93.19465042820624,,,0,350.0
22.64194558365408,93.1205087278973,,,0,674.0
25.513213044330108,93.02493387914537,,,0,133.0
27.260194,88.302417,Sikkim,West Sikkim,1,582.0
27.56638625030524,94.25051445665451,,,0,202.0
27.0392498198764,88.22406051051732,,,0,1204.0
23.766900586907838,93.3188602506264,,,0,1206.0
25.12878480907368,92.4672751458615,,,0,474.0
25.77790326612649,90.76422826261808,,,0,259.0
24.85644807330513,94.43485390559236,,,0,1222.0
23.34297778,93.057775,Mizoram,Aizawl,1,875.0
23.73305556,92.84777778,Mizoram,Aizawl,1,765.0
24.83398243511419,93.34213816120143,,,0,995.0
25.130696253143597,92.79255216753512,,,0,1003.0
26.393889,94.919444,Nagaland,Tuensang,1,769.0
28.217595,95.793032,Arunachal Pradesh,Lower Dibang Valley,1,970.0
23.942722,93.213531,Mizoram,Champhai,1,1038.0
25.171264,93.020014,Assam,Dima Hasao,1,643.0
25.760611,91.88225,Meghalaya,Ri-Bhoi,1,752.0
24.815528,93.43725,Manipur,Noney,1,450.0
27.62885509068408,94.07605256266108,,,0,2397.0
27.051597795213866,88.27732743683072,,,0,1802.0
23.304746,92.862109,Mizoram,Serchhip,1,1005.0
25.16182368050195,92.51024376226091,,,0,230.0
23.64666667,92.71916667,Mizoram,Aizawl,1,560.0
25.304917,94.011444,Manipur,Senapati,1,1371.0
24.871528,94.234056,Manipur,Ukhrul,1,1210.0
23.65416667,92.69,Mizoram,Aizawl,1,867.0
25.624639,94.503278,Nagaland,Phek,1,894.0
25.36219322974112,92.75325725023762,,,0,900.0
26.91277807919327,88.46170858613897,,,0,387.0
27.327583,93.813389,Arunachal Pradesh,Papum Pare,1,908.0
26.065413132477843,92.67107983681412,,,0,66.0
24.851194,94.361722,Manipur,Kamjong,1,1460.0
25.68805,91.66653,Meghalaya,Eastern-West Khasi Hill,1,957.0
27.012415891422183,88.65202500911114,,,0,1323.0
28.555264145421035,95.95180005780762,,,0,3595.0
23.340405796093496,92.26121642948804,,,0,176.0
25.309155094288933,93.71368902861634,,,0,915.0
26.721087741927956,95.1581201549244,,,0,558.0
22.01615128799594,93.21527594883018,,,0,1342.0
22.23,92.93,Mizoram,Saiha,1,608.0
24.18,94.07,Manipur,Chandel,1,1139.0
22.518,92.855003,Mizoram,Lawngtlai,1,744.0
26.504917,94.662417,Nagaland,Mokokchung,1,979.0
25.36706686587463,94.78245404627128,,,0,1907.0
25.343111,92.584269,Meghalaya,East Jaintia Hills,1,1089.0
23.07552690558636,92.43289667123636,,,0,156.0
23.612312,93.198942,Mizoram,Champhai,1,894.0
25.78273951626003,92.40328660452607,,,0,946.0
24.971595818818123,93.21847021751644,,,0,170.0
26.8365,95.081306,Nagaland,Mon,1,281.0
24.297775,93.34159722,Mizoram,Kolasib,1,562.0
26.424472,94.67,Nagaland,Mokokchung,1,1318.0
24.638613430263067,94.64203875331312,,,0,441.0
27.01196686380066,88.42595960429446,,,0,750.0
25.667597,91.063169,Meghalaya,West Khasi Hills,1,983.0
28.461089395762645,96.71794848386878,,,0,3968.0
26.091528,94.100806,Nagaland,Wokha,1,701.0
26.722722,95.043361,Nagaland,Mon,1,512.0
25.166359483111204,92.67206789209732,,,0,1308.0
22.915587704132328,92.65353887520313,,,0,716.0
25.63417120797683,94.65624629442132,,,0,864.0
25.78072461093885,91.32792789569048,,,0,457.0
27.480472,88.531194,Sikkim,North Sikkim,1,1010.0
28.033243157152217,95.32417124427924,,,0,157.0
25.931167,94.048889,Nagaland,Kohima,1,721.0
23.625444,92.614889,Mizoram,Mamit,1,1087.0
27.257581,95.936353,Arunachal Pradesh,Changlang,1,568.0
25.65747,94.08611,Nagaland,Kohima,1,1581.0
23.476702,92.705854,Mizoram,Aizawl,1,1002.0
23.15114,93.283462,Mizoram,Champhai,1,1430.0
25.95511290023815,95.0277597517181,,,0,2380.0
22.84808,92.79831,Mizoram,Lunglei,1,1283.0
22.22,92.62,Mizoram,Lawngtlai,1,199.0
25.23572,91.68776,Meghalaya,East Khasi Hills,1,722.0
23.285254388506345,92.42780904760292,,,0,165.0
26.19214840496673,95.10877964395348,,,0,1784.0
23.54166667,92.66472222,Mizoram,Aizawl,1,701.0
22.53,92.62,Mizoram,Lawngtlai,1,113.0
23.46805556,92.71638889,Mizoram,Aizawl,1,1135.0
25.76970748090696,90.51759440360628,,,0,156.0
25.201083,93.140806,Manipur,Kangpokpi,1,498.0
27.60847633373765,93.38570182212844,,,0,2870.0
25.036048589512,91.50660872538364,,,0,10.0
22.862442,92.826431,Mizoram,Lunglei,1,1020.0
26.78725,95.068972,Nagaland,Mon,1,852.0
23.868917,92.735472,Mizoram,Aizawl,1,1258.0
28.045264632647115,96.31712589031976,,,0,845.0
25.34397804912321,91.82787462793,,,0,625.0
23.66379842368297,93.44588839002222,,,0,1200.0
25.08025,93.612278,Manipur,Tamenglong,1,1080.0
25.55162952778024,90.9584307373924,,,0,807.0
22.22651963593228,93.19368440316538,,,0,962.0
28.01992,96.443,Arunachal Pradesh,Anjaw,1,444.0
24.95529084926436,94.29118208048428,,,0,844.0
28.100284,96.449538,Arunachal Pradesh,Anjaw,1,1276.0
25.19152014896091,93.5407939134434,,,0,952.0
23.300787,92.853572,Mizoram,Serchhip,1,997.0
25.02570650173839,93.86378173924,,,0,1806.0
26.153418,94.590819,Nagaland,Zunheboto,1,1801.0
25.436001171995724,94.20848517265854,,,0,1304.0
23.742861,92.725389,Mizoram,Aizawl,1,945.0
25.03506623822257,92.89292532058067,,,0,318.0
24.040972,93.078697,Mizoram,Aizawl,1,648.0
28.34613111976449,95.48761004342964,,,0,688.0
27.202417,88.391583,Sikkim,South Sikkim,1,1655.0
28.133611,95.11125,Arunachal Pradesh,West Siang,1,272.0
26.05265450194231,91.64050850516102,,,0,234.0
26.32900974712283,92.3613398980436,,,0,59.0
24.52,93.07,Manipur,Pherzawl,1,189.0
26.012,92.264167,Assam,West Karbi Anglong,1,384.0
27.585158095423647,92.08173051644464,,,0,4525.0
24.023945,93.195663,Mizoram,Champhai,1,1260.0
24.407989,94.240544,Manipur,Tengnoupal,1,783.0
23.618917,92.642611,Mizoram,Mamit,1,841.0
23.468374658016234,92.4788964003402,,,0,359.0
26.206528,94.223333,Nagaland,Wokha,1,555.0
23.886723,93.200279,Mizoram,Champhai,1,873.0
23.459019,92.856803,Mizoram,Serchhip,1,1058.0
23.005556,92.810555,Mizoram,Lunglei,1,952.0
27.476671443484864,91.9715888804548,,,0,3702.0
25.222528,91.765256,Meghalaya,East Khasi Hills,1,602.0
25.257919,94.091564,Manipur,Senapati,1,1015.0
25.958886,91.851242,Meghalaya,Ri-Bhoi,1,357.0
26.608167,94.645139,Nagaland,Mokokchung,1,633.0
26.159333,91.917611,Assam,Kamrup,1,106.0
28.614667,95.063611,Arunachal Pradesh,Upper Siang,1,870.0
24.18226897229271,92.87915161291278,,,0,193.0
25.303123380589906,93.7736153317144,,,0,1649.0
25.065704386874867,91.42689863083,,,0,9.0
27.496950844488094,88.96544583798037,,,0,3940.0
23.62277778,92.72444444,Mizoram,Aizawl,1,816.0
25.381107,91.756477,Meghalaya,East Khasi Hills,1,1774.0
27.142070838014288,88.86045565172216,,,0,930.0
25.968083,92.3575,Assam,West Karbi Anglong,1,646.0
25.37778551329249,93.61676086072632,,,0,1069.0
24.69311320756849,94.0554090343878,,,0,817.0
25.695,94.077,Nagaland,Kohima,1,1173.0
28.013167,95.239333,Arunachal Pradesh,Upper Siang,1,256.0
27.427680082801825,88.26482093490063,,,0,2688.0
25.763469562587773,90.91918044865868,,,0,582.0
24.906333,94.482917,Manipur,Kamjong,1,1635.0
27.96720486879416,93.76965309741334,,,0,1607.0
26.007375737458258,95.00526022811728,,,0,1132.0
25.80023128570674,94.6398848736848,,,0,1861.0
24.893094170350388,92.39410604415568,,,0,18.0
26.78106430222012,95.35650888413504,,,0,1030.0
25.287333,94.528333,Manipur,Ukhrul,1,1142.0
27.306806,88.375194,Sikkim,South Sikkim,1,1607.0
23.73888889,92.69638889,Mizoram,Aizawl,1,1044.0
28.41315900279186,94.7829743323756,,,0,1551.0
28.284508061090005,95.30372280023605,,,0,1628.0
22.702165,92.836523,Mizoram,Lunglei,1,815.0
27.252527,93.804341,Arunachal Pradesh,Papum Pare,1,324.0
25.77309444,93.91229167,Nagaland,Peren,1,661.0
22.534,92.876999,Mizoram,Lawngtlai,1,567.0
25.31209779095989,92.95535410880366,,,0,387.0
25.2179954772196,92.64234499704996,,,0,1489.0
25.51,93.7,Nagaland,Peren,1,1208.0
23.7375,92.78805556,Mizoram,Aizawl,1,569.0
24.188117,92.595278,Mizoram,Kolasib,1,155.0
27.48402483799876,93.7882625266145,,,0,1212.0
25.7439067,94.0824993,Nagaland,Kohima,1,1262.0
27.51491576955573,93.78027371727552,,,0,1379.0
27.465472542526143,88.76544806609904,,,0,4361.0
24.586856248342976,94.54219240677408,,,0,204.0
24.17812149638486,92.89086208549892,,,0,73.0
23.49444444,92.70416667,Mizoram,Aizawl,1,900.0
25.33323732911226,94.8473688284676,,,0,737.0
23.889517624469512,93.80677957046524,,,0,1366.0
26.9327984877126,92.55102931646938,,,0,119.0
24.345432330114523,92.29487400521536,,,0,48.0
24.97501932493288,94.30372852268124,,,0,896.0
27.750588010704792,92.08791977554988,,,0,4253.0
26.66412062361461,94.4302251049082,,,0,142.0
25.25615079047608,92.91126888160814,,,0,798.0
27.61356149785483,88.75899530047012,,,0,4267.0
23.71444444,92.72861111,Mizoram,Aizawl,1,855.0
27.163084,95.754775,Arunachal Pradesh,Changlang,1,560.0
25.945994543058607,93.87110319948648,,,0,149.0
25.549333,91.246583,Meghalaya,West Khasi Hills,1,1337.0
23.63472222,92.855,Mizoram,Aizawl,1,1036.0
26.661809993983542,94.4412456413424,,,0,142.0
27.302861,93.050917,Arunachal Pradesh,East Kameng,1,1186.0
26.635667,94.703611,Nagaland,Mokokchung,1,700.0
24.431056,94.259028,Manipur,Tengnoupal,1,1225.0
24.97575325118887,93.92853613514174,,,0,1090.0
25.68002778,94.07266667,Nagaland,Kohima,1,1265.0
28.258122,95.55209,Arunachal Pradesh,Lower Dibang Valley,1,550.0
23.551440604507015,92.4100705923102,,,0,544.0
27.27,88.179944,Sikkim,West Sikkim,1,1328.0
25.353486,91.765544,Meghalaya,East Khasi Hills,1,1603.0
25.232417,92.178881,Meghalaya,West Jaintia Hills,1,788.0
24.081533274220305,94.2002289942676,,,0,338.0
25.05108333,92.40219444,Meghalaya,Jaintia Hills,1,64.0
23.65839973882615,92.44423441219882,,,0,480.0
25.757639,94.223583,Nagaland,Kohima,1,1057.0
25.59440597918957,93.6139873067821,,,0,437.0
25.01587271096508,93.2545741479592,,,0,176.0
25.014678591955757,92.18045011998456,,,0,13.0
23.131999,92.744413,Mizoram,Lunglei,1,807.0
23.705117,92.877669,Mizoram,Aizawl,1,501.0
25.063778,94.615,Manipur,Ukhrul,1,1012.0
23.606539,93.087476,Mizoram,Champhai,1,1135.0
23.73055556,92.77888889,Mizoram,Aizawl,1,673.0
25.226325429477917,92.28252966856948,,,0,795.0
23.7385748,92.6941941,Mizoram,Aizawl,1,986.0
28.22675,94.225111,Arunachal Pradesh,Siang,1,811.0
23.03814896332431,92.48585785552125,,,0,60.0
27.14340071637733,92.31190249279472,,,0,2695.0
24.686833,94.2605,Manipur,Kamjong,1,1374.0
24.984331,94.228244,Manipur,Ukhrul,1,1060.0
24.536556,93.670047,Manipur,Churachandpur,1,1124.0
22.21,92.61,Mizoram,Lawngtlai,1,239.0
25.85,91.17,Meghalaya,West Khasi Hills,1,78.0
27.87242048440405,94.63074880683092,,,0,1460.0
28.100244,96.448173,Arunachal Pradesh,Anjaw,1,1228.0
27.128972,93.705333,Arunachal Pradesh,Papum Pare,1,157.0
28.209018,95.80348,Arunachal Pradesh,Lower Dibang Valley,1,935.0
27.065779273433765,95.48427459319625,,,0,496.0
27.3515,88.273028,Sikkim,West Sikkim,1,1529.0
28.29060694549064,95.40176455104464,,,0,1975.0
26.198420588596576,92.09229553331171,,,0,52.0
25.905494,94.769017,Nagaland,Kiphire,1,1387.0
25.78117222,93.80404167,Nagaland,Chumoukedima,1,448.0
27.703038704151336,94.9239401337898,,,0,115.0
25.077778,93.611583,Manipur,Tamenglong,1,1048.0
25.43572518670536,94.34677354756576,,,0,1383.0
24.70721222035579,93.57067479289732,,,0,810.0
27.144357344189075,93.47433723467276,,,0,1191.0
28.20984162485016,95.99957220901972,,,0,2519.0
23.357100789984475,92.9818520820304,,,0,1411.0
25.065715892538485,92.64037702241436,,,0,149.0
27.555583,92.963028,Arunachal Pradesh,East Kameng,1,816.0
25.17623,93.01326,Assam,Dima Hasao,1,696.0
25.68348983623465,90.91369884937836,,,0,570.0
27.323867643156337,93.70282911550524,,,0,1536.0
25.161861,93.729917,Manipur,Tamenglong,1,750.0
27.37444054152999,93.88562968115116,,,0,457.0
23.504575,93.23805,Mizoram,Kolasib,1,1419.0
22.448,92.882004,Mizoram,Lawngtlai,1,504.0
27.48140017267077,93.16729127405388,,,0,1477.0
24.95625,94.520083,Manipur,Kamjong,1,1512.0
26.273333,94.83,Nagaland,Tuensang,1,973.0
23.233349,92.744075,Mizoram,Serchhip,1,731.0
26.736494,95.261822,Arunachal Pradesh,Longding,1,1314.0
24.194252,92.963806,Mizoram,Aizawl,1,330.0
26.14988889,91.77394444,Assam,Kamrup,1,116.0
28.234228835066546,95.03825430856432,,,0,789.0
24.496792,94.141878,Manipur,Tengnoupal,1,1477.0
25.18,93.33,Assam,Dima Hasao,1,868.0
26.38130791695241,95.27794754558197,,,0,1188.0
24.27861950239688,93.89199854510842,,,0,811.0
27.596278,91.894333,Arunachal Pradesh,Tawang,1,2434.0
27.50504988422572,93.14188890311912,,,0,1479.0
25.20671179750201,93.4006579854759,,,0,1139.0
27.326444,88.219,Sikkim,West Sikkim,1,1289.0
27.225556,88.240333,Sikkim,West Sikkim,1,1572.0
25.648512,93.121528,Assam,Dima Hasao,1,351.0
26.77720766929138,95.16136424759593,,,0,701.0
27.283194,88.106667,Sikkim,West Sikkim,1,1591.0
24.878894044987465,93.3100454651766,,,0,764.0
25.205,93.059,Assam,Dima Hasao,1,575.0
28.07643302797377,95.73229720981531,,,0,181.0
23.30803192131204,92.57839198542226,,,0,363.0
28.59069511154882,96.68143623504616,,,0,4499.0
23.14016,92.75191,Mizoram,Lunglei,1,859.0
28.067055254116063,96.71583247624558,,,0,2705.0
26.93438,92.729,Assam,Sonitpur,1,154.0
25.467772,94.549483,Manipur,Ukhrul,1,1219.0
26.847587952716037,94.949423446051,,,0,555.0
22.18,92.77,Mizoram,Lawngtlai,1,168.0
25.79666111,93.80424722,Nagaland,Kohima,1,236.0
23.274148,92.871011,Mizoram,Serchhip,1,1089.0
26.608503878357187,95.26153688538128,,,0,805.0
24.84701759526904,93.30487328584394,,,0,1259.0
23.110116396479977,92.96071507347824,,,0,458.0
26.77760776495941,94.66482652108527,,,0,128.0
26.014269648872038,91.39956940836754,,,0,58.0
23.31509294943365,92.55037302826292,,,0,743.0
23.40623359419433,92.57545038498913,,,0,321.0
23.74475832432899,93.23662820795558,,,0,738.0
23.204706,92.533825,Mizoram,Lunglei,1,775.0
25.11086973017201,91.4490066720882,,,0,10.0
25.010379,92.75482,Assam,Dima Hasao,1,97.0
24.030277865443004,92.54239784178333,,,0,238.0
22.68,92.57,Mizoram,Lawngtlai,1,582.0
23.303639,93.311361,Mizoram,Champhai,1,1490.0
27.502180901437875,96.29879968756843,,,0,436.0
26.765236457004963,94.58872936117844,,,0,121.0
23.135434,93.368506,Mizoram,Champhai,1,681.0
23.50694444,92.69638889,Mizoram,Aizawl,1,822.0
24.820728,93.575906,Manipur,Noney,1,398.0
22.773795874449604,92.7576982894989,,,0,291.0
25.94027537343268,91.7802404204952,,,0,304.0
25.164,93.04019444,Assam,Dima Hasao (N.C. Hills),1,450.0
23.75467013706567,93.61071687094685,,,0,1548.0
24.188702,92.943036,Mizoram,Aizawl,1,486.0
26.24698,91.964383,Assam,Kamrup,1,62.0
25.465167,94.543694,Manipur,Ukhrul,1,1055.0
24.95152037215585,92.20157584306968,,,0,15.0
27.09698620709796,92.33010963608994,,,0,2303.0
27.68172403893414,96.34091586036288,,,0,635.0
23.888945,93.033974,Mizoram,Aizawl,1,913.0
25.064037286828476,94.82104705319368,,,0,831.0
25.779944,94.116556,Nagaland,Kohima,1,1347.0
28.19557299120535,96.3709787970788,,,0,2506.0
25.46250013701948,92.718869443957,,,0,641.0
24.623913054900903,92.92601726425912,,,0,27.0
25.02184254619232,91.46344176502448,,,0,8.0
26.40534079497572,95.1976347587934,,,0,1354.0
22.93175175546726,93.04518741985105,,,0,560.0
26.39813869373856,92.40109519279454,,,0,55.0
26.683424856300796,94.92503037203234,,,0,840.0
26.483278,93.181306,Assam,Karbi Anglong,1,169.0
24.04501619339791,94.29691002211828,,,0,134.0
26.19081,91.84528,Assam,Kamrup (Metro),1,67.0
25.077982920751516,92.53319053757288,,,0,675.0
22.19,93.03,Mizoram,Saiha,1,775.0
27.282667,88.108278,Sikkim,West Sikkim,1,1611.0
26.395930262460272,95.10949799871456,,,0,2345.0
28.516614230132664,94.93140538573414,,,0,983.0
27.01118182147524,88.46712459996166,,,0,248.0
23.53555556,92.69694444,Mizoram,Aizawl,1,853.0
27.25352778,88.60377778,Sikkim,East Sikkim,1,1062.0
25.5714797946298,93.58749757393866,,,0,301.0
27.305527,96.224831,Arunachal Pradesh,Changlang,1,363.0
25.078478207143743,93.1104044347109,,,0,704.0
24.255268818796797,92.55958703227232,,,0,80.0
24.831859,94.335718,Manipur,Kamjong,1,1422.0
28.226722,94.895611,Arunachal Pradesh,West Siang,1,293.0
24.1,92.51,Mizoram,Mamit,1,579.0
28.383278845530626,94.7365583298774,,,0,1028.0
28.15331021476625,95.59192561756504,,,0,251.0
23.35406111,93.04156111,Mizoram,Aizawl,1,516.0
23.7155,92.556028,Mizoram,Mamit,1,914.0
24.19,94.01,Manipur,Chandel,1,1252.0
26.114894602323037,93.68877862124594,,,0,236.0
25.721,94.084,Nagaland,Kohima,1,1329.0
25.920367,94.641739,Nagaland,Kiphire,1,1878.0
23.510275,93.360333,Mizoram,Champhai,1,1325.0
28.178861,95.228056,Arunachal Pradesh,Upper Siang,1,295.0
26.164247170367343,94.72881448357796,,,0,2190.0
25.610083,94.591889,Nagaland,Phek,1,1027.0
27.157291,93.739896,Arunachal Pradesh,Papum Pare,1,167.0
27.00370513278132,95.137172887454,,,0,122.0
22.42,92.992996,Mizoram,Saiha,1,844.0
26.21695529075057,93.98662164768106,,,0,113.0
23.110975,93.21260278,Mizoram,Aizawl,1,1020.0
27.237889,88.346444,Sikkim,South Sikkim,1,1582.0
28.4877175732068,95.75278062240967,,,0,2246.0
24.646393727933084,93.7739653291966,,,0,776.0
23.239077,92.745631,Mizoram,Serchhip,1,756.0
22.49,92.67,Mizoram,Lawngtlai,1,427.0
24.77472778,93.30506111,Mizoram,Kolasib,1,637.0
22.866318,92.776726,Mizoram,Lunglei,1,1174.0
27.922823690908142,93.62451229414106,,,0,1509.0
27.629122825490462,96.21509664773012,,,0,414.0
25.24,93.27,Assam,Dima Hasao,1,1086.0
27.272056,88.394139,Sikkim,South Sikkim,1,1021.0
24.49928358567103,94.02479951558992,,,0,867.0
24.70662179948644,94.04505826760932,,,0,781.0
27.055530233051016,88.18373314033236,,,0,833.0
25.60228152884032,92.11147921158611,,,0,972.0
27.48796778884916,88.84041420404887,,,0,3899.0
25.186222857501345,94.58476220431844,,,0,1978.0
23.30351294424125,92.54420424748945,,,0,766.0
24.784611,93.659528,Manipur,Noney,1,517.0
25.92792,91.87717,Meghalaya,Ri-Bhoi,1,591.0
24.022188,92.771891,Mizoram,Aizawl,1,806.0
27.969626221975563,95.32886484060673,,,0,142.0
27.57939955457558,92.83174622860112,,,0,2581.0
24.489952685961686,93.72210234247645,,,0,832.0
28.299337615658644,95.35254884103796,,,0,2911.0
23.665375,92.96162,Mizoram,Saitual,1,1094.0
23.49333333,92.70666667,Mizoram,Aizawl,1,1076.0
27.393139,88.310139,Sikkim,West Sikkim,1,1537.0
25.62083,94.11572,Nagaland,Kohima,1,1565.0
22.622070573571964,93.0587953844881,,,0,1380.0
22.97607809617316,92.61852777130356,,,0,187.0
23.657278,92.704583,Mizoram,Aizawl,1,898.0
25.067469448147005,91.37591733310092,,,0,9.0
22.27199101234538,92.97173891203708,,,0,497.0
25.667627250673487,91.7884931522349,,,0,1016.0
25.663,94.10439,Nagaland,Kohima,1,1435.0
24.89160948539162,92.27233188396178,,,0,17.0
23.699081358641568,93.4439504131998,,,0,1362.0
28.38828473350891,96.00315707229323,,,0,2082.0
25.048417,94.332389,Manipur,Ukhrul,1,1457.0
28.399111,95.241361,Arunachal Pradesh,Upper Siang,1,621.0
27.664060781501817,91.71235483178796,,,0,1994.0
23.950195,93.125061,Mizoram,Aizawl,1,1429.0
27.1448,95.742566,Arunachal Pradesh,Changlang,1,576.0
23.383060245498672,93.67884811270044,,,0,1135.0
24.33300556,93.65357222,Mizoram,Aizawl,1,1160.0
24.62775,93.604611,Manipur,Noney,1,908.0
24.04610988097121,91.858872319346,,,0,59.0
23.303861199926438,92.99599863788951,,,0,717.0
25.881917,94.035694,Nagaland,Kohima,1,1102.0
27.169472,88.363778,Sikkim,South Sikkim,1,1532.0
24.47668946203189,92.33465031947748,,,0,40.0
28.42834502533329,96.06607342463654,,,0,1890.0
27.05593455808627,88.33234756763486,,,0,1348.0
26.796839652822523,95.2000173467338,,,0,1195.0
25.711,94.09,Nagaland,Kohima,1,1432.0
28.154222249677783,95.6165634158303,,,0,240.0
25.266822048664743,92.8971213801988,,,0,735.0
23.6375,92.72277778,Mizoram,Aizawl,1,843.0
25.038667403583204,93.12055815482884,,,0,898.0
27.67293338097685,92.83749951075976,,,0,2139.0
26.791038211141647,95.16112434850568,,,0,548.0
26.88905898750707,94.9090893270822,,,0,124.0
23.39897700717678,92.56082612199316,,,0,507.0
22.907084863548132,92.6204966046622,,,0,120.0
27.93318683342149,94.94587507363195,,,0,340.0
25.09707533444064,91.5940712520333,,,0,16.0
24.04014167,93.2915,Mizoram,Kolasib,1,666.0
24.824278,94.322472,Manipur,Kamjong,1,1378.0
25.631,94.257,Nagaland,Phek,1,1146.0
24.314333,93.931361,Manipur,Chandel,1,1221.0
25.97255556,91.86241667,Meghalaya,Ri-Bhoi,1,338.0
25.062454816431025,91.33342417835644,,,0,12.0
27.087667,88.416528,Sikkim,South Sikkim,1,276.0
25.02569359367844,92.05934897589674,,,0,12.0
23.1044707843762,91.56528627951548,,,0,77.0
24.708417,94.198278,Manipur,Kangpokpi,1,1314.0
27.0370531682968,88.25520642995372,,,0,1849.0
27.409778,92.132167,Arunachal Pradesh,West Kameng,1,2072.0
23.336955,93.07526,Mizoram,Champhai,1,1145.0
26.18866667,91.76694444,Assam,Kamrup (Metro),1,111.0
22.34,92.75,Mizoram,Lawngtlai,1,429.0
28.248061957453476,96.13512464769695,,,0,2082.0
25.100926364939777,91.75226867116768,,,0,12.0
25.259222,94.547417,Manipur,Ukhrul,1,1205.0
27.0265820183298,95.92239191300492,,,0,1300.0
25.110389,93.625583,Manipur,Tamenglong,1,1155.0
22.93,92.5,Mizoram,Lunglei,1,117.0
27.197293,93.782341,Arunachal Pradesh,Papum Pare,1,236.0
27.31684936928361,92.9542651897418,,,0,752.0
26.99523639841564,88.38701599918971,,,0,685.0
26.599147310906456,94.85253133352448,,,0,607.0
27.6756,93.8837,Arunachal Pradesh,Lower Subansiri,1,1377.0
25.419639,94.578556,Manipur,Ukhrul,1,1501.0
25.160222,91.527843,Meghalaya,East Khasi Hills,1,27.0
23.870567,93.215149,Mizoram,Champhai,1,1127.0
25.300389,91.726722,Meghalaya,East Khasi Hills,1,1519.0
26.256139,91.711583,Assam,Kamrup,1,82.0
23.691722,92.575111,Mizoram,Mamit,1,912.0
27.63825,93.857583,Arunachal Pradesh,Lower Subansiri,1,1791.0
28.0907,96.45238,Arunachal Pradesh,Anjaw,1,1017.0
23.107222,92.693054,Mizoram,Lunglei,1,880.0
23.592502291495837,92.53555247581409,,,0,247.0
24.43753617109487,93.52917995532124,,,0,912.0
27.49155157166569,88.46736946190796,,,0,1587.0
25.10877778,92.92033333,Assam,Dima Hasao (N.C. Hills),1,269.0
22.813019,92.805801,Mizoram,Lunglei,1,936.0
27.01607872668139,88.26632300013887,,,0,1767.0
27.13689,88.276598,Sikkim,Soreng,1,337.0
25.197881,91.139559,Meghalaya,South West Khasi Hills,1,86.0
23.93,92.37,Mizoram,Mamit,1,730.0
25.544210493906466,94.96088618594788,,,0,1219.0
24.71516519726341,93.86477784304324,,,0,773.0
24.987361,93.525333,Manipur,Tamenglong,1,1131.0
25.67,90.18,Meghalaya,West Garo Hills,1,299.0
25.243543797662543,94.41831014118569,,,0,1317.0
25.01467076160897,93.2390233659344,,,0,230.0
25.47710259082841,91.97494972960912,,,0,1665.0
25.905833263472235,93.855046390279,,,0,154.0
25.051944,94.551111,Manipur,Ukhrul,1,1814.0
27.221112418299995,93.85853259580648,,,0,260.0
26.204028,94.238389,Nagaland,Wokha,1,424.0
22.341,92.768997,Mizoram,Lawngtlai,1,338.0
25.473057089198434,90.41289126224784,,,0,1114.0
27.444632281787573,92.8635034119767,,,0,1703.0
24.0525,92.66833333,Mizoram,Kolasib,1,712.0
23.93388889,92.67555556,Mizoram,Kolasib,1,222.0
24.064267818172265,93.42315788286116,,,0,739.0
23.65861111,92.70583333,Mizoram,Aizawl,1,872.0
26.712306,95.012583,Nagaland,Mon,1,757.0
28.080301,96.472247,Arunachal Pradesh,Anjaw,1,823.0
23.472239386632825,92.5301900919413,,,0,494.0
23.15893040888243,92.43040033988848,,,0,123.0
24.847436,94.325861,Manipur,Kamjong,1,1201.0
27.683889,94.682444,Arunachal Pradesh,West Siang,1,296.0
23.618722,92.627389,Mizoram,Mamit,1,1045.0
24.721643868244275,93.76357862942052,,,0,913.0
25.69430542372444,91.27048500799717,,,0,1249.0
23.704861,92.98575,Mizoram,Aizawl,1,962.0
27.82406131877621,94.87556162077252,,,0,502.0
23.10074722,93.18785278,Mizoram,Aizawl,1,978.0
23.382695,93.116001,Mizoram,Champhai,1,1184.0
25.297797,94.044722,Manipur,Senapati,1,1144.0
27.53847270412632,88.26160031284839,,,0,4804.0
27.412275320940896,89.01471324944737,,,0,3312.0
25.080161,94.114939,Manipur,Senapati,1,828.0
23.696267001007048,93.41444927194904,,,0,1132.0
24.94960259822951,92.2625348187978,,,0,12.0
23.53315485118656,92.5098773388972,,,0,304.0
26.212028,95.000417,Nagaland,Tuensang,1,1596.0
27.548417,88.641944,Sikkim,North Sikkim,1,1345.0
23.87211,93.335999,Mizoram,Champhai,1,1196.0
26.985473094179756,95.83118650428187,,,0,1858.0
22.34,92.69,Mizoram,Lawngtlai,1,195.0
27.492459398142145,94.07202912952242,,,0,1017.0
27.372806,88.739139,Sikkim,East Sikkim,1,3487.0
22.802449121202397,92.47084554663148,,,0,56.0
23.144687,92.750609,Mizoram,Lunglei,1,861.0
23.204595,92.73861,Mizoram,Lunglei,1,795.0
24.070436085457903,92.71616964631151,,,0,184.0
23.53222222,92.735,Mizoram,Aizawl,1,1001.0
25.62084774040826,92.13791376693148,,,0,876.0
24.98576060973165,93.37169008645824,,,0,261.0
25.839561112333744,92.31936501050822,,,0,673.0
28.440312924829072,95.70419451229526,,,0,1214.0
24.874523004903555,93.36285738897963,,,0,593.0
25.635471817833896,92.66453916919428,,,0,690.0
25.353114158806047,91.14708415117347,,,0,696.0
26.49235157487663,95.05532862613492,,,0,1404.0
25.170707000882587,94.70697429366842,,,0,2081.0
22.986791692851867,92.31633050794498,,,0,217.0
27.47055985549167,88.88688751064304,,,0,3382.0
24.08222222,92.79305556,Mizoram,Kolasib,1,922.0
23.462173,93.014317,Mizoram,Serchhip,1,1477.0
26.686961,94.544,Nagaland,Mokokchung,1,455.0
27.50917203498764,91.7250036041352,,,0,1524.0
23.353111,93.299361,Mizoram,Champhai,1,1174.0
25.34815,91.892506,Meghalaya,East Khasi Hills,1,1522.0
25.134972,92.380278,Meghalaya,East Jaintia Hills,1,219.0
28.754928,94.8954,Arunachal Pradesh,Upper Siang,1,620.0
24.82494315428541,94.66513967620926,,,0,1007.0
22.94954464226947,93.11614989959894,,,0,656.0
23.76527778,92.85,Mizoram,Aizawl,1,774.0
26.302944,93.225389,Assam,Karbi Anglong,1,255.0
27.00633760181535,94.99791951273986,,,0,111.0
27.364722,88.834917,Sikkim,East Sikkim,1,3862.0
25.6188956766568,92.66578132778842,,,0,668.0
23.304593755388197,92.9611971953888,,,0,1087.0
24.14,93.57,Manipur,Churachandpur,1,777.0
25.571747,91.827526,Meghalaya,East Khasi Hills,1,1305.0
26.821722,95.078389,Nagaland,Mon,1,443.0
25.055278,94.56436,Manipur,Ukhrul,1,1709.0
25.944008,94.789414,Nagaland,Kiphire,1,1217.0
26.382806,94.66425,Nagaland,Mokokchung,1,504.0
25.446512451532424,91.23937808015148,,,0,1332.0
21.938785629255765,92.82416050356376,,,0,714.0
25.589222,94.766083,Nagaland,Phek,1,1715.0
25.468,94.545083,Manipur,Ukhrul,1,1037.0
27.04357851522993,88.15179535108622,,,0,1504.0
24.8545,93.449036,Manipur,Tamenglong,1,989.0
27.48307355307478,88.2448758107314,,,0,4534.0
23.823222,92.674861,Mizoram,Aizawl,1,403.0
26.69742212715016,95.37015961600184,,,0,1610.0
27.177167,88.369611,Sikkim,South Sikkim,1,1574.0
23.732185324844256,93.2629325162418,,,0,1110.0
26.9109209229686,93.8544098699396,,,0,81.0
25.901611,94.393694,Nagaland,Zunheboto,1,737.0
24.13,94.11,Manipur,Chandel,1,935.0
23.182667,93.026138,Mizoram,Serchhip,1,764.0
27.01319804691792,88.63976411927274,,,0,1418.0
26.952173,95.519402,Arunachal Pradesh,Tirap,1,1346.0
23.5356,93.10656944,Mizoram,Kolasib,1,687.0
27.43456389136265,92.950042847823,,,0,1833.0
28.388556469186916,94.8931051497375,,,0,1194.0
28.026809590554027,94.01820243970056,,,0,929.0
24.36482103532684,93.4456733621219,,,0,1200.0
24.244770412630675,92.55720245641484,,,0,90.0
24.28,92.65,Mizoram,Kolasib,1,103.0
25.69483,91.11836,Meghalaya,West Khasi Hills,1,1095.0
27.32958781043502,93.4160494445356,,,0,2205.0
26.36034920361489,91.9396451362553,,,0,56.0
27.428833,93.025306,Arunachal Pradesh,East Kameng,1,878.0
24.440033,94.184122,Manipur,Tengnoupal,1,1458.0
23.395901400687023,92.5178078649219,,,0,721.0
25.93888473816158,93.79747783978448,,,0,144.0
23.48625743719213,93.5359648935222,,,0,1106.0
27.771305622262865,96.15520353684472,,,0,200.0
24.95159628224631,93.93196280818088,,,0,1097.0
24.835402776626072,92.9587737245945,,,0,38.0
25.217859572720133,92.92165559768686,,,0,616.0
25.903907,94.041235,Nagaland,Kohima,1,970.0
25.394667,94.548917,Manipur,Ukhrul,1,989.0
23.657194,92.5905,Mizoram,Mamit,1,1193.0
26.85238891882197,95.47978287607177,,,0,1910.0
27.153528,88.494389,Sikkim,South Sikkim,1,1099.0
26.458696943547015,94.9230480613828,,,0,877.0
25.27788923230802,94.7811023795882,,,0,1181.0
24.75999344364628,93.56866958868989,,,0,1006.0
24.87453385966772,92.34945286172326,,,0,24.0
25.4013,91.45855,Meghalaya,West Khasi Hills,1,1563.0
25.079806,94.294111,Manipur,Ukhrul,1,1141.0
25.980008,94.580747,Nagaland,Kiphire,1,1760.0
23.73,92.75861111,Mizoram,Aizawl,1,926.0
25.49833333,91.73361111,Meghalaya,East Khasi Hills,1,1733.0
27.530081834380184,91.77565246826131,,,0,1781.0
27.167611,88.348889,Sikkim,South Sikkim,1,1102.0
28.439344,94.669332,Arunachal Pradesh,West Siang,1,465.0
27.389925673790973,93.7582504175669,,,0,634.0
28.16440302971165,95.69680089091662,,,0,205.0
28.26599250387578,95.46686468204176,,,0,1756.0
25.513567,92.784825,Assam,Dima Hasao,1,323.0
25.580703,91.237361,Meghalaya,West Khasi Hills,1,1350.0
25.135840236327176,91.86034199152068,,,0,13.0
25.115444,93.638778,Manipur,Tamenglong,1,1229.0
23.733550432064973,92.31885341388367,,,0,140.0
27.22975,88.619361,Sikkim,East Sikkim,1,1196.0
27.793917,94.728806,Arunachal Pradesh,West Siang,1,822.0
27.166278,88.144333,Sikkim,West Sikkim,1,2039.0
24.639722,93.612222,Manipur,Noney,1,809.0
25.150114230847343,92.52166625710072,,,0,168.0
27.15425,88.500333,Sikkim,South Sikkim,1,998.0
24.11292598596213,91.92089835087448,,,0,136.0
27.30661727708006,93.9248761920369,,,0,512.0
25.147520235735165,92.76636956040306,,,0,1302.0
28.45187232265273,95.09054090986156,,,0,297.0
25.112861,92.877556,Meghalaya,East Jaintia Hills,1,230.0
25.355042,91.767525,Meghalaya,East Khasi Hills,1,1621.0
27.225083,88.373333,Sikkim,South Sikkim,1,2001.0
26.371667,94.943333,Nagaland,Tuensang,1,1156.0
24.19,93.4,Manipur,Churachandpur,1,1033.0
23.86972222,92.87611111,Mizoram,Aizawl,1,971.0
27.055652504449498,93.8024561823347,,,0,112.0
23.17252,92.611434,Mizoram,Lunglei,1,806.0
23.288812,92.864763,Mizoram,Serchhip,1,898.0
25.455817,91.086289,Meghalaya,West Khasi Hills,1,704.0
27.64177055207972,91.9671624244058,,,0,3850.0
25.202886,92.201147,Meghalaya,West Jaintia Hills,1,646.0
25.31858081268049,92.19913286476356,,,0,1055.0
23.469833,93.314889,Mizoram,Champhai,1,1405.0
26.76846312834145,93.49526320897394,,,0,75.0
25.653,94.123,Nagaland,Kohima,1,1277.0
27.633729712198477,88.76479831087923,,,0,3466.0
26.9498,93.45291,Assam,Sonitpur,1,182.0
24.372877835273645,93.80456910318162,,,0,776.0
28.093966837375778,95.80215447660107,,,0,232.0
27.256556,88.148722,Sikkim,West Sikkim,1,1569.0
25.133063891727947,93.46671138999396,,,0,642.0
25.970062,92.054889,Meghalaya,Ri-Bhoi,1,603.0
25.915925,94.824992,Nagaland,Kiphire,1,857.0
26.32179930698161,93.95544587289706,,,0,110.0
25.61,90.29,Meghalaya,West Garo Hills,1,565.0
23.97083333,92.6825,Mizoram,Kolasib,1,320.0
26.439528,95.032278,Nagaland,Mon,1,1637.0
25.182472,94.523722,Manipur,Ukhrul,1,1363.0
28.06298853766796,96.2432470607367,,,0,1986.0
26.14944444,91.748,Assam,Kamrup,1,136.0
25.52103,94.13783,Manipur,Senapati,1,1667.0
24.864833,93.772583,Manipur,Kangpokpi,1,1365.0
23.500083,92.585889,Mizoram,Mamit,1,874.0
25.41715530820794,94.3982694614687,,,0,1097.0
27.624741227270512,93.7663858458732,,,0,2070.0
28.50659240366045,94.95344688838236,,,0,1702.0
25.711278,94.579944,Nagaland,Phek,1,1109.0
24.719214,93.508903,Manipur,Noney,1,291.0
26.67148910042942,95.25355711830689,,,0,1584.0
28.072345795826944,95.63171893637904,,,0,174.0
23.493913,92.854305,Mizoram,Serchhip,1,957.0
27.383611,88.305806,Sikkim,West Sikkim,1,1632.0
24.321889,94.147306,Manipur,Tengnoupal,1,1267.0
27.183833,92.599333,Arunachal Pradesh,West Kameng,1,1654.0
25.68,94.287,Nagaland,Phek,1,1682.0
23.937304643016105,92.58590331782322,,,0,838.0
26.425222,95.021694,Nagaland,Mon,1,1596.0
26.18159820586537,93.92947202377184,,,0,116.0
25.39086526120924,92.37381805064156,,,0,1255.0
26.61052312294383,93.81792406780352,,,0,91.0
25.173762753226743,92.48477521531603,,,0,223.0
23.528404417516747,93.49339962512482,,,0,1138.0
25.179306,94.526333,Manipur,Ukhrul,1,1285.0
23.672022,93.349595,Mizoram,Champhai,1,1291.0
25.23651315537562,93.7615266180512,,,0,2037.0
24.9475,94.188889,Manipur,Ukhrul,1,935.0
23.197825,92.73502,Mizoram,Lunglei,1,741.0
23.732,92.75963889,Mizoram,Aizawl,1,845.0
27.57239230408057,88.83831094922893,,,0,4543.0
27.806724413944803,93.71266817912571,,,0,1447.0
26.576806,95.096889,Nagaland,Mon,1,1485.0
25.857789,94.523589,Nagaland,Kiphire,1,874.0
27.49571973679749,88.73977655364462,,,0,3836.0
27.23575,88.506472,Sikkim,South Sikkim,1,429.0
23.41649161973896,92.50997259977292,,,0,648.0
25.832806,94.06175,Nagaland,Kohima,1,747.0
24.00262544065843,93.69454669902858,,,0,1518.0
27.143556,88.373083,Sikkim,South Sikkim,1,1272.0
23.740028,92.709861,Mizoram,Aizawl,1,900.0
25.280004131625564,92.91329473501968,,,0,670.0
23.875174,93.21302,Mizoram,Champhai,1,1151.0
23.53105762990272,92.1629491733664,,,0,88.0
23.8,92.5,Mizoram,Mamit,1,672.0
27.205,88.591722,Sikkim,East Sikkim,1,1217.0
27.19488838831026,92.32402936815852,,,0,2413.0
26.654494709212447,92.81481627431226,,,0,72.0
23.03833333,92.67055556,Mizoram,Kolasib,1,388.0
25.164472,93.693944,Manipur,Tamenglong,1,983.0
27.2214924504369,95.62289854858932,,,0,230.0
24.34,93.31,Manipur,Churachandpur,1,388.0
28.10833127765549,95.01463381584256,,,0,552.0
25.34725,94.334444,Manipur,Senapati,1,1443.0
28.192581,95.804085,Arunachal Pradesh,Lower Dibang Valley,1,736.0
25.801053104069712,91.75334282531382,,,0,610.0
24.004867,92.677265,Mizoram,Kolasib,1,610.0
23.69333333,92.76694444,Mizoram,Aizawl,1,1010.0
27.25127278321836,93.8832852426624,,,0,253.0
25.394689335137947,91.35011363824836,,,0,1525.0
27.51850916711991,93.95487122953726,,,0,2559.0
24.718491824322573,92.98422279667564,,,0,36.0
26.42575,94.669417,Nagaland,Mokokchung,1,1319.0
26.04022304591805,94.77940286525642,,,0,1668.0
26.25851668408099,92.19625363904753,,,0,53.0
25.22139129028516,92.28112984989944,,,0,823.0
25.77178333,93.90760556,Nagaland,Peren,1,627.0
25.421083972202126,94.71094749310924,,,0,1308.0
26.097986,91.980589,Assam,Kamrup,1,92.0
27.279972,88.186917,Sikkim,West Sikkim,1,1737.0
27.25475,88.711,Sikkim,East Sikkim,1,1033.0
25.77457,94.075897,Nagaland,Kohima,1,1348.0
24.637278,94.1725,Manipur,Ukhrul,1,1482.0
25.866722,94.372639,Nagaland,Zunheboto,1,745.0
25.175056,93.020417,Assam,Dima Hasao,1,574.0
25.535628,91.679575,Meghalaya,West Khasi Hills,1,1756.0
23.621722,92.623583,Mizoram,Mamit,1,1101.0
23.74425,92.968472,Mizoram,Aizawl,1,714.0
27.07354668685553,88.73338698598852,,,0,2121.0
25.864158,94.047264,Nagaland,Wokha,1,863.0
25.8503292235893,93.6328363088511,,,0,213.0
28.494378,95.825225,Arunachal Pradesh,Dibang Valley,1,707.0
26.235736,94.805011,Nagaland,Tuensang,1,1379.0
27.656,93.877472,Arunachal Pradesh,Lower Subansiri,1,1578.0
27.191917,88.2885,Sikkim,West Sikkim,1,1272.0
27.283444,88.192639,Sikkim,West Sikkim,1,1686.0
26.376,94.463389,Nagaland,Mokokchung,1,860.0
22.929410488818508,93.38760485072056,,,0,1100.0
28.72421127164196,95.3786356778804,,,0,3287.0
27.152417,92.561778,Arunachal Pradesh,West Kameng,1,1618.0
25.111331,92.351128,Meghalaya,East Jaintia Hills,1,260.0
25.786061,94.931447,Nagaland,Kiphire,1,1790.0
27.485674268164544,88.75162220268092,,,0,4318.0
25.553833,94.762389,Nagaland,Phek,1,1162.0
27.180528,88.518611,Sikkim,East Sikkim,1,327.0
22.903454,92.760096,Mizoram,Lunglei,1,1160.0
23.984972,92.772028,Mizoram,Aizawl,1,600.0
24.22,93.88,Manipur,Chandel,1,818.0
25.617,94.113,Nagaland,Kohima,1,1711.0
25.261511907464108,93.76305444057864,,,0,1811.0
26.7398648923049,93.58034294089448,,,0,64.0
25.62,94.485,Nagaland,Phek,1,1106.0
27.77575398750526,94.36611649669044,,,0,1330.0
25.979515458457225,93.85386036106404,,,0,145.0
26.4219453,94.3854377,Nagaland,Mokokchung,1,798.0
22.87985486656665,92.62488801472072,,,0,139.0
24.851722,93.449389,Manipur,Tamenglong,1,1132.0
25.755614211436637,92.36554889214712,,,0,798.0
27.260167,88.171889,Sikkim,West Sikkim,1,1312.0
23.25828611,93.15288333,Mizoram,Aizawl,1,1207.0
22.577583,92.870277,Mizoram,Lawngtlai,1,985.0
23.77166667,92.7605,Mizoram,Aizawl,1,1138.0
25.052824768330417,91.5554589605276,,,0,6.0
23.301117,93.330175,Mizoram,Champhai,1,1258.0
24.851806,94.366083,Manipur,Kamjong,1,1466.0
27.375139,88.542833,Sikkim,North Sikkim,1,1818.0
25.317627369182,91.16357927284795,,,0,536.0
26.828258981181044,94.48550953406108,,,0,101.0
27.45177996343517,88.14487489946956,,,0,3595.0
27.033367496268763,92.99331747540454,,,0,911.0
28.198018,95.810448,Arunachal Pradesh,Lower Dibang Valley,1,813.0
26.31362394083218,92.50195624484766,,,0,60.0
25.92153,92.50753,Assam,West Karbi Anglong,1,367.0
25.671351669064464,90.84547397220466,,,0,550.0
26.2531347490442,94.2979711414034,,,0,442.0
24.444503079123116,93.6872744667623,,,0,1003.0
23.71,92.71611111,Mizoram,Aizawl,1,949.0
26.30261034445737,94.98924947639416,,,0,2230.0
24.314194,93.928861,Manipur,Chandel,1,1190.0
25.478867348849604,91.98659221171977,,,0,1603.0
23.114694,92.743931,Mizoram,Lunglei,1,835.0
27.914944,94.721806,Arunachal Pradesh,Lepa rada,1,740.0
25.57,93.871,Nagaland,Peren,1,1464.0
27.933135616088236,94.79338929181858,,,0,1186.0
25.282943,91.580161,Meghalaya,East Khasi Hills,1,970.0
27.902867233133268,95.04788469151242,,,0,366.0
25.673,94.101,Nagaland,Kohima,1,1285.0
25.060262227254505,93.0570508891219,,,0,1134.0
23.136712,93.31485,Mizoram,Champhai,1,1606.0
25.65443889,91.62390833,Meghalaya,Eastern-West Khasi Hill,1,1469.0
25.222304,91.763619,Meghalaya,East Khasi Hills,1,641.0
22.45913686684168,92.80796408813733,,,0,374.0
22.31,93.02,Mizoram,Saiha,1,1144.0
25.158915010918456,93.5573216547264,,,0,395.0
28.37583524231431,95.74432593741024,,,0,871.0
23.214239,92.740856,Mizoram,Lunglei,1,842.0
26.103667,94.363139,Nagaland,Wokha,1,735.0
27.135067171981177,88.6273554450284,,,0,818.0
27.91750464887059,95.2358295395217,,,0,238.0
28.150741,95.275122,Arunachal Pradesh,East Siang,1,218.0
26.3478,93.7417,Assam,Karbi Anglong,1,209.0
23.366694,93.380139,Mizoram,Champhai,1,822.0
28.27126153233852,95.07710282863204,,,0,1407.0
27.371472,88.709722,Sikkim,East Sikkim,1,3133.0
23.666722,92.890889,Mizoram,Aizawl,1,367.0
23.454968,92.854599,Mizoram,Serchhip,1,1003.0
23.844444,93.051361,Mizoram,Aizawl,1,1087.0
22.60650192303473,93.02950765854897,,,0,1018.0
26.239167,94.200611,Nagaland,Wokha,1,318.0
26.16348273525793,95.18699604800946,,,0,1374.0
24.662664,93.62825,Manipur,Noney,1,590.0
26.38079055003245,94.06859937029378,,,0,109.0
26.92532641419119,93.6173378139568,,,0,90.0
26.98284872500648,93.71256279028712,,,0,99.0
25.40288611,91.43424167,Meghalaya,South West Khasi Hills,1,1527.0
26.34975087231808,95.06473786958036,,,0,2042.0
25.92047315225297,93.84183197161175,,,0,149.0
26.485274340734616,94.16121614068058,,,0,98.0
27.53907034419641,88.94356163691354,,,0,3830.0
27.40251944,88.51868056,Sikkim,Mangan,1,574.0
23.135813,92.74814,Mizoram,Lunglei,1,872.0
27.95643986155866,96.18980022296992,,,0,291.0
25.53041836041166,94.04856374793148,,,0,2676.0
26.05925,94.244472,Nagaland,Wokha,1,1445.0
27.277724816494334,93.61676405991076,,,0,1479.0
25.24597222,93.02827778,Assam,Dima Hasao,1,604.0
27.00007330579689,88.5513336959281,,,0,1648.0
28.24175,95.925012,Arunachal Pradesh,Lower Dibang Valley,1,2642.0
26.542778,94.944167,Nagaland,Mon,1,1205.0
27.760889,93.990806,Arunachal Pradesh,Lower Subansiri,1,444.0
24.60101967360279,93.86474492051218,,,0,771.0
26.901493392313693,93.68587645256233,,,0,79.0
24.817944,94.504472,Manipur,Kamjong,1,1245.0
26.194204,94.554867,Nagaland,Zunheboto,1,1552.0
28.309952524889496,94.18788841866431,,,0,940.0
24.010279,92.767056,Mizoram,Aizawl,1,715.0
28.45330624318061,95.57605026390112,,,0,2680.0
25.11114472098563,92.51709221392083,,,0,974.0
26.531679568128222,95.1693120777786,,,0,1232.0
23.635733,93.07666,Mizoram,Champhai,1,923.0
26.03275,92.271861,Assam,West Karbi Anglong,1,168.0
28.181139,95.225944,Arunachal Pradesh,Upper Siang,1,296.0
22.186502688994025,92.32154918100414,,,0,94.0
27.49458819167188,88.38631801516064,,,0,3345.0
27.688,94.67875,Arunachal Pradesh,West Siang,1,285.0
26.86004468783312,94.4911611385176,,,0,100.0
28.14139622465952,96.04519301325568,,,0,1824.0
27.372333,88.617556,Sikkim,East Sikkim,1,1894.0
23.330774769150445,92.97167668228808,,,0,1436.0
25.209456,91.646315,Meghalaya,East Khasi Hills,1,604.0
26.926347766399186,94.90823533256167,,,0,202.0
23.71583333,92.72444444,Mizoram,Aizawl,1,908.0
25.62347700813397,95.06371455522272,,,0,2171.0
27.409980340515315,95.81737313532072,,,0,146.0
27.57325657641784,96.42297044305306,,,0,660.0
26.066583,95.033361,Nagaland,Noklak,1,1690.0
25.842897,94.786861,Nagaland,Kiphire,1,554.0
24.58101294124176,93.5266994530944,,,0,930.0
23.75972222,92.74083333,Mizoram,Aizawl,1,1038.0
25.747935264269557,91.74156946763982,,,0,778.0
26.995318527217663,92.69916930985876,,,0,143.0
26.3477,93.7399,Assam,Karbi Anglong,1,202.0
24.374778797366822,92.29211265816195,,,0,43.0
24.66613255903896,94.80459746947984,,,0,180.0
27.216639,93.691472,Arunachal Pradesh,Papum Pare,1,461.0
27.9113657610264,88.4934739105861,,,0,4382.0
26.670687642378027,94.86194540252175,,,0,852.0
27.0734258142698,88.11396669873068,,,0,2278.0
25.914817301451304,93.91054441032382,,,0,160.0
25.10403455312185,92.01270028057276,,,0,12.0
25.1659411446698,93.459944439984,,,0,1658.0
24.814778,94.549639,Manipur,Kamjong,1,1046.0
27.622850493874257,96.64709615703296,,,0,3003.0
28.694531,95.001999,Arunachal Pradesh,Upper Siang,1,538.0
22.94284062260402,93.22025154662958,,,0,1020.0
25.09470953779785,92.16005645645808,,,0,35.0
25.436528,93.4065,Assam,Dima Hasao,1,390.0
27.03041318414579,88.570772041527,,,0,1264.0
26.2905,94.393222,Nagaland,Mokokchung,1,1077.0
25.221406,91.387092,Meghalaya,East Khasi Hills,1,246.0
24.698392,93.644183,Manipur,Noney,1,860.0
27.63292360523767,93.9319571531465,,,0,2159.0
27.608868228972973,93.7319343946694,,,0,1755.0
23.36138889,92.77083333,Mizoram,Aizawl,1,1041.0
25.479617350418827,94.72863005361285,,,0,2207.0
24.26929966272878,93.4925173511809,,,0,990.0
26.794056,95.072861,Nagaland,Mon,1,730.0
27.175606,95.749935,Arunachal Pradesh,Changlang,1,882.0
22.5,92.73,Mizoram,Lawngtlai,1,584.0
25.893797,94.821944,Nagaland,Kiphire,1,559.0
22.616155726299368,93.06831610558817,,,0,1455.0
25.117665,92.847709,Assam,Dima Hasao,1,161.0
23.104623,92.747711,Mizoram,Lunglei,1,739.0
25.205078,91.57517,Meghalaya,East Khasi Hills,1,301.0
26.276306,94.58375,Nagaland,Tuensang,1,852.0
27.0784690894944,92.3504624860585,,,0,2034.0
25.529888448152533,90.88979162799784,,,0,653.0
28.335230741291124,95.46855519799206,,,0,1180.0
26.076433493132157,92.311671438042,,,0,115.0
27.72386086879838,88.64410770078572,,,0,4261.0
24.77403095471229,92.92154234826162,,,0,28.0
23.42815725154622,93.48131855556235,,,0,1479.0
25.943944,94.026556,Nagaland,Kohima,1,525.0
24.12435110817978,92.8684711888544,,,0,190.0
23.655,92.71444444,Mizoram,Aizawl,1,859.0
23.617227,93.042191,Mizoram,Champhai,1,709.0
26.833889,95.080972,Nagaland,Mon,1,277.0
25.13828254856376,94.71775609217912,,,0,2174.0
23.882833,92.241583,Tripura,North Tripura,1,196.0
25.226806,92.090611,Meghalaya,West Jaintia Hills,1,771.0
25.61942870605248,93.6302144590178,,,0,362.0
25.954389,94.022778,Nagaland,Kohima,1,498.0
26.261504772619343,91.5874936425643,,,0,52.0
26.22480556,94.81236111,Nagaland,Tuensang,1,1750.0
27.066648,93.536536,Arunachal Pradesh,Papum Pare,1,314.0
23.080469361648305,92.49593935606988,,,0,213.0
25.27480556,93.14555556,Assam,Dima Hasao (N.C. Hills),1,497.0
25.446933,91.742919,Meghalaya,East Khasi Hills,1,1746.0
25.22614083124584,92.32489344818242,,,0,719.0
23.543891,93.232644,Mizoram,Champhai,1,1380.0
28.312731,95.975665,Arunachal Pradesh,Lower Dibang Valley,1,913.0
24.0824898178912,93.002509737044,,,0,451.0
25.672,94.106,Nagaland,Kohima,1,1412.0
22.111149909235728,93.36485028221432,,,0,688.0
25.203924560542895,93.9512219215373,,,0,1481.0
27.248114,93.805987,Arunachal Pradesh,Papum Pare,1,267.0
25.568611,94.783078,Nagaland,Phek,1,958.0
25.431877960915063,91.93975617989544,,,0,1226.0
25.860269721793724,90.82383643345052,,,0,296.0
28.673382323770944,96.021224185881,,,0,1880.0
24.24461111,92.69075,Mizoram,Kolasib,1,423.0
25.59875,91.86427778,Meghalaya,East Khasi Hills,1,1368.0
25.423861,93.369417,Assam,Dima Hasao,1,399.0
25.96272,93.46964,Assam,Karbi Anglong,1,159.0
24.0,93.55,Manipur,Churachandpur,1,915.0
25.536889,91.206556,Meghalaya,West Khasi Hills,1,1337.0
23.386392401452262,92.4844798250519,,,0,290.0
28.181834,95.469828,Arunachal Pradesh,East Siang,1,375.0
25.370958038998342,91.28056370530956,,,0,1327.0
26.203251541688555,91.56046148877329,,,0,48.0
23.684707,93.088283,Mizoram,Champhai,1,1187.0
27.81975,94.138722,Arunachal Pradesh,Kamle,1,1381.0
25.672,94.101,Nagaland,Kohima,1,1325.0
22.9619636169766,92.59178543911553,,,0,125.0
22.66749983032928,92.38055702799268,,,0,31.0
25.70669809059517,90.925708416139,,,0,699.0
27.210556,93.628556,Arunachal Pradesh,Papum Pare,1,551.0
25.086525,94.078197,Manipur,Senapati,1,822.0
27.158139,88.344806,Sikkim,West Sikkim,1,1361.0
25.478194,94.535111,Manipur,Ukhrul,1,942.0
28.35797818906332,96.01481888540772,,,0,2598.0
24.860347,93.572383,Manipur,Noney,1,462.0
24.45838540539509,92.86383546774262,,,0,93.0
25.211721948165412,94.40148985836754,,,0,1555.0
24.531774141180577,92.99013022854147,,,0,364.0
23.363346283812493,92.55254551443409,,,0,433.0
23.33113011756758,92.5289511046948,,,0,699.0
27.01293851991529,88.23458750456119,,,0,2125.0
25.305169317086417,94.72909785038227,,,0,1892.0
26.538107156812785,94.26793426163592,,,0,197.0
27.8900095590298,95.43689315979744,,,0,129.0
23.40178,92.750005,Mizoram,Aizawl,1,1212.0
26.28382643347984,95.28187834680676,,,0,1344.0
24.22972222,92.99333333,Mizoram,Aizawl,1,750.0
24.80225413111467,94.26720116018372,,,0,927.0
24.957333,94.50075,Manipur,Kamjong,1,1498.0
25.29667,91.45986,Meghalaya,South West Khasi Hills,1,1005.0
25.393691819359944,91.2870712248844,,,0,1403.0
25.631895563060827,90.87969678243518,,,0,654.0
24.27206266875158,93.2505511749596,,,0,362.0
27.714673815739623,96.50517728382344,,,0,1404.0
24.5503,93.25550278,Mizoram,Kolasib,1,248.0
25.453167,93.394667,Assam,Dima Hasao,1,414.0
25.17851656974196,94.58521104219125,,,0,1923.0
26.758306,95.112889,Nagaland,Mon,1,944.0
23.64166667,92.72416667,Mizoram,Aizawl,1,829.0
25.375719,92.610181,Meghalaya,East Jaintia Hills,1,1035.0
25.045199710055403,91.88831925333729,,,0,13.0
25.635,94.252,Nagaland,Phek,1,1096.0
25.60840507774305,94.96691033909464,,,0,1443.0
24.14,93.47,Manipur,Churachandpur,1,864.0
25.571299,91.833183,Meghalaya,East Khasi Hills,1,1442.0
25.56939087468352,93.55533408790026,,,0,329.0
25.1100649458914,94.75459854064776,,,0,1748.0
27.670363578492307,88.48034587277965,,,0,3941.0
27.0073535886396,88.3536046176386,,,0,703.0
27.535333,88.497972,Sikkim,North Sikkim,1,911.0
27.52022241308818,93.89919646923506,,,0,2001.0
27.32633333,88.59544444,Sikkim,Gangtok District,1,1014.0
28.215862,95.795227,Arunachal Pradesh,Lower Dibang Valley,1,1068.0
23.9745024321852,92.03893382970688,,,0,101.0
25.143375,92.141861,Meghalaya,West Jaintia Hills,1,40.0
25.583982957586265,91.08872142318484,,,0,934.0
27.59870930411296,93.10588533328657,,,0,1483.0
26.183504,94.812894,Nagaland,Tuensang,1,1984.0
25.79,93.8,Nagaland,Dimapur,1,224.0
23.61972222,92.78916667,Mizoram,Aizawl,1,269.0
23.82638889,92.8325,Mizoram,Aizawl,1,395.0
22.370569196714925,93.2278640349885,,,0,1281.0
25.626833,94.847053,Nagaland,Phek,1,441.0
25.607567,91.174906,Meghalaya,West Khasi Hills,1,1145.0
25.402333,93.407583,Assam,Dima Hasao,1,497.0
26.051943566325445,92.73016375748448,,,0,64.0
22.61473671880117,92.74955170019112,,,0,470.0
25.186167,94.342889,Manipur,Ukhrul,1,1656.0
28.34947316154889,95.55386026263672,,,0,1011.0
28.309002,95.754702,Arunachal Pradesh,Dibang Valley,1,956.0
23.496736001917903,91.86363301886809,,,0,102.0
23.114225,92.746024,Mizoram,Lunglei,1,802.0
26.667690741783503,95.25437898246064,,,0,1593.0
23.609111,92.596306,Mizoram,Mamit,1,1050.0
27.90759478096949,96.18036856412073,,,0,201.0
28.386720344797748,95.6656798712222,,,0,1485.0
25.43492596473701,93.88400677055108,,,0,2082.0
26.475410393150177,92.03533860196076,,,0,60.0
24.79742077799933,94.26591873369406,,,0,927.0
27.42142797668033,88.41786211562211,,,0,3088.0
23.312747,93.314456,Mizoram,Champhai,1,1502.0
24.21,93.28,Manipur,Churachandpur,1,1271.0
25.616596,91.876562,Meghalaya,East Khasi Hills,1,1337.0
23.2388,92.636923,Mizoram,Lunglei,1,793.0
26.389028,94.434889,Nagaland,Mokokchung,1,626.0
23.086231547269957,92.9529330341556,,,0,549.0
27.77476924775453,88.84248350660937,,,0,4697.0
23.868279,93.222557,Mizoram,Champhai,1,1160.0
25.76939,93.80278,Nagaland,Dimapur,1,290.0
25.161947391094397,93.52225162998168,,,0,331.0
25.050335773412904,93.65908235613014,,,0,1310.0
27.2536,88.6043,Sikkim,Pakyong,1,1067.0
25.54261,92.10867,Meghalaya,East Khasi Hills,1,1138.0
24.491669,94.163786,Manipur,Tengnoupal,1,1498.0
27.724721066435794,91.92450140532392,,,0,4515.0
24.69442068657954,93.42753360650676,,,0,589.0
25.50088492367432,94.80725945367504,,,0,2512.0
23.70277778,92.72083333,Mizoram,Aizawl,1,899.0
24.822953,93.710756,Manipur,Noney,1,635.0
27.227506572209005,92.8002539593328,,,0,757.0
28.680972053358985,96.14111908465006,,,0,1786.0
25.85813694433494,90.16340490469416,,,0,90.0
28.085764338803017,95.37411900408446,,,0,165.0
21.975798168798956,92.865698820555,,,0,501.0
25.600736,91.177453,Meghalaya,West Khasi Hills,1,1079.0
26.84047327382718,88.32895932477547,,,0,636.0
25.298167,93.632222,Nagaland,Peren,1,1306.0
26.894836937993013,88.23015089951912,,,0,743.0
26.032056945251476,93.87286412643874,,,0,137.0
26.38280247870621,95.22547382098816,,,0,1119.0
26.1785,94.411778,Nagaland,Zunheboto,1,992.0
25.72075,94.50163889,Nagaland,Phek,1,1152.0
24.668942538905764,94.61862870112978,,,0,966.0
27.178896653657382,93.25989066470376,,,0,1338.0
24.948083,94.535556,Manipur,Kamjong,1,1516.0
22.462999,92.877998,Mizoram,Lawngtlai,1,695.0
23.001865,92.923225,Mizoram,Lunglei,1,752.0
27.045942776505576,88.18629579570853,,,0,1150.0
24.06,93.28,Manipur,Churachandpur,1,666.0
25.40121,90.71722,Meghalaya,South Garo hills,1,404.0
25.515222,94.660694,Nagaland,Phek,1,1535.0
28.25391188686369,96.450053571596,,,0,2329.0
27.173917,88.38525,Sikkim,South Sikkim,1,1727.0
25.81428,92.55422,Assam,West Karbi Anglong,1,484.0
27.42588387662384,93.10428394797256,,,0,1058.0
24.15421054054208,93.84795589465818,,,0,785.0
24.889738891029975,92.99031552262782,,,0,100.0
25.598,94.31,Nagaland,Phek,1,2004.0
23.67388889,92.71472222,Mizoram,Aizawl,1,997.0
28.31982200701563,95.41894425135158,,,0,2083.0
28.468935935680022,95.0844740503041,,,0,697.0
22.46631409368412,93.27433925245391,,,0,1648.0
25.57822,91.86545,Meghalaya,East Khasi Hills,1,1459.0
24.489728,94.191686,Manipur,Tengnoupal,1,1242.0
23.311082,93.323501,Mizoram,Champhai,1,1413.0
27.585675584841717,88.41766316684343,,,0,2201.0
22.41,92.75,Mizoram,Lawngtlai,1,619.0
26.271389,94.453972,Nagaland,Mokokchung,1,1205.0
23.620615275103024,92.20145353309265,,,0,280.0
23.293873,92.858395,Mizoram,Serchhip,1,881.0
27.854583,93.484722,Arunachal Pradesh,Kurung Kumey,1,847.0
27.103444,93.638722,Arunachal Pradesh,Papum Pare,1,402.0
23.43259946943185,92.54160809219348,,,0,263.0
23.007998,92.808693,Mizoram,Lunglei,1,947.0
24.52,93.09,Manipur,Pherzawl,1,180.0
23.890694,93.275024,Mizoram,Champhai,1,1698.0
23.51444444,92.69805556,Mizoram,Aizawl,1,821.0
25.162667,93.009806,Assam,Dima Hasao,1,570.0
23.35333333,92.78138889,Mizoram,Aizawl,1,943.0
25.95931,92.51753,Assam,West Karbi Anglong,1,102.0
26.847556983993776,94.77277042849448,,,0,109.0
23.794253,91.553533,Tripura,Gomati,1,145.0
25.62153,94.19439,Nagaland,Kohima,1,1044.0
25.16367,93.02478,Assam,Dima Hasao,1,520.0
22.525,92.864998,Mizoram,Lawngtlai,1,797.0
25.36263379318141,94.81254060378774,,,0,1367.0
25.51682209821328,94.928308607934,,,0,522.0
26.198528,94.487528,Nagaland,Zunheboto,1,1012.0
25.990837069209235,93.89672367354854,,,0,144.0
24.96161979638485,93.29548253700985,,,0,203.0
27.4400458445526,88.25150574367687,,,0,2853.0
23.835361,93.052414,Mizoram,Aizawl,1,1044.0
23.99767683154159,92.5688722601776,,,0,312.0
24.912722724405672,93.30146240448651,,,0,153.0
24.684625,94.264253,Manipur,Kamjong,1,1411.0
25.05277210666597,93.89656662768218,,,0,1557.0
25.502917,94.661194,Nagaland,Phek,1,1586.0
24.04531667,93.49220278,Mizoram,Aizawl,1,1340.0
23.34496633025272,92.38802055375577,,,0,90.0
26.479167,94.543806,Nagaland,Mokokchung,1,537.0
27.62991311913701,88.76709511043096,,,0,3459.0
28.084325164057866,95.56531997527108,,,0,195.0
25.350166,91.972582,Meghalaya,East Khasi Hills,1,1071.0
25.167685119040524,94.75819520504652,,,0,1637.0
23.371537251181543,93.44006430946524,,,0,1026.0
23.603865,93.204311,Mizoram,Champhai,1,1026.0
23.794195,93.025055,Mizoram,Aizawl,1,561.0
27.728696373845967,92.98449225433924,,,0,1005.0
26.18794182475116,94.3592690227348,,,0,438.0
23.867935199281906,94.12544710275976,,,0,545.0
23.1465,93.30625,Mizoram,Champhai,1,1635.0
27.44085347349383,91.78991043908694,,,0,2343.0
27.133722,88.390833,Sikkim,South Sikkim,1,1644.0
25.716594,90.822539,Meghalaya,East Garo hills,1,372.0
25.661,94.054,Nagaland,Kohima,1,1364.0
26.032992,94.633639,Nagaland,Zunheboto,1,2034.0
25.16344444,93.02316667,Assam,Dima Hasao,1,557.0
25.814625,94.971819,Nagaland,Kiphire,1,1788.0
25.518045887986453,94.0750059011325,,,0,2087.0
27.151531488350614,93.39943495052364,,,0,1542.0
25.577099333526647,93.38144595231408,,,0,259.0
25.475953703576156,93.79490437864403,,,0,977.0
27.397000951842458,92.95901644380824,,,0,1118.0
25.8817748,94.1887571,Nagaland,Tseminyu,1,1411.0
24.947972,94.187972,Manipur,Ukhrul,1,918.0
22.34,92.65,Mizoram,Lawngtlai,1,118.0
27.095195957883185,92.896522477589,,,0,1021.0
24.42041079732506,93.90650957077696,,,0,772.0
25.82107627739533,92.09240171598984,,,0,1078.0
28.331741071105643,95.32728310700952,,,0,2116.0
24.70553333,93.33064167,Mizoram,Kolasib,1,371.0
27.184475337419528,93.00705714681956,,,0,1403.0
26.105698357892443,92.61807013187048,,,0,59.0
22.94776123119216,92.620756102476,,,0,89.0
23.590722,92.604694,Mizoram,Mamit,1,999.0
24.033563,92.674267,Mizoram,Kolasib,1,767.0
28.698061771337212,95.6928401100644,,,0,2577.0
25.69866667,91.64517222,Meghalaya,Eastern-West Khasi Hill,1,1228.0
26.48086856723293,94.95020951136568,,,0,1260.0
23.322995,93.092151,Mizoram,Champhai,1,1139.0
27.546239359069897,88.40917748130106,,,0,2551.0
25.545139,92.104778,Meghalaya,East Khasi Hills,1,1252.0
27.269556,88.137861,Sikkim,West Sikkim,1,1523.0
25.566,94.258,Nagaland,Phek,1,1860.0
25.955905017070485,93.94087110391652,,,0,159.0
22.938811033202388,93.24579800792978,,,0,972.0
24.864739,93.625244,Manipur,Noney,1,367.0
25.544917,91.270722,Meghalaya,West Khasi Hills,1,1393.0
28.70913443571885,95.99270071183966,,,0,2177.0
25.437722,93.349889,Assam,Dima Hasao,1,393.0
26.970065431560943,95.13777612351896,,,0,157.0
24.322917,94.151,Manipur,Tengnoupal,1,1210.0
27.449489469539333,88.8837103250831,,,0,3325.0
24.862290311352,92.50333997927513,,,0,17.0
24.555746627840914,92.07867008760894,,,0,18.0
23.550057787717652,93.4456813529595,,,0,1495.0
26.080917,94.481697,Nagaland,Zunheboto,1,1176.0
23.298137,92.857412,Mizoram,Serchhip,1,929.0
28.09853033176345,95.6435004941166,,,0,192.0
23.296,93.340556,Mizoram,Champhai,1,1168.0
27.521200551861572,88.74014866782481,,,0,4123.0
27.250889,88.715444,Sikkim,East Sikkim,1,1225.0
25.267222426414712,93.90466722089238,,,0,1150.0
25.469506083163022,93.54814609233831,,,0,616.0
24.87145352818971,93.96332400174296,,,0,813.0
27.67473087344859,93.5449423509556,,,0,2188.0
24.98332705471201,92.30134893793962,,,0,18.0
26.70255657998276,95.33106685786348,,,0,970.0
26.080434595941615,94.7192592234294,,,0,1707.0
24.665121758007334,94.48836907632555,,,0,568.0
23.40286353899509,92.53962838787722,,,0,413.0
25.65060556,91.89945278,Meghalaya,East Khasi Hills,1,1111.0
27.511910054038832,88.00566200301164,,,0,4166.0
22.901287,92.882271,Mizoram,Lunglei,1,450.0
23.743694,92.679028,Mizoram,Aizawl,1,922.0
25.359923,91.883122,Meghalaya,East Khasi Hills,1,1518.0
28.371165123047906,94.8750111294302,,,0,1090.0
27.376306,88.629583,Sikkim,East Sikkim,1,1818.0
26.075722,94.481611,Nagaland,Zunheboto,1,1222.0
24.08500097249256,91.61629329072449,,,0,40.0
28.455806634457,95.46728544227562,,,0,1839.0
22.61,92.66,Mizoram,Lawngtlai,1,162.0
23.36966389,93.04609444,Mizoram,Kolasib,1,568.0
23.546048,93.147734,Mizoram,Champhai,1,953.0
25.975243956189587,93.79096823402624,,,0,136.0
25.068719067640544,93.1039022643323,,,0,647.0
24.94038557649603,91.64104784981916,,,0,13.0
23.608389,92.596889,Mizoram,Mamit,1,1042.0
24.425935515058395,93.525875251033,,,0,1092.0
23.89569444,91.76525,Tripura,Dhalai,1,247.0
28.24352449015122,95.41545002783504,,,0,1371.0
23.671,92.888333,Mizoram,Aizawl,1,408.0
25.038076026865024,93.78022781522768,,,0,1278.0
28.14690366632029,95.6583878141366,,,0,215.0
23.53694444,92.6975,Mizoram,Aizawl,1,841.0
22.39,93.11,Mizoram,Saiha,1,1335.0
25.804908,94.932467,Nagaland,Kiphire,1,2122.0
23.293623128641112,92.5121062330828,,,0,358.0
26.361532173083383,94.1535053131221,,,0,119.0
28.43211235558104,96.00933947335736,,,0,2228.0
27.858889,94.78875,Arunachal Pradesh,West Siang,1,422.0
23.96463807308924,93.69439815268544,,,0,1953.0
24.673582,94.270534,Manipur,Kamjong,1,1305.0
26.096778,94.252611,Nagaland,Wokha,1,1355.0
27.122,88.139889,Sikkim,West Sikkim,1,1291.0
28.097285,95.28003,Arunachal Pradesh,East Siang,1,337.0
27.82837849442716,96.63238425542082,,,0,2078.0
26.37639,94.84056,Nagaland,Tuensang,1,1881.0
23.785444,93.024612,Mizoram,Aizawl,1,480.0
24.087453086462087,94.20106836348424,,,0,372.0
25.452278,93.394333,Assam,Dima Hasao,1,420.0
26.0045,93.9828,Nagaland,Wokha,1,487.0
27.52180339809081,94.77570773107315,,,0,103.0
22.58747998903585,92.80304457473684,,,0,283.0
25.492431461123523,94.94203895321652,,,0,1502.0
28.344813584148888,96.14280727034097,,,0,1326.0
25.413306,91.871139,Meghalaya,East Khasi Hills,1,1650.0
25.572,93.787,Nagaland,Peren,1,1482.0
27.4219932962476,88.43610790500152,,,0,2761.0
24.21,94.22,Manipur,Chandel,1,586.0
25.00733138793876,93.10647517778352,,,0,661.0
27.97098906508053,96.26338317575944,,,0,841.0
25.241919440302272,94.47021846648803,,,0,1429.0
25.05450372380941,92.61815725790434,,,0,112.0
25.34625359821232,92.8817596817826,,,0,691.0
27.82514408762422,93.74365377735424,,,0,1026.0
24.444067,94.169767,Manipur,Chandel,1,1499.0
24.07980087794457,93.7012894156308,,,0,1805.0
24.987464,93.506244,Manipur,Tamenglong,1,1260.0
24.812083,93.433917,Manipur,Noney,1,475.0
25.2,93.25,Assam,Dima Hasao,1,1193.0
23.079920340411185,92.62815735767126,,,0,501.0
23.181806,92.736868,Mizoram,Lunglei,1,812.0
23.52972222,92.69611111,Mizoram,Aizawl,1,803.0
23.1739,92.611378,Mizoram,Lunglei,1,785.0
26.442092888943996,95.18440314386126,,,0,1298.0
26.325861,94.52275,Nagaland,Mokokchung,1,1287.0
26.79523557033945,92.79472027040131,,,0,78.0
25.572312,91.828292,Meghalaya,East Khasi Hills,1,1326.0
23.93202778,92.87436111,Mizoram,Aizawl,1,486.0
27.009716963418064,95.6473843112855,,,0,1586.0
25.74730984835048,91.4121282785952,,,0,799.0
27.43189254795925,93.09675647174976,,,0,635.0
27.00025258724093,95.32043453743135,,,0,697.0
26.12205083587581,93.75376173551902,,,0,150.0
23.491497,92.705503,Mizoram,Aizawl,1,980.0
23.58583333,92.7,Mizoram,Aizawl,1,538.0
23.67666667,92.73138889,Mizoram,Aizawl,1,540.0
23.385211,92.844697,Mizoram,Serchhip,1,971.0
25.527846914593653,93.05471155037544,,,0,165.0
22.5273,92.870003,Mizoram,Lawngtlai,1,705.0
25.809417,92.474833,Assam,West Karbi Anglong,1,724.0
23.85194444,92.83305556,Mizoram,Aizawl,1,165.0
28.084252,96.459672,Arunachal Pradesh,Anjaw,1,897.0
24.587442869785228,94.16347010954463,,,0,1183.0
25.354567755829184,94.70916303522212,,,0,1134.0
25.61189122479132,93.59944726512256,,,0,369.0
24.854806,93.573444,Manipur,Noney,1,411.0
26.463333,94.8575,Nagaland,Longleng,1,804.0
25.887917,94.795558,Nagaland,Kiphire,1,880.0
26.598509311202207,93.23772761318556,,,0,71.0
25.527197431975395,94.0393665341064,,,0,2691.0
24.80425,93.73286111,Manipur,Noney,1,1165.0
27.33941667,88.60990556,Sikkim,East Sikkim,1,1646.0
25.917361,94.452556,Nagaland,Zunheboto,1,1631.0
27.116625,95.669825,Arunachal Pradesh,Changlang,1,808.0
23.08964,93.200974,Mizoram,Champhai,1,1049.0
26.18411437410438,94.74099332089688,,,0,2265.0
27.550977433187693,88.29518398282288,,,0,3847.0
25.771605801805528,93.06376937681884,,,0,116.0
27.188551,95.703582,Arunachal Pradesh,Changlang,1,488.0
25.4025,93.392194,Assam,Dima Hasao,1,454.0
24.44871033195271,93.4130687944511,,,0,360.0
23.67701,92.87895,Mizoram,Serchhip,1,407.0
25.70106,94.14167,Nagaland,Kohima,1,1189.0
25.14525,93.029167,Assam,Dima Hasao,1,542.0
23.876139,93.260445,Mizoram,Champhai,1,1616.0
26.46108228663933,94.73509508015051,,,0,742.0
25.68375,94.12436,Nagaland,Kohima,1,1348.0
24.683944,94.172778,Manipur,Kangpokpi,1,916.0
27.97636389280973,95.70512692644768,,,0,153.0
25.134,93.045,Assam,Dima Hasao,1,665.0
27.590556,91.867667,Arunachal Pradesh,Tawang,1,2845.0
27.40459106754056,96.06873547419691,,,0,403.0
25.998847,91.863883,Meghalaya,Ri-Bhoi,1,297.0
23.856861,92.743028,Mizoram,Aizawl,1,1367.0
25.443639,93.431444,Assam,Dima Hasao,1,451.0
25.168451644506938,94.2146441885518,,,0,1133.0
27.220972,88.397639,Sikkim,South Sikkim,1,2033.0
24.109499375445143,93.18184963247882,,,0,1079.0
25.453212452130646,90.58803391997613,,,0,467.0
23.391352,93.376359,Mizoram,Champhai,1,1144.0
27.373472,88.731722,Sikkim,East Sikkim,1,3393.0
24.650928696875223,93.97047521978892,,,0,775.0
24.928838959366665,93.2739529718164,,,0,402.0
27.32716154235552,88.00794813547257,,,0,2061.0
24.93873365251608,92.05783858240424,,,0,13.0
24.117846382402952,92.58992144003965,,,0,162.0
26.0415,94.522444,Nagaland,Zunheboto,1,1787.0
27.593139,91.873889,Arunachal Pradesh,Tawang,1,2933.0
26.2981957368103,92.00889830830606,,,0,51.0
24.0335,92.100694,Tripura,Dhalai,1,107.0
26.141643459111467,95.31813044633256,,,0,1667.0
24.259221561207863,92.55235173792164,,,0,62.0
23.60083333,92.83027778,Mizoram,Aizawl,1,742.0
23.844165,92.930006,Mizoram,Aizawl,1,1841.0
28.81159857867304,94.97329550883092,,,0,1660.0
24.754288361177142,94.53026148678713,,,0,673.0
25.65000761843939,93.59241536585134,,,0,266.0
25.38471290301292,91.17420810647724,,,0,922.0
27.216933,93.066329,Arunachal Pradesh,Pakke Kessang,1,1060.0
27.546333,88.586472,Sikkim,North Sikkim,1,1770.0
25.437111,93.403639,Assam,Dima Hasao,1,374.0
23.698330261664765,93.45472770182752,,,0,1341.0
24.39854406685128,93.40329713350194,,,0,366.0
23.67416667,92.72055556,Mizoram,Aizawl,1,915.0
25.22198210304941,92.54691220056932,,,0,521.0
28.362686182491228,96.01335658966892,,,0,2738.0
26.49574521759854,93.78370095236676,,,0,102.0
27.162502,93.746553,Arunachal Pradesh,Papum Pare,1,185.0
25.178194,94.527444,Manipur,Ukhrul,1,1285.0
25.961917,94.216194,Nagaland,Kohima,1,1241.0
27.94083,96.38161,Arunachal Pradesh,Lohit,1,1533.0
27.304361,93.054611,Arunachal Pradesh,East Kameng,1,1044.0
25.78180556,93.80180556,Nagaland,Dimapur,1,259.0
27.82795803306261,88.4783848356444,,,0,4224.0
24.82908333,93.50694444,Manipur,Tamenglong,1,360.0
23.62083333,92.7225,Mizoram,Aizawl,1,822.0
25.637187300881028,94.99742899538695,,,0,932.0
27.470242027947275,93.66859828330333,,,0,881.0
23.372266496604084,92.5728311670923,,,0,346.0
22.830414621932924,92.43076902450048,,,0,104.0
25.19158069337616,92.55383972526266,,,0,605.0
25.607,94.321,Nagaland,Phek,1,1847.0
27.56795879870918,88.28919693409176,,,0,3185.0
27.193425,93.780983,Arunachal Pradesh,Lower Subansiri,1,213.0
28.26358440905569,94.75030038377449,,,0,862.0
25.767670185600828,91.35582129241304,,,0,593.0
25.91608,92.50203,Assam,West Karbi Anglong,1,348.0
27.53607217048223,93.05467437829442,,,0,1452.0
24.092599322243053,92.21860511359546,,,0,69.0
23.7175,92.71972222,Mizoram,Aizawl,1,1082.0
27.076582,93.569035,Arunachal Pradesh,Papum Pare,1,326.0
26.336111,94.866944,Nagaland,Tuensang,1,818.0
25.875702530642904,91.7161070569345,,,0,438.0
24.470090945909863,94.02547517547043,,,0,1029.0
27.34027222,88.61273333,Sikkim,East Sikkim,1,1738.0
24.05587966759092,94.3532974993542,,,0,208.0
25.076024875739687,93.83086824954653,,,0,1770.0
24.96,92.7,Assam,Cachar,1,42.0
26.32744679123344,94.0560190940838,,,0,115.0
25.5208,91.25985,Meghalaya,West Khasi Hills,1,1358.0
26.5715,95.097639,Nagaland,Mon,1,1419.0
23.73361111,92.85305556,Mizoram,Aizawl,1,851.0
26.983178005306943,88.5879621883534,,,0,769.0
26.27028,94.75,Nagaland,Tuensang,1,1446.0
25.369056,91.775046,Meghalaya,East Khasi Hills,1,1683.0
25.095611,94.522944,Manipur,Ukhrul,1,1531.0
25.542694,92.096472,Meghalaya,East Khasi Hills,1,1304.0
22.970823,92.729607,Mizoram,Lunglei,1,609.0
27.224275850741154,93.8827313263238,,,0,236.0
25.85923336362064,91.82993048901253,,,0,730.0
25.29559256063291,90.79393797018407,,,0,491.0
25.163917,93.73625,Manipur,Tamenglong,1,768.0
28.141625356684983,95.38760540466488,,,0,275.0
24.51592753853203,94.48968024185062,,,0,190.0
24.47915730909081,93.98252378555895,,,0,785.0
27.273652887639383,91.84298521485012,,,0,3141.0
25.545206,91.276144,Meghalaya,West Khasi Hills,1,1406.0
28.113119,95.270938,Arunachal Pradesh,East Siang,1,373.0
24.025487,92.907485,Mizoram,Aizawl,1,1031.0
27.460278,92.110278,Arunachal Pradesh,West Kameng,1,3244.0
25.061730669824865,91.69268827121738,,,0,11.0
24.987583,93.506167,Manipur,Tamenglong,1,1260.0
22.865286,92.754898,Mizoram,Lunglei,1,1105.0
23.859417,92.917333,Mizoram,Aizawl,1,1258.0
27.039503385969784,88.29579525133647,,,0,1208.0
27.438430499336363,88.74471349031222,,,0,3885.0
28.393753513264528,95.075026485431,,,0,349.0
26.93244064245018,88.27072542122316,,,0,1364.0
28.32376858926267,96.35315085582054,,,0,2737.0
22.61,92.54,Mizoram,Lawngtlai,1,79.0
22.968073,92.929916,Mizoram,Lunglei,1,674.0
28.483587786231343,94.95227769329264,,,0,1191.0
23.61027778,92.70527778,Mizoram,Aizawl,1,636.0
23.796268,92.54654,Mizoram,Mamit,1,492.0
25.655776,94.233288,Nagaland,Phek,1,1186.0
24.668389,94.285472,Manipur,Kamjong,1,1253.0
25.840361,94.152167,Nagaland,Kohima,1,1399.0
22.445999,92.874001,Mizoram,Lawngtlai,1,482.0
27.692005587910312,92.08484316676336,,,0,4629.0
25.90829980279392,93.8738965339883,,,0,153.0
24.044755925287383,94.25247873337425,,,0,175.0
25.83750546997781,92.34713190667117,,,0,632.0
25.806861,94.237333,Nagaland,Kohima,1,1084.0
25.39500330965882,93.05561497751692,,,0,259.0
24.12,92.36,Mizoram,Mamit,1,117.0
23.28306161302925,92.95122982836318,,,0,459.0
25.06839143456117,91.62260672484892,,,0,16.0
25.595447845264097,93.18232600594663,,,0,285.0
23.69138889,92.72138889,Mizoram,Aizawl,1,929.0
23.684472,92.573694,Mizoram,Mamit,1,968.0
25.081361,94.552278,Manipur,Ukhrul,1,1535.0
22.491822,92.970252,Mizoram,Siaha,1,967.0
23.318159706993203,92.52069219901432,,,0,607.0
28.22506476684105,96.0218625200198,,,0,1645.0
23.602395,93.084222,Mizoram,Champhai,1,1179.0
23.691167,92.055444,Tripura,Dhalai,1,244.0
27.29525,88.102694,Sikkim,West Sikkim,1,1952.0
25.604611,94.768083,Nagaland,Phek,1,1747.0
28.02025352425086,94.81611180704935,,,0,850.0
28.39563138726163,96.25579072789353,,,0,3478.0
27.334056,93.819417,Arunachal Pradesh,Papum Pare,1,974.0
23.66166667,92.72416667,Mizoram,Aizawl,1,859.0
24.95676027224753,94.74396091354956,,,0,818.0
28.34425939904406,95.30293665127272,,,0,1058.0
28.266807,95.789109,Arunachal Pradesh,Lower Dibang Valley,1,862.0
24.732417,93.483139,Manipur,Noney,1,355.0
24.11,94.13,Manipur,Chandel,1,944.0
25.09825,94.513778,Manipur,Ukhrul,1,1556.0
23.500227005342424,92.46263059968454,,,0,356.0
24.186419848775515,93.71419120244732,,,0,1059.0
28.035111579875498,95.45181519670156,,,0,142.0
25.072528,93.6075,Manipur,Tamenglong,1,1012.0
26.0203685110098,91.4411178833041,,,0,51.0
24.735127545905577,94.42969496474385,,,0,889.0
27.24616264145257,93.89635413482246,,,0,232.0
28.817477,95.922181,Arunachal Pradesh,Dibang Valley,1,1585.0
28.0225553939464,95.6171437367753,,,0,162.0
24.62367882017374,94.02333329616752,,,0,777.0
28.174625737546645,96.40439770323688,,,0,3052.0
24.272722,94.075111,Manipur,Chandel,1,1459.0
26.857658887610334,95.2407552408627,,,0,1227.0
22.28326511889217,92.45121153956435,,,0,223.0
23.11349,92.745057,Mizoram,Lunglei,1,840.0
25.077915340050843,92.5872272385094,,,0,726.0
26.17019174194113,92.55969068527072,,,0,62.0
26.641861,95.07475,Nagaland,Mon,1,886.0
26.925697,95.371448,Arunachal Pradesh,Longding,1,385.0
26.87347907042282,95.1675699301422,,,0,535.0
27.581550875214397,93.05336994560788,,,0,1126.0
25.06005942301684,91.6248661770748,,,0,11.0
22.93,92.48,Mizoram,Lunglei,1,51.0
25.296,91.932,Meghalaya,East Khasi Hills,1,1090.0
22.301930595873635,92.88030878056163,,,0,631.0
27.4249229013209,88.06885996526911,,,0,4273.0
25.537972,91.602361,Meghalaya,West Khasi Hills,1,1626.0
28.29200740446953,96.3393759770164,,,0,3289.0
24.866972,93.7745,Manipur,Kangpokpi,1,1302.0
24.40561778148166,93.96291759559686,,,0,993.0
25.65852222,94.12213056,Nagaland,Kohima,1,1269.0
22.379,92.858002,Mizoram,Lawngtlai,1,403.0
23.889306,92.736528,Mizoram,Aizawl,1,1118.0
23.708377,93.053261,Mizoram,Champhai,1,1004.0
25.879925,94.632275,Nagaland,Kiphire,1,1943.0
25.262947,94.079353,Manipur,Senapati,1,1297.0
23.66055556,92.72527778,Mizoram,Aizawl,1,888.0
28.31658,96.61508,Arunachal Pradesh,Anjaw,1,1811.0
27.458960986705392,96.1268041871272,,,0,214.0
23.148209,93.321183,Mizoram,Champhai,1,1606.0
25.95847,91.85406,Meghalaya,Ri-Bhoi,1,339.0
25.71132569136144,92.57127690676916,,,0,808.0
23.832426100450096,92.42830116952884,,,0,185.0
23.395159,93.374335,Mizoram,Champhai,1,1170.0
27.159361,88.09225,Sikkim,West Sikkim,1,2228.0
24.881731113785317,92.08153685770144,,,0,14.0
27.282921,96.122193,Arunachal Pradesh,Changlang,1,394.0
25.687856,91.647944,Meghalaya,West Khasi Hills,1,1142.0
24.734806,93.296306,Manipur,Tamenglong,1,384.0
25.20655,91.744914,Meghalaya,East Khasi Hills,1,566.0
27.201278,88.665381,Sikkim,East Sikkim,1,1008.0
25.197283,92.1991,Meghalaya,West Jaintia Hills,1,611.0
28.03428696855893,95.11927928310482,,,0,1565.0
24.1488317997688,94.33644077334692,,,0,156.0
25.39766,90.70111,Meghalaya,South Garo hills,1,530.0
22.902414,92.829948,Mizoram,Lunglei,1,737.0
23.942716200429302,92.58329000718484,,,0,826.0
25.040277287491367,93.3786873031433,,,0,223.0
23.393889,93.309244,Mizoram,Champhai,1,1166.0
28.446092000476337,95.42302283717424,,,0,2457.0
26.955004712279266,95.0651258210146,,,0,113.0
22.33,92.74,Mizoram,Lawngtlai,1,209.0
26.99218089800077,95.02890624261748,,,0,108.0
22.87,92.48,Mizoram,Lunglei,1,78.0
25.00900486686264,91.69309599063328,,,0,10.0
26.919823,95.545421,Arunachal Pradesh,Tirap,1,1689.0
25.489833,92.069033,Meghalaya,East Khasi Hills,1,1252.0
28.904181465843937,94.84155001781616,,,0,1608.0
26.076115004379883,91.57508822475464,,,0,52.0
23.43194444,92.76083333,Mizoram,Aizawl,1,1460.0
23.97,94.04,Manipur,Chandel,1,1167.0
27.80391091311834,94.49331331921712,,,0,858.0
25.618175,93.919236,Nagaland,Peren,1,1667.0
24.471357313277693,93.90177093719193,,,0,772.0
23.423114077607742,92.55526788148808,,,0,261.0
25.301150353933668,93.71669025363497,,,0,1124.0
24.723056,93.491833,Manipur,Noney,1,194.0
23.282258,92.852377,Mizoram,Serchhip,1,777.0
24.44739053298733,92.04653845290557,,,0,43.0
25.70821926620789,90.913402231053,,,0,656.0
27.24777778,88.5975,Sikkim,East Sikkim,1,1253.0
24.377253256027963,94.38740373409698,,,0,194.0
25.67,94.397,Nagaland,Phek,1,1389.0
27.251722,88.182972,Sikkim,West Sikkim,1,1438.0
27.60299052312529,88.78284530086418,,,0,4551.0
27.951294838974235,96.57390420213063,,,0,2649.0
23.65701389,93.02799167,Mizoram,Aizawl,1,497.0
28.38203956139176,95.6250450584328,,,0,2044.0
25.030490677898133,93.35194873481905,,,0,260.0
25.790030433181936,91.79470853507917,,,0,625.0
23.43481,92.873933,Mizoram,Serchhip,1,753.0
23.54388889,92.70166667,Mizoram,Aizawl,1,788.0
27.128333,88.148833,Sikkim,West Sikkim,1,1542.0
25.443512571324938,94.98563936794052,,,0,872.0
26.216456,94.681866,Nagaland,Tuensang,1,1798.0
24.00674715607348,92.52966386303709,,,0,47.0
23.72564045626524,93.29959496571622,,,0,1533.0
22.66028004215006,92.7775238007054,,,0,399.0
22.437107,92.946912,Mizoram,Siaha,1,344.0
25.04004719452124,93.1189761188442,,,0,796.0
24.993362521625944,94.67989695661268,,,0,751.0
23.055076077043083,92.59909717426396,,,0,278.0
25.68309635160374,93.35160701313534,,,0,249.0
25.68094444,94.07002778,Nagaland,Kohima,1,1190.0
24.776583,93.456056,Manipur,Noney,1,538.0
25.43274226682048,94.6914891047204,,,0,1899.0
23.32101107877805,92.56376798703124,,,0,545.0
25.22742478503555,92.4370303934395,,,0,618.0
25.31183985451909,94.70202957456884,,,0,1283.0
26.387181,94.444132,Nagaland,Mokokchung,1,936.0
27.381652445904187,92.85241500450748,,,0,920.0
24.37402778,92.71846944,Mizoram,Kolasib,1,217.0
26.16658333,91.71480556,Assam,Kamrup,1,128.0
28.074258544889528,96.63237262191544,,,0,2368.0
23.72583402314181,93.27650784806286,,,0,1421.0
26.185491,94.814241,Nagaland,Tuensang,1,2049.0
22.49,92.74,Mizoram,Lawngtlai,1,487.0
23.59527778,92.71722222,Mizoram,Aizawl,1,743.0
26.90163899808584,95.00327676331732,,,0,275.0
22.759520632654667,93.0698974567828,,,0,929.0
26.196333,95.019417,Nagaland,Noklak,1,1353.0
27.007881971622357,88.51358741485984,,,0,1269.0
25.79595,93.99585278,Nagaland,Kohima,1,506.0
23.470139,93.025944,Mizoram,Serchhip,1,1459.0
28.165711,95.46208,Arunachal Pradesh,East Siang,1,442.0
25.519577448352067,93.30086982476128,,,0,366.0
27.00127963186267,88.60923298770562,,,0,792.0
24.00213472895732,92.55437609224852,,,0,68.0
25.758005875895677,90.86210189209925,,,0,609.0
27.216639,88.392361,Sikkim,South Sikkim,1,1566.0
28.262338,95.565698,Arunachal Pradesh,Lower Dibang Valley,1,472.0
24.05361111,92.66555556,Mizoram,Kolasib,1,607.0
23.5590674768864,91.90240855093909,,,0,152.0
26.156333,94.593611,Nagaland,Zunheboto,1,1795.0
25.537636,91.208528,Meghalaya,West Khasi Hills,1,1333.0
26.230083,94.198,Nagaland,Wokha,1,601.0
23.972222,92.68325,Mizoram,Kolasib,1,351.0
25.49041747436921,94.31090076955007,,,0,1863.0
26.990449680477195,88.76891675366258,,,0,425.0
25.552647,91.237072,Meghalaya,West Khasi Hills,1,1356.0
23.005587,92.720192,Mizoram,Lunglei,1,389.0
26.514404962927124,94.89529696351111,,,0,336.0
23.810083,92.833861,Mizoram,Aizawl,1,527.0
25.436698106714328,93.9114042099728,,,0,2163.0
25.22695773554796,92.91576589042177,,,0,788.0
24.59975694740044,93.04612709271905,,,0,135.0
25.576475243687664,90.91303746926548,,,0,729.0
25.63102515335241,92.51294714531214,,,0,892.0
27.8345,93.933694,Arunachal Pradesh,Lower Subansiri,1,457.0
25.22616771639399,92.90376558581164,,,0,679.0
25.64897,93.12083,Assam,Dima Hasao,1,346.0
28.487041,95.848265,Arunachal Pradesh,Dibang Valley,1,845.0
24.17,93.3,Manipur,Churachandpur,1,1155.0
22.55,92.54,Mizoram,Lawngtlai,1,78.0
26.086389,91.879083,Meghalaya,Ri-Bhoi,1,86.0
25.346972,92.008278,Meghalaya,West Jaintia Hills,1,996.0
27.292444,92.391861,Arunachal Pradesh,West Kameng,1,1784.0
23.316491,92.788798,Mizoram,Serchhip,1,641.0
24.063194,92.28225,Tripura,North Tripura,1,432.0
25.48916885877459,90.4857755493862,,,0,670.0
27.246056,88.62575,Sikkim,East Sikkim,1,1457.0
24.98455831649876,92.10940251815737,,,0,15.0
24.946944,94.191194,Manipur,Ukhrul,1,919.0
27.489990351389235,88.7996328410687,,,0,4769.0
25.54140477510745,94.0417958302273,,,0,2563.0
23.622446748105943,92.54443167181596,,,0,761.0
24.06,94.05,Manipur,Chandel,1,1126.0
25.662097078857627,93.72182055851135,,,0,466.0
24.57151389,93.141725,Mizoram,Kolasib,1,378.0
24.867139,94.566889,Manipur,Kamjong,1,1000.0
27.214653437346414,88.9216757340868,,,0,2598.0
26.650333,95.125194,Nagaland,Mon,1,919.0
25.408497,93.283436,Assam,Dima Hasao,1,288.0
25.69583,94.10833,Nagaland,Kohima,1,1368.0
23.801001,93.166359,Mizoram,Champhai,1,593.0
23.009121520943854,92.54727906106096,,,0,658.0
25.44834575396641,93.91528147507364,,,0,2085.0
24.23847222,92.95591667,Mizoram,Aizawl,1,669.0
28.466260680717976,95.05812913056562,,,0,1403.0
24.90151821208855,93.18763362931186,,,0,84.0
25.10897222,92.92886111,Assam,Dima Hasao (N.C. Hills),1,257.0
27.78050312054912,93.28731903033304,,,0,2322.0
25.12647456682129,93.5192736831776,,,0,968.0
22.82402,92.608917,Mizoram,Lunglei,1,266.0
25.70598739845147,91.47979462196164,,,0,1071.0
22.792639683499484,92.48385592701898,,,0,76.0
25.65736256340649,95.13936373285176,,,0,1727.0
28.12543423988575,95.6138835765596,,,0,220.0
22.315691522825983,92.87807242816208,,,0,517.0
27.932542313294164,95.90342550389224,,,0,159.0
23.34111111,92.77666667,Mizoram,Aizawl,1,744.0
25.21022385030549,91.52365316174324,,,0,271.0
24.37,92.9,Mizoram,Aizawl,1,139.0
25.194287609790614,92.61034464370223,,,0,1481.0
23.083377058021163,92.47593037903265,,,0,157.0
26.271546337980933,94.68672812829612,,,0,1435.0
23.996482790341886,94.248337704433,,,0,168.0
23.442431092778914,92.53495444282592,,,0,413.0
23.78795836497822,93.90140967892538,,,0,1198.0
26.724833,95.025861,Nagaland,Mon,1,693.0
25.9235,91.574222,Meghalaya,Ri-Bhoi,1,469.0
26.665626629980192,94.88843736110545,,,0,760.0
27.4544027186032,93.782172351846,,,0,1337.0
26.49,94.36,Nagaland,Mokokchung,1,204.0
26.074645,94.423373,Nagaland,Zunheboto,1,933.0
28.563572867172603,96.68103564948804,,,0,4012.0
27.866083,93.467306,Arunachal Pradesh,Kurung Kumey,1,880.0
23.685795,93.019874,Mizoram,Aizawl,1,629.0
23.136964,92.74724,Mizoram,Lunglei,1,845.0
28.05450174343907,95.9565314622333,,,0,322.0
27.122472,88.227611,Sikkim,West Sikkim,1,463.0
25.51378,94.14089,Manipur,Senapati,1,1729.0
27.35648233570797,93.60739267607626,,,0,1980.0
27.49481043321164,91.9491902341257,,,0,2986.0
25.32965393171732,92.23925533824656,,,0,1211.0
23.35874891325837,92.50451035865704,,,0,642.0
24.21091667,92.67888889,Mizoram,Kolasib,1,697.0
26.318002329418118,92.19839050379444,,,0,56.0
22.4,93.12,Mizoram,Saiha,1,1443.0
24.932553952373983,92.0768035835452,,,0,16.0
23.63759537735992,91.82623253508308,,,0,134.0
27.605710021982823,88.47436644744084,,,0,2649.0
23.99,93.55,Manipur,Churachandpur,1,794.0
23.081345,93.321054,Mizoram,Champhai,1,1080.0
22.906252,92.93174,Mizoram,Lunglei,1,262.0
24.74552354215816,92.84430859746172,,,0,25.0
24.191114,92.943311,Mizoram,Aizawl,1,533.0
23.53908443542634,92.5128240575813,,,0,253.0
27.825694,94.747,Arunachal Pradesh,West Siang,1,727.0
25.269097,94.022569,Manipur,Senapati,1,1071.0
25.514,94.137,Manipur,Senapati,1,1741.0
25.569,92.71653,Assam,Dima Hasao,1,595.0
23.74340371619708,93.2382143376074,,,0,696.0
22.447840235393095,92.5173398047778,,,0,140.0
24.58992616471017,94.23735705472724,,,0,708.0
25.749622806567498,90.61210258611408,,,0,227.0
21.88408180205892,92.78805291100493,,,0,112.0
28.193263903125853,96.44747512332584,,,0,2900.0
27.339267,93.802581,Arunachal Pradesh,Lower Subansiri,1,789.0
25.388668306066755,93.99133620446813,,,0,1373.0
27.357779915307617,93.16152070537125,,,0,2417.0
26.725083,95.023861,Nagaland,Mon,1,674.0
27.55314167,88.62179722,Sikkim,North Sikkim,1,1734.0
22.823553,92.628441,Mizoram,Lunglei,1,138.0
26.40908,94.96308,Nagaland,Mon,1,695.0
27.16186,93.747535,Arunachal Pradesh,Papum Pare,1,180.0
24.07879923771982,94.20978665260051,,,0,349.0
24.766849586880745,92.39287055406972,,,0,16.0
27.037555314634503,88.84188798613742,,,0,918.0
23.753222,93.377281,Mizoram,Champhai,1,1402.0
25.518508332429192,90.88827386878542,,,0,585.0
25.193083,93.120417,Assam,Dima Hasao,1,657.0
24.15123182739047,93.64222941307054,,,0,861.0
28.290818195279485,94.49901136670636,,,0,1201.0
27.343614014893973,93.96650883886558,,,0,386.0
22.22,93.11,Mizoram,Saiha,1,1382.0
27.205,88.442122,Sikkim,South Sikkim,1,1299.0
25.50667,91.28318,Meghalaya,West Khasi Hills,1,1396.0
27.265389,88.788278,Sikkim,East Sikkim,1,3521.0
26.330012234660064,91.60171543124622,,,0,53.0
28.378875990225044,95.38867795405858,,,0,2109.0
25.970516869073982,93.64249077533847,,,0,201.0
26.15717837749094,91.57168491507116,,,0,44.0
25.429097,94.108439,Manipur,Senapati,1,1349.0
27.671818021962952,93.7576397541528,,,0,1718.0
23.33927436043965,93.43209970112083,,,0,1165.0
28.800083,94.842265,Arunachal Pradesh,Upper Siang,1,1004.0
25.422194,91.869222,Meghalaya,East Khasi Hills,1,1671.0
25.351304,91.89353,Meghalaya,East Khasi Hills,1,1563.0
27.494543749017677,88.19935284698559,,,0,4085.0
26.902301358228613,88.26967219661665,,,0,900.0
24.950583,94.177778,Manipur,Ukhrul,1,930.0
26.784806,95.070833,Nagaland,Mon,1,907.0
28.4875,95.213417,Arunachal Pradesh,Upper Siang,1,1015.0
24.888472,93.473028,Manipur,Tamenglong,1,1413.0
27.313874,93.045623,Arunachal Pradesh,East Kameng,1,909.0
27.474155044639723,88.68413945472645,,,0,3058.0
26.38301240969416,94.20620870300412,,,0,511.0
26.02661998611824,93.81412604384217,,,0,136.0
23.38519444,92.752,Mizoram,Aizawl,1,1342.0
25.034289,92.435222,Meghalaya,East Jaintia Hills,1,366.0
23.33009032381088,92.54455054630996,,,0,539.0
23.64083333,92.72472222,Mizoram,Aizawl,1,827.0
25.70872556619082,92.04156891647756,,,0,900.0
23.33361111,92.78194444,Mizoram,Aizawl,1,693.0
24.98196694289855,93.21393294618842,,,0,130.0
28.41183199200344,95.73699545504928,,,0,2281.0
22.994673470489538,92.52196283982197,,,0,151.0
28.226864462335808,95.3953923494951,,,0,1600.0
27.542389,92.946306,Arunachal Pradesh,East Kameng,1,1271.0
28.615893,95.859914,Arunachal Pradesh,Dibang Valley,1,775.0
23.70888889,92.75083333,Mizoram,Aizawl,1,622.0
27.105556,93.699722,Arunachal Pradesh,Papum Pare,1,202.0
26.486389,94.448389,Nagaland,Mokokchung,1,879.0
26.1916,91.80361,Assam,Kamrup (Metro),1,84.0
27.355813226158112,93.68191714781383,,,0,1594.0
27.34484433682267,95.85465091393726,,,0,152.0
25.786311,94.796825,Nagaland,Kiphire,1,920.0
27.53717208339727,93.1052649295034,,,0,764.0
25.01905104184965,93.3540314457848,,,0,217.0
28.1258567310251,95.79243388838997,,,0,258.0
25.24330972081024,94.34306846976328,,,0,1525.0
25.67153,93.11522,Assam,Dima Hasao,1,332.0
23.49510295731405,93.46680262325296,,,0,1181.0
25.85646246375952,95.0978721101042,,,0,1267.0
25.698539212836348,90.73762780099484,,,0,401.0
23.780864,92.577909,Mizoram,Mamit,1,493.0
24.026556,92.911915,Mizoram,Aizawl,1,1044.0
23.468361,93.304222,Mizoram,Champhai,1,1314.0
25.181528,94.523694,Manipur,Ukhrul,1,1334.0
22.905773671468804,93.3565112394409,,,0,1411.0
22.638971668452463,93.06356661940356,,,0,1019.0
27.160065,95.754919,Arunachal Pradesh,Changlang,1,558.0
25.54264,92.10214,Meghalaya,East Khasi Hills,1,1332.0
25.56921350906345,95.08830402212668,,,0,531.0
27.5435,88.628306,Sikkim,North Sikkim,1,1289.0
25.83128,93.45257,Assam,Karbi Anglong,1,196.0
25.38425003553444,90.8896991182139,,,0,516.0
25.070271089454025,92.5616277952115,,,0,392.0
25.11,93.37,Manipur,Tamenglong,1,992.0
27.11491046468513,95.36937704284472,,,0,151.0
28.073906386199734,96.70957711273095,,,0,3056.0
25.789309184496176,91.5587515192501,,,0,599.0
23.44002703727417,92.38857151793376,,,0,139.0
27.43148392524044,88.25317259622378,,,0,2611.0
22.866833,92.774925,Mizoram,Lunglei,1,1179.0
22.989914954835573,92.4869234058202,,,0,105.0
24.723556792192024,93.77695379645697,,,0,830.0
27.30788341388364,93.67791887725666,,,0,1508.0
27.152062471047383,88.6883024905687,,,0,1153.0
23.54294167,93.23821667,Mizoram,Kolasib,1,1546.0
27.69383477150352,93.1721084884268,,,0,1492.0
24.42876172737282,92.95604406612485,,,0,190.0
25.110244986760662,92.72738853431296,,,0,900.0
25.736,94.329,Nagaland,Phek,1,1669.0
23.57638889,92.69055556,Mizoram,Aizawl,1,540.0
25.970083,94.213639,Nagaland,Kohima,1,1459.0
25.67703903826958,93.54726233787024,,,0,230.0
23.53388889,92.6975,Mizoram,Aizawl,1,817.0
27.270056,88.174444,Sikkim,West Sikkim,1,1337.0
28.15308829796312,96.27619710775548,,,0,2625.0
28.163322,95.459813,Arunachal Pradesh,East Siang,1,421.0
22.98135260768427,92.61875494678608,,,0,205.0
28.39069353449868,95.73604205674278,,,0,1519.0
28.452528,95.239333,Arunachal Pradesh,Upper Siang,1,1055.0
26.817390869974652,94.38069500895196,,,0,93.0
23.822357262039898,93.89929401596268,,,0,1595.0
26.604257154035487,94.27374793192634,,,0,109.0
28.28386,96.58275,Arunachal Pradesh,Anjaw,1,1848.0
25.435639,93.405944,Assam,Dima Hasao,1,409.0
27.194916,93.778683,Arunachal Pradesh,Papum Pare,1,293.0
25.49715065395967,93.017872229119,,,0,151.0
26.36932248244444,92.96762977093394,,,0,409.0
23.161889,93.2775,Mizoram,Champhai,1,1460.0
23.497919,92.854946,Mizoram,Serchhip,1,923.0
27.95653946832648,95.94804919232844,,,0,188.0
23.887622525944657,92.58042424279472,,,0,755.0
25.16447395890266,93.4750382531969,,,0,1498.0
24.811333,93.42275,Manipur,Noney,1,428.0
25.49869617931284,93.56936162660772,,,0,588.0
27.5247384438484,88.4261328503221,,,0,2156.0
22.77979013633911,92.92627367393214,,,0,193.0
25.189,93.226,Assam,Dima Hasao,1,1462.0
25.68739846959984,91.3691399420406,,,0,1310.0
23.573731,93.075313,Mizoram,Champhai,1,966.0
27.02107003485679,93.95036946419832,,,0,85.0
22.042903172329325,92.53565104803634,,,0,240.0
24.18561111,92.94536111,Mizoram,Aizawl,1,452.0
25.911268007287,95.10013257286089,,,0,2564.0
25.496861,91.198556,Meghalaya,West Khasi Hills,1,1289.0
26.116972,92.440083,Assam,Nagaon,1,173.0
28.938381132589463,95.64172315599896,,,0,3513.0
27.33355909361936,92.7212749853858,,,0,1207.0
24.24463611,93.423125,Mizoram,Aizawl,1,1047.0
24.764917,93.45875,Manipur,Noney,1,484.0
25.165833,93.699611,Manipur,Tamenglong,1,962.0
25.761355275883023,92.45416966133308,,,0,976.0
23.123927,92.739604,Mizoram,Lunglei,1,806.0
23.992805,93.043251,Mizoram,Aizawl,1,1101.0
26.18302778,94.81619444,Nagaland,Tuensang,1,1949.0
25.253228159625177,92.29757021760108,,,0,877.0
27.987542759545363,94.9081538183208,,,0,738.0
25.96886,92.51572,Assam,West Karbi Anglong,1,213.0
23.30028,92.741186,Mizoram,Serchhip,1,714.0
25.838592,94.788669,Nagaland,Kiphire,1,580.0
23.727194,92.242722,Tripura,North Tripura,1,196.0
22.966381,92.705399,Mizoram,Lunglei,1,761.0
27.730487604349264,94.92878271952291,,,0,122.0
23.471889,93.246333,Mizoram,Champhai,1,886.0
24.460056309603413,94.01702724925563,,,0,794.0
27.31795585598324,93.99015648697124,,,0,129.0
26.22816056534677,94.00228137431216,,,0,112.0
27.90417,96.35869,Arunachal Pradesh,Lohit,1,904.0
28.080217006757387,94.70813869763936,,,0,1039.0
25.911858975863492,95.12665235784088,,,0,2058.0
25.85568352159168,93.226244156278,,,0,168.0
23.678056,92.038028,Tripura,Dhalai,1,195.0
23.36523234504307,92.57331581086515,,,0,465.0
25.09849244862504,93.47930542795127,,,0,360.0
26.48515546588925,95.13428324379132,,,0,1674.0
25.433449042796937,94.36934685005104,,,0,908.0
24.285781962695577,93.47441463520286,,,0,613.0
26.74571993304127,95.1730462839435,,,0,618.0
25.481492702907666,94.8253792916045,,,0,1858.0
25.909211415649104,92.21946816366476,,,0,636.0
22.98897012801872,92.38961594739544,,,0,52.0
23.973513,92.6839,Mizoram,Kolasib,1,338.0
23.470329,93.26728,Mizoram,Champhai,1,954.0
23.07506024450576,92.4389482727154,,,0,105.0
25.254458763884173,94.67197840359222,,,0,2080.0
25.200817562114054,92.91534685953135,,,0,860.0
25.637189,91.93345,Meghalaya,East Khasi Hills,1,1324.0
24.130256878754174,93.85366523943696,,,0,871.0
26.22705017851636,92.6763988801121,,,0,71.0
25.40216759349283,93.75660765820857,,,0,742.0
25.637779,91.932565,Meghalaya,East Khasi Hills,1,1293.0
26.817417,95.072694,Nagaland,Mon,1,547.0
27.102944,93.640417,Arunachal Pradesh,Papum Pare,1,373.0
23.35756554747553,92.52334859114224,,,0,561.0
27.0276805273004,95.67263423590128,,,0,1019.0
27.6712,93.8974,Arunachal Pradesh,Lower Subansiri,1,1327.0
27.24883333,88.60191667,Sikkim,Pakyong,1,1145.0
25.26005556,92.38863889,Meghalaya,Jaintia Hills,1,792.0
28.40590228584238,94.95643404712216,,,0,895.0
25.542744,91.662067,Meghalaya,East Khasi Hills,1,1762.0
27.04190171927021,88.57515058519162,,,0,1245.0
25.34529345170108,91.52750488656028,,,0,981.0
26.32258009534139,95.10289977597596,,,0,1616.0
24.94775,93.492889,Manipur,Tamenglong,1,1231.0
25.644833,91.134778,Meghalaya,West Khasi Hills,1,1218.0
28.52593723804446,95.52296478862822,,,0,2872.0
24.73,93.17,Manipur,Jiribam,1,100.0
28.765063233877655,95.25139563217697,,,0,2150.0
28.243182,95.921338,Arunachal Pradesh,Lower Dibang Valley,1,2675.0
23.53805556,92.6625,Mizoram,Aizawl,1,583.0
25.182222,94.522333,Manipur,Ukhrul,1,1355.0
25.51610226288049,91.04865083956172,,,0,844.0
23.31733260588727,92.44813667687616,,,0,508.0
27.326963815135564,93.74532188603854,,,0,1535.0
22.93658899460969,92.62156639435862,,,0,79.0
25.359306,91.885111,Meghalaya,East Khasi Hills,1,1472.0
26.096207722864868,93.36697790547782,,,0,356.0
25.226075540398952,93.78718021217834,,,0,1656.0
25.266770597790245,94.6445769118015,,,0,1534.0
23.64222222,92.72805556,Mizoram,Aizawl,1,842.0
27.280078453263872,92.1240769210178,,,0,2704.0
22.06002951764764,92.95761605242498,,,0,639.0
27.320111,88.177833,Sikkim,West Sikkim,1,1696.0
25.452369,94.128022,Manipur,Senapati,1,1415.0
22.491,92.97076,Mizoram,Siaha,1,984.0
27.83975,93.977444,Arunachal Pradesh,Upper Subansiri,1,634.0
23.323597377559963,92.9456762881732,,,0,687.0
23.363304112306245,92.530877429072,,,0,720.0
24.19963889,92.94088889,Mizoram,Aizawl,1,703.0
23.124069,93.145889,Mizoram,Serchhip,1,1256.0
25.90566705323302,91.25214308634185,,,0,72.0
26.00708142605768,95.11521202004384,,,0,2452.0
26.74488607823154,95.33579044431522,,,0,837.0
27.216361,88.199667,Sikkim,West Sikkim,1,1946.0
25.62,90.33,Meghalaya,West Garo Hills,1,681.0
23.303412,93.31066,Mizoram,Champhai,1,1491.0
25.381389,94.279306,Manipur,Senapati,1,1692.0
23.692391,92.723348,Mizoram,Aizawl,1,794.0
24.883132,94.31281,Manipur,Kamjong,1,1284.0
28.566312453953927,95.98151319016124,,,0,3125.0
22.490999,92.981003,Mizoram,Saiha,1,1058.0
26.37575746546177,92.9659740871456,,,0,416.0
27.95672,96.39697,Arunachal Pradesh,Lohit,1,895.0
27.31842194602518,93.97444129137185,,,0,244.0
23.255288,92.888813,Mizoram,Serchhip,1,839.0
23.56785,93.10472222,Mizoram,Kolasib,1,659.0
24.89136463063204,93.33447052064142,,,0,800.0
26.89880721013257,95.10172647790992,,,0,224.0
22.33,92.65,Mizoram,Lawngtlai,1,134.0
25.232955044229428,93.46671061795028,,,0,1127.0
25.33078577419909,92.19290912794752,,,0,1211.0
27.265944,88.534556,Sikkim,East Sikkim,1,1166.0
23.74972222,92.69833333,Mizoram,Aizawl,1,630.0
23.41361111,92.72361111,Mizoram,Aizawl,1,1132.0
27.373083,88.720028,Sikkim,East Sikkim,1,3269.0
27.166306,92.587139,Arunachal Pradesh,West Kameng,1,1730.0
25.710690524632614,94.94013086291616,,,0,1327.0
24.95794,92.73201,Assam,Cachar,1,43.0
25.35366667,94.06508333,Manipur,Senapati,1,1227.0
24.087350728420752,94.2092196260002,,,0,305.0
22.99264557924888,92.5715100075298,,,0,306.0
23.46916667,92.72083333,Mizoram,Aizawl,1,1120.0
23.60027778,92.75888889,Mizoram,Aizawl,1,551.0
26.151521812307926,92.58514648810814,,,0,62.0
27.56379430559035,88.71524931359842,,,0,3635.0
27.49840594032584,88.82490911146617,,,0,4767.0
24.419611,94.182722,Manipur,Tengnoupal,1,1312.0
26.53048883747857,92.97884196314696,,,0,71.0
26.82387293278276,94.23278169964466,,,0,88.0
24.984528,93.509861,Manipur,Tamenglong,1,1255.0
25.928096421676283,91.10594728387228,,,0,60.0
23.083611,92.70108,Mizoram,Lunglei,1,961.0
25.394917,94.630111,Manipur,Ukhrul,1,2226.0
23.60111111,92.75888889,Mizoram,Aizawl,1,569.0
23.580526079786985,92.5294139323017,,,0,327.0
23.710278,92.558056,Mizoram,Mamit,1,965.0
25.23925,93.03152778,Assam,Dima Hasao,1,556.0
25.1879702935218,92.73588596789892,,,0,1332.0
25.55691928901194,93.1933435343551,,,0,312.0
23.451278,93.002944,Mizoram,Serchhip,1,1380.0
23.73361111,92.76444444,Mizoram,Aizawl,1,845.0
28.15425962922409,94.28007534051385,,,0,2378.0
25.149603,92.367964,Meghalaya,East Jaintia Hills,1,300.0
26.848436902068023,93.869248228267,,,0,73.0
27.41946513656549,88.8458022861958,,,0,4322.0
22.2,93.13,Mizoram,Saiha,1,1142.0
23.665806,92.892639,Mizoram,Aizawl,1,415.0
27.207039,88.446667,Sikkim,South Sikkim,1,1321.0
25.01856,92.77011,Assam,Dima Hasao,1,80.0
25.108310222203222,94.84796848584634,,,0,939.0
22.710912728761176,92.39572595127149,,,0,82.0
25.22120129068946,94.60694251256318,,,0,1941.0
25.387781,91.877117,Meghalaya,East Khasi Hills,1,1450.0
27.435565537509746,93.78225148158376,,,0,874.0
25.759556,94.026056,Nagaland,Kohima,1,714.0
27.172066,95.754546,Arunachal Pradesh,Changlang,1,817.0
27.9794818786835,95.94480541111096,,,0,207.0
25.165639,93.025444,Assam,Dima Hasao,1,516.0
25.703282550967945,91.82620413279518,,,0,867.0
27.625284439241,92.89450029402316,,,0,1452.0
23.0475,92.67166667,Mizoram,Kolasib,1,392.0
23.571363347764,92.52587214605092,,,0,223.0
26.159638783400982,93.63204885271784,,,0,539.0
24.496662954151848,94.41776752794392,,,0,427.0
22.455,92.959999,Mizoram,Saiha,1,651.0
27.384043710607955,88.04060673101685,,,0,3953.0
27.32612383261996,88.03235507973619,,,0,2873.0
24.991833,94.603306,Manipur,Kamjong,1,1506.0
27.739753939457284,94.78632378420164,,,0,296.0
26.00461944090432,93.85417192651732,,,0,139.0
22.15,92.78,Mizoram,Lawngtlai,1,105.0
29.01779099471482,95.94139457589296,,,0,3478.0
23.65675,92.70352778,Mizoram,Aizawl,1,899.0
26.845278,95.077167,Nagaland,Mon,1,246.0
27.02888614924723,88.33176189291441,,,0,1715.0
25.884003,94.792711,Nagaland,Kiphire,1,972.0
27.241333,88.233972,Sikkim,West Sikkim,1,1651.0
24.919751,94.461919,Manipur,Kamjong,1,1939.0
23.669694,92.592667,Mizoram,Mamit,1,1020.0
27.93643056464068,88.48328182723291,,,0,5245.0
24.692373,94.257477,Manipur,Kamjong,1,1447.0
27.150841505474865,88.00397254368472,,,0,3061.0
25.667417,91.092333,Meghalaya,West Khasi Hills,1,959.0
27.594419800779697,88.36534857670547,,,0,2746.0
28.676978153917148,95.19922294538485,,,0,2018.0
26.303266113118955,92.52916384067647,,,0,61.0
23.78244628277948,92.41819641857056,,,0,175.0
25.377274445643422,94.71257522588613,,,0,1429.0
25.945,92.66358,Assam,West Karbi Anglong,1,162.0
24.251011,94.0873,Manipur,Chandel,1,991.0
25.97664,92.51283,Assam,West Karbi Anglong,1,167.0
27.48018286827792,93.80952280276033,,,0,1446.0
27.177056,88.402611,Sikkim,South Sikkim,1,1970.0
23.693667,92.719056,Mizoram,Aizawl,1,1005.0
25.462642938207924,94.22630602548232,,,0,1346.0
25.57159927655553,93.58889635991,,,0,308.0
27.459167,95.233639,Arunachal Pradesh,Upper Siang,1,117.0
23.75972222,92.73583333,Mizoram,Aizawl,1,1237.0
26.06902849113328,93.51112182113592,,,0,696.0
23.514297573207017,93.6402161425095,,,0,1333.0
25.54798535519547,90.97172818471628,,,0,814.0
25.208,93.121,Assam,Dima Hasao,1,678.0
27.34228735430074,91.81185312549351,,,0,3429.0
26.11173874488988,92.28633710445814,,,0,57.0
23.002401,92.923904,Mizoram,Lunglei,1,746.0
27.313722,88.189917,Sikkim,West Sikkim,1,1294.0
27.812506055394937,96.29642542358448,,,0,272.0
27.793761,94.959097,Arunachal Pradesh,Upper Siang,1,224.0
25.65526920150121,92.41162036563465,,,0,865.0
25.629,94.274,Nagaland,Phek,1,1769.0
27.01261770555939,88.37976355945459,,,0,1072.0
28.11904553280479,96.63532685223,,,0,1453.0
25.080350895180132,93.0655072741448,,,0,1440.0
25.934889,91.714389,Meghalaya,Ri-Bhoi,1,291.0
22.716513402956203,92.7716093350473,,,0,327.0
23.869930230927523,93.55588412844934,,,0,916.0
27.233312163858653,92.97382856300712,,,0,754.0
25.13427778,92.38511111,Meghalaya,Jaintia Hills,1,148.0
23.321890259511395,92.9828869829899,,,0,985.0
26.60335701641816,95.28880197947754,,,0,1206.0
27.986254502383257,96.5098854771964,,,0,2735.0
26.95345907420973,93.8856342604166,,,0,84.0
23.297521,92.689449,Mizoram,Lunglei,1,311.0
25.45317286524408,93.85996171352336,,,0,1648.0
22.902401,92.941025,Mizoram,Lunglei,1,424.0
27.101111,93.619222,Arunachal Pradesh,Papum Pare,1,350.0
23.88297795738638,93.79745249108188,,,0,1177.0
23.73053889,92.716019,Mizoram,Aizawl,1,1040.0
28.282312526072698,95.39730013720184,,,0,1380.0
25.689632921075468,93.02149687066044,,,0,236.0
27.44565213979218,88.30248128835532,,,0,2850.0
26.182283,94.586087,Nagaland,Zunheboto,1,1813.0
23.57138889,92.71111111,Mizoram,Aizawl,1,889.0
26.36434980806911,94.23296898815572,,,0,367.0
26.368232502761707,94.20570067343704,,,0,547.0
25.400137404655037,93.96467691820952,,,0,1409.0
27.226901,95.905393,Arunachal Pradesh,Changlang,1,488.0
22.971217,92.925544,Mizoram,Hnahthial,1,728.0
23.851361,92.742222,Mizoram,Aizawl,1,1300.0
24.91024955953354,93.54635483972504,,,0,349.0
24.98,92.75,Assam,Cachar,1,32.0
23.64388889,92.72583333,Mizoram,Aizawl,1,822.0
25.148019,92.178114,Meghalaya,West Jaintia Hills,1,176.0
28.320422874451683,95.05724628819796,,,0,824.0
26.250333,91.976694,Assam,Morigaon,1,70.0
24.37906753938721,93.91672296555248,,,0,851.0
27.99553911655667,95.77057659340568,,,0,160.0
22.13892271791962,93.07706474091442,,,0,974.0
26.470690413894516,94.24896581762532,,,0,252.0
26.32343891565712,93.59105703155568,,,0,764.0
24.670512432672577,93.4659124484509,,,0,967.0
25.098639,93.620778,Manipur,Tamenglong,1,1112.0
23.72968149037413,91.77091870794246,,,0,168.0
25.081611,94.506333,Manipur,Ukhrul,1,1654.0
25.261806,94.546944,Manipur,Ukhrul,1,1244.0
24.83725,93.494528,Manipur,Noney,1,355.0
25.72,94.109,Nagaland,Kohima,1,1343.0
24.012073608230462,92.54943371584712,,,0,124.0
26.129054033715786,95.27549403743376,,,0,1181.0
27.072331678567902,88.52615332154703,,,0,957.0
24.996444,94.021444,Manipur,Kangpokpi,1,807.0
25.038361,92.43675,Meghalaya,East Jaintia Hills,1,323.0
27.246268,93.804628,Arunachal Pradesh,Papum Pare,1,267.0
25.158348148953127,92.73113788841373,,,0,1373.0
26.84467566000589,94.96619871936784,,,0,446.0
22.284173264094623,92.40926090573764,,,0,342.0
23.49770959474792,92.48642843265164,,,0,811.0
25.17638889,93.11613889,Assam,Dima Hasao,1,564.0
22.670476609710214,92.77622210604748,,,0,365.0
27.58764636939921,88.18278808268298,,,0,4613.0
27.18338036115309,96.32010053574707,,,0,1007.0
25.71316667,94.03863889,Nagaland,Kohima,1,981.0
28.053066367872,94.9179690824476,,,0,1062.0
27.132933,95.709803,Arunachal Pradesh,Changlang,1,579.0
25.430853,94.043697,Manipur,Senapati,1,1461.0
25.654,94.438,Nagaland,Phek,1,1554.0
27.59340756125168,94.18293352832497,,,0,388.0
25.054083,93.603694,Manipur,Tamenglong,1,963.0
22.526633948584777,93.12862343252476,,,0,490.0
25.042516359720555,91.40875739217014,,,0,6.0
25.826778,94.047833,Nagaland,Kohima,1,978.0
28.1981049543527,96.15971354235332,,,0,2259.0
28.597570194626417,94.8773368958761,,,0,1323.0
25.04152205689768,93.74225040928076,,,0,1548.0
23.594772960298187,92.38410873616738,,,0,214.0
25.15572222,93.02277778,Assam,Dima Hasao,1,613.0
23.013629158785623,92.592085936721,,,0,77.0
27.90014773267351,95.1862562025515,,,0,261.0
26.20631762373357,94.00940392922382,,,0,120.0
23.31259,92.856415,Mizoram,Serchhip,1,1000.0
25.53496577578312,93.57346913468602,,,0,486.0
25.668469,91.975083,Meghalaya,East Khasi Hills,1,1020.0
22.319409806076337,92.4146195307709,,,0,136.0
27.07151755381424,93.92876115147985,,,0,91.0
25.114564406922657,92.74152175418604,,,0,1133.0
25.98059681369955,93.83889625636326,,,0,140.0
23.881971,93.250969,Mizoram,Champhai,1,1542.0
27.137391819344955,93.9211573027199,,,0,96.0
24.824611,93.476528,Manipur,Noney,1,467.0
27.91122872915032,93.77806564165084,,,0,2679.0
24.764730035940925,92.86173943654872,,,0,26.0
25.814525,94.806114,Nagaland,Kiphire,1,998.0
27.48562033755005,88.72897005118574,,,0,3713.0
25.6609,94.0536,Nagaland,Kohima,1,1346.0
24.253611,94.100258,Manipur,Chandel,1,1034.0
26.857392769152288,92.84207331483174,,,0,79.0
24.0800781073344,93.67695398551032,,,0,1314.0
25.32765,91.893414,Meghalaya,East Khasi Hills,1,1449.0
25.8,91.01,Meghalaya,West Khasi Hills,1,554.0
23.083004,92.898277,Mizoram,Lunglei,1,726.0
23.146056,93.306889,Mizoram,Champhai,1,1599.0
23.78649815097888,92.1818343023955,,,0,129.0
25.68798889,91.65838889,Meghalaya,Eastern-West Khasi Hill,1,1032.0
24.66426238958317,92.6044644446692,,,0,22.0
26.21111111,91.68416667,Assam,Kamrup,1,65.0
25.363156,92.618839,Meghalaya,East Jaintia Hills,1,1069.0
23.64222222,92.7275,Mizoram,Aizawl,1,856.0
25.66789164510842,92.86872683000948,,,0,126.0
24.893041491542025,92.95013404217256,,,0,32.0
28.76150732174098,95.0663849065889,,,0,3256.0
27.219917,88.276306,Sikkim,West Sikkim,1,1540.0
27.07852303624792,93.9367790309124,,,0,89.0
26.831778,95.078028,Nagaland,Mon,1,281.0
23.60944444,92.80444444,Mizoram,Aizawl,1,357.0
25.44889,92.19417,Meghalaya,Jaintia Hills,1,1331.0
25.469296,93.728636,Nagaland,Peren,1,1519.0
28.121841446519344,95.981664428891,,,0,1610.0
27.19373422390163,93.8740884950683,,,0,158.0
25.27142,91.874884,Meghalaya,East Khasi Hills,1,1074.0
23.022804,92.755698,Mizoram,Lunglei,1,852.0
24.39,92.79,Mizoram,Kolasib,1,52.0
28.040171134464693,96.598921673396,,,0,660.0
25.228472,92.187806,Meghalaya,West Jaintia Hills,1,752.0
25.196694,93.018583,Assam,Dima Hasao,1,453.0
27.286772583552494,93.9124978783235,,,0,231.0
26.994618,95.486818,Arunachal Pradesh,Tirap,1,720.0
28.93426887757837,95.72073712901778,,,0,2647.0
25.126008519418782,92.53232843980813,,,0,594.0
24.062429,92.922576,Mizoram,Aizawl,1,783.0
24.39106832019669,93.42372121181602,,,0,606.0
25.630403,91.8899195,Meghalaya,East Khasi Hills,1,1250.0
28.990571939952645,94.8254607517875,,,0,875.0
22.977497,92.70578,Mizoram,Lunglei,1,744.0
23.566631,92.876781,Mizoram,Aizawl,1,544.0
27.596291172684143,88.13425193981489,,,0,6250.0
26.96000166439241,88.36219649497997,,,0,1089.0
25.387,93.12,Assam,Dima Hasao,1,319.0
24.938490874772203,94.77183131591198,,,0,527.0
27.39750780982812,96.063340662003,,,0,427.0
24.983792677155737,93.42983123294005,,,0,191.0
25.832456110877573,91.9460559307787,,,0,820.0
25.83,91.14,Meghalaya,West Khasi Hills,1,384.0
23.637472,92.595278,Mizoram,Mamit,1,1223.0
23.807324412706368,93.51520875712514,,,0,1218.0
26.0051,93.9795,Nagaland,Wokha,1,462.0
23.193548,92.684456,Mizoram,Lunglei,1,928.0
26.023322506082327,91.78181815756577,,,0,389.0
24.493294,94.179533,Manipur,Tengnoupal,1,1412.0
25.34807517416676,93.80298662307447,,,0,1527.0
25.18955,91.453997,Meghalaya,East Khasi Hills,1,187.0
24.977063609682062,92.54585438405488,,,0,19.0
25.77,93.98,Nagaland,Dimapur,1,542.0
23.644469,93.068299,Mizoram,Champhai,1,867.0
26.108780588278076,92.38578048466564,,,0,434.0
22.28,93.08,Mizoram,Saiha,1,996.0
25.242245001911023,94.68494101932384,,,0,1784.0
28.20853299989995,95.37837715856617,,,0,1011.0
24.670181485830117,92.93439293341184,,,0,29.0
26.92619344908258,94.8073311500056,,,0,98.0
28.350222226685023,95.47881531855914,,,0,592.0
27.730254428375936,88.41083501094089,,,0,4711.0
24.626389,93.604389,Manipur,Noney,1,911.0
25.0825460148726,93.52038892906889,,,0,1089.0
27.34161671614724,93.93457504380665,,,0,368.0
26.339742569226694,95.13321387696226,,,0,1942.0
26.949129832757677,95.98792489288626,,,0,1533.0
28.611763427888835,94.764268253645,,,0,1540.0
26.055011,94.044322,Nagaland,Wokha,1,434.0
23.73055556,92.75861111,Mizoram,Aizawl,1,893.0
22.74,92.63,Mizoram,Lunglei,1,446.0
26.222111,94.419028,Nagaland,Mokokchung,1,1078.0
24.982915171994943,92.01598129498495,,,0,24.0
24.5061839607276,94.26737886175088,,,0,704.0
25.205581237768648,94.21241271558374,,,0,896.0
24.673474993345323,94.0025741556546,,,0,827.0
26.551608277509903,94.12961581682832,,,0,101.0
23.469219452535548,92.53749737338164,,,0,357.0
24.494228748448126,93.24404305937,,,0,298.0
25.9113436543582,93.9549122924305,,,0,186.0
27.919991343492374,95.53524844441888,,,0,128.0
23.50994,92.76861,Mizoram,Aizawl,1,676.0
25.325636314688698,94.38150992664276,,,0,1114.0
24.890167,93.707572,Manipur,Noney,1,866.0
28.457775,95.853489,Arunachal Pradesh,Dibang Valley,1,846.0
25.257845520913012,92.95014760028538,,,0,714.0
23.45055556,92.68138889,Mizoram,Aizawl,1,880.0
27.58679075376542,88.39074862825633,,,0,2083.0
25.1937151884087,92.91163262946696,,,0,764.0
24.184022,92.951257,Mizoram,Aizawl,1,453.0
25.75072612185771,91.34170447594704,,,0,831.0
25.054917,92.800333,Assam,Dima Hasao,1,116.0
23.96011204117837,92.17064547689468,,,0,90.0
25.374374341230748,93.90258698875562,,,0,2403.0
23.53019356770632,92.34058691693848,,,0,157.0
25.139,93.04,Assam,Dima Hasao,1,641.0
23.45194444,92.66944444,Mizoram,Aizawl,1,708.0
21.99423895243941,92.8357630019355,,,0,350.0
24.34222999317817,93.45076952095054,,,0,1177.0
27.754056,94.018528,Arunachal Pradesh,Kamle,1,340.0
24.024289,92.771361,Mizoram,Aizawl,1,856.0
26.465751322245765,93.6530385105261,,,0,424.0
25.59741783659155,93.55001039752968,,,0,269.0
25.450556798486023,94.41353596795324,,,0,1021.0
23.300699771500344,92.3439945619072,,,0,225.0
28.253599420167152,95.68307277733224,,,0,246.0
24.35,92.67,Mizoram,Kolasib,1,84.0
25.507586,91.708236,Meghalaya,East Khasi Hills,1,1777.0
27.7439588810696,88.94513850117357,,,0,4625.0
27.298506961989663,92.54055330667455,,,0,1279.0
25.216464,91.735629,Meghalaya,East Khasi Hills,1,883.0
24.647011,93.672828,Manipur,Noney,1,975.0
27.510774557117667,96.02602935513622,,,0,176.0
24.35,93.28,Manipur,Churachandpur,1,592.0
25.201,93.122,Assam,Dima Hasao,1,604.0
24.36342865130368,94.3799940340098,,,0,185.0
27.28897170978909,94.03261789975758,,,0,105.0
25.242355762011908,93.72062245792132,,,0,1331.0
26.88032806726949,95.00489984587708,,,0,149.0
24.86375,93.598917,Manipur,Noney,1,409.0
27.19476766410599,96.11583580387276,,,0,901.0
27.884039217224743,88.63857550330961,,,0,5592.0
24.940611,94.009083,Manipur,Kangpokpi,1,818.0
24.13,94.07,Manipur,Chandel,1,1487.0
25.59673489294332,91.56917677381573,,,0,1640.0
23.199879,93.00705,Mizoram,Serchhip,1,956.0
27.357164787308395,93.12756516563302,,,0,1908.0
28.296668,95.92282,Arunachal Pradesh,Lower Dibang Valley,1,2125.0
25.761278,94.032417,Nagaland,Kohima,1,596.0
25.97820428186328,91.6361210066424,,,0,412.0
24.97273740199063,94.28096938290804,,,0,1192.0
25.159028,93.699833,Manipur,Tamenglong,1,916.0
23.49216111,93.23695,Mizoram,Kolasib,1,1309.0
25.410667,94.598361,Manipur,Ukhrul,1,1682.0
25.65,94.122,Nagaland,Kohima,1,1241.0
26.21222934995716,94.35511774318375,,,0,930.0
25.77,93.91,Nagaland,Dimapur,1,557.0
27.444354173550213,93.96176398469666,,,0,872.0
23.238785,92.744224,Mizoram,Serchhip,1,771.0
28.46151755877879,95.74200109141572,,,0,1647.0
23.99401581845025,92.1705245345753,,,0,103.0
25.566583,94.763722,Nagaland,Phek,1,1391.0
28.074017670951797,94.92058962612184,,,0,1063.0
23.119163,92.743039,Mizoram,Lunglei,1,833.0
26.96552070337356,93.6709127952368,,,0,94.0
23.66958,93.02425,Mizoram,Aizawl,1,538.0
25.435043404453864,94.37798580857262,,,0,958.0
27.839990313863552,96.5470008023664,,,0,2532.0
23.814880621895767,92.42533147955366,,,0,253.0
26.234722,94.21525,Nagaland,Wokha,1,418.0
23.390204,93.311043,Mizoram,Champhai,1,1203.0
22.43879734307073,93.27874976923368,,,0,1447.0
24.5244399897181,93.99419949725107,,,0,772.0
28.331725056001293,95.6888370664476,,,0,1189.0
23.84150687352239,94.07386168598872,,,0,740.0
23.47831,92.865466,Mizoram,Serchhip,1,961.0
23.24449989856465,93.43354126214491,,,0,1510.0
25.653361,94.734333,Nagaland,Phek,1,1614.0
25.390699182125264,91.32907277988951,,,0,1511.0
26.827950614870723,93.3444142808449,,,0,87.0
25.98214,92.51139,Assam,West Karbi Anglong,1,106.0
23.25583266340247,93.47270244256607,,,0,1537.0
28.26170141028794,95.42123232046038,,,0,818.0
27.3955,88.623556,Sikkim,North Sikkim,1,1618.0
27.294944,93.072417,Arunachal Pradesh,East Kameng,1,988.0
27.1055,92.556278,Arunachal Pradesh,West Kameng,1,838.0
24.08,94.03,Manipur,Chandel,1,1006.0
27.0840618159036,95.1380940273622,,,0,114.0
24.002150972532792,92.56112085235227,,,0,175.0
27.061284110347664,95.8375607547143,,,0,1099.0
22.363992099704163,93.25486846308988,,,0,1718.0
26.838114245294616,95.15285871435488,,,0,553.0
23.202096,92.73698,Mizoram,Lunglei,1,767.0
23.37492,93.1185,Mizoram,Champhai,1,1524.0
25.21022222,90.63220278,Meghalaya,South Garo Hills,1,36.0
28.06964,96.50025,Arunachal Pradesh,Anjaw,1,502.0
28.28331,96.58094,Arunachal Pradesh,Anjaw,1,1706.0
25.848631080127337,93.05798433102083,,,0,136.0
28.244966,95.914872,Arunachal Pradesh,Lower Dibang Valley,1,2662.0
25.72894,94.0855,Nagaland,Kohima,1,1425.0
27.0129025072452,88.49750306774453,,,0,1148.0
26.22758012699363,91.47904253522246,,,0,49.0
23.138981,93.288852,Mizoram,Champhai,1,1435.0
26.98902591153553,88.33946430022293,,,0,1282.0
23.684222,92.599917,Mizoram,Mamit,1,1102.0
23.208918,92.518692,Mizoram,Lunglei,1,795.0
27.07925,93.59430556,Arunachal Pradesh,Papum Pare,1,239.0
24.831301681360863,92.8612666613604,,,0,26.0
27.51473889,88.57758889,Sikkim,North Sikkim,1,1415.0
27.137362392303373,95.99885994531536,,,0,1764.0
25.56,90.37,Meghalaya,West Garo Hills,1,678.0
24.48556,92.212277,Tripura,North Tripura,1,35.0
24.745805,94.348327,Manipur,Kamjong,1,1355.0
25.641388,91.854928,Meghalaya,East Khasi Hills,1,1154.0
25.465141128260942,93.2365081344916,,,0,262.0
27.102163,95.644694,Arunachal Pradesh,Tirap,1,1091.0
25.0948,94.547461,Manipur,Ukhrul,1,1661.0
24.747778,93.424528,Manipur,Noney,1,773.0
28.550067718554036,95.28606033506328,,,0,1734.0
23.139887,92.751646,Mizoram,Lunglei,1,860.0
25.490798297475692,93.2579854496288,,,0,287.0
25.650058506222575,93.4114044466868,,,0,272.0
23.005156,92.985893,Mizoram,Lunglei,1,958.0
27.015863890754865,92.54477955825774,,,0,715.0
23.375972,93.384639,Mizoram,Champhai,1,873.0
25.796056,94.4315,Nagaland,Phek,1,1109.0
25.336791669754785,94.38720634114004,,,0,1012.0
24.24,93.18,Manipur,Pherzawl,1,843.0
26.479760731378786,94.30015402906176,,,0,197.0
25.401384831076648,93.7518767221222,,,0,692.0
26.84501462920189,88.22177510076627,,,0,1140.0
25.562667,94.608,Nagaland,Phek,1,1791.0
27.622016,93.841176,Arunachal Pradesh,Lower Subansiri,1,1631.0
25.04783,92.78931,Assam,Dima Hasao,1,95.0
27.2820369868548,95.505251443894,,,0,181.0
25.996029700690976,93.92621051268767,,,0,148.0
23.2695824721103,93.47379556832588,,,0,1448.0
25.41384722,91.67856111,Meghalaya,East Khasi Hills,1,1655.0
25.878861,94.221333,Nagaland,Kohima,1,1420.0
28.817009,94.791755,Arunachal Pradesh,Upper Siang,1,683.0
27.859444,94.789222,Arunachal Pradesh,West Siang,1,420.0
27.673041159888545,93.7724605401121,,,0,1533.0
25.113472,93.636917,Manipur,Tamenglong,1,1237.0
22.7794978134174,92.75502966369169,,,0,434.0
23.39235047303724,93.60622746486166,,,0,580.0
25.202136584245405,93.53038137122525,,,0,926.0
25.24805557244416,93.90825871421023,,,0,1303.0
27.56330019050424,93.97203962707404,,,0,2353.0
24.849667,94.365306,Manipur,Kamjong,1,1534.0
26.820806,95.077889,Nagaland,Mon,1,478.0
25.19757340805515,93.83164009976976,,,0,1143.0
25.687314,91.655378,Meghalaya,West Khasi Hills,1,1075.0
25.69983502209948,93.5421331304832,,,0,178.0
25.375508658642246,91.38040314363812,,,0,1537.0
25.718434224750297,92.90216905619242,,,0,118.0
25.391944,91.875028,Meghalaya,East Khasi Hills,1,1405.0
27.49437852455365,93.78198798808018,,,0,1369.0
24.84188371539328,93.29773216255772,,,0,1164.0
24.928561284453963,91.56047670775308,,,0,12.0
27.03123876864297,88.35266547536624,,,0,1512.0
23.23145268123142,92.41307298231752,,,0,55.0
25.191366,91.040468,Meghalaya,South West Khasi Hills,1,38.0
28.167788332424376,94.8986093350004,,,0,1169.0
24.832817,94.330448,Manipur,Kamjong,1,1399.0
25.02677478441068,92.99240751464204,,,0,1051.0
28.22797,96.54606,Arunachal Pradesh,Anjaw,1,1617.0
25.626794,91.829725,Meghalaya,East Khasi Hills,1,1443.0
25.36834557572624,92.88600736791912,,,0,639.0
23.716111,92.712611,Mizoram,Aizawl,1,908.0
23.647375,93.303415,Mizoram,Champhai,1,1758.0
25.827028,94.078139,Nagaland,Kohima,1,784.0
25.182607962332444,92.91642796249204,,,0,1030.0
26.13214467008004,94.95781071372424,,,0,1275.0
24.33915833,93.66233611,Mizoram,Aizawl,1,1042.0
27.932941643886878,93.86815810757427,,,0,1223.0
24.488148227149125,93.26705059587692,,,0,226.0
26.082022335574525,94.93773499277862,,,0,703.0
24.06,94.04,Manipur,Chandel,1,1130.0
23.044434,92.772583,Mizoram,Lunglei,1,1058.0
22.259597183302347,92.86704364859725,,,0,469.0
25.653269801833112,94.90612650017556,,,0,2162.0
25.206,93.126,Assam,Dima Hasao,1,786.0
27.02904288172138,93.4441902043054,,,0,174.0
25.656690774833223,94.9762714063602,,,0,1775.0
22.8846,92.85128,Mizoram,Lunglei,1,456.0
23.653236031090294,93.43370576023888,,,0,1087.0
27.181222,88.309528,Sikkim,West Sikkim,1,452.0
27.93358184889208,94.6215020349281,,,0,888.0
25.054942228721213,93.36676561388926,,,0,384.0
25.331209,91.67737,Meghalaya,East Khasi Hills,1,1613.0
23.32191638412678,93.46211142634851,,,0,1667.0
27.21821552326118,92.3497076760504,,,0,1693.0
23.77472222,92.76194444,Mizoram,Aizawl,1,1126.0
25.572058,94.784969,Nagaland,Phek,1,977.0
24.57505966015536,94.45273692199044,,,0,326.0
25.198684862494275,93.56746426923723,,,0,677.0
25.532803829469337,94.4685112362256,,,0,1343.0
27.122408,95.678718,Arunachal Pradesh,Changlang,1,731.0
24.239118,92.639369,Mizoram,Kolasib,1,129.0
23.33194444,92.78916667,Mizoram,Aizawl,1,654.0
23.934417,92.667222,Mizoram,Aizawl,1,194.0
25.526371701913032,93.0389648974636,,,0,216.0
28.142304,95.288126,Arunachal Pradesh,East Siang,1,172.0
26.508964539412936,95.15884592643783,,,0,1241.0
24.583471568444992,94.27084908210904,,,0,992.0
25.11219,92.86881,Assam,Dima Hasao,1,249.0
25.68658,94.05319,Nagaland,Kohima,1,1143.0
24.958644316833997,92.20030541448044,,,0,21.0
25.428398536616022,94.18532570578496,,,0,1312.0
22.389999,92.862999,Mizoram,Lawngtlai,1,537.0
28.70720624055588,95.29273610997934,,,0,3402.0
22.65500448220395,93.02271380227806,,,0,1507.0
23.4468892134228,92.44096036474797,,,0,344.0
26.40680075808539,95.15849360626152,,,0,1253.0
25.949278,94.025528,Nagaland,Kohima,1,484.0
25.485859170914416,92.34791670681123,,,0,1270.0
27.494160277495887,93.92729358275648,,,0,2745.0
22.922224555869725,93.1816154430159,,,0,893.0
26.0116187530948,94.09555118947688,,,0,433.0
25.301383,91.922017,Meghalaya,East Khasi Hills,1,1192.0
23.36766553743225,92.58233743697951,,,0,287.0
23.075703,93.315391,Mizoram,Champhai,1,1101.0
24.940944,94.201889,Manipur,Ukhrul,1,1001.0
27.112794057293847,93.08771356106811,,,0,1610.0
23.21594152505789,92.43894979031096,,,0,89.0
27.293539,93.050398,Arunachal Pradesh,East Kameng,1,1218.0
24.626465434448686,93.9770605322514,,,0,776.0
22.85577616292597,93.32887432109138,,,0,1181.0
27.278417,92.426917,Arunachal Pradesh,West Kameng,1,2519.0
26.031583,92.47375,Assam,West Karbi Anglong,1,264.0
26.17428492120825,92.31365121570865,,,0,56.0
23.53083333,92.73333333,Mizoram,Aizawl,1,1065.0
27.09960268406997,96.10565424969174,,,0,1140.0
25.85528173025173,92.24164853517078,,,0,838.0
25.673292,94.7597,Nagaland,Phek,1,1522.0
24.978852737839237,92.33756474153216,,,0,16.0
23.084101,92.795685,Mizoram,Lunglei,1,551.0
26.944780652768262,88.36462814711746,,,0,635.0
27.55183278787074,88.73785066103846,,,0,3595.0
22.846241,92.804893,Mizoram,Lunglei,1,1250.0
22.829491,92.760933,Mizoram,Lunglei,1,526.0
27.95759743925676,93.71620529551436,,,0,704.0
25.667472,91.066778,Meghalaya,West Khasi Hills,1,1010.0
24.981106380018797,93.2192446038903,,,0,150.0
27.078192,93.572402,Arunachal Pradesh,Papum Pare,1,338.0
23.015444,92.704414,Mizoram,Lunglei,1,681.0
25.944475,94.7888,Nagaland,Kiphire,1,1219.0
23.922639,92.736528,Mizoram,Aizawl,1,875.0
23.198568,92.734368,Mizoram,Lunglei,1,749.0
27.576806,91.993444,Arunachal Pradesh,Tawang,1,2632.0
26.62064722512447,94.81112380427034,,,0,311.0
27.162778,88.413222,Sikkim,South Sikkim,1,1549.0
23.69916667,92.87416667,Mizoram,Aizawl,1,491.0
24.5953191219005,94.06183282345016,,,0,784.0
26.022094,91.832906,Meghalaya,Ri-Bhoi,1,106.0
24.445222,94.230583,Manipur,Tengnoupal,1,1360.0
25.176917,93.026556,Assam,Dima Hasao,1,452.0
26.104944,94.3375,Nagaland,Wokha,1,1309.0
24.86461111,93.59888889,Manipur,Tamenglong,1,414.0
28.241041,95.866387,Arunachal Pradesh,Lower Dibang Valley,1,1860.0
24.624944,93.691556,Manipur,Noney,1,1349.0
25.840229,94.435067,Nagaland,Zunheboto,1,1758.0
28.08014,96.52356,Arunachal Pradesh,Anjaw,1,582.0
25.43630556,92.19525,Meghalaya,West Jaintia Hills,1,1359.0
26.19038889,91.80994444,Assam,Kamrup (Metro),1,94.0
25.23659315364172,94.748860584562,,,0,1655.0
25.236582,91.688857,Meghalaya,East Khasi Hills,1,708.0
26.34838,93.78208,Assam,Karbi Anglong,1,235.0
25.169,93.155,Assam,Dima Hasao,1,960.0
25.755264793354797,92.8663623640669,,,0,91.0
25.0393967464236,92.58638599205628,,,0,610.0
27.267809,93.801259,Arunachal Pradesh,Papum Pare,1,379.0
24.19022778,93.35379167,Mizoram,Kolasib,1,1145.0
28.11470472326668,96.07016190608456,,,0,1207.0
27.483667,92.10925,Arunachal Pradesh,West Kameng,1,3704.0
24.009751185215247,94.1305247921204,,,0,629.0
24.834917,93.459083,Manipur,Noney,1,868.0
27.269778,88.144278,Sikkim,West Sikkim,1,1478.0
23.392598,93.375863,Mizoram,Champhai,1,1158.0
28.21633785434751,96.39414484966812,,,0,3575.0
25.682561970010497,91.24061313945852,,,0,1248.0
26.1816552134192,94.00346983725515,,,0,123.0
25.155611,93.022222,Assam,Dima Hasao,1,617.0
27.691907218212307,88.8013247289798,,,0,5066.0
24.985806,93.492972,Manipur,Tamenglong,1,1060.0
28.24903971354428,96.36302563265126,,,0,3890.0
27.64460631672981,88.39138408572508,,,0,3250.0
25.189106,92.079564,Meghalaya,West Jaintia Hills,1,109.0
25.6630620832894,92.55948223664436,,,0,707.0
25.22170191898521,93.93115883270175,,,0,1962.0
27.043985967646872,92.38818423968854,,,0,1187.0
22.34,93.13,Mizoram,Saiha,1,1878.0
28.572139141118303,95.3308742661073,,,0,2191.0
23.004031499393864,93.1769593737469,,,0,1364.0
27.316,88.559889,Sikkim,East Sikkim,1,1255.0
23.75515867143512,92.40889154820846,,,0,249.0
28.814125088166808,95.10948144741518,,,0,1998.0
25.28662043644002,93.8065683308494,,,0,1584.0
25.21760477541668,93.7127464062646,,,0,1334.0
23.227602,92.923164,Mizoram,Serchhip,1,498.0
27.72160841568183,93.76389850479907,,,0,1717.0
28.219248769824546,95.06907530132658,,,0,1616.0
25.044417,92.423908,Meghalaya,East Jaintia Hills,1,231.0
26.31335179636784,91.65982925388369,,,0,50.0
28.21489222884365,94.61775119592464,,,0,359.0
24.931333,94.228917,Manipur,Ukhrul,1,1340.0
23.41801053963991,92.53352710252226,,,0,524.0
25.792432580092136,91.81880470551016,,,0,672.0
25.9490607129192,93.90053267568054,,,0,154.0
27.554889,88.654444,Sikkim,North Sikkim,1,1459.0
23.744167,92.730472,Mizoram,Aizawl,1,801.0
23.647593,93.068219,Mizoram,Champhai,1,877.0
24.85527312285808,92.87306924260916,,,0,33.0
25.18915948388405,92.82030943972455,,,0,1224.0
28.47969935886721,94.79439892066776,,,0,1682.0
28.095602,96.453246,Arunachal Pradesh,Anjaw,1,1170.0
25.13167372484594,90.63737197585016,,,0,16.0
25.016877815952384,93.93016461943928,,,0,1161.0
25.382694,91.877528,Meghalaya,East Khasi Hills,1,1381.0
23.66404771019085,93.47206798878062,,,0,1426.0
22.83653,92.80092,Mizoram,Lunglei,1,1100.0
25.978481,91.569575,Meghalaya,Ri-Bhoi,1,391.0
23.025131,92.91922,Mizoram,Lunglei,1,765.0
23.300649686449653,92.55278885475218,,,0,829.0
27.65412288042452,88.5209781094272,,,0,4361.0
27.60310249028509,92.8170031969307,,,0,1490.0
23.198119,92.899566,Mizoram,Serchhip,1,904.0
25.373639,94.555333,Manipur,Ukhrul,1,998.0
25.76767524662835,92.81576507246491,,,0,98.0
27.61616001643658,93.5527894662339,,,0,1831.0
28.36917466284163,95.86146173635473,,,0,1841.0
25.77866183131036,92.61607535007794,,,0,534.0
28.524895465560306,95.286920543757,,,0,2568.0
28.312543357584747,96.42856672464254,,,0,3157.0
23.56031954284107,92.93914787248252,,,0,1352.0
25.43462701280533,91.93314400610682,,,0,1273.0
22.235300919596924,92.7487247493251,,,0,133.0
28.480740358738,94.98402667867944,,,0,1939.0
23.98724581713868,92.53251816507291,,,0,118.0
23.767755598560804,92.92161511760662,,,0,715.0
24.77925,93.781,Manipur,Kangpokpi,1,921.0
27.27508733800962,95.85649417017508,,,0,214.0
23.522795445943924,92.48827912973978,,,0,718.0
25.352509803970523,93.7722765867465,,,0,1318.0
25.64137674111659,93.34506620256752,,,0,330.0
28.44201636883841,95.77917733610644,,,0,1071.0
27.1205,88.152722,Sikkim,West Sikkim,1,1233.0
24.26944444,92.69222222,Mizoram,Kolasib,1,531.0
25.286369,94.036492,Manipur,Senapati,1,1040.0
26.176020600278715,91.53526227498914,,,0,54.0
25.745,93.784,Nagaland,Dimapur,1,305.0
26.412694,94.641333,Nagaland,Mokokchung,1,1086.0
24.24134111280064,93.74085626205915,,,0,1203.0
27.4942692926552,91.9303448699802,,,0,3388.0
22.385,92.857002,Mizoram,Lawngtlai,1,384.0
25.561,93.858,Nagaland,Peren,1,1491.0
22.31496970877118,92.82684203580963,,,0,61.0
24.35,92.72,Mizoram,Kolasib,1,327.0
26.9098280473338,88.381227267533,,,0,1173.0
24.27691193700404,94.18997653769205,,,0,518.0
22.96825783157809,92.56159929704512,,,0,455.0
27.1929,93.7802,Arunachal Pradesh,Papum Pare,1,291.0
27.42175782193216,88.43571635192632,,,0,2778.0
23.843842386730373,93.45753201923156,,,0,1559.0
23.349538392789395,92.98747260816803,,,0,1186.0
23.32190767893213,93.5357358950763,,,0,1268.0
25.027528,94.316806,Manipur,Ukhrul,1,1208.0
26.62499427880341,95.2970324488972,,,0,1743.0
28.693837,94.973784,Arunachal Pradesh,Upper Siang,1,442.0
25.462717006648184,90.97983637118834,,,0,467.0
27.2594,93.796312,Arunachal Pradesh,Papum Pare,1,324.0
24.716568893034943,92.7089480853478,,,0,24.0
26.782472,95.009028,Nagaland,Mon,1,792.0
26.418059946111104,93.1954845866585,,,0,731.0
25.25709035262803,94.35640856556596,,,0,1414.0
25.30025579202734,92.93771479765768,,,0,638.0
27.496333,92.104333,Arunachal Pradesh,West Kameng,1,4147.0
24.405664816783784,94.36456753830528,,,0,469.0
27.558876783691616,88.39237090163164,,,0,2192.0
23.022125,92.919952,Mizoram,Lunglei,1,798.0
25.76,93.96,Nagaland,Dimapur,1,785.0
26.42034067639964,94.1102751956541,,,0,102.0
25.266222,92.202528,Meghalaya,West Jaintia Hills,1,695.0
25.53,93.74,Nagaland,Peren,1,1353.0
27.045892955594734,95.90230048034694,,,0,1650.0
26.146,91.756,Assam,Kamrup (Metro),1,92.0
24.768778,93.386806,Manipur,Tamenglong,1,266.0
27.385843279100392,92.56580695900934,,,0,1601.0
24.43050531096241,92.4339590729093,,,0,36.0
24.33,93.3,Manipur,Churachandpur,1,483.0
23.17367043438942,92.84660456141278,,,0,695.0
24.950583,94.186028,Manipur,Ukhrul,1,907.0
27.72426241707248,93.50139884154474,,,0,1363.0
27.70625,94.673833,Arunachal Pradesh,West Siang,1,276.0
23.199924,92.73481,Mizoram,Lunglei,1,752.0
25.739454,91.572107,Meghalaya,Eastern-West Khasi Hill,1,903.0
28.035897953884344,94.7362665872374,,,0,710.0
22.828655071778147,93.20518149788656,,,0,1466.0
23.700556,92.715972,Mizoram,Aizawl,1,1011.0
25.66137363221521,91.5197729056674,,,0,1159.0
25.020445040335723,93.4004127898749,,,0,634.0
23.045416,92.705612,Mizoram,Lunglei,1,744.0
24.489749,92.170312,Tripura,North Tripura,1,60.0
25.555256,91.234944,Meghalaya,West Khasi Hills,1,1338.0
24.916057907654334,94.0852686729327,,,0,1015.0
25.207314,91.592357,Meghalaya,East Khasi Hills,1,541.0
27.766214462865086,93.14972907727504,,,0,2031.0
22.2954478982058,92.88784734540992,,,0,609.0
25.746,94.078,Nagaland,Kohima,1,1156.0
25.237361,92.096992,Meghalaya,West Jaintia Hills,1,810.0
22.9792481801165,93.21701264301262,,,0,775.0
23.159515949536488,93.5837293390587,,,0,783.0
27.735278,88.54925,Sikkim,North Sikkim,1,2733.0
25.46333,93.987388,Manipur,Senapati,1,1690.0
22.235881735194308,92.81425772108408,,,0,382.0
25.699,94.427,Nagaland,Phek,1,1774.0
27.294737026805848,95.8206048621158,,,0,190.0
23.43179,93.339128,Mizoram,Champhai,1,1302.0
22.040519133333632,93.050935546313,,,0,447.0
25.055186,94.599525,Manipur,Ukhrul,1,1538.0
24.65577864198884,94.5419917601236,,,0,252.0
27.909278,94.736111,Arunachal Pradesh,Lepa rada,1,540.0
25.228005,91.687913,Meghalaya,East Khasi Hills,1,585.0
24.775811489973197,92.89146211773992,,,0,22.0
25.97616536758169,91.66901336812184,,,0,348.0
24.68465955118841,93.76124713040127,,,0,858.0
24.049856062879247,94.40007547887348,,,0,489.0
25.938447,94.7843,Nagaland,Kiphire,1,926.0
23.469712,93.248874,Mizoram,Champhai,1,864.0
26.939264366648047,95.09562861649732,,,0,119.0
23.00949321352197,93.52218358566324,,,0,1509.0
25.584147,94.8582,Nagaland,Phek,1,1198.0
26.910783087343216,93.2087423450212,,,0,125.0
27.75554518395598,94.57261077142736,,,0,982.0
27.214222,88.608361,Sikkim,East Sikkim,1,807.0
26.02560852522989,92.67383300649492,,,0,67.0
28.184714622669897,96.45931332916396,,,0,2136.0
27.180417,88.51025,Sikkim,East Sikkim,1,394.0
26.97764221741137,88.49560709790043,,,0,1005.0
23.465558,92.855991,Mizoram,Serchhip,1,1072.0
26.161639,94.6215,Nagaland,Tuensang,1,1693.0
26.297778,93.211111,Assam,Karbi Anglong,1,142.0
27.703903282621106,96.37429256131536,,,0,1566.0
26.80592315226788,94.29609294170848,,,0,89.0
27.542083,92.946,Arunachal Pradesh,East Kameng,1,1252.0
23.650925,93.030704,Mizoram,Aizawl,1,466.0
23.18,92.49,Mizoram,Lunglei,1,753.0
28.617333,95.049556,Arunachal Pradesh,Upper Siang,1,579.0
27.544153199822297,88.36026750850192,,,0,3503.0
26.410542798825425,95.1585604424545,,,0,1147.0
25.624749482675856,93.55280593623957,,,0,320.0
23.71523056,92.71529167,Mizoram,Aizawl,1,1012.0
27.98749018243081,94.74820382858036,,,0,1024.0
28.492371000210976,95.56811425174595,,,0,2599.0
25.228344,91.693332,Meghalaya,East Khasi Hills,1,451.0
23.90419747732381,93.40904417298024,,,0,815.0
27.349976158039404,93.39688153867014,,,0,2368.0
27.023611192951357,92.54937601234997,,,0,651.0
28.454481,95.854029,Arunachal Pradesh,Dibang Valley,1,841.0
24.626833,93.709444,Manipur,Noney,1,1457.0
28.48915163774884,94.73176710178338,,,0,1461.0
25.817631019292843,90.9381689157657,,,0,337.0
23.849497,92.928202,Mizoram,Aizawl,1,1822.0
28.18481939467681,96.42018462324536,,,0,3348.0
27.281611,88.229556,Sikkim,West Sikkim,1,1283.0
26.22073960902198,94.3591183276526,,,0,740.0
25.440961,94.046264,Manipur,Senapati,1,1455.0
25.42445201465844,93.88328874759868,,,0,1466.0
27.205047,88.689053,Sikkim,East Sikkim,1,745.0
27.257972,88.548861,Sikkim,East Sikkim,1,641.0
25.229556,93.1556,Assam,Dima Hasao,1,466.0
27.405861,92.133778,Arunachal Pradesh,West Kameng,1,2022.0
26.041525,94.523238,Nagaland,Zunheboto,1,1791.0
23.36805556,92.76138889,Mizoram,Aizawl,1,1140.0
23.3347663828562,93.50553093872767,,,0,1270.0
26.012889,94.044222,Nagaland,Wokha,1,522.0
28.037400119775043,95.79639305670644,,,0,178.0
26.204153091038155,95.30360532717164,,,0,1208.0
24.63,92.74,Assam,Hailakandi,1,71.0
27.1205212395668,95.07554761924791,,,0,106.0
26.34925789949408,94.17397205105354,,,0,135.0
23.152289,92.746243,Mizoram,Lunglei,1,891.0
23.610907618517544,92.21905660319612,,,0,370.0
23.68225,92.573694,Mizoram,Mamit,1,947.0
27.185944,88.197944,Sikkim,West Sikkim,1,1744.0
26.31681766024156,95.00135167899651,,,0,2151.0
24.849397833767025,92.27871641334217,,,0,17.0
23.05034805506349,92.61720027262852,,,0,455.0
26.642694,95.075306,Nagaland,Mon,1,876.0
25.228198991600102,94.46192048454591,,,0,1497.0
23.220765746465236,92.27112285334822,,,0,74.0
25.11077778,93.00458333,Assam,Dima Hasao (N.C. Hills),1,537.0
24.91396485320177,93.00349426219168,,,0,59.0
26.07256,93.928,Nagaland,Dimapur,1,130.0
25.985501198808347,95.09974988116406,,,0,2495.0
23.36852778,92.76575,Mizoram,Aizawl,1,1127.0
23.321765,92.8589,Mizoram,Serchhip,1,1023.0
27.476614,96.408544,Arunachal Pradesh,Changlang,1,509.0
24.379417,94.154139,Manipur,Tengnoupal,1,1349.0
27.171115580591877,93.2306260947414,,,0,1430.0
27.337252445553187,88.92307527726705,,,0,4319.0
28.03841927502206,95.78150684021482,,,0,171.0
22.96200527721866,93.1100289515963,,,0,759.0
23.98397684021013,92.84062832687398,,,0,173.0
26.63635262019729,94.4239691375616,,,0,160.0
22.25053889624843,92.84132936044712,,,0,389.0
26.97106112519195,92.94609117564926,,,0,329.0
23.411228192731883,93.48310211250671,,,0,1739.0
27.494517856069805,88.18427968129991,,,0,3754.0
26.09150556,91.87898611,Assam,Kamrup (Metro),1,77.0
28.26843804777681,95.33623432809117,,,0,1986.0
24.050391,92.775525,Mizoram,Aizawl,1,966.0
25.565489,91.220686,Meghalaya,West Khasi Hills,1,1341.0
25.713,94.06,Nagaland,Kohima,1,1041.0
23.028223016114254,92.55891074081246,,,0,306.0
26.348065220984545,92.99464861299136,,,0,425.0
23.746832,93.377656,Mizoram,Champhai,1,1387.0
25.3881350421365,93.7898663637738,,,0,1407.0
25.408236,91.778704,Meghalaya,East Khasi Hills,1,1833.0
24.930278,94.149361,Manipur,Ukhrul,1,991.0
24.89202156489254,93.36772909452016,,,0,518.0
23.697694,92.071194,Tripura,North Tripura,1,230.0
23.902755097471363,93.7834527954432,,,0,1217.0
25.404003898888213,93.6347294408889,,,0,1358.0
25.37268042569521,93.72103868634896,,,0,519.0
25.6999,91.642192,Meghalaya,West Khasi Hills,1,1260.0
24.949830582178677,92.27381661721702,,,0,13.0
24.89211625310351,93.40028393665074,,,0,208.0
28.10714,96.54489,Arunachal Pradesh,Anjaw,1,984.0
25.447079558712872,94.20048923780934,,,0,1333.0
25.379611,94.146667,Manipur,Senapati,1,1250.0
25.114780671136288,92.65502832674156,,,0,1440.0
24.316639,94.138139,Manipur,Tengnoupal,1,1266.0
25.958047,94.597519,Nagaland,Kiphire,1,1734.0
24.146711831757543,93.68827690137933,,,0,1183.0
26.807890208353385,94.81459591186776,,,0,178.0
23.3725,92.75861111,Mizoram,Aizawl,1,1282.0
28.15155205945796,94.91586897254837,,,0,905.0
27.675778,88.733417,Sikkim,North Sikkim,1,2603.0
25.38803,91.46977,Meghalaya,West Khasi Hills,1,1529.0
25.50330599132544,93.55332746255628,,,0,583.0
24.25,94.07,Manipur,Chandel,1,1493.0
28.384833,95.233806,Arunachal Pradesh,Upper Siang,1,676.0
27.37211111,88.61671944,Sikkim,East Sikkim,1,1872.0
25.699306,91.055556,Meghalaya,West Khasi Hills,1,887.0
23.306409,92.706083,Mizoram,Serchhip,1,415.0
25.52677843126132,94.04181973684524,,,0,2732.0
23.974895464921964,92.16567716693967,,,0,72.0
24.96581667867279,91.6529811367108,,,0,12.0
25.9365,94.047694,Nagaland,Kohima,1,666.0
24.568088555647392,93.95433312777622,,,0,774.0
25.730414053210747,91.97250209022026,,,0,1098.0
26.79159596860019,95.61645725313085,,,0,1920.0
27.574868062495757,93.6939821057515,,,0,1676.0
25.65575291,94.1505873,Nagaland,Kohima,1,1152.0
27.374583,88.542333,Sikkim,North Sikkim,1,1836.0
25.65508538870701,91.41238963198936,,,0,1212.0
24.1,93.96,Manipur,Chandel,1,1599.0
26.95620790295228,88.15806825373205,,,0,1588.0
23.718641547333483,93.27083147834468,,,0,1129.0
28.33026652203908,95.67005806940328,,,0,867.0
24.52,93.11,Manipur,Pherzawl,1,482.0
23.336221311292785,92.97699258822658,,,0,1256.0
23.597403,93.094131,Mizoram,Champhai,1,899.0
26.426417,94.668444,Nagaland,Mokokchung,1,1313.0
23.424417,93.167306,Mizoram,Champhai,1,1035.0
23.99016,92.68075,Mizoram,Kolasib,1,485.0
25.620269,94.801031,Nagaland,Phek,1,687.0
28.228528,94.904278,Arunachal Pradesh,West Siang,1,291.0
28.094144,95.282568,Arunachal Pradesh,East Siang,1,306.0
26.903880379464585,88.64453479480252,,,0,197.0
25.34051640290863,94.66471242499216,,,0,1446.0
26.177902076509977,94.35123943520227,,,0,412.0
28.237514143293467,95.42570237772053,,,0,943.0
23.771587,92.732129,Mizoram,Aizawl,1,1295.0
23.77166667,92.84805556,Mizoram,Aizawl,1,735.0
27.351917216602477,95.753550703812,,,0,139.0
23.47433275369972,93.45665110159356,,,0,1090.0
23.753417,92.687556,Mizoram,Aizawl,1,687.0
27.220917,88.385083,Sikkim,South Sikkim,1,1582.0
28.519231838308954,95.7691456946292,,,0,778.0
26.56252,93.05658,Assam,Nagaon,1,92.0
26.18308283443818,94.7459568756171,,,0,2033.0
25.332083,93.334639,Assam,Dima Hasao,1,549.0
25.403073518195143,93.6915960368543,,,0,569.0
24.47,92.76,Mizoram,Kolasib,1,135.0
27.705431711302825,93.51933608475017,,,0,1705.0
25.95028556149256,90.93115875580207,,,0,57.0
27.7182,93.947,Arunachal Pradesh,Lower Subansiri,1,661.0
23.71571389,92.72659722,Mizoram,Aizawl,1,865.0
23.177692507696253,93.49199959395492,,,0,1657.0
23.626307232141897,92.51566037410792,,,0,121.0
27.35131787233085,92.59293901322908,,,0,1289.0
28.92718165870416,95.91114248861766,,,0,3758.0
25.43891737964243,94.74312774314733,,,0,1654.0
24.437169,94.18495,Manipur,Tengnoupal,1,1420.0
25.44778689078395,94.20980035343736,,,0,1337.0
27.01709497230878,94.92811589053504,,,0,106.0
23.390804905152173,92.58660305731536,,,0,292.0
23.589167,92.590111,Mizoram,Mamit,1,751.0
22.33,92.75,Mizoram,Lawngtlai,1,319.0
23.736778,92.694528,Mizoram,Aizawl,1,961.0
23.708507,93.05583,Mizoram,Champhai,1,1040.0
22.71,92.7,Mizoram,Lunglei,1,171.0
25.56292,94.14544,Nagaland,Kohima,1,1648.0
26.192667,94.282194,Nagaland,Wokha,1,1010.0
25.63593381044624,93.62242006103313,,,0,339.0
27.448414282812006,93.693170145565,,,0,735.0
24.759667,93.462694,Manipur,Noney,1,432.0
28.230405717430017,95.71107739477772,,,0,232.0
26.67260864494546,94.8430627077024,,,0,1446.0
25.264639,94.062167,Manipur,Senapati,1,1399.0
25.99570367271636,91.76598599835005,,,0,446.0
28.243545347674942,96.28333114674533,,,0,3001.0
27.64286887034207,92.6904925263362,,,0,1295.0
23.39333333,92.75805556,Mizoram,Aizawl,1,1296.0
26.911522458025512,95.6700591577861,,,0,1925.0
25.536530335237547,94.03099658207816,,,0,2571.0
25.728405301772284,92.6712054023278,,,0,487.0
24.55116552726147,93.87813319312554,,,0,772.0
23.014982,92.720505,Mizoram,Lunglei,1,475.0
23.618331345567164,92.53142409719932,,,0,331.0
22.981377497469698,92.57313928236653,,,0,278.0
23.936806,93.340668,Mizoram,Champhai,1,888.0
26.728556,95.031944,Nagaland,Mon,1,685.0
23.605864,93.20387,Mizoram,Champhai,1,1036.0
23.607873,93.351351,Mizoram,Champhai,1,1408.0
27.788639,93.539667,Arunachal Pradesh,Kurung Kumey,1,947.0
25.271034748458103,94.25860447049246,,,0,1205.0
26.946470718127472,88.47335658085125,,,0,888.0
23.71294093849309,93.55558592058372,,,0,1345.0
25.725,94.031,Nagaland,Kohima,1,999.0
27.79988578204143,93.20344303309244,,,0,2041.0
25.067262067444094,93.73437926847868,,,0,1397.0
23.88386111,92.87505556,Mizoram,Aizawl,1,823.0
27.093592671668205,88.59079092511274,,,0,1519.0
25.23314100563801,93.67932989890969,,,0,1066.0
25.157,93.066,Assam,Dima Hasao,1,491.0
28.262806,95.565421,Arunachal Pradesh,Lower Dibang Valley,1,469.0
25.080931654117677,93.96948121641866,,,0,1117.0
23.587111,92.601667,Mizoram,Mamit,1,949.0
24.60719444,93.46784722,Mizoram,Kolasib,1,1112.0
26.02853027604623,92.94358725615996,,,0,75.0
28.63547432882389,95.23754430500082,,,0,1377.0
22.86623812892556,93.1261276037989,,,0,482.0
26.30545693140123,94.66975430648644,,,0,747.0
28.246512,95.541646,Arunachal Pradesh,Lower Dibang Valley,1,591.0
24.984722,93.524917,Manipur,Tamenglong,1,1161.0
26.108417,92.440222,Assam,Nagaon,1,247.0
25.04554217667876,93.93630319483132,,,0,1100.0
27.43653039713423,88.6800015132039,,,0,2943.0
24.948667,94.4835,Manipur,Kamjong,1,1766.0
25.27197,91.874872,Meghalaya,East Khasi Hills,1,1078.0
23.681531,92.718606,Mizoram,Aizawl,1,1171.0
22.71,92.54,Mizoram,Lawngtlai,1,89.0
27.33908369391765,93.93271740373793,,,0,441.0
25.088639,93.619722,Manipur,Tamenglong,1,1158.0
24.817028,94.534528,Manipur,Kamjong,1,1122.0
23.805528,92.120417,Tripura,Dhalai,1,146.0
27.95791219431284,93.4175682479774,,,0,2041.0
24.835028147371364,92.36492646716776,,,0,17.0
23.71972222,92.79777778,Mizoram,Aizawl,1,215.0
23.203253,92.735838,Mizoram,Lunglei,1,708.0
23.21339365108697,92.3286186153935,,,0,183.0
25.56544,94.17208,Nagaland,Kohima,1,1373.0
23.02425649412195,92.52892077890986,,,0,433.0
26.16950162919337,91.58791966104648,,,0,44.0
27.913805734501025,96.55139079944816,,,0,2089.0
23.28328,92.831766,Mizoram,Serchhip,1,575.0
25.939139,94.649311,Nagaland,Kiphire,1,1989.0
23.321505,92.854734,Mizoram,Serchhip,1,950.0
24.24,93.1,Manipur,Pherzawl,1,800.0
27.723611,88.550472,Sikkim,North Sikkim,1,2714.0
23.300447775569605,93.00685432336148,,,0,514.0
25.189556,93.096417,Assam,Dima Hasao,1,535.0
26.99333918027228,92.7102272943012,,,0,127.0
26.007426966499917,92.63717210773368,,,0,66.0
28.095632,95.281371,Arunachal Pradesh,East Siang,1,332.0
25.479026847986567,94.78099407725544,,,0,2927.0
25.972325,94.509267,Nagaland,Kiphire,1,1697.0
25.786214452694644,91.16813949990996,,,0,703.0
27.175995827903968,92.38003793658946,,,0,2323.0
25.715072875647767,92.4637338578044,,,0,921.0
22.044503596455147,93.1515094405355,,,0,1673.0
25.850458,94.530347,Nagaland,Kiphire,1,923.0
25.228869319973068,91.31115307973484,,,0,553.0
27.493256724242617,93.69940587862776,,,0,1214.0
23.21068583,93.1212325,Mizoram,Aizawl,1,1126.0
25.667,94.253,Nagaland,Phek,1,1560.0
22.76433708119441,92.92080112773796,,,0,270.0
27.275917,88.254278,Sikkim,West Sikkim,1,1100.0
27.197111,88.208722,Sikkim,West Sikkim,1,1862.0
24.62,92.84,Assam,Cachar,1,39.0
25.521,93.964,Manipur,Senapati,1,1742.0
27.452833,95.239,Arunachal Pradesh,Upper Siang,1,117.0
22.710602735814835,93.16923006873184,,,0,1067.0
27.514047984067364,88.15261264553824,,,0,4585.0
26.60516395768772,95.2328289501556,,,0,1355.0
25.872157222413197,93.81459196295472,,,0,156.0
25.253731797344123,94.74300145152932,,,0,1825.0
27.143872035076395,88.68302279729765,,,0,1625.0
27.39279620409376,88.1500148022831,,,0,3564.0
23.832642585530177,93.93952332054889,,,0,752.0
23.421083560473598,92.42268009928532,,,0,564.0
23.73111111,92.70222222,Mizoram,Aizawl,1,862.0
25.167923368558657,94.20491825751004,,,0,1062.0
25.436972,93.454111,Assam,Dima Hasao,1,472.0
28.094573034201467,95.40026642329596,,,0,172.0
25.48586,90.7005,Meghalaya,South Garo hills,1,290.0
23.777805,93.00489,Mizoram,Aizawl,1,582.0
25.07524586077405,91.35745753374356,,,0,9.0
27.58741667,91.88694444,Arunachal Pradesh,Tawang,1,2589.0
22.739860607204804,92.39805229169028,,,0,35.0
24.796319,93.737025,Manipur,Noney,1,1161.0
27.096142228066743,95.200556889849,,,0,114.0
23.038879,92.773703,Mizoram,Lunglei,1,1120.0
25.991186079528983,92.69590249829346,,,0,67.0
22.01316932212596,92.97095176745712,,,0,309.0
25.512611,90.658611,Meghalaya,East Garo hills,1,366.0
24.82627975503188,93.14670089265012,,,0,70.0
24.700417,94.199306,Manipur,Kangpokpi,1,1293.0
25.652,94.122,Nagaland,Kohima,1,1249.0
23.72805556,92.76583333,Mizoram,Aizawl,1,749.0
24.122087717876145,92.7253169602814,,,0,149.0
27.109398,93.61692,Arunachal Pradesh,Papum Pare,1,373.0
26.4707882633576,94.92940984079394,,,0,886.0
25.91,91.4,Assam,Kamrup (Rural),1,55.0
26.435556,94.863056,Nagaland,Longleng,1,768.0
25.172141775620155,92.5621923592927,,,0,440.0
25.358972,92.003131,Meghalaya,West Jaintia Hills,1,973.0
24.899201664451528,92.91787697599122,,,0,58.0
25.16400556,92.38702778,Meghalaya,East Jaintia Hills,1,393.0
25.375917,91.876,Meghalaya,East Khasi Hills,1,1492.0
23.93027778,92.6525,Mizoram,Kolasib,1,194.0
28.371516426154766,95.45610457155723,,,0,660.0
25.24575012556935,94.66630246422312,,,0,1864.0
25.107140972214022,91.74455019874144,,,0,14.0
28.63824352149333,96.09099834011847,,,0,2501.0
23.6385278,93.13694722,Mizoram,Kolasib,1,949.0
24.74471598121682,94.7497040951962,,,0,120.0
25.617,93.941,Nagaland,Kohima,1,1699.0
22.196048478363505,93.32070551291096,,,0,2171.0
24.32773611,93.57937222,Mizoram,Aizawl,1,781.0
26.47577623840655,94.30687382231004,,,0,181.0
23.790138,93.394447,Mizoram,Champhai,1,1392.0
22.821659,92.804405,Mizoram,Lunglei,1,1046.0
27.115545,95.733337,Arunachal Pradesh,Changlang,1,550.0
27.02107704133072,92.78536341914894,,,0,133.0
28.35851567192404,96.09739999797654,,,0,2077.0
26.95052,93.45136,Assam,Sonitpur,1,177.0
23.98,94.03,Manipur,Chandel,1,1469.0
25.243350090589992,94.36329765201614,,,0,1611.0
27.758889,94.059833,Arunachal Pradesh,Kamle,1,734.0
23.132035,92.745362,Mizoram,Lunglei,1,818.0
28.242387988320672,95.48109063490249,,,0,1413.0
26.110742879490765,95.18258571775056,,,0,2521.0
25.01026414017248,92.84369059561452,,,0,375.0
25.224417,91.689893,Meghalaya,East Khasi Hills,1,514.0
28.472863,95.858934,Arunachal Pradesh,Dibang Valley,1,827.0
27.50994444,91.85486111,Arunachal Pradesh,Tawang,1,3278.0
24.17,92.33,Mizoram,Mamit,1,72.0
26.30699463693263,95.16161600530404,,,0,1339.0
28.140623518688653,96.067108848109,,,0,1738.0
24.861264,93.627742,Manipur,Noney,1,386.0
23.46062437042561,92.47196841403373,,,0,309.0
27.933611,94.703472,Arunachal Pradesh,Lepa rada,1,974.0
27.541416010655578,88.20028057711563,,,0,4756.0
28.093992962599128,95.58179819396403,,,0,208.0
23.52777778,92.69861111,Mizoram,Aizawl,1,809.0
25.08062273550735,93.99440336631837,,,0,1081.0
23.790871177195008,93.64367176924148,,,0,1904.0
25.52246944,94.19153333,Nagaland,Kohima,1,1197.0
24.31,93.13,Manipur,Pherzawl,1,808.0
28.17613937361584,95.99108427525545,,,0,1857.0
25.499688435626958,94.0777776008213,,,0,1841.0
23.091749,92.695419,Mizoram,Lunglei,1,879.0
28.25154134138913,95.1353154917066,,,0,1329.0
28.2805,95.201556,Arunachal Pradesh,Upper Siang,1,651.0
27.169583,88.462361,Sikkim,South Sikkim,1,1659.0
25.864186,92.571047,Assam,West Karbi Anglong,1,508.0
25.14,93.31,Assam,Dima Hasao,1,1060.0
25.884206,94.026203,Nagaland,Kohima,1,620.0
28.757402974990303,95.009350725089,,,0,2037.0
25.981157272461346,92.43560014527768,,,0,572.0
25.84444,93.45331,Assam,Karbi Anglong,1,200.0
22.887474,92.836769,Mizoram,Lunglei,1,655.0
25.4384395617848,90.23121309937945,,,0,130.0
27.101083,88.3615,Sikkim,South Sikkim,1,345.0
28.0039763856727,96.169119797282,,,0,346.0
25.770389988644794,91.9437680073139,,,0,874.0
25.292155570557195,94.23476148525336,,,0,1097.0
23.485194,93.274236,Mizoram,Champhai,1,1133.0
25.942111,94.04625,Nagaland,Kohima,1,645.0
27.52723277411672,93.880331159151,,,0,1941.0
27.6478,93.8737,Arunachal Pradesh,Lower Subansiri,1,1662.0
24.676323,94.253976,Manipur,Kamjong,1,971.0
27.983720372206868,96.519155314396,,,0,2652.0
25.340433,94.166631,Manipur,Senapati,1,1650.0
25.42743481309785,91.28366596762828,,,0,1412.0
25.66666667,94.19602778,Nagaland,Phek,1,1079.0
22.96882326478268,93.13512815880335,,,0,341.0
25.359611,91.889417,Meghalaya,East Khasi Hills,1,1560.0
27.649,93.8744,Arunachal Pradesh,Lower Subansiri,1,1645.0
23.6377,93.066302,Mizoram,Champhai,1,867.0
25.09805293711089,93.56303914123362,,,0,1096.0
27.896842996948862,95.47273389203956,,,0,131.0
24.037395,92.922461,Mizoram,Aizawl,1,908.0
26.2272613,91.6922458,Assam,Kamrup,1,67.0
25.659,94.089,Nagaland,Kohima,1,1526.0
25.764292,94.714094,Nagaland,Kiphire,1,701.0
25.574611585991057,93.98644470932447,,,0,2110.0
24.32,93.79,Manipur,Bishnupur,1,932.0
26.22085471575432,93.00069636877676,,,0,95.0
25.4699056638995,93.22765605964037,,,0,191.0
27.127784869988343,93.52366652766092,,,0,952.0
27.31502734041161,93.19400499862785,,,0,1135.0
24.23738889,92.95508333,Mizoram,Aizawl,1,658.0
22.15,92.62,Mizoram,Lawngtlai,1,151.0
24.51122819194216,93.30468092035734,,,0,546.0
23.500156,92.701436,Mizoram,Aizawl,1,900.0
25.595898,93.829722,Nagaland,Peren,1,1595.0
22.525999,92.888,Mizoram,Lawngtlai,1,714.0
26.112083,92.091028,Assam,Kamrup,1,71.0
27.122611,88.343389,Sikkim,South Sikkim,1,897.0
25.62752099368446,95.0132200074028,,,0,654.0
23.22881880242602,93.45876128791532,,,0,1946.0
27.15625,88.430722,Sikkim,South Sikkim,1,1468.0
23.711722,92.858394,Mizoram,Aizawl,1,867.0
25.191485306045102,92.51317414459756,,,0,472.0
22.915902391498413,93.0782348258689,,,0,926.0
25.24447132944736,94.65758625139324,,,0,1945.0
24.383194099183108,92.43578263467484,,,0,47.0
27.190861,92.607806,Arunachal Pradesh,West Kameng,1,1567.0
24.51042447272779,92.37147652540042,,,0,43.0
26.114222,94.254417,Nagaland,Wokha,1,1298.0
25.90781127543553,92.2425476457507,,,0,698.0
25.1604392265474,94.72071155426396,,,0,1769.0
24.05955814233937,93.4192274803896,,,0,718.0
28.104967323522462,95.63779379859552,,,0,197.0
22.72357671676716,92.75969961337763,,,0,266.0
26.179679478799027,94.74914199169064,,,0,1756.0
24.1,94.07,Manipur,Chandel,1,916.0
28.49789848546513,95.7593334309618,,,0,1495.0
23.201584,92.736877,Mizoram,Lunglei,1,747.0
27.543782335379465,95.9112092129198,,,0,165.0
25.479090126116724,94.23589858896196,,,0,1637.0
28.35559689802444,95.37576233307072,,,0,2437.0
23.64702778,92.72583333,Mizoram,Aizawl,1,804.0
25.105668261770035,91.53147445995494,,,0,12.0
25.2203375377338,92.31548982814462,,,0,593.0
26.82955485921728,94.92097490509876,,,0,276.0
25.569,94.283,Nagaland,Phek,1,1835.0
25.517,93.957,Manipur,Senapati,1,1820.0
27.624819990687044,88.4204134393205,,,0,2953.0
27.437889,88.601694,Sikkim,North Sikkim,1,1788.0
27.45420379206469,92.92406601024106,,,0,1581.0
27.561083,91.911528,Arunachal Pradesh,Tawang,1,1922.0
27.12295456441002,94.06050987822653,,,0,91.0
22.135792161187663,92.9309435617602,,,0,277.0
25.914996618355914,91.7934643128844,,,0,342.0
25.98570399824137,94.93471714856317,,,0,1500.0
28.12085980052828,96.71126408053678,,,0,2411.0
25.181917,94.522306,Manipur,Ukhrul,1,1350.0
23.33277778,92.78722222,Mizoram,Aizawl,1,646.0
26.967426982281246,95.19929897731396,,,0,382.0
25.875929233282417,91.94733411004228,,,0,692.0
28.830919,95.880901,Arunachal Pradesh,Dibang Valley,1,1563.0
27.378306,88.770083,Sikkim,East Sikkim,1,3824.0
25.392444,94.29875,Manipur,Senapati,1,1608.0
27.740944,88.545361,Sikkim,North Sikkim,1,2762.0
25.560931,91.227694,Meghalaya,West Khasi Hills,1,1308.0
25.47145756784245,94.22992593078126,,,0,1361.0
25.114997,92.358378,Meghalaya,East Jaintia Hills,1,104.0
24.860639,93.62675,Manipur,Noney,1,329.0
25.15219780472519,91.965533894863,,,0,14.0
24.347457570270027,92.44777711107344,,,0,80.0
26.774513573901515,95.17961247389324,,,0,1041.0
28.824703,95.93119,Arunachal Pradesh,Dibang Valley,1,1531.0
23.321016,92.861601,Mizoram,Serchhip,1,902.0
23.640073,93.315306,Mizoram,Champhai,1,1687.0
28.209443964701023,94.65654925469312,,,0,531.0
26.45849246010417,95.18340539472044,,,0,1640.0
23.73305556,92.82527778,Mizoram,Aizawl,1,524.0
25.645633,94.008403,Nagaland,Kohima,1,1859.0
24.00475518389951,92.19708410550436,,,0,69.0
22.552301,92.883888,Mizoram,Lawngtlai,1,1010.0
25.60902222,94.12846944,Nagaland,Kohima,1,1559.0
23.475392,92.605749,Mizoram,Mamit,1,965.0
26.00437321672405,93.86287390979288,,,0,141.0
24.136316653672893,93.80278569544625,,,0,1101.0
27.296928,93.088111,Arunachal Pradesh,East Kameng,1,830.0
24.612372,93.670775,Manipur,Churachandpur,1,634.0
25.82296313615296,93.88360496533151,,,0,700.0
23.57694444,92.71305556,Mizoram,Aizawl,1,906.0
23.918694,92.740389,Mizoram,Aizawl,1,1039.0
26.024167,92.475,Assam,West Karbi Anglong,1,222.0
28.2823,94.863031,Arunachal Pradesh,West Siang,1,330.0
26.80243827004911,95.7500308064921,,,0,778.0
23.880530803468645,92.1696152884986,,,0,202.0
27.495584037575,88.07905342498287,,,0,4722.0
23.08373,92.757679,Mizoram,Lunglei,1,754.0
23.229765,93.127521,Mizoram,Khawzawl,1,1009.0
26.89127975010713,88.61474098897057,,,0,180.0
22.530001,92.890999,Mizoram,Lawngtlai,1,702.0
27.55280396169993,92.20826123653504,,,0,4317.0
26.471889,94.454667,Nagaland,Mokokchung,1,896.0
27.37075,88.679444,Sikkim,East Sikkim,1,2632.0
27.2858578,93.798472,Arunachal Pradesh,Papum Pare,1,560.0
27.422639528651725,91.82331505885938,,,0,2501.0
25.415438,91.867487,Meghalaya,East Khasi Hills,1,1752.0
23.145214,93.287063,Mizoram,Champhai,1,1460.0
23.803055,93.160164,Mizoram,Champhai,1,471.0
23.020853459862728,92.58410229908642,,,0,86.0
26.117851013582555,91.00209566130904,,,0,41.0
27.077116952273837,95.44652134900656,,,0,256.0
25.359922,91.882943,Meghalaya,East Khasi Hills,1,1518.0
23.91276537118143,92.1885144956194,,,0,139.0
27.20675,92.537389,Arunachal Pradesh,West Kameng,1,1228.0
28.09324037813404,94.86346366241344,,,0,605.0
28.694778,95.001887,Arunachal Pradesh,Upper Siang,1,524.0
27.439011611705865,88.40704205816154,,,0,3448.0
25.315176,91.923021,Meghalaya,East Khasi Hills,1,1031.0
23.848883944108813,92.4508365453802,,,0,399.0
23.467623,93.250867,Mizoram,Champhai,1,889.0
24.80014366355576,94.00984369698138,,,0,833.0
28.133918136407804,95.67124222959832,,,0,195.0
27.166107,93.750907,Arunachal Pradesh,Papum Pare,1,207.0
25.326032,91.659568,Meghalaya,East Khasi Hills,1,1368.0
27.05727288139863,88.67509999686129,,,0,1784.0
25.152361,93.67325,Manipur,Tamenglong,1,1054.0
22.954469260789025,92.6504323184125,,,0,692.0
26.37445953557794,92.99105423229078,,,0,446.0
25.189109882382727,92.9187596221814,,,0,989.0
22.478001,92.966003,Mizoram,Saiha,1,472.0
26.246642995487065,93.95025840876744,,,0,112.0
25.447664,94.041483,Manipur,Senapati,1,1411.0
24.57090296440924,92.53961292036902,,,0,78.0
25.437203,94.042989,Manipur,Senapati,1,1311.0
25.20167669401376,92.8544960044029,,,0,852.0
28.585103525378763,95.73765386621729,,,0,1742.0
27.311560974308552,91.92914477113436,,,0,3737.0
28.03105337438577,95.3936244972466,,,0,144.0
25.13342689318448,91.22197656544807,,,0,9.0
29.11130023142565,95.8158212571484,,,0,3014.0
25.704,94.118,Nagaland,Kohima,1,1104.0
28.06711192666531,95.46589242482382,,,0,152.0
25.18871204235641,91.91955550673102,,,0,182.0
28.258251731328848,95.48484998843212,,,0,1570.0
28.227891,95.541082,Arunachal Pradesh,East Siang,1,505.0
24.87558230990354,92.57724320239592,,,0,14.0
22.24,93.1,Mizoram,Saiha,1,1328.0
25.168806,93.742111,Manipur,Tamenglong,1,761.0
27.51706494410289,88.396749549662,,,0,2969.0
23.93162218253024,93.49138996258512,,,0,958.0
25.167156083144015,94.7240693009892,,,0,1746.0
25.023056,94.449306,Manipur,Ukhrul,1,1915.0
27.099083,92.626306,Arunachal Pradesh,West Kameng,1,605.0
23.7827138602394,91.79179341129183,,,0,145.0
22.955112,92.836403,Mizoram,Lunglei,1,835.0
27.39385997908052,96.31223461151428,,,0,1077.0
23.473258,93.241869,Mizoram,Champhai,1,913.0
23.477108,92.857281,Mizoram,Serchhip,1,1022.0
28.093066375337347,95.9163501712443,,,0,528.0
25.88726685186095,93.73581535686615,,,0,153.0
25.376992,91.038136,Meghalaya,West Khasi Hills,1,612.0
24.407017916121315,93.38806527893402,,,0,442.0
22.65,92.66,Mizoram,Lunglei,1,176.0
27.198400323576617,92.8398319052471,,,0,588.0
23.075896,93.315313,Mizoram,Champhai,1,1101.0
22.525,92.865997,Mizoram,Lawngtlai,1,770.0
23.69984348223769,92.423969983045,,,0,532.0
28.123077904304512,94.31311840460778,,,0,1604.0
27.14871944,88.28128889,Sikkim,Soreng,1,382.0
23.59638889,92.81583333,Mizoram,Aizawl,1,603.0
23.74372,92.72417,Mizoram,Aizawl,1,979.0
25.341567456202995,92.92653782585076,,,0,471.0
23.45769,93.041184,Mizoram,Champhai,1,1286.0
25.779111,94.115583,Nagaland,Kohima,1,1330.0
24.957833,94.162444,Manipur,Ukhrul,1,1099.0
27.229417,88.378444,Sikkim,South Sikkim,1,2042.0
27.25102,88.460004,Sikkim,South Sikkim,1,422.0
25.222589124408067,94.2679106725544,,,0,1224.0
27.040767033768315,88.53167029008188,,,0,704.0
25.561903,94.778178,Nagaland,Phek,1,1019.0
25.35908333,91.97433333,Meghalaya,East Khasi Hills,1,1189.0
26.229389,95.051694,Nagaland,Tuensang,1,1293.0
23.74916667,92.7375,Mizoram,Aizawl,1,1017.0
24.53,93.07,Manipur,Churachandpur,1,131.0
23.315273,92.856524,Mizoram,Serchhip,1,971.0
26.84325,95.080306,Nagaland,Mon,1,273.0
28.23395373546091,96.4175436737956,,,0,2747.0
26.87830646972098,95.27130469063074,,,0,1056.0
27.844596201221087,88.61537840798145,,,0,5701.0
24.1,93.95,Manipur,Chandel,1,1497.0
25.199722,93.016722,Assam,Dima Hasao,1,418.0
26.065862882596143,92.72841769606116,,,0,67.0
27.88364526955875,95.23033034864264,,,0,166.0
26.114866,94.63475,Nagaland,Zunheboto,1,1179.0
23.573887425572764,92.39949242278148,,,0,265.0
25.147883,93.085354,Assam,Dima Hasao,1,804.0
25.596206101785143,91.08602091639524,,,0,966.0
23.509734617815116,92.52521352986392,,,0,208.0
25.468873692994947,94.4354862228236,,,0,1167.0
26.87383766570641,92.94324919578672,,,0,96.0
28.05168276121913,95.54107022883365,,,0,171.0
25.644688649598034,89.87984547406494,,,0,25.0
26.945132970083822,95.24589074862575,,,0,365.0
26.717936754813845,95.32699482931464,,,0,1135.0
27.380861,88.812361,Sikkim,East Sikkim,1,3965.0
26.50402884458188,95.01297751852276,,,0,1824.0
24.45,92.78,Mizoram,Kolasib,1,52.0
26.791833842401665,94.19355998290382,,,0,86.0
24.2005,92.94105556,Mizoram,Aizawl,1,703.0
28.16425,94.792417,Arunachal Pradesh,West Siang,1,277.0
25.84512,93.56682,Assam,Karbi Anglong,1,260.0
27.66407450673081,96.5479959442607,,,0,2734.0
23.445560962931523,93.51497425239766,,,0,1460.0
26.185140658961075,94.34644951856971,,,0,428.0
26.639472,95.075083,Nagaland,Mon,1,910.0
27.481382513230347,88.67630880404808,,,0,3026.0
23.134009,92.746247,Mizoram,Lunglei,1,795.0
24.15,93.55,Manipur,Churachandpur,1,642.0
24.24449722,93.55275833,Mizoram,Aizawl,1,1018.0
28.246948906883688,96.45086336663223,,,0,2445.0
25.576,94.351,Nagaland,Phek,1,1519.0
27.553583,88.577194,Sikkim,North Sikkim,1,1873.0
26.039074635130948,92.57925770313489,,,0,79.0
25.752581288504263,90.87296068078368,,,0,554.0
23.35634329522786,92.57726985551406,,,0,482.0
24.33568012612387,93.42384288844671,,,0,1716.0
28.212211,95.801273,Arunachal Pradesh,Lower Dibang Valley,1,951.0
25.266788,93.190998,Assam,Dima Hasao,1,493.0
27.250556,88.53325,Sikkim,East Sikkim,1,500.0
26.818167,95.072417,Nagaland,Mon,1,538.0
24.806278,94.377056,Manipur,Kamjong,1,1491.0
23.440648,92.703726,Mizoram,Aizawl,1,603.0
26.63513979872478,93.0122706145253,,,0,69.0
24.907743569093537,92.17773510710082,,,0,15.0
23.32154259658541,92.54882289793004,,,0,574.0
27.081618034041124,88.61181053607751,,,0,1808.0
25.7345,94.777417,Nagaland,Phek,1,1600.0
26.86562933827525,94.73087324871956,,,0,99.0
24.93,92.84,Assam,Cachar,1,51.0
25.20852406055041,94.19924564346002,,,0,1044.0
24.84128863107983,92.46400136408522,,,0,16.0
27.496754049773216,96.23941108764453,,,0,319.0
25.241431788283272,94.44703299802626,,,0,1551.0
25.8314561539306,92.30314530376246,,,0,841.0
23.61277778,92.80083333,Mizoram,Aizawl,1,424.0
24.471283652849397,92.96138488564432,,,0,160.0
23.72521461430267,91.28285337700068,,,0,18.0
24.04303741799428,92.43911186551053,,,0,100.0
27.24854432505173,93.9366571381268,,,0,128.0
28.175556,95.221861,Arunachal Pradesh,East Siang,1,324.0
27.75124120463601,93.69878556431928,,,0,1007.0
22.25,92.63,Mizoram,Lawngtlai,1,178.0
25.416889741656043,94.84904383271576,,,0,1190.0
28.106823905340747,94.91882579868272,,,0,1252.0
23.613347744665017,93.6243646966996,,,0,666.0
27.725270930074352,94.3280504356841,,,0,234.0
25.00390420746409,91.82254719409212,,,0,14.0
23.411071788832167,92.40049317432783,,,0,157.0
23.56238611,93.12376667,Mizoram,Kolasib,1,762.0
25.60597909476201,95.05446289590748,,,0,2102.0
24.314206,92.225824,Tripura,North Tripura,1,87.0
23.163158,93.280821,Mizoram,Champhai,1,1512.0
27.153444,88.095639,Sikkim,West Sikkim,1,2280.0
26.921038462312588,95.20103445487692,,,0,585.0
25.61,90.31,Meghalaya,West Garo Hills,1,671.0
22.233668022334523,92.76559526073012,,,0,153.0
26.83567901730349,95.17237053867817,,,0,871.0
25.927972,91.877194,Meghalaya,Ri-Bhoi,1,591.0
28.788247900088017,96.0506570720012,,,0,3962.0
23.67705840522226,93.41381418148347,,,0,1082.0
27.383806,88.633083,Sikkim,East Sikkim,1,1751.0
27.19430870598885,93.3592298008972,,,0,1355.0
24.387045113460108,92.37136958927236,,,0,85.0
24.039744,92.780045,Mizoram,Aizawl,1,877.0
23.666361,92.975972,Mizoram,Aizawl,1,1175.0
27.93895384799411,96.66454866740322,,,0,1556.0
27.582929239569253,88.40704437939478,,,0,1682.0
26.37175,95.000806,Nagaland,Mon,1,1379.0
24.860889,93.463222,Manipur,Tamenglong,1,1276.0
25.142,93.04,Assam,Dima Hasao,1,669.0
24.831719,93.514025,Manipur,Noney,1,422.0
23.57472222,92.85277778,Mizoram,Aizawl,1,1072.0
24.477533204155616,93.51870521872505,,,0,1015.0
22.792834515625472,93.15612633529364,,,0,924.0
26.05307273865205,95.14589838242112,,,0,2321.0
23.32201,92.85822,Mizoram,Serchhip,1,1038.0
28.514611779808455,94.42814443438604,,,0,1181.0
28.96842836095902,95.71458865381304,,,0,2784.0
25.149433240557155,94.19834102089176,,,0,1065.0
25.639977971233787,90.97620634341298,,,0,796.0
22.443315179711004,92.81082871059009,,,0,202.0
25.214151627011248,92.69412910642266,,,0,1170.0
24.322772849831374,92.38256175743962,,,0,66.0
25.694,94.103,Nagaland,Kohima,1,1341.0
25.54379889862448,94.45283203439408,,,0,821.0
23.554599345399016,92.4164397907079,,,0,564.0
25.871453,94.450788,Nagaland,Zunheboto,1,1633.0
23.70027778,92.71611111,Mizoram,Aizawl,1,1031.0
22.490999,92.984001,Mizoram,Saiha,1,1124.0
24.777153505271887,93.98831176002508,,,0,781.0
26.110944,91.887917,Assam,Kamrup,1,141.0
27.212583,88.399333,Sikkim,South Sikkim,1,2019.0
26.389722,94.920556,Nagaland,Tuensang,1,800.0
25.382428,91.874568,Meghalaya,East Khasi Hills,1,1514.0
27.00918603566228,93.67929229403065,,,0,136.0
23.72276944,92.70665,Mizoram,Aizawl,1,961.0
27.498718852716397,93.96414003099495,,,0,2762.0
23.98,93.99,Manipur,Chandel,1,1364.0
25.156389,93.018389,Assam,Dima Hasao,1,614.0
25.94885356802618,93.87148790190956,,,0,145.0
26.757479405335047,92.87237921880796,,,0,73.0
22.427999,92.947998,Mizoram,Saiha,1,270.0
27.453197,96.444944,Arunachal Pradesh,Changlang,1,592.0
25.47116612023495,94.29682767694482,,,0,2015.0
26.545,94.941389,Nagaland,Mon,1,1221.0
25.624,94.348,Nagaland,Phek,1,1786.0
25.502720422906755,94.79989786247336,,,0,2399.0
25.16094677842437,91.92991510840989,,,0,14.0
27.64993374325985,96.29541893562372,,,0,382.0
23.47388889,92.70972222,Mizoram,Aizawl,1,1009.0
25.41051342950264,94.86282676747967,,,0,1546.0
26.429361,94.623,Nagaland,Mokokchung,1,1310.0
26.104220493781792,91.32540575529929,,,0,42.0
23.72138889,92.85777778,Mizoram,Aizawl,1,792.0
27.467849,96.409616,Arunachal Pradesh,Changlang,1,534.0
23.463222,93.015694,Mizoram,Serchhip,1,1484.0
27.988124950190265,95.45500338156232,,,0,136.0
23.66055556,92.67277778,Mizoram,Aizawl,1,1017.0
24.868302162984804,93.13884964333089,,,0,36.0
24.85799888519866,93.30461523104611,,,0,1021.0
25.168486652972387,92.85248689316872,,,0,1006.0
25.483694,94.530194,Manipur,Ukhrul,1,1003.0
25.602683,91.180708,Meghalaya,West Khasi Hills,1,1060.0
26.6575,95.012028,Nagaland,Mon,1,875.0
25.528366245458,92.17086547260736,,,0,1319.0
26.09961111,91.87811111,Assam,Kamrup,1,86.0
25.609085,93.90642,Nagaland,Peren,1,1620.0
25.042677419382144,90.969769461952,,,0,7.0
23.974733649435308,92.07433216794296,,,0,124.0
25.545380696895585,93.6048026224941,,,0,612.0
22.56497462457912,92.41623420667251,,,0,125.0
26.304881498903704,95.18588823553904,,,0,978.0
27.18936586189448,88.83166207400787,,,0,1549.0
25.2185,93.01311111,Assam,Dima Hasao (N.C. Hills),1,494.0
26.97311870036353,88.40190668200509,,,0,865.0
27.121611,88.145528,Sikkim,West Sikkim,1,1127.0
25.97967027282156,91.66183721997912,,,0,458.0
26.311559853552776,91.67207522402316,,,0,54.0
24.636937507811485,93.07897877761546,,,0,54.0
25.278917,93.253194,Assam,Dima Hasao,1,880.0
25.40547,91.53712,Meghalaya,West Khasi Hills,1,1461.0
23.80418634119087,91.75144214688528,,,0,81.0
25.305659177646675,94.6641141580923,,,0,1428.0
27.43558692596081,92.76514900510574,,,0,1097.0
25.07325846589546,91.03295096967145,,,0,7.0
25.844694,94.195833,Nagaland,Kohima,1,1345.0
28.237425,95.897823,Arunachal Pradesh,Lower Dibang Valley,1,2363.0
28.11999471210768,95.74787154585184,,,0,201.0
27.182278,92.599889,Arunachal Pradesh,West Kameng,1,1667.0
25.464759497942133,91.92032193612184,,,0,1833.0
25.549502360970543,90.9638623981612,,,0,802.0
27.395444,88.623583,Sikkim,East Sikkim,1,1618.0
24.66895556,93.33700556,Mizoram,Kolasib,1,832.0
25.79300105047016,93.17808378795958,,,0,336.0
23.05895487712801,92.6199514556623,,,0,573.0
24.830202,94.357821,Manipur,Kamjong,1,1666.0
23.817333,92.661222,Mizoram,Aizawl,1,133.0
27.115204132671646,93.22953969267505,,,0,1526.0
23.83888889,92.83194444,Mizoram,Aizawl,1,262.0
24.637769,93.612292,Manipur,Noney,1,790.0
23.839508969920107,93.9204879169318,,,0,1386.0
28.02336938161683,93.54192811743448,,,0,960.0
25.1655,93.02556,Assam,Dima Hasao,1,516.0
28.392080692333003,95.60866019867277,,,0,1247.0
23.58591667,92.71777778,Mizoram,Aizawl,1,960.0
25.639417,91.044806,Meghalaya,West Khasi Hills,1,926.0
27.178567,92.583154,Arunachal Pradesh,West Kameng,1,1453.0
25.478045575014583,94.332738580934,,,0,2050.0
25.439372,93.354197,Assam,Dima Hasao,1,397.0
25.421333,93.370361,Assam,Dima Hasao,1,391.0
25.71001187631329,91.39647247449196,,,0,987.0
23.77792736012488,91.96647598902922,,,0,244.0
23.010895,92.924156,Mizoram,Lunglei,1,757.0
26.02285192052981,94.70700966023236,,,0,2389.0
23.76002304320248,92.91817093562034,,,0,516.0
23.45083333,92.67944444,Mizoram,Aizawl,1,854.0
25.428828399568232,93.82894331415233,,,0,812.0
27.66296306426113,94.02385842165936,,,0,1935.0
23.307833,93.311672,Mizoram,Champhai,1,1543.0
24.614883,93.696186,Manipur,Noney,1,1455.0
25.668,94.051,Nagaland,Kohima,1,1394.0
23.65583333,92.86111111,Mizoram,Aizawl,1,975.0
24.144002933214395,93.6409179072797,,,0,934.0
24.17072222,91.76697222,Tripura,Dhalai,1,79.0
26.1895,91.787167,Assam,Kamrup (Metro),1,70.0
25.35553043601264,94.71166753571704,,,0,1217.0
23.635,92.72361111,Mizoram,Aizawl,1,837.0
24.815617,93.686672,Manipur,Noney,1,601.0
23.57888889,92.7125,Mizoram,Aizawl,1,888.0
23.548173,93.131588,Mizoram,Champhai,1,835.0
23.83725771958217,94.122941485116,,,0,214.0
24.67491587958656,94.54165472029182,,,0,275.0
26.706194,95.110333,Nagaland,Mon,1,1017.0
22.48117670989573,93.3154567693875,,,0,1959.0
27.611333,88.655222,Sikkim,North Sikkim,1,1673.0
26.183084897636693,94.0181648519821,,,0,134.0
22.79241281069207,92.4152609851574,,,0,99.0
23.908269286686807,93.66812586140824,,,0,940.0
23.09758333,93.21623333,Mizoram,Aizawl,1,878.0
23.61611111,92.79777778,Mizoram,Aizawl,1,397.0
23.90754546309225,92.55241671658747,,,0,642.0
25.265743,93.21778,Assam,Dima Hasao,1,619.0
24.890964698920268,93.17617055958368,,,0,72.0
27.045393865958182,92.50575595045072,,,0,1403.0
26.64712349097792,95.6011547280606,,,0,672.0
23.74,92.71416667,Mizoram,Aizawl,1,986.0
23.722111,92.681472,Mizoram,Aizawl,1,684.0
25.49489588383837,93.1852071413845,,,0,206.0
26.824278,95.077,Nagaland,Mon,1,398.0
25.576671,93.815779,Nagaland,Peren,1,1612.0
23.81178395012165,92.44414785757763,,,0,270.0
27.32320833,88.60986944,Sikkim,East Sikkim,1,1564.0
23.145231,92.687721,Mizoram,Lunglei,1,882.0
27.42450101904824,91.96125047944706,,,0,3181.0
28.216135755278582,95.369920948427,,,0,990.0
28.497917,95.191639,Arunachal Pradesh,Upper Siang,1,879.0
25.13156459786285,91.35928649220442,,,0,13.0
27.442865861439685,88.41237872810729,,,0,3463.0
22.54,92.69,Mizoram,Lawngtlai,1,411.0
25.919689,94.839167,Nagaland,Kiphire,1,624.0
25.31848,91.45262,Meghalaya,West Khasi Hills,1,1393.0
25.7973578334512,91.96705832767134,,,0,926.0
27.79618004688601,88.58142712565429,,,0,4350.0
26.4765751522092,95.18403446855548,,,0,1816.0
25.073228,92.814734,Assam,Dima Hasao,1,255.0
25.182417,94.523556,Manipur,Ukhrul,1,1363.0
26.19642685030586,92.37848367048608,,,0,56.0
25.368418865514457,94.90649599920069,,,0,840.0
26.879765798311844,93.62218864168204,,,0,79.0
24.076481986747076,92.72856408756856,,,0,165.0
24.76863061650321,94.27370230375816,,,0,833.0
25.229167,92.2235,Meghalaya,West Jaintia Hills,1,468.0
26.95127793695531,95.1970236637134,,,0,381.0
28.37452848343176,95.41170702221326,,,0,1766.0
28.24955964752728,95.3456092546339,,,0,1856.0
28.28778,96.57928,Arunachal Pradesh,Anjaw,1,1696.0
27.48247480095824,95.09055396380214,,,0,114.0
28.48860950534308,95.28139674322368,,,0,1193.0
27.04885413829024,93.74960374109304,,,0,146.0
24.078041,92.914114,Mizoram,Aizawl,1,777.0
23.208823,92.53749,Mizoram,Lunglei,1,726.0
24.94756,92.73097,Assam,Cachar,1,61.0
27.246194,88.625694,Sikkim,East Sikkim,1,1452.0
24.75865588614919,92.5977937007953,,,0,26.0
25.16804,93.02503,Assam,Dima Hasao,1,485.0
25.949622565405495,92.79819971415652,,,0,71.0
23.313871,92.792739,Mizoram,Aizawl,1,596.0
24.36,92.82,Mizoram,Kolasib,1,327.0
27.85500121941927,88.61601638333173,,,0,5135.0
24.130093163306785,92.73176533452208,,,0,186.0
28.3322240687968,95.064371178083,,,0,509.0
27.491699008173786,92.21944400005856,,,0,2275.0
28.609361,95.088583,Arunachal Pradesh,Upper Siang,1,1205.0
23.462917,93.04575,Mizoram,Champhai,1,1242.0
26.89899521538885,92.61399846449974,,,0,110.0
24.948236938876995,93.87215505995296,,,0,836.0
28.38091042560734,95.40693988767592,,,0,1290.0
28.39731156430464,95.32875673333405,,,0,1837.0
22.197445827291173,93.21806858322326,,,0,1357.0
25.818124851110788,94.6507443555828,,,0,1151.0
26.5585,95.097417,Nagaland,Mon,1,1425.0
25.48389196721469,91.99458118888538,,,0,1352.0
27.594833,91.866417,Arunachal Pradesh,Tawang,1,2975.0
24.12529162342145,92.74421797129908,,,0,208.0
25.616,94.484,Nagaland,Phek,1,901.0
23.641988418396203,93.48124977318324,,,0,1394.0
24.89435463234373,94.70189119470932,,,0,723.0
25.376966308050743,94.94374974224262,,,0,1516.0
25.447775326448216,94.22052449804592,,,0,1254.0
24.858383936705764,93.31074237684707,,,0,1150.0
22.995411799028847,92.39424107887446,,,0,49.0
27.462074766656915,92.74659338828276,,,0,2129.0
27.44298357328484,93.64330905614489,,,0,1106.0
25.949469676041144,95.12773959265716,,,0,1965.0
24.85,93.497583,Manipur,Noney,1,257.0
23.418808,93.163009,Mizoram,Champhai,1,1077.0
26.372667,94.71375,Nagaland,Tuensang,1,1306.0
25.54364525245585,93.04240914896586,,,0,181.0
25.21,93.25,Assam,Dima Hasao,1,1210.0
25.600306,94.613222,Nagaland,Phek,1,1264.0
27.2275,88.220278,Sikkim,West Sikkim,1,1774.0
24.11,93.52,Manipur,Churachandpur,1,823.0
25.36958608169361,90.48304053278343,,,0,433.0
26.438861047037395,94.24097514360297,,,0,210.0
25.862222,94.450333,Nagaland,Zunheboto,1,1667.0
24.01,93.96,Manipur,Chandel,1,1639.0
25.159333,93.017,Assam,Dima Hasao,1,685.0
23.087177,92.853889,Mizoram,Lunglei,1,712.0
27.119935443428865,88.72927826990953,,,0,2712.0
26.526817,94.675462,Nagaland,Mokokchung,1,698.0
22.68,92.56,Mizoram,Lawngtlai,1,513.0
26.415417,95.053667,Nagaland,Mon,1,1627.0
28.145847,95.273686,Arunachal Pradesh,East Siang,1,324.0
24.16119235431188,93.80313278727644,,,0,944.0
25.13138032253342,92.48169602033964,,,0,262.0
26.880405698562125,95.77526747747376,,,0,1151.0
27.10475155567143,88.77247793778818,,,0,2452.0
23.10357,92.748737,Mizoram,Lunglei,1,724.0
23.046939,92.772748,Mizoram,Lunglei,1,1026.0
26.00294,91.86692,Meghalaya,Ri-Bhoi,1,405.0
23.180354,92.486971,Mizoram,Lunglei,1,744.0
25.26709412857794,92.95422192971088,,,0,598.0
25.022553113967923,92.15272327258448,,,0,14.0
23.667083601260288,91.7972148283791,,,0,127.0
27.369306,88.691583,Sikkim,East Sikkim,1,2802.0
25.119591379693468,90.36556017375696,,,0,14.0
24.85534,93.62409,Manipur,Noney,1,379.0
24.986861,93.506028,Manipur,Tamenglong,1,1244.0
26.481269512734663,95.1057558979102,,,0,1547.0
25.30540809412561,92.90159619393484,,,0,392.0
25.09423218468622,94.17929884674024,,,0,1155.0
28.354759043658763,95.5719188381002,,,0,1391.0
23.567768727406992,93.47104666144806,,,0,1243.0
24.24,94.08,Manipur,Chandel,1,837.0
27.652861,88.607,Sikkim,North Sikkim,1,1953.0
25.649,94.121,Nagaland,Kohima,1,1231.0
26.980541384846955,92.44901551895308,,,0,426.0
23.113066,92.891212,Mizoram,Lunglei,1,677.0
27.81301214197084,88.607802012975,,,0,4421.0
25.068454593701663,93.70079028949712,,,0,1446.0
24.938806,94.549278,Manipur,Kamjong,1,1526.0
23.70638889,92.72055556,Mizoram,Aizawl,1,875.0
27.375833,88.726722,Sikkim,East Sikkim,1,3335.0
22.8358681863357,93.1039745903902,,,0,594.0
26.060543254229,91.59255834906244,,,0,51.0
24.246228,94.070389,Manipur,Chandel,1,1312.0
25.770917,94.357322,Nagaland,Zunheboto,1,1449.0
26.367056,94.472861,Nagaland,Mokokchung,1,942.0
25.073731,92.370786,Meghalaya,East Jaintia Hills,1,103.0
27.17232985520708,96.4161400909764,,,0,1298.0
27.05507885663633,93.7892627392698,,,0,106.0
28.401928941238285,95.39281240170466,,,0,921.0
26.9490666139371,88.6927736138244,,,0,305.0
28.512056,95.1805,Arunachal Pradesh,Upper Siang,1,828.0
26.95253570366391,88.161736906884,,,0,1533.0
27.68200169059744,93.74583716280549,,,0,1640.0
27.893389,94.842194,Arunachal Pradesh,West Siang,1,702.0
25.8828661548844,91.81490262374626,,,0,370.0
27.40780115846725,93.90786381242349,,,0,1222.0
27.330778,88.49225,Sikkim,East Sikkim,1,873.0
27.298972,96.046398,Arunachal Pradesh,Changlang,1,217.0
23.34161973368092,92.46035654683998,,,0,139.0
27.200108629209648,92.02474284079408,,,0,2145.0
25.552544,93.732253,Nagaland,Peren,1,1262.0
22.255302529143624,92.53006120735024,,,0,576.0
28.31211,96.61719,Arunachal Pradesh,Anjaw,1,1593.0
27.047848,95.729657,Arunachal Pradesh,Changlang,1,1082.0
27.592667,91.866222,Arunachal Pradesh,Tawang,1,2944.0
27.994849719020824,93.54911573131513,,,0,516.0
24.233808,92.978777,Mizoram,Aizawl,1,587.0
23.474194,93.229667,Mizoram,Champhai,1,1024.0
25.952871807779967,91.4504346110997,,,0,53.0
27.33972222,88.62055556,Sikkim,East Sikkim,1,1861.0
23.467987169492105,92.51950340893872,,,0,786.0
24.94791532558613,94.28288008926242,,,0,979.0
23.554749599721013,93.45760201079464,,,0,980.0
27.79665891797109,94.48387532430692,,,0,684.0
23.188799,92.55249,Mizoram,Lunglei,1,595.0
26.9174,92.77163,Assam,Sonitpur,1,110.0
26.08945,94.264217,Nagaland,Wokha,1,1473.0
24.549852411399428,92.25202059238345,,,0,36.0
25.23922542668864,94.1730228120036,,,0,1959.0
26.06074400492253,92.35602642242728,,,0,265.0
25.476047,94.146074,Manipur,Senapati,1,1599.0
25.282017193901712,94.63095026250416,,,0,1522.0
22.42203046279334,93.32074201269477,,,0,1992.0
25.59375879660838,91.98682208305672,,,0,1332.0
22.809782151203198,92.33739327860552,,,0,273.0
25.476962096078758,93.26510627866028,,,0,291.0
28.213846729884303,96.13344113823618,,,0,2602.0
25.31439541426976,90.8155755812336,,,0,583.0
24.66386762942172,93.40152380278992,,,0,455.0
25.53725,91.206972,Meghalaya,West Khasi Hills,1,1333.0
23.05805556,92.67583333,Mizoram,Kolasib,1,706.0
23.673858932626853,92.42630050410408,,,0,571.0
27.371494571405044,95.7586746988228,,,0,148.0
25.208313,91.606889,Meghalaya,East Khasi Hills,1,656.0
27.032952169916637,93.7869512403662,,,0,104.0
24.818713,94.355182,Manipur,Kamjong,1,1610.0
26.824968844775825,95.25232738672366,,,0,879.0
26.9294514045595,88.32922279264778,,,0,1887.0
23.136654,93.314856,Mizoram,Champhai,1,1606.0
27.433056,92.123583,Arunachal Pradesh,West Kameng,1,2362.0
23.803364,93.159164,Mizoram,Champhai,1,419.0
26.973693849889862,88.5277170177723,,,0,1316.0
24.12,94.05,Manipur,Chandel,1,1303.0
23.44489349207896,91.8528350314038,,,0,102.0
22.813087573761745,93.1611411136016,,,0,1047.0
25.6055,94.800833,Nagaland,Phek,1,1123.0
25.098809239513013,91.56216265584932,,,0,13.0
28.002235339091158,94.7139441858555,,,0,689.0
27.294886,93.803328,Arunachal Pradesh,Lower Subansiri,1,646.0
26.3336131637358,91.6519526592838,,,0,57.0
27.077807323786104,95.88314280450302,,,0,740.0
26.749444,94.999444,Nagaland,Mon,1,663.0
23.333984,92.781878,Mizoram,Aizawl,1,712.0
27.125528,88.384556,Sikkim,South Sikkim,1,1330.0
24.33,93.53,Manipur,Churachandpur,1,1361.0
26.17700407577708,92.09666531019032,,,0,61.0
25.981861981876623,94.90641695629144,,,0,1620.0
22.357155918943292,92.42876615724894,,,0,95.0
23.206,93.329028,Mizoram,Champhai,1,1660.0
28.723166,94.959687,Arunachal Pradesh,Upper Siang,1,360.0
26.36563435927884,95.1836448299324,,,0,1599.0
27.463923950827223,88.73722449798665,,,0,4013.0
23.226843,92.740266,Mizoram,Lunglei,1,757.0
27.01878918386225,88.75520227848138,,,0,641.0
26.74511674869322,95.1677719235188,,,0,747.0
23.336450396278615,92.54324506698734,,,0,571.0
25.764694278787672,91.7267411468234,,,0,755.0
27.195307615249423,88.80149441770585,,,0,2455.0
28.78066778111597,96.13521572899243,,,0,3882.0
23.222778,92.92778,Mizoram,Serchhip,1,436.0
24.317619,94.003678,Manipur,Chandel,1,1082.0
26.07530430152336,93.03930352973012,,,0,86.0
25.04664683694918,93.93380969079284,,,0,1042.0
27.714918343373903,93.57827798882262,,,0,1471.0
23.58638889,92.71583333,Mizoram,Aizawl,1,919.0
25.54261,92.09842,Meghalaya,Jaintia Hills,1,1318.0
28.145306,95.239167,Arunachal Pradesh,East Siang,1,591.0
25.161361,93.732333,Manipur,Tamenglong,1,728.0
24.805138,93.23716,Manipur,Tamenglong,1,190.0
28.4597081466651,94.98588694519265,,,0,2183.0
27.365056,88.655167,Sikkim,East Sikkim,1,2337.0
27.224476336017386,88.91593626810224,,,0,2382.0
23.905027,93.185776,Mizoram,Champhai,1,1003.0
27.288808760669298,93.2221504242236,,,0,2046.0
23.67882052519111,93.4085554327648,,,0,1088.0
25.299931,91.726268,Meghalaya,East Khasi Hills,1,1524.0
25.940872,94.586361,Nagaland,Kiphire,1,1799.0
26.97332815332677,95.20818177919962,,,0,303.0
26.015488,94.535665,Nagaland,Zunheboto,1,1639.0
24.225579,92.805884,Mizoram,Aizawl,1,609.0
23.842167,93.373917,Mizoram,Champhai,1,831.0
27.35862247372462,93.87293049848576,,,0,859.0
25.02901414922125,92.66620287804736,,,0,196.0
28.10913102550852,94.49796719992172,,,0,964.0
26.213111,94.208917,Nagaland,Wokha,1,605.0
26.070806,94.408028,Nagaland,Zunheboto,1,909.0
28.09311,96.53622,Arunachal Pradesh,Anjaw,1,587.0
28.4915,95.202944,Arunachal Pradesh,Upper Siang,1,950.0
25.322897,91.927752,Meghalaya,East Khasi Hills,1,1080.0
22.943753905553628,92.6419700050952,,,0,160.0
24.06540205578468,94.2733081764267,,,0,158.0
25.606193,91.856276,Meghalaya,East Khasi Hills,1,1193.0
25.04881300696169,93.21219678832904,,,0,372.0
27.010959549040397,88.41961045480296,,,0,977.0
25.652121996957938,92.34907739668684,,,0,988.0
28.00436867002046,95.41870482837145,,,0,147.0
27.33369599122245,95.8642133341602,,,0,158.0
23.809559706535406,93.71835629020217,,,0,772.0
27.27075,88.167417,Sikkim,West Sikkim,1,1366.0
25.28724501481612,92.45483401397082,,,0,876.0
24.87667081065286,92.45198850420437,,,0,20.0
28.19885677608313,96.62901080526385,,,0,2684.0
25.119166980329258,92.07911297371206,,,0,15.0
24.615955764317693,93.77727790270674,,,0,782.0
24.3309,93.66054444,Mizoram,Aizawl,1,1049.0
27.07869294964592,88.78309705034287,,,0,1929.0
26.39000054441503,93.58973894509786,,,0,362.0
26.997579758777967,95.910041837193,,,0,1078.0
22.899078,92.721306,Mizoram,Lunglei,1,763.0
22.1912649515557,92.43651436419393,,,0,199.0
28.057911635172506,95.3668477211301,,,0,169.0
25.794837523811147,91.73808653140564,,,0,668.0
23.0170115800314,92.50760424996844,,,0,104.0
24.263352806701317,92.42083062461944,,,0,170.0
25.967,92.51617,Assam,West Karbi Anglong,1,221.0
28.093628745686544,95.91230024371778,,,0,504.0
26.91710241195235,93.64271929487464,,,0,83.0
28.748358590523644,95.062899773569,,,0,2251.0
24.776028,93.457083,Manipur,Noney,1,541.0
23.75193772081528,91.47269325360588,,,0,65.0
24.153386028647446,92.744543586618,,,0,191.0
23.82166667,92.83055556,Mizoram,Aizawl,1,438.0
25.00116349646807,92.15629722279226,,,0,12.0
23.852722,92.743306,Mizoram,Aizawl,1,1255.0
22.434999,92.945999,Mizoram,Saiha,1,346.0
23.438142093422837,93.52945693960206,,,0,1180.0
25.140735397961706,92.78576323638552,,,0,1098.0
25.22385711247019,93.47064531979846,,,0,1260.0
25.01813308262828,92.34359526534386,,,0,17.0
25.545642,91.325403,Meghalaya,West Khasi Hills,1,1507.0
27.886918669918213,94.25937113503213,,,0,940.0
24.36,92.83,Mizoram,Kolasib,1,389.0
27.25677,88.55359,Sikkim,East Sikkim,1,698.0
25.266142,93.197997,Assam,Dima Hasao,1,552.0
25.22016856525857,94.20255800623828,,,0,1037.0
23.872055,93.094276,Mizoram,Aizawl,1,608.0
24.36,93.65,Manipur,Churachandpur,1,1167.0
25.061755652185976,92.5678710923783,,,0,211.0
26.68947559269154,94.93257200616851,,,0,716.0
25.534101329399824,93.0385876507886,,,0,170.0
27.226556,88.308861,Sikkim,West Sikkim,1,658.0
23.4275,92.71416667,Mizoram,Aizawl,1,930.0
27.53140043706112,93.04708779397946,,,0,1436.0
24.43694478833362,92.98801011541153,,,0,371.0
24.691389,94.255917,Manipur,Kamjong,1,1485.0
26.91061803671772,92.85539497450785,,,0,85.0
25.035058918215373,92.8888078927752,,,0,398.0
24.50772222,92.76961111,Mizoram,Kolasib,1,213.0
27.838620425420693,94.5174663269968,,,0,1138.0
26.298499961909613,91.50068935639446,,,0,50.0
25.67585571987474,91.33082099109863,,,0,1309.0
23.466951,93.311834,Mizoram,Champhai,1,1359.0
25.30369930770783,93.88212872184508,,,0,1883.0
23.74194444,92.71027778,Mizoram,Aizawl,1,784.0
26.259083,95.085972,Nagaland,Tuensang,1,1038.0
23.498802,92.8546,Mizoram,Serchhip,1,894.0
23.40555,93.360549,Mizoram,Champhai,1,1255.0
26.22755191940789,93.92678861928827,,,0,116.0
22.34,92.74,Mizoram,Lawngtlai,1,179.0
27.240861,88.486278,Sikkim,East Sikkim,1,424.0
27.690698470575143,94.27112857046956,,,0,558.0
28.16552565801728,95.67006108956996,,,0,207.0
27.4795,88.528472,Sikkim,North Sikkim,1,884.0
26.886635277268525,95.27813047208824,,,0,617.0
25.323080573058345,90.79970802913206,,,0,336.0
24.8917439443824,93.92925377276636,,,0,793.0
25.04418543223539,93.75110349485526,,,0,1399.0
28.261514864995988,95.48054483210107,,,0,1503.0
25.546,94.27,Nagaland,Phek,1,1643.0
25.045111,92.4215,Meghalaya,East Jaintia Hills,1,176.0
23.005594,92.703522,Mizoram,Lunglei,1,682.0
26.726667,95.027278,Nagaland,Mon,1,678.0
25.22014607862781,94.44613101463972,,,0,1745.0
25.236729308333874,93.7278077003464,,,0,1078.0
23.71805556,92.86638889,Mizoram,Aizawl,1,821.0
25.668417,94.543194,Nagaland,Phek,1,665.0
25.974098695497936,95.09169134134832,,,0,2657.0
24.699641037997864,92.98691079673308,,,0,29.0
28.223864696549683,96.61848955601884,,,0,2555.0
28.01785049762644,95.82800255669912,,,0,173.0
26.92194598902499,95.03137345584896,,,0,139.0
25.8816564,94.1902346,Nagaland,Tseminyu,1,1399.0
24.07814,92.790905,Mizoram,Aizawl,1,936.0
25.224506,91.704403,Meghalaya,East Khasi Hills,1,515.0
27.19406505178308,92.25015530131232,,,0,2301.0
24.26,92.69,Mizoram,Kolasib,1,353.0
26.035278,92.470861,Assam,West Karbi Anglong,1,271.0
25.28925,94.526861,Manipur,Ukhrul,1,1141.0
24.53,92.63,Assam,Hailakandi,1,33.0
25.23660048084734,93.57256069090224,,,0,1174.0
22.724300553718383,92.7568823137684,,,0,331.0
22.866131,92.772713,Mizoram,Lunglei,1,1098.0
25.24194444,93.14319444,Assam,Dima Hasao (N.C. Hills),1,624.0
22.69,92.72,Mizoram,Lunglei,1,481.0
23.750722,92.744,Mizoram,Aizawl,1,893.0
27.22628095940404,95.81421631369324,,,0,536.0
22.68373985439669,92.78970158133332,,,0,332.0
22.848185,92.886963,Mizoram,Lunglei,1,612.0
25.86580363480791,95.1583450663538,,,0,1599.0
22.846123,92.796333,Mizoram,Lunglei,1,1211.0
25.118949116664957,92.4570792306944,,,0,887.0
26.016333,94.254306,Nagaland,Wokha,1,1246.0
25.163444,93.023167,Assam,Dima Hasao,1,557.0
25.1775,93.02622222,Assam,Dima Hasao (N.C. Hills),1,484.0
25.706437347193024,92.88169248495848,,,0,98.0
25.14869180955967,91.20132942348556,,,0,7.0
27.83791529293101,93.22620315090062,,,0,2228.0
27.317532625315863,96.6455122882452,,,0,2175.0
23.546,92.574556,Mizoram,Mamit,1,953.0
25.646,94.378,Nagaland,Phek,1,1453.0
25.037682427513527,93.38573199887492,,,0,271.0
25.40975,93.475944,Nagaland,Peren,1,690.0
22.873812,92.902039,Mizoram,Lunglei,1,677.0
26.723072195582507,94.48158540443936,,,0,116.0
23.71873,92.72298,Mizoram,Aizawl,1,967.0
22.21,93.12,Mizoram,Saiha,1,1057.0
25.288467,91.224269,Meghalaya,West Khasi Hills,1,687.0
23.2981490139884,92.50008707980888,,,0,381.0
24.037574,92.922489,Mizoram,Aizawl,1,908.0
27.273861,88.398722,Sikkim,South Sikkim,1,960.0
28.243461,95.894049,Arunachal Pradesh,Lower Dibang Valley,1,2377.0
25.070872896342188,92.66669361419294,,,0,206.0
25.876536073172804,91.71346793232011,,,0,446.0
25.325408,93.037147,Assam,Dima Hasao,1,460.0
23.683417,92.601222,Mizoram,Mamit,1,1097.0
27.165,88.444444,Sikkim,South Sikkim,1,1380.0
24.96383296085988,93.40285490864667,,,0,432.0
22.32,92.73,Mizoram,Lawngtlai,1,134.0
27.401040542467346,93.78565065833428,,,0,940.0
24.117825566654428,93.74815110516651,,,0,872.0
27.348185201661845,93.93166883713415,,,0,385.0
25.417778,94.077222,Manipur,Senapati,1,1528.0
26.326389,94.858056,Nagaland,Tuensang,1,922.0
28.11142,96.54528,Arunachal Pradesh,Anjaw,1,1030.0
28.097043,95.274751,Arunachal Pradesh,East Siang,1,360.0
23.693,92.054472,Tripura,Dhalai,1,253.0
28.297476,95.791016,Arunachal Pradesh,Dibang Valley,1,632.0
25.09980316667877,90.95520468627907,,,0,10.0
26.152278,94.241056,Nagaland,Wokha,1,948.0
23.66694444,92.72194444,Mizoram,Aizawl,1,978.0
26.42,94.38,Nagaland,Mokokchung,1,646.0
26.327522876292782,94.77881423801072,,,0,1160.0
23.468389,93.27075,Mizoram,Champhai,1,984.0
23.62025012345266,92.51932286996932,,,0,121.0
23.168705,93.108017,Mizoram,Serchhip,1,1216.0
25.448191811283124,91.96740512917572,,,0,1663.0
26.336650199023875,94.05693653370302,,,0,112.0
25.393914,91.872066,Meghalaya,East Khasi Hills,1,1588.0
23.683824,92.963188,Mizoram,Saitual,1,1120.0
27.482583,88.52875,Sikkim,North Sikkim,1,916.0
28.088588403814395,95.71841896607434,,,0,183.0
24.18291667,93.53441944,Mizoram,Aizawl,1,785.0
24.618623835108234,91.95075504525089,,,0,31.0
23.86472222,92.88194444,Mizoram,Aizawl,1,945.0
23.279612,92.869602,Mizoram,Serchhip,1,988.0
25.826931397266524,90.6021038332496,,,0,94.0
24.16221692610461,91.90788586848872,,,0,178.0
23.971408175978173,93.48105751187634,,,0,1145.0
24.797,94.409028,Manipur,Kamjong,1,1291.0
27.086667,92.585278,Arunachal Pradesh,West Kameng,1,299.0
26.090056,94.256167,Nagaland,Wokha,1,1312.0
27.479713312704995,88.68242564993733,,,0,3392.0
26.04578582296656,94.71792662027596,,,0,1681.0
26.253329361453236,93.45131085076032,,,0,793.0
25.631,93.999,Nagaland,Kohima,1,2083.0
23.353485,92.780193,Mizoram,Aizawl,1,884.0
22.979522934654877,92.6007183739874,,,0,121.0
25.01910743496571,92.89723411170156,,,0,369.0
27.614536119580208,94.14634117714066,,,0,1777.0
23.87694444,92.84,Mizoram,Aizawl,1,362.0
25.095611,94.384778,Manipur,Ukhrul,1,1714.0
27.643326692170128,94.1297152621888,,,0,1061.0
27.57686600068256,93.50988774742616,,,0,2045.0
23.720833,92.978,Mizoram,Aizawl,1,905.0
25.11219354745737,92.54316815544796,,,0,892.0
22.868416741351588,93.38667272022074,,,0,995.0
24.808639,93.735722,Manipur,Noney,1,1205.0
25.888852569895946,93.8151153373248,,,0,153.0
27.694790128230352,93.15505022411672,,,0,1373.0
23.595779719654647,91.90526660949612,,,0,115.0
25.840167,94.115194,Nagaland,Kohima,1,1133.0
22.963112,92.835556,Mizoram,Lunglei,1,833.0
23.811938,92.570804,Mizoram,Mamit,1,625.0
25.750922,94.178869,Nagaland,Kohima,1,730.0
26.13959553860556,92.51469114496231,,,0,63.0
23.660361,93.285548,Mizoram,Champhai,1,1405.0
24.7071508731688,94.08044751537686,,,0,846.0
23.819269,92.826983,Mizoram,Aizawl,1,445.0
23.015005,92.765065,Mizoram,Lunglei,1,959.0
23.76944444,92.73583333,Mizoram,Aizawl,1,1255.0
25.168411361348877,92.82903848979946,,,0,1127.0
24.46301568411674,92.62000092163773,,,0,62.0
25.737289,94.787844,Nagaland,Phek,1,1238.0
23.123517,92.739803,Mizoram,Lunglei,1,811.0
25.77,93.82,Nagaland,Dimapur,1,267.0
25.702807691256755,93.24438074180796,,,0,239.0
25.36333514146571,93.67787513927205,,,0,517.0
22.77592988083198,92.91119403354966,,,0,413.0
28.836083,95.963806,Arunachal Pradesh,Dibang Valley,1,1451.0
23.792443377986107,92.43648782476949,,,0,304.0
26.97013,92.63363,Assam,Sonitpur,1,140.0
25.619861,91.875111,Meghalaya,East Khasi Hills,1,1233.0
23.463981,92.736875,Mizoram,Aizawl,1,1246.0
25.69007,91.67085,Meghalaya,Eastern-West Khasi Hill,1,888.0
24.070611,92.290944,Tripura,North Tripura,1,276.0
23.715797213896234,91.91206900437196,,,0,159.0
25.67517222,91.8983,Meghalaya,Ri-Bhoi,1,1015.0
28.451543769308508,95.4132713346712,,,0,2766.0
27.36884243300604,93.37148691135651,,,0,2892.0
27.258306,88.245306,Sikkim,West Sikkim,1,1142.0
27.13864270289688,95.58633611442458,,,0,888.0
26.93884264780609,93.72310188446129,,,0,85.0
24.978611,93.528278,Manipur,Tamenglong,1,1215.0
25.13726105311548,93.5603010216392,,,0,1177.0
25.50286958999528,94.06228688676389,,,0,1991.0
23.732867,92.825842,Mizoram,Aizawl,1,526.0
25.43946176761769,94.8549919936836,,,0,1863.0
27.170833,88.086361,Sikkim,West Sikkim,1,2364.0
25.17859775956697,90.91351126275732,,,0,257.0
25.07592376139379,91.95068087369076,,,0,12.0
27.873663342008992,93.56717742771812,,,0,1953.0
22.91,92.46,Mizoram,Lunglei,1,61.0
25.0308183163848,93.3267477469314,,,0,378.0
25.15,93.37,Assam,Dima Hasao,1,975.0
24.87598160277621,92.28688419250788,,,0,21.0
25.033316258168966,93.38314760788208,,,0,242.0
25.941525,94.652408,Nagaland,Kiphire,1,2005.0
23.35390839722282,92.32307250562236,,,0,137.0
25.700668,91.596815,Meghalaya,Eastern-West Khasi Hill,1,1345.0
23.307093,92.856289,Mizoram,Serchhip,1,981.0
25.362583,93.257722,Assam,Dima Hasao,1,389.0
26.49051957239221,94.94033351308306,,,0,1026.0
28.58956297274972,96.04217052479252,,,0,2315.0
28.021587267980912,96.02600111486969,,,0,296.0
23.70555556,92.84805556,Mizoram,Aizawl,1,577.0
27.417972,88.623361,Sikkim,North Sikkim,1,1396.0
24.5292565572538,94.27943790299813,,,0,946.0
25.161694,93.731306,Manipur,Tamenglong,1,740.0
25.14872222,93.03191667,Assam,Dima Hasao (N.C. Hills),1,451.0
27.08154841465321,88.53435402221395,,,0,994.0
24.862903,93.616397,Manipur,Noney,1,330.0
28.43602541570157,95.94745817834782,,,0,2242.0
25.13263066757501,92.5352020463165,,,0,179.0
27.9330777540498,94.03904722733708,,,0,1676.0
25.271618418609968,93.72934479049972,,,0,684.0
27.370972,88.710111,Sikkim,East Sikkim,1,3154.0
23.734465469246118,92.12486423891072,,,0,282.0
28.809270548848254,95.1043589726172,,,0,1797.0
25.041174249213867,93.83467546893118,,,0,1759.0
23.971930993477702,93.47133394301898,,,0,966.0
27.162111,88.491444,Sikkim,South Sikkim,1,1129.0
23.3305,93.096806,Mizoram,Champhai,1,1215.0
25.91775,94.415028,Nagaland,Zunheboto,1,1100.0
23.309286,92.850807,Mizoram,Serchhip,1,972.0
26.406506108115813,94.25910193242574,,,0,207.0
25.52186904101821,94.44790993155048,,,0,842.0
25.6375,94.757556,Nagaland,Phek,1,2096.0
23.11707053411472,92.42105368213198,,,0,255.0
28.516083,95.178028,Arunachal Pradesh,Upper Siang,1,807.0
27.647537766847847,93.7146708912732,,,0,1352.0
25.936583,91.563917,Meghalaya,Ri-Bhoi,1,474.0
23.314651640905986,92.36049883464362,,,0,95.0
24.784611,93.462278,Manipur,Noney,1,628.0
25.82985639460642,93.29052042978718,,,0,208.0
24.706726863579128,93.7795837659259,,,0,800.0
25.282485,91.57685,Meghalaya,East Khasi Hills,1,1034.0
23.60416667,92.85472222,Mizoram,Aizawl,1,1151.0
28.911558714546203,96.14937074004332,,,0,4483.0
25.01028337695248,93.8625454648082,,,0,1610.0
24.9864445820933,91.54244852404096,,,0,6.0
23.286001,92.857178,Mizoram,Serchhip,1,836.0
25.1885373340899,92.79164021790776,,,0,1148.0
28.375757422430446,96.0452752476383,,,0,2981.0
28.08132883680689,96.08860228849564,,,0,821.0
25.572,94.168,Nagaland,Kohima,1,1277.0
25.01527819712724,91.79805285145738,,,0,13.0
27.68202592123813,91.8249197115036,,,0,4019.0
23.70270871990709,93.4237449591257,,,0,1068.0
25.400223908465478,91.26580831082292,,,0,1300.0
23.66,92.72638889,Mizoram,Aizawl,1,891.0
25.2802403791804,92.0062307614161,,,0,782.0
27.552639,92.965861,Arunachal Pradesh,East Kameng,1,904.0
25.82396275246005,91.76883609174678,,,0,799.0
22.224598766949946,92.4913333956668,,,0,204.0
26.479897725805817,95.1728268843793,,,0,1883.0
25.689238403198647,90.0281894320197,,,0,34.0
25.43505556,92.19836111,Meghalaya,West Jaintia Hills,1,1350.0
24.86451124407372,92.98792279588343,,,0,32.0
24.21152017019299,92.73808257132929,,,0,104.0
24.649829414289023,93.79156879573657,,,0,768.0
23.317543,92.858683,Mizoram,Serchhip,1,1030.0
23.97361111,92.7225,Mizoram,Kolasib,1,711.0
22.694448416459004,93.0512065252349,,,0,1628.0
26.62,94.5,Nagaland,Mokokchung,1,483.0
23.196642,92.735456,Mizoram,Lunglei,1,744.0
27.260722,93.780306,Arunachal Pradesh,Papum Pare,1,325.0
27.12556042980517,92.8759281059854,,,0,597.0
24.99306,93.4975,Manipur,Tamenglong,1,1196.0
26.17258225756178,94.74886756688056,,,0,2041.0
26.191278,94.484833,Nagaland,Zunheboto,1,1088.0
24.63598683248713,92.92300266888996,,,0,30.0
28.01549454790501,95.43696911205473,,,0,145.0
24.272053572628817,94.1793941697369,,,0,551.0
24.410906827486627,93.446071273762,,,0,777.0
24.649833092423396,92.65532951237532,,,0,45.0
27.157694,88.306806,Sikkim,West Sikkim,1,854.0
25.135861,93.6675,Manipur,Tamenglong,1,1154.0
24.284240856550017,92.39304158427686,,,0,66.0
23.097061,92.752235,Mizoram,Lunglei,1,744.0
27.85743642305724,94.49919844541915,,,0,963.0
25.409306,94.596417,Manipur,Ukhrul,1,1678.0
23.56413333,93.11378889,Mizoram,Kolasib,1,740.0
25.257286,91.871763,Meghalaya,East Khasi Hills,1,986.0
23.61138889,92.80722222,Mizoram,Aizawl,1,411.0
27.67732998375615,93.38427961458488,,,0,2085.0
27.94903,96.39158,Arunachal Pradesh,Lohit,1,967.0
25.329306,94.524639,Manipur,Ukhrul,1,1197.0
28.723800515533707,96.13354660606343,,,0,3103.0
24.484171683658232,93.96417852480128,,,0,783.0
27.236583,88.509611,Sikkim,East Sikkim,1,426.0
23.715278,92.697611,Mizoram,Aizawl,1,750.0
26.14093452559388,92.35019881309287,,,0,58.0
23.723733261060733,91.81042158555256,,,0,102.0
22.48,92.73,Mizoram,Lawngtlai,1,781.0
24.815405643312676,94.67471780304592,,,0,1251.0
27.913333,94.737472,Arunachal Pradesh,Lepa rada,1,475.0
25.52434620495896,95.08198816664142,,,0,1026.0
24.480713668991893,93.21674966764112,,,0,194.0
22.393487529331527,92.47425234165132,,,0,251.0
27.254917,88.390889,Sikkim,South Sikkim,1,1800.0
23.482322,93.310052,Mizoram,Champhai,1,1563.0
27.126472,88.31675,Sikkim,West Sikkim,1,354.0
28.784231,95.906188,Arunachal Pradesh,Dibang Valley,1,1251.0
26.851845614075216,95.71992708040274,,,0,1547.0
27.158417,88.420139,Sikkim,South Sikkim,1,1594.0
23.58138889,92.71416667,Mizoram,Aizawl,1,911.0
26.004528,94.039583,Nagaland,Wokha,1,494.0
25.53945121345461,94.02124214455831,,,0,2449.0
23.30929674113462,92.98292480505756,,,0,1317.0
25.231383,92.2215,Meghalaya,West Jaintia Hills,1,413.0
23.71416667,92.85805556,Mizoram,Aizawl,1,879.0
23.5567550998599,93.5351477251338,,,0,1420.0
28.086662239175222,94.76816829657898,,,0,584.0
25.67943940189962,92.5892324957462,,,0,745.0
27.898806,93.408444,Arunachal Pradesh,Kurung Kumey,1,877.0
24.29,93.12,Manipur,Pherzawl,1,745.0
26.337029862634974,91.95047651498024,,,0,58.0
25.106400589384563,92.642140353808,,,0,824.0
25.0636060846184,92.70303026024273,,,0,300.0
27.244472,88.350472,Sikkim,South Sikkim,1,1598.0
26.05380988593588,94.94757682471727,,,0,1216.0
27.45766567198936,93.93364305887548,,,0,1531.0
23.54027778,92.70111111,Mizoram,Aizawl,1,870.0
27.25,88.301889,Sikkim,West Sikkim,1,536.0
25.218732,91.740262,Meghalaya,East Khasi Hills,1,970.0
24.12682222,93.54013889,Mizoram,Aizawl,1,765.0
27.43912341738365,92.34310857248512,,,0,2686.0
23.894444,93.019279,Mizoram,Aizawl,1,1071.0
26.9194817212007,92.9459387349082,,,0,107.0
28.534633188878374,95.94078196386693,,,0,2499.0
22.901035,92.87265,Mizoram,Lunglei,1,377.0
27.278715799727927,93.66390320757954,,,0,1212.0
27.43732562181619,88.75036222076292,,,0,4169.0
25.9106764084425,93.82784955504808,,,0,147.0
25.67270157275929,91.30702493826598,,,0,1261.0
25.644944,91.158153,Meghalaya,West Khasi Hills,1,1201.0
26.219417,94.477028,Nagaland,Zunheboto,1,935.0
23.75005,92.7355,Mizoram,Aizawl,1,1036.0
25.68698889,91.64812222,Meghalaya,Eastern-West Khasi Hill,1,1171.0
27.037942865174838,88.50518480742315,,,0,907.0
26.050286,91.880072,Assam,Kamrup,1,73.0
24.10257334001437,93.0110422407992,,,0,193.0
23.72341552871473,91.86060887743648,,,0,135.0
27.960062531266107,95.41825441264908,,,0,135.0
25.72,94.085,Nagaland,Kohima,1,1321.0
23.970878139861888,92.50508342786046,,,0,559.0
25.784650729554457,91.92973653927557,,,0,756.0
26.984347040957264,93.13169641823508,,,0,303.0
25.2182323866118,92.67164560185871,,,0,1179.0
25.835978431360047,91.94092861336954,,,0,891.0
24.51,92.9,Assam,Cachar,1,81.0
22.82106,92.637703,Mizoram,Lunglei,1,115.0
27.599806,91.876111,Arunachal Pradesh,Tawang,1,2933.0
26.34879741600392,94.20168671906175,,,0,217.0
25.016375,94.021711,Manipur,Senapati,1,815.0
23.80750556,92.83417222,Mizoram,Aizawl,1,558.0
26.724278,95.042833,Nagaland,Mon,1,521.0
22.78945507345809,93.1554311692267,,,0,1144.0
25.110472,93.625389,Manipur,Tamenglong,1,1183.0
23.11040326089077,93.59293588003676,,,0,1233.0
23.35638889,92.77027778,Mizoram,Aizawl,1,1016.0
23.01492806546622,93.21267755354133,,,0,768.0
23.14808539218291,92.31009081980946,,,0,82.0
26.232694,94.473083,Nagaland,Zunheboto,1,980.0
25.885962081087225,91.95516456451708,,,0,670.0
23.57099205550956,92.34478563495972,,,0,333.0
23.341724812209197,92.98991287780326,,,0,1130.0
25.033778,94.43625,Manipur,Ukhrul,1,1984.0
28.582776060286506,95.92109391169978,,,0,2045.0
26.490833,94.82,Nagaland,Longleng,1,1279.0
24.35,93.67,Manipur,Churachandpur,1,1097.0
24.30564965346781,91.98033503021873,,,0,50.0
25.299369,91.325575,Meghalaya,South West Khasi Hills,1,1139.0
28.036897435067196,93.74534259070718,,,0,1359.0
26.327167,94.508056,Nagaland,Mokokchung,1,1189.0
25.696,94.104,Nagaland,Kohima,1,1338.0
28.08061,96.51294,Arunachal Pradesh,Anjaw,1,509.0
25.28236861,91.73874417,Meghalaya,East Khasi Hills,1,759.0
23.46925,93.273139,Mizoram,Champhai,1,997.0
23.91259558190072,92.5916788921412,,,0,733.0
26.015816807785185,92.60210716847864,,,0,73.0
27.27925,93.796444,Arunachal Pradesh,Papum Pare,1,495.0
25.472506,93.727181,Nagaland,Peren,1,1531.0
25.191111,92.003389,Meghalaya,East Khasi Hills,1,176.0
25.625331,91.182614,Meghalaya,West Khasi Hills,1,1176.0
28.33836,95.781715,Arunachal Pradesh,Dibang Valley,1,761.0
25.268825,94.048439,Manipur,Senapati,1,1363.0
25.470581618490908,91.001903939873,,,0,449.0
28.375834676167912,95.58448695414388,,,0,2000.0
26.211111,91.684167,Assam,Kamrup,1,65.0
27.966668418949144,93.32001169617315,,,0,2679.0
27.05942417797752,95.2443798473256,,,0,131.0
25.574,94.295,Nagaland,Phek,1,2036.0
23.69,92.49,Mizoram,Mamit,1,739.0
25.81485650945905,89.87272889021953,,,0,22.0
25.68,94.117,Nagaland,Kohima,1,1500.0
26.992179886248078,95.0446778800213,,,0,113.0
23.201111,92.681946,Mizoram,Lunglei,1,1055.0
27.8604026519537,91.82481949837204,,,0,3756.0
25.417653,94.084694,Manipur,Senapati,1,1537.0
25.677,94.0202,Nagaland,Kohima,1,1540.0
23.037238162136305,92.42330620472764,,,0,387.0
27.14142436547086,88.88109728005203,,,0,1491.0
25.89751,94.463135,Nagaland,Zunheboto,1,1887.0
25.353860656680364,93.83699620427625,,,0,1582.0
26.78970908757235,95.3650825186686,,,0,788.0
25.34347856088936,91.2894171640168,,,0,911.0
25.423947951183084,93.61136161325534,,,0,1065.0
25.770935,91.656497,Meghalaya,Eastern-West Khasi Hill,1,776.0
27.369778,88.456833,Sikkim,South Sikkim,1,1507.0
25.117852200792665,91.23288690057784,,,0,8.0
25.363171276190958,93.6885008668986,,,0,471.0
23.43081245074984,92.5145866679307,,,0,962.0
27.06421027773689,92.82013349130644,,,0,210.0
25.06747782033932,93.18865490756248,,,0,190.0
27.410265933559955,91.89114898687522,,,0,2899.0
23.318805,92.853099,Mizoram,Serchhip,1,825.0
24.924914529889698,93.94329902422704,,,0,1069.0
27.619035878854305,94.87324109346324,,,0,110.0
24.784226367439786,94.1802017020124,,,0,1231.0
25.70490852101243,90.43028362159843,,,0,353.0
26.24843314231251,93.14051714154654,,,0,96.0
22.91414630923878,92.6447911941895,,,0,305.0
23.21035,92.539589,Mizoram,Lunglei,1,689.0
27.293556,88.642056,Sikkim,East Sikkim,1,1454.0
26.70744,94.70858,Nagaland,Mokokchung,1,758.0
26.509718,94.68195,Nagaland,Mokokchung,1,494.0
27.25941667,88.55038889,Sikkim,East Sikkim,1,641.0
22.18,92.61,Mizoram,Lawngtlai,1,223.0
25.37437074242682,94.9167579811619,,,0,1073.0
24.69635864137526,94.48206708453648,,,0,813.0
24.0,93.98,Manipur,Chandel,1,1510.0
25.88740638675965,91.81424669084429,,,0,439.0
23.716278,92.727694,Mizoram,Aizawl,1,821.0
24.34,92.77,Mizoram,Kolasib,1,84.0
27.92284622985634,96.44810377495712,,,0,843.0
28.258137928122657,95.13707233251496,,,0,1382.0
23.4946,92.7044,Mizoram,Aizawl,1,929.0
26.494722,94.824722,Nagaland,Longleng,1,1216.0
25.359278,94.527806,Manipur,Ukhrul,1,1473.0
24.27138889,92.96,Mizoram,Aizawl,1,776.0
23.5,92.70111111,Mizoram,Aizawl,1,885.0
27.515717524287915,88.3965423330061,,,0,2935.0
24.579228382308436,93.56198414093306,,,0,1315.0
25.124583,92.989111,Assam,Dima Hasao,1,526.0
27.86463904708538,93.59280176480122,,,0,1887.0
23.436999,92.875456,Mizoram,Serchhip,1,719.0
27.804361,94.715056,Arunachal Pradesh,West Siang,1,961.0
24.618583,94.308778,Manipur,Kamjong,1,1236.0
25.37733074715733,91.32663165295438,,,0,1474.0
25.867778,94.168056,Nagaland,Kohima,1,1471.0
27.790489,94.958147,Arunachal Pradesh,Lower Siang,1,185.0
26.7015,95.079361,Nagaland,Mon,1,742.0
23.41694444,92.71805556,Mizoram,Aizawl,1,1095.0
23.277886,92.840388,Mizoram,Serchhip,1,646.0
23.14001512926318,92.43380343043177,,,0,126.0
27.357083,93.026361,Arunachal Pradesh,East Kameng,1,798.0
24.24,92.36,Mizoram,Mamit,1,91.0
26.041059728789424,91.09995428282188,,,0,44.0
25.438723,92.912025,Assam,Dima Hasao,1,561.0
24.03831371833496,92.16988638061774,,,0,84.0
27.240556,93.750417,Arunachal Pradesh,Papum Pare,1,395.0
23.93281071391531,93.52724194371024,,,0,1260.0
27.6607,93.8833,Arunachal Pradesh,Lower Subansiri,1,1545.0
26.07197268222167,91.66900785270244,,,0,191.0
24.080881799737185,92.72184375702209,,,0,178.0
25.15561111,93.02222222,Assam,Dima Hasao,1,617.0
26.876990485299245,92.89808330168954,,,0,86.0
28.540139,95.168667,Arunachal Pradesh,Upper Siang,1,867.0
28.4725620609219,95.9868713035613,,,0,2896.0
25.25039302830428,92.01077316769792,,,0,760.0
27.059861047917316,88.56912932766025,,,0,1393.0
27.23575,88.507972,Sikkim,South Sikkim,1,390.0
25.204882,91.742535,Meghalaya,East Khasi Hills,1,542.0
25.771150026889718,91.30930772276628,,,0,733.0
24.022347,92.772075,Mizoram,Aizawl,1,806.0
23.33093477156348,92.95851658978108,,,0,1144.0
25.276222,94.555889,Manipur,Ukhrul,1,1612.0
26.109352,94.387308,Nagaland,Zunheboto,1,352.0
24.001167,93.037613,Mizoram,Aizawl,1,1188.0
25.77566541153205,91.72093820957993,,,0,742.0
28.02547130812684,95.85654082869516,,,0,198.0
27.668514544247884,88.44430298314084,,,0,2934.0
22.63231891771648,93.00663563148116,,,0,1046.0
23.492577960608507,93.52255628619083,,,0,1406.0
24.26,92.81,Mizoram,Kolasib,1,710.0
25.72088889,94.04036111,Nagaland,Kohima,1,965.0
27.98016177687981,96.53629303532288,,,0,2818.0
23.16307076162554,91.62026255827428,,,0,49.0
23.701047,93.190913,Mizoram,Champhai,1,1139.0
25.628631743980296,93.63223241966404,,,0,362.0
24.87432307719921,92.55058374416149,,,0,14.0
25.11011111,92.99877778,Assam,Dima Hasao (N.C. Hills),1,572.0
27.14876214773639,96.17904462405636,,,0,617.0
23.56666667,92.70888889,Mizoram,Aizawl,1,852.0
25.528,93.872,Manipur,Senapati,1,1623.0
25.78430883219936,91.18621729757086,,,0,606.0
26.92555499388041,88.61912908569599,,,0,501.0
27.36388889,88.62083333,Sikkim,East Sikkim,1,1702.0
24.267944,94.111556,Manipur,Tengnoupal,1,1228.0
25.322717,94.067492,Manipur,Senapati,1,1091.0
26.94123750505199,95.100188354973,,,0,124.0
25.361056,91.034889,Meghalaya,West Khasi Hills,1,536.0
25.769417,94.037639,Nagaland,Kohima,1,721.0
25.240539,94.114492,Manipur,Senapati,1,1032.0
26.90426940228479,94.9777281851083,,,0,148.0
24.600083,93.725528,Manipur,Churachandpur,1,1024.0
22.459,92.952003,Mizoram,Saiha,1,583.0
24.511306,92.693028,Assam,Hailakandi,1,45.0
28.30984,95.984084,Arunachal Pradesh,Lower Dibang Valley,1,1138.0
26.99410640399964,88.14048645306406,,,0,1973.0
24.685,94.171278,Manipur,Kangpokpi,1,907.0
22.52,92.71,Mizoram,Lawngtlai,1,323.0
23.414620915308827,92.5149025586601,,,0,542.0
25.96256,93.46922,Assam,Karbi Anglong,1,162.0
28.157043193902155,96.65119027649604,,,0,1088.0
26.57436,93.10647,Assam,Nagaon,1,116.0
26.555,94.9525,Nagaland,Mon,1,1131.0
26.62654334559853,93.7047420570808,,,0,101.0
27.284802188130826,93.97638919965996,,,0,169.0
25.487213257170264,92.30034910513024,,,0,1347.0
26.57708,93.65836,Assam,Karbi Anglong,1,202.0
23.34919649142227,92.30347072609727,,,0,159.0
25.62509167,94.11405278,Nagaland,Kohima,1,1578.0
25.186031039131606,93.45426178702004,,,0,1123.0
24.578647812191456,93.56077194801564,,,0,1342.0
27.329089620665968,96.4070539910573,,,0,552.0
26.100402185128868,92.52751974070247,,,0,71.0
26.37191351960921,95.18600605027925,,,0,1698.0
23.426989410619665,92.50320250892229,,,0,528.0
24.26386428045644,92.14807512529366,,,0,42.0
23.66461111,92.72383333,Mizoram,Aizawl,1,831.0
22.66,92.67,Mizoram,Lunglei,1,477.0
22.089839850922896,93.26120448804252,,,0,516.0
26.675734936035163,94.43523063201982,,,0,126.0
25.74473429213395,90.75749109437436,,,0,456.0
28.54838379731103,95.626331338618,,,0,1123.0
27.228056,93.568972,Arunachal Pradesh,Papum Pare,1,713.0
23.93055556,92.65638889,Mizoram,Kolasib,1,122.0
25.044778,92.430333,Meghalaya,East Jaintia Hills,1,266.0
27.227794807519828,93.95191115282694,,,0,120.0
25.427100483477755,94.3967500234852,,,0,855.0
25.969225,94.634053,Nagaland,Kiphire,1,1209.0
24.2,94.1,Manipur,Chandel,1,1265.0
27.228167,93.799111,Arunachal Pradesh,Papum Pare,1,341.0
28.21671502015956,95.37550315734526,,,0,1139.0
26.26730846341728,91.81780912574114,,,0,52.0
23.37083333,92.75833333,Mizoram,Aizawl,1,1192.0
25.85167,92.58089,Assam,West Karbi Anglong,1,465.0
23.931508359119704,94.3225346720867,,,0,318.0
26.8698198012568,88.46275439429105,,,0,187.0
24.199114,92.992916,Mizoram,Aizawl,1,257.0
26.872765506819707,88.12390990404559,,,0,1434.0
26.239056,95.058194,Nagaland,Tuensang,1,1205.0
25.057829036744305,93.09576139834334,,,0,221.0
27.28871795628692,96.2782798472632,,,0,854.0
25.064444,94.620278,Manipur,Ukhrul,1,1115.0
23.224314998137388,92.39751293803954,,,0,97.0
22.517,92.879997,Mizoram,Lawngtlai,1,739.0
25.16563889,93.02544444,Assam,Dima Hasao,1,516.0
28.19898410129504,95.34977202876765,,,0,961.0
23.73027778,92.85333333,Mizoram,Aizawl,1,801.0
27.575444,88.651417,Sikkim,North Sikkim,1,1619.0
27.02230224155313,88.41728173182744,,,0,546.0
22.842268,92.951981,Mizoram,Lunglei,1,1209.0
24.68,93.11,Manipur,Jiribam,1,45.0
25.02053962546832,92.07712116062211,,,0,9.0
25.699947320843343,90.6372743899869,,,0,235.0
21.945769341448216,92.65972657158932,,,0,375.0
22.962434388007207,93.1382700926925,,,0,375.0
24.920818715402145,91.64472761884882,,,0,8.0
28.252176,95.775797,Arunachal Pradesh,Lower Dibang Valley,1,687.0
25.45468258228618,93.2076218073396,,,0,320.0
27.57502778,88.65402778,Sikkim,North Sikkim,1,1483.0
24.54263333,93.39741944,Mizoram,Kolasib,1,560.0
23.481049441577543,92.51825977247016,,,0,436.0
26.89714002558536,95.24550259078536,,,0,863.0
28.476622706182404,95.5165942308914,,,0,2458.0
25.62,91.88272222,Meghalaya,East Khasi Hills,1,1266.0
26.394,90.48,Assam,Bongaigaon,1,56.0
27.12922,95.684101,Arunachal Pradesh,Changlang,1,662.0
25.971456,94.818392,Nagaland,Kiphire,1,1141.0
27.33369748957897,96.4894373809922,,,0,954.0
23.95025520392912,92.49734862686714,,,0,659.0
27.13469444,93.74347222,Arunachal Pradesh,Papum Pare,1,131.0
25.216881,92.982245,Assam,Dima Hasao,1,666.0
23.788693667218,93.5465696035107,,,0,1092.0
26.15428,91.79264,Assam,Kamrup (Metro),1,78.0
24.751111,93.459361,Manipur,Noney,1,464.0
27.48997690499914,88.66596955349875,,,0,3488.0
25.6495419,94.1068683,Manipur,Senapati,1,1514.0
25.49137,91.821688,Meghalaya,East Khasi Hills,1,1713.0
26.93641,92.70308,Assam,Sonitpur,1,130.0
23.50527778,92.6975,Mizoram,Aizawl,1,848.0
28.16096964424701,95.9260946190574,,,0,1451.0
27.633,93.8464,Arunachal Pradesh,Lower Subansiri,1,1722.0
24.311521355084547,92.0671170622409,,,0,137.0
23.979472,92.684139,Mizoram,Kolasib,1,389.0
27.02486403105784,88.56740698361217,,,0,1542.0
27.71675826030527,94.79024037155884,,,0,494.0
25.959256874501296,91.6594291519326,,,0,430.0
25.106956,92.991363,Assam,Dima Hasao,1,576.0
25.136222,93.667639,Manipur,Tamenglong,1,1158.0
28.16963187375777,95.64984501846268,,,0,227.0
23.896194,92.296667,Tripura,North Tripura,1,156.0
28.0071729608095,95.98532688109692,,,0,250.0
25.060944,92.80675,Assam,Dima Hasao,1,126.0
23.49484913097338,92.45520378199976,,,0,228.0
26.523955981325805,95.18164655778202,,,0,1840.0
28.78717874902318,95.05600577065574,,,0,3274.0
24.15343552057733,93.6749287552354,,,0,1102.0
27.172020424088075,93.2688617809104,,,0,1357.0
27.15627904441408,95.57860421583516,,,0,747.0
27.813630369635625,96.38822727026763,,,0,1631.0
23.70527778,92.71138889,Mizoram,Aizawl,1,1070.0
26.87601055578302,92.0071964584522,,,0,409.0
26.550528,95.099583,Nagaland,Mon,1,1426.0
26.217361,94.419417,Nagaland,Mokokchung,1,1040.0
24.909542,94.316778,Manipur,Kamjong,1,986.0
27.43422113157796,88.80637279215432,,,0,4223.0
25.202161097506675,94.74246096332344,,,0,1442.0
26.1295,94.136111,Nagaland,Wokha,1,580.0
26.472991493569097,94.11411435252872,,,0,92.0
23.91473990641369,94.15376756149529,,,0,268.0
25.07269717217806,92.497653250956,,,0,234.0
25.964934268422716,95.22743360438116,,,0,1677.0
27.199028,88.350417,Sikkim,South Sikkim,1,1158.0
27.02510507361737,88.33302728409072,,,0,1484.0
25.326204,91.932463,Meghalaya,East Khasi Hills,1,996.0
25.22,93.32,Assam,Dima Hasao,1,974.0
24.841012399217163,93.29465224941868,,,0,1100.0
28.68402552690934,95.75429426582316,,,0,3023.0
26.227896,94.55032,Nagaland,Mokokchung,1,1216.0
24.05,92.38,Mizoram,Mamit,1,649.0
25.788847,94.856314,Nagaland,Kiphire,1,621.0
23.641567358219724,92.50496229677458,,,0,232.0
25.664111,91.089556,Meghalaya,West Khasi Hills,1,914.0
25.261372375081663,94.66154606184128,,,0,2118.0
27.592778102914608,88.5235561318132,,,0,2827.0
25.521604734036774,93.3944035557582,,,0,448.0
23.205961,92.538406,Mizoram,Lunglei,1,762.0
22.20292885778709,92.4429788550766,,,0,283.0
22.92990733241647,92.98696870495694,,,0,418.0
26.074417,94.423667,Nagaland,Zunheboto,1,916.0
28.622722,95.043528,Arunachal Pradesh,Upper Siang,1,547.0
25.307482431325763,94.42492997564884,,,0,1184.0
27.152256353099684,93.50582349528266,,,0,1579.0
27.513674710212843,93.64498545353676,,,0,1060.0
22.086797972388027,93.02308139539676,,,0,1132.0
25.326722,94.510083,Manipur,Ukhrul,1,1274.0
26.57447,93.66297,Assam,Karbi Anglong,1,197.0
27.45363903485541,88.71715147853243,,,0,2822.0
27.513421104239747,88.30510954843214,,,0,4107.0
27.48283537887768,88.34537494854368,,,0,3293.0
23.659891,93.349052,Mizoram,Champhai,1,1173.0
26.208417,94.204389,Nagaland,Wokha,1,640.0
23.95,92.37,Mizoram,Mamit,1,772.0
27.00548425703333,88.61115180415237,,,0,709.0
23.73132778,92.70821944,Mizoram,Aizawl,1,885.0
24.044589512117597,92.47100781644272,,,0,90.0
26.68489245558337,94.93423811062404,,,0,607.0
26.127222,94.306444,Nagaland,Wokha,1,1160.0
26.074,95.083833,Nagaland,Noklak,1,1982.0
25.587167,94.514361,Manipur,Ukhrul,1,1411.0
25.247014,92.096144,Meghalaya,West Jaintia Hills,1,885.0
23.726694,92.557778,Mizoram,Mamit,1,834.0
25.6800383617486,94.65672289547142,,,0,820.0
24.36555556,92.93,Mizoram,Aizawl,1,592.0
28.266271,95.609385,Arunachal Pradesh,Lower Dibang Valley,1,477.0
26.02422527065745,93.26422743295078,,,0,128.0
25.297212246391428,92.94191722456272,,,0,614.0
27.56943458180997,93.83927463260883,,,0,1571.0
28.070533276621003,95.83905564848727,,,0,240.0
26.276667,94.8275,Nagaland,Tuensang,1,916.0
26.05428538898021,94.78918098129589,,,0,1783.0
24.03,93.57,Manipur,Churachandpur,1,828.0
25.10024941951034,93.5018227603401,,,0,857.0
28.11192192694037,96.08709850562732,,,0,1711.0
21.919971734191584,92.7158491691988,,,0,96.0
22.77987923696928,92.44310660510786,,,0,188.0
23.319412,92.855415,Mizoram,Serchhip,1,950.0
23.640693,93.084944,Mizoram,Champhai,1,1130.0
28.42636,94.6774,Arunachal Pradesh,West Siang,1,558.0
23.699218194081453,93.478658545518,,,0,1391.0
27.956898646158663,95.84886840997304,,,0,156.0
23.65388889,92.72444444,Mizoram,Aizawl,1,742.0
27.266667,92.404389,Arunachal Pradesh,West Kameng,1,2619.0
25.079207842986342,91.67703788829007,,,0,11.0
24.62699829719818,94.07047372127847,,,0,789.0
27.77710139176871,94.80761832908446,,,0,1074.0
27.060775694163443,93.72554837303464,,,0,352.0
25.164056,93.692861,Manipur,Tamenglong,1,1004.0
23.6150580205854,92.4949640928874,,,0,311.0
28.18200082565613,95.98875047059336,,,0,2268.0
28.428221381768637,96.05009773058958,,,0,2027.0
26.328530247008334,95.10053963920664,,,0,1489.0
24.325444,94.232583,Tripura,West Tripura,1,413.0
24.987667,93.494361,Manipur,Tamenglong,1,1110.0
26.421667,95.011306,Nagaland,Mon,1,1621.0
25.471806,94.543,Manipur,Ukhrul,1,956.0
22.20250829989926,92.51554142688596,,,0,280.0
23.73055556,92.71527778,Mizoram,Aizawl,1,991.0
23.47472218924017,92.44245749582164,,,0,283.0
25.5,94.389,Manipur,Senapati,1,1782.0
24.95833318730463,93.3340835782294,,,0,252.0
28.423776900237232,95.08360058618032,,,0,296.0
26.21819374773157,95.25867341374062,,,0,1722.0
25.06401588022649,93.03581016642846,,,0,1317.0
25.561306,94.780778,Nagaland,Phek,1,1061.0
27.503400982888067,88.03801001008549,,,0,4369.0
24.75,93.427528,Manipur,Noney,1,739.0
24.738208506214765,92.97067219988618,,,0,23.0
28.098914565482676,93.84090102597878,,,0,1695.0
22.849134,92.809334,Mizoram,Lunglei,1,1138.0
24.677303,94.253445,Manipur,Kamjong,1,988.0
24.652048348649764,94.52516575188848,,,0,453.0
22.59532826305867,92.4762425726294,,,0,251.0
25.40047669830089,91.12315524552744,,,0,747.0
26.421389,94.975,Nagaland,Tuensang,1,687.0
25.667,94.089,Nagaland,Kohima,1,1332.0
25.34094701858382,93.77669758615032,,,0,1414.0
25.675902825551848,91.41370291724654,,,0,1451.0
26.603681673870515,95.26938806703092,,,0,818.0
23.301901,92.649401,Mizoram,Lunglei,1,725.0
25.34499689732704,93.92256148008474,,,0,1560.0
23.373153180752794,92.56715816054351,,,0,340.0
28.27787124151867,96.44770211059816,,,0,2080.0
23.73111111,92.84638889,Mizoram,Aizawl,1,698.0
27.084653499832054,88.65155060125771,,,0,1998.0
27.09996424913591,88.650986113911,,,0,2325.0
23.176575,92.979797,Mizoram,Serchhip,1,1117.0
24.699761,93.650047,Manipur,Noney,1,859.0
24.95054,92.731458,Assam,Cachar,1,46.0
28.149568,95.277177,Arunachal Pradesh,East Siang,1,207.0
28.207066700260857,95.69789803776384,,,0,223.0
25.525094,94.135798,Nagaland,Kohima,1,1716.0
27.096928773435334,93.39604027960056,,,0,929.0
27.01002161195789,88.30785589842397,,,0,1771.0
25.17595010828277,94.00560971453544,,,0,1216.0
23.467715,93.313017,Mizoram,Champhai,1,1363.0
27.292167,92.391889,Arunachal Pradesh,West Kameng,1,1787.0
22.356001,92.791,Mizoram,Lawngtlai,1,251.0
27.170773458787693,93.90831526395964,,,0,105.0
23.35694444,92.77027778,Mizoram,Aizawl,1,1024.0
24.19,94.11,Manipur,Chandel,1,1347.0
28.14251,95.27439,Arunachal Pradesh,East Siang,1,396.0
27.248583,88.117444,Sikkim,West Sikkim,1,2009.0
27.553556,88.581222,Sikkim,North Sikkim,1,1837.0
25.446056,93.408583,Assam,Dima Hasao,1,401.0
27.94619896553411,93.5659175759198,,,0,1595.0
25.90088003885975,92.7607651108356,,,0,83.0
25.55,90.33,Meghalaya,West Garo Hills,1,744.0
27.198856,88.638725,Sikkim,East Sikkim,1,588.0
25.31458,91.45242,Meghalaya,South West Khasi Hills,1,1308.0
25.56118030937761,90.96338717756464,,,0,832.0
24.908778,94.333417,Manipur,Kamjong,1,1358.0
26.04556721970113,94.7956480118992,,,0,1404.0
26.867208249367057,88.3161979258179,,,0,726.0
27.978454886792,94.85875331354484,,,0,1165.0
26.98465604689092,95.18817655341434,,,0,354.0
24.971389,93.559056,Manipur,Tamenglong,1,732.0
26.330556,94.875833,Nagaland,Tuensang,1,657.0
26.28503437107596,92.0351354833792,,,0,55.0
23.37060654397087,92.55141904136072,,,0,412.0
24.779889,93.663889,Manipur,Noney,1,463.0
25.311336,90.969222,Meghalaya,West Khasi Hills,1,382.0
27.962664909866195,95.82043093601555,,,0,147.0
25.538946430372174,90.03370201488025,,,0,71.0
25.90653,92.65819,Assam,West Karbi Anglong,1,273.0
23.54777778,92.70166667,Mizoram,Aizawl,1,794.0
27.01067306035717,88.50242904428369,,,0,1185.0
26.90879530909177,95.78300163326716,,,0,1442.0
24.29,93.68,Manipur,Churachandpur,1,822.0
28.24113908349452,94.68518292731756,,,0,317.0
24.58605,93.21056389,Mizoram,Kolasib,1,72.0
27.94175,94.695694,Arunachal Pradesh,Lepa rada,1,836.0
24.091359,92.796008,Mizoram,Aizawl,1,916.0
25.81932862901185,91.96208237634838,,,0,756.0
28.262989,95.59932,Arunachal Pradesh,Lower Dibang Valley,1,495.0
25.0621803670505,93.23238186819474,,,0,808.0
24.95688430739855,93.22087659459132,,,0,166.0
24.719397,93.509003,Manipur,Noney,1,315.0
26.27520720475897,93.32542293593995,,,0,852.0
25.301258210217743,93.6928053484812,,,0,853.0
26.036262,94.591057,Nagaland,Zunheboto,1,1301.0
23.314408,92.808662,Mizoram,Serchhip,1,483.0
27.99608494370888,95.34520310700232,,,0,142.0
26.286222,94.364167,Nagaland,Mokokchung,1,740.0
25.124639,93.92575,Manipur,Senapati,1,1262.0
27.255389,88.388944,Sikkim,South Sikkim,1,1863.0
25.715956,94.810833,Nagaland,Phek,1,1324.0
26.488056,94.821389,Nagaland,Longleng,1,1329.0
25.314363619666,92.97747654493894,,,0,409.0
23.382417,93.384944,Mizoram,Champhai,1,979.0
25.54328,92.10478,Meghalaya,East Khasi Hills,1,1272.0
25.283172434488435,94.64634328176312,,,0,1382.0
25.637365,91.932235,Meghalaya,East Khasi Hills,1,1299.0
27.246131,93.804711,Arunachal Pradesh,Lower Subansiri,1,270.0
23.24231111,93.17726667,Mizoram,Aizawl,1,647.0
27.82754893477481,93.71208337644558,,,0,1951.0
24.301533154979836,92.38828516453164,,,0,53.0
27.19,88.564472,Sikkim,East Sikkim,1,573.0
27.11364985294231,88.55194328495904,,,0,1321.0
23.111578,92.789795,Mizoram,Lunglei,1,795.0
26.03932058126461,93.6563939254909,,,0,206.0
23.328168021969283,92.40977565797807,,,0,224.0
25.271890232330104,92.4380998808892,,,0,764.0
27.65789515708497,91.9640438801741,,,0,3945.0
22.246548250124672,92.4951325605032,,,0,130.0
28.27065186175343,95.43235423201538,,,0,1392.0
27.41340571480273,95.86043047607382,,,0,153.0
27.6402,93.8628,Arunachal Pradesh,Lower Subansiri,1,1775.0
22.574112,92.873337,Mizoram,Lawngtlai,1,960.0
27.37027778,88.67361111,Sikkim,East Sikkim,1,2508.0
27.1275,93.73164,Arunachal Pradesh,Papum Pare,1,140.0
24.11104722,93.10374167,Mizoram,Kolasib,1,584.0
25.605,94.051,Nagaland,Kohima,1,2528.0
25.285946780531045,91.1274475571928,,,0,220.0
26.51098970008861,93.76324086608254,,,0,100.0
23.157418,92.744221,Mizoram,Lunglei,1,853.0
27.395639,88.621667,Sikkim,East Sikkim,1,1592.0
27.29539469427121,92.57974203660945,,,0,1425.0
24.976064994006027,93.92911643921596,,,0,1112.0
27.30827029116607,88.02799182115923,,,0,3202.0
27.174473434278863,92.29014600571614,,,0,2211.0
25.18972,93.02011,Assam,Dima Hasao,1,500.0
23.27598056,93.14351667,Mizoram,Aizawl,1,663.0
25.726,94.435,Nagaland,Phek,1,1125.0
28.17413378572997,96.6589430712173,,,0,1373.0
25.867346592378887,91.95223516012676,,,0,794.0
27.925999637491422,93.70002054508012,,,0,1306.0
25.05173313134634,91.84180184021494,,,0,11.0
24.87352046811345,93.39100034397472,,,0,245.0
27.420003931776925,92.79565898255952,,,0,1076.0
24.122562574022748,92.60756096072434,,,0,118.0
23.60360833,93.14173056,Mizoram,Kolasib,1,707.0
27.27072738509024,92.50444271321383,,,0,1719.0
28.099858,95.282975,Arunachal Pradesh,East Siang,1,214.0
25.201,91.234,Meghalaya,West Khasi Hills,1,18.0
26.420556,94.973056,Nagaland,Tuensang,1,692.0
23.46243,93.262259,Mizoram,Champhai,1,862.0
24.511865115132014,93.47303506458486,,,0,481.0
25.148091216396168,92.64886763092372,,,0,1212.0
24.4972294962355,94.2894704088488,,,0,538.0
28.302353592153477,94.7259376955818,,,0,511.0
28.069579945105826,94.72091931926816,,,0,808.0
27.08386,92.587656,Arunachal Pradesh,West Kameng,1,222.0
25.700278,94.767222,Nagaland,Phek,1,1352.0
26.904445,95.360399,Arunachal Pradesh,Longding,1,428.0
22.85558,92.69914,Mizoram,Lunglei,1,414.0
26.05813405135753,92.3444918342737,,,0,200.0
23.195853530495768,93.41935403178124,,,0,1199.0
27.977745243457587,94.03703118021882,,,0,1898.0
25.977325965479235,91.66632680706726,,,0,347.0
23.91951111,91.87873333,Tripura,Dhalai,1,106.0
26.592167,95.012111,Nagaland,Mon,1,547.0
22.5898732413437,92.73010889006608,,,0,617.0
22.25,92.62,Mizoram,Lawngtlai,1,228.0
24.842538,94.325233,Manipur,Kamjong,1,1306.0
25.76682109838482,93.643382972049,,,0,183.0
25.568528,94.784806,Nagaland,Phek,1,999.0
25.18665288651049,93.82643039848888,,,0,1029.0
25.146306,93.942167,Assam,Dima Hasao,1,1287.0
24.13,94.06,Manipur,Chandel,1,1426.0
27.591528,91.880444,Arunachal Pradesh,Tawang,1,2767.0
25.44999304084748,94.2101922488849,,,0,1388.0
24.16,93.96,Manipur,Chandel,1,1501.0
28.14445467407103,96.74402749843144,,,0,3431.0
24.415347677054932,92.96812075391178,,,0,514.0
24.859576,93.576244,Manipur,Noney,1,412.0
26.8183623064013,95.2377888156128,,,0,1194.0
23.75527778,92.82777778,Mizoram,Aizawl,1,308.0
25.45351667,92.18784722,Meghalaya,West Jaintia Hills,1,1272.0
25.445965485513664,91.93081857903825,,,0,976.0
26.924001264606645,88.46930066619075,,,0,383.0
25.4365,93.402333,Assam,Dima Hasao,1,376.0
27.572114113547663,96.59860139273924,,,0,1353.0
25.843222,94.053139,Nagaland,Kohima,1,949.0
28.09804663672788,95.43829289830708,,,0,188.0
27.621697446629287,92.10974924836783,,,0,3978.0
27.28346101622717,94.06947990091092,,,0,98.0
26.318806,94.453611,Nagaland,Mokokchung,1,1070.0
24.262455331016085,94.42058352672896,,,0,150.0
25.359985,91.882639,Meghalaya,East Khasi Hills,1,1518.0
28.357774676615094,95.71600341445492,,,0,1244.0
25.13144011666554,91.72552155252158,,,0,14.0
27.297139,88.388472,Sikkim,South Sikkim,1,1511.0
25.27728056,91.57445,Meghalaya,East Khasi Hills,1,1334.0
26.9231,92.76755,Assam,Sonitpur,1,154.0
25.892028,94.274528,Nagaland,Kohima,1,1310.0
28.04390184644865,95.14955120292372,,,0,1449.0
26.314688939416182,91.56328147017912,,,0,48.0
26.111335,94.257114,Nagaland,Wokha,1,1413.0
26.02367832540865,94.76697914741798,,,0,1549.0
25.215303851592587,94.43256324830506,,,0,1428.0
23.747519,92.853155,Mizoram,Aizawl,1,808.0
28.442078206248706,95.11000911071264,,,0,821.0
24.497811814929985,93.95776633617596,,,0,776.0
27.47868226191361,88.46084627494537,,,0,1878.0
23.78138889,92.67638889,Mizoram,Aizawl,1,441.0
25.71611,94.08883,Nagaland,Kohima,1,1449.0
28.199720435827214,95.6007857070799,,,0,301.0
25.107694,93.623556,Manipur,Tamenglong,1,1144.0
23.92479867132398,92.52714404744503,,,0,86.0
24.892726475624805,92.87990940227364,,,0,24.0
24.863414,93.598719,Manipur,Noney,1,411.0
25.493958,93.657962,Nagaland,Peren,1,1228.0
25.17425,93.00244,Assam,Dima Hasao,1,768.0
23.634231262831776,92.45956286563217,,,0,622.0
22.26,92.63,Mizoram,Lawngtlai,1,186.0
28.322133317862853,95.38454872003362,,,0,2310.0
22.946223370802084,92.33406203794075,,,0,133.0
25.419,94.578639,Manipur,Ukhrul,1,1509.0
23.76583333,92.71527778,Mizoram,Aizawl,1,556.0
28.215926,95.799557,Arunachal Pradesh,Lower Dibang Valley,1,1017.0
26.331028,94.279167,Nagaland,Wokha,1,879.0
24.475287854270007,93.67369382068216,,,0,1665.0
25.296967701189192,93.75152343851978,,,0,1351.0
25.08672067909642,93.21791562225704,,,0,277.0
23.552420417639716,93.48938643712636,,,0,1267.0
25.796657,92.143462,Meghalaya,Ri-Bhoi,1,821.0
26.169389,94.24675,Nagaland,Wokha,1,776.0
25.69463611,91.64577778,Meghalaya,Eastern-West Khasi Hill,1,1204.0
22.3897150716403,93.28222319336048,,,0,1578.0
25.97448384516144,93.91288516196464,,,0,153.0
25.42087407092162,92.4865258377192,,,0,1136.0
27.45359844699341,88.42799245979892,,,0,3236.0
25.966861,94.2215,Nagaland,Kohima,1,1269.0
22.85697,92.70764,Mizoram,Lunglei,1,560.0
24.33791795684404,93.875931867821,,,0,816.0
27.2080616673792,92.22038057483458,,,0,2994.0
25.2680714923494,94.80384825807798,,,0,1840.0
27.14376874665349,88.91804491188958,,,0,1432.0
23.396738,93.368237,Mizoram,Champhai,1,1195.0
23.774,92.848,Mizoram,Aizawl,1,670.0
24.74,93.16,Manipur,Jiribam,1,36.0
28.606804,95.864088,Arunachal Pradesh,Dibang Valley,1,704.0
27.4602156541862,88.1480235713673,,,0,3301.0
27.96884818862897,96.53277155438256,,,0,2121.0
23.508465176329835,92.41626475288392,,,0,798.0
27.760436940991216,94.83433257650556,,,0,339.0
25.84152,93.45138,Assam,Karbi Anglong,1,196.0
22.27248849084249,92.54333652486532,,,0,520.0
28.021678,94.536256,Arunachal Pradesh,West Siang,1,559.0
25.227249,91.748917,Meghalaya,East Khasi Hills,1,479.0
25.259615844160816,92.9290358701335,,,0,723.0
25.116111,93.640417,Manipur,Tamenglong,1,1242.0
23.5275,92.65472222,Mizoram,Aizawl,1,407.0
25.611931,92.452931,Meghalaya,West Jaintia hills,1,993.0
28.2756561864556,94.62259863274176,,,0,860.0
25.62262671948729,93.24208710437708,,,0,494.0
27.156806,88.5225,Sikkim,East Sikkim,1,601.0
25.79,93.78,Nagaland,Dimapur,1,242.0
27.368751592406216,88.03135789542486,,,0,3383.0
27.817094346649,88.6902156331767,,,0,4217.0
24.892847480538805,92.7037418854427,,,0,15.0
22.993093347288845,93.44549318303034,,,0,1173.0
29.073987224384407,95.8606805085424,,,0,2246.0
26.552222,94.788611,Nagaland,Longleng,1,1063.0
24.99561,93.16261,Assam,Cachar,1,203.0
27.804944,94.719861,Arunachal Pradesh,West Siang,1,899.0
23.223055,92.931114,Mizoram,Serchhip,1,399.0
24.664737,94.290345,Manipur,Kamjong,1,1243.0
24.969586192372148,94.78817728983958,,,0,620.0
24.270806,94.125139,Manipur,Tengnoupal,1,1156.0
28.234199,95.777037,Arunachal Pradesh,Lower Dibang Valley,1,864.0
23.200073,92.734654,Mizoram,Lunglei,1,752.0
25.155722,93.022778,Assam,Dima Hasao,1,613.0
28.40305806672285,94.91668502647296,,,0,909.0
26.192444,91.764222,Assam,Kamrup (Metro),1,101.0
24.024826,92.888859,Mizoram,Aizawl,1,1195.0
28.170176570526586,95.52851439969092,,,0,307.0
25.048080593197383,92.0708726328085,,,0,14.0
25.22292244595943,93.78672432462602,,,0,1677.0
28.62267,95.856377,Arunachal Pradesh,Dibang Valley,1,804.0
28.337187277509194,95.07152838643243,,,0,802.0
27.978518240769077,95.95209621655276,,,0,197.0
26.23675,94.209639,Nagaland,Wokha,1,378.0
23.092076,92.752286,Mizoram,Lunglei,1,754.0
22.88408,92.72978,Mizoram,Lunglei,1,853.0
24.898438,94.328686,Manipur,Ukhrul,1,1353.0
25.587071508778106,92.96000020309772,,,0,147.0
22.952304579014125,93.1192506762998,,,0,974.0
23.61472222,92.80111111,Mizoram,Aizawl,1,395.0
26.923613521961084,93.54231090679652,,,0,99.0
25.64317272207878,90.9130232603404,,,0,640.0
25.02787401394144,93.2463827728867,,,0,256.0
25.60761020402501,93.1799039025475,,,0,282.0
23.85,92.33,Mizoram,Mamit,1,188.0
25.157667,93.6845,Manipur,Tamenglong,1,1032.0
25.223769,91.740164,Meghalaya,East Khasi Hills,1,968.0
27.44965916393315,88.1968975207086,,,0,3269.0
25.128222,94.321722,Manipur,Ukhrul,1,1802.0
25.096417,94.531778,Manipur,Ukhrul,1,1603.0
27.303510925141467,88.96233485609126,,,0,4137.0
26.0074,93.9988,Nagaland,Wokha,1,698.0
28.574732602230625,94.76130346201153,,,0,1875.0
27.497847340225604,96.08937269316198,,,0,196.0
25.954889,91.858667,Meghalaya,Ri-Bhoi,1,424.0
27.482696386399148,92.8575572833167,,,0,1798.0
23.412993673850927,92.5071673528166,,,0,762.0
25.646,94.479,Nagaland,Phek,1,1352.0
28.25428589124435,95.10900745930311,,,0,1992.0
27.49854051107814,93.71468481894551,,,0,1134.0
25.660194,94.7535,Nagaland,Phek,1,1673.0
27.506778912227816,88.38203289050278,,,0,3477.0
28.273544,95.789425,Arunachal Pradesh,Lower Dibang Valley,1,787.0
27.21280292527567,92.85810863197368,,,0,1494.0
24.71938056,93.26740556,Mizoram,Kolasib,1,825.0
23.475139,93.241028,Mizoram,Champhai,1,887.0
27.462444808603585,88.68353834408393,,,0,2675.0
26.301639,94.588361,Nagaland,Mokokchung,1,609.0
24.42575801533462,92.91529089030486,,,0,44.0
26.0043,93.9803,Nagaland,Wokha,1,472.0
24.875575075930215,92.5494349846864,,,0,14.0
27.24276050300543,92.9180310241888,,,0,1076.0
28.311405324257446,96.0702101404422,,,0,882.0
27.91669,96.33833,Arunachal Pradesh,Lohit,1,1263.0
25.840139,94.006528,Nagaland,Kohima,1,1275.0
25.569333,92.202139,Meghalaya,East Khasi Hills,1,1233.0
24.83278,93.46333,Manipur,Tamenglong,1,773.0
25.482045626607437,91.9677052189913,,,0,1611.0
24.820833,94.504167,Manipur,Kamjong,1,1289.0
25.287722,94.530583,Manipur,Ukhrul,1,1187.0
25.032630558677223,94.7346344614418,,,0,1571.0
22.87075,92.75403,Mizoram,Lunglei,1,1149.0
25.215645030673592,92.31245281663875,,,0,594.0
24.25806,94.28722,Manipur,Chandel,1,314.0
23.324731819487177,93.58628466647816,,,0,845.0
28.907250829666324,95.69176873494048,,,0,2472.0
26.43606824426586,95.16512476571744,,,0,1324.0
28.91793751554931,95.7048739786176,,,0,2260.0
26.855739681092057,95.24403147452072,,,0,1277.0
23.72916667,92.76583333,Mizoram,Aizawl,1,754.0
27.56078512196784,88.36457360144796,,,0,2810.0
27.87469,96.35986,Arunachal Pradesh,Lohit,1,425.0
22.58476623895208,92.4742187948731,,,0,293.0
26.897502,95.542612,Arunachal Pradesh,Tirap,1,1425.0
28.23428407017501,95.36294034593344,,,0,773.0
25.431845013454637,93.94582618404004,,,0,1006.0
23.92690216552318,91.19294082212028,,,0,5.0
22.399,92.964996,Mizoram,Saiha,1,148.0
27.819317017477275,94.05457146321058,,,0,1524.0
26.65206000749226,94.92794527762952,,,0,427.0
22.88,92.49,Mizoram,Lunglei,1,98.0
27.40825,88.571167,Sikkim,North Sikkim,1,1662.0
26.070306,94.280586,Nagaland,Wokha,1,1481.0
23.34896374056673,92.983557720541,,,0,1332.0
22.985518875428987,93.40162516108266,,,0,1058.0
26.49,94.37,Nagaland,Mokokchung,1,261.0
25.044733,92.423675,Meghalaya,East Jaintia Hills,1,207.0
24.365611,94.1665,Manipur,Tengnoupal,1,1212.0
25.74658061469497,92.79861929407912,,,0,151.0
25.69688611,91.64176667,Meghalaya,Eastern-West Khasi Hill,1,1285.0
24.045278,92.775169,Mizoram,Aizawl,1,959.0
23.39553951474537,92.45103359878676,,,0,283.0
25.21006699090473,91.31837783874968,,,0,79.0
27.032124,95.562208,Arunachal Pradesh,Tirap,1,673.0
28.04378031832947,95.85416990480392,,,0,228.0
25.78875,94.234111,Nagaland,Kohima,1,644.0
27.035961425057565,93.41760548479934,,,0,241.0
24.920137994655363,94.82147362626992,,,0,261.0
25.282849313766587,94.4194092340436,,,0,1073.0
26.0178417,94.6092667,Nagaland,Zunheboto,1,1895.0
26.313591755894173,91.58124045676186,,,0,49.0
23.99905825532565,92.60827030104566,,,0,330.0
26.388127472063854,94.1132165713417,,,0,108.0
25.152472,93.673667,Manipur,Tamenglong,1,1046.0
23.33529167,93.11214167,Mizoram,Aizawl,1,1144.0
23.76388889,92.73388889,Mizoram,Aizawl,1,1203.0
25.421656,94.071,Manipur,Senapati,1,1500.0
27.531291613692925,88.15325319476571,,,0,4781.0
25.906472,94.428039,Nagaland,Kohima,1,1129.0
26.46788677192328,95.14608834143812,,,0,1803.0
26.4445343438794,95.1248092611476,,,0,1968.0
28.388659836535982,95.35699360295668,,,0,1609.0
23.85760672210029,93.93282603029508,,,0,1031.0
28.00069702640187,95.68968070197413,,,0,152.0
25.293697248972613,94.22523936085932,,,0,1108.0
27.37091041610866,95.3427679732548,,,0,121.0
27.92860047851523,96.2574438846657,,,0,476.0
23.170376,92.739585,Mizoram,Lunglei,1,754.0
25.23348655035727,92.30204106073649,,,0,665.0
25.86632292446617,93.92642763499678,,,0,240.0
27.383361,88.702611,Sikkim,East Sikkim,1,3164.0
28.201838,95.812004,Arunachal Pradesh,Lower Dibang Valley,1,913.0
22.897877,92.934364,Mizoram,Lunglei,1,406.0
27.2701803617224,95.8592133726288,,,0,229.0
27.20597116617941,88.93733806520746,,,0,2744.0
25.65967,94.09297,Nagaland,Kohima,1,1479.0
27.18666535390017,92.41158224707289,,,0,1991.0
27.39339203844449,91.94048437449432,,,0,3429.0
23.739417,92.699917,Mizoram,Aizawl,1,1002.0
25.63202487755661,92.12839432630707,,,0,892.0
23.314208,92.858096,Mizoram,Serchhip,1,1059.0
23.05222222,92.67027778,Mizoram,Kolasib,1,430.0
25.08571835467742,91.64400100209708,,,0,18.0
23.478601,92.858505,Mizoram,Serchhip,1,1029.0
23.333165,93.057945,Assam,Dima Hasao,1,1193.0
23.67605677074136,93.4471509241686,,,0,1033.0
24.65018056,93.20256667,Mizoram,Kolasib,1,230.0
24.949745707233483,91.61220491064584,,,0,10.0
24.90725,94.335333,Manipur,Ukhrul,1,1362.0
24.22,93.3,Manipur,Churachandpur,1,941.0
27.220833,93.698194,Arunachal Pradesh,Papum Pare,1,503.0
24.7895,93.774222,Manipur,Kangpokpi,1,1070.0
26.66725,94.614028,Nagaland,Mokokchung,1,520.0
28.618542,95.858124,Arunachal Pradesh,Dibang Valley,1,775.0
27.288167,88.102778,Sikkim,West Sikkim,1,1751.0
27.258222,88.704778,Sikkim,East Sikkim,1,1216.0
25.865894,91.880278,Meghalaya,Ri-Bhoi,1,550.0
28.44239906077225,95.72993483152612,,,0,1009.0
25.07230453309872,93.11434640752842,,,0,716.0
23.011667,92.720558,Mizoram,Lunglei,1,448.0
22.96276287834188,93.13793038504004,,,0,373.0
23.607347,92.879114,Mizoram,Aizawl,1,586.0
23.3076421223816,92.58794997983664,,,0,349.0
24.240194,92.247861,Tripura,North Tripura,1,144.0
27.051810043988752,95.24206720742548,,,0,130.0
22.812588,92.807343,Mizoram,Lunglei,1,920.0
25.365263,91.878497,Meghalaya,East Khasi Hills,1,1545.0
24.858310852023344,92.95679020830852,,,0,33.0
28.42525585889216,96.01456449959583,,,0,2079.0
23.384222,93.145528,Mizoram,Champhai,1,1208.0
24.06,94.03,Manipur,Chandel,1,1291.0
25.846727864217726,93.91701340870236,,,0,435.0
28.67070184153378,95.9907346649788,,,0,1313.0
27.6847377491952,92.92059601108124,,,0,2649.0
27.33910376513153,91.8940220613504,,,0,3958.0
23.05214,93.307373,Mizoram,Champhai,1,1181.0
28.667561988608725,96.08231812655464,,,0,1326.0
23.33678196950237,93.4497036401558,,,0,1202.0
23.66,92.72805556,Mizoram,Aizawl,1,859.0
25.214944,92.073917,Meghalaya,West Jaintia Hills,1,674.0
27.00096872626429,88.34584686330784,,,0,704.0
25.667,94.254,Nagaland,Phek,1,1564.0
25.957472,94.036278,Nagaland,Kohima,1,660.0
25.633944,94.733056,Nagaland,Phek,1,1937.0
27.4432,88.6087,Sikkim,Mangan,1,1570.0
28.277716,95.789358,Arunachal Pradesh,Lower Dibang Valley,1,726.0
28.321343879654197,96.8095961021614,,,0,4327.0
25.632,94.257,Nagaland,Phek,1,1138.0
25.841423885397443,91.71724722808894,,,0,630.0
25.698667,91.054778,Meghalaya,West Khasi Hills,1,865.0
23.72694444,92.79527778,Mizoram,Aizawl,1,256.0
25.924954,94.458712,Nagaland,Zunheboto,1,1679.0
25.073624001639697,93.0922520387222,,,0,554.0
24.895806,94.243944,Manipur,Ukhrul,1,1231.0
24.16647222,92.69555556,Mizoram,Kolasib,1,725.0
22.53544,92.893059,Mizoram,Lawngtlai,1,788.0
27.302253,93.050932,Arunachal Pradesh,East Kameng,1,1189.0
25.158828,93.720131,Manipur,Tamenglong,1,772.0
24.84754595086896,94.45056367852516,,,0,699.0
23.94113743027189,92.59218859002652,,,0,624.0
27.42487809455508,93.79106182119976,,,0,1209.0
28.309676,95.967453,Arunachal Pradesh,Lower Dibang Valley,1,782.0
24.786938,93.657893,Manipur,Noney,1,560.0
25.079028,92.359111,Meghalaya,East Jaintia Hills,1,250.0
27.43618105881187,92.89745623634208,,,0,1970.0
28.775381,95.898382,Arunachal Pradesh,Dibang Valley,1,1290.0
23.47812778034441,92.45871408674076,,,0,262.0
27.27192409925261,92.95454624298289,,,0,958.0
25.35525,91.767889,Meghalaya,East Khasi Hills,1,1623.0
25.523,93.899,Manipur,Senapati,1,2130.0
27.519480058551636,93.24079765063873,,,0,2825.0
23.101925,93.20426111,Mizoram,Aizawl,1,1121.0
25.185460956179277,93.51577080560216,,,0,822.0
26.143985,94.579865,Nagaland,Zunheboto,1,1666.0
25.36862409183062,94.70530632821652,,,0,1626.0
25.12906,92.97418,Assam,Dima Hasao,1,720.0
23.860102,92.834056,Mizoram,Aizawl,1,202.0
25.34013830311576,92.2923482755882,,,0,1196.0
27.97395519155739,95.86443252924836,,,0,165.0
22.1,92.85,Mizoram,Saiha,1,129.0
24.05808333,93.49808333,Mizoram,Aizawl,1,1244.0
27.039914,95.73282,Arunachal Pradesh,Changlang,1,1020.0
25.530029595780928,94.94460378859377,,,0,1436.0
25.067487811193995,93.89578459314804,,,0,1772.0
25.598711410453333,93.58579652123709,,,0,341.0
25.53633,94.23894,Nagaland,Phek,1,1703.0
24.069444,92.287167,Tripura,North Tripura,1,299.0
27.71410340978292,93.84118491149697,,,0,1789.0
24.766389,93.457722,Manipur,Noney,1,476.0
23.663722173033086,93.43400499860412,,,0,1101.0
26.9870530671429,95.78046658443112,,,0,2084.0
26.976731,95.423103,Arunachal Pradesh,Tirap,1,763.0
27.08110725924746,92.44256884300624,,,0,1824.0
22.68434563360552,92.38373034528618,,,0,54.0
22.45961903221629,92.41732645483152,,,0,178.0
25.935998206181967,92.19302095525538,,,0,848.0
22.9801331416388,93.37883739585608,,,0,1204.0
28.13236868290373,95.5109447579617,,,0,228.0
23.727694,92.736,Mizoram,Aizawl,1,720.0
24.269144,94.107397,Manipur,Chandel,1,1249.0
25.341478,93.133718,Assam,Dima Hasao,1,292.0
27.48603,88.53269,Sikkim,North Sikkim,1,1059.0
23.53611111,92.69777778,Mizoram,Aizawl,1,917.0
24.869028,94.234611,Manipur,Ukhrul,1,1193.0
27.73800482973009,93.70304532225852,,,0,1336.0
27.159185685057324,88.00379635603171,,,0,2987.0
25.324806,91.942194,Meghalaya,East Khasi Hills,1,834.0
25.054722,94.526528,Manipur,Ukhrul,1,1478.0
25.68863902942365,93.54997751595712,,,0,186.0
26.050807379061197,93.83154769075156,,,0,135.0
25.334333,94.08275,Manipur,Senapati,1,1066.0
25.582694,94.785139,Nagaland,Phek,1,974.0
23.71996389,92.73328889,Mizoram,Aizawl,1,812.0
24.970875779183327,91.83412475110656,,,0,12.0
25.923416592782225,92.16789723582934,,,0,726.0
27.99697181401453,95.10714138401164,,,0,715.0
24.8610449613384,93.0994211717277,,,0,63.0
25.534359914806743,93.37903143122293,,,0,650.0
22.475,92.877998,Mizoram,Lawngtlai,1,733.0
26.93980032470016,88.2524978892166,,,0,1527.0
24.495,94.186181,Manipur,Tengnoupal,1,1219.0
23.439894,92.702301,Mizoram,Aizawl,1,588.0
24.656306,93.580806,Manipur,Noney,1,1083.0
22.5306442447632,93.1744408305027,,,0,1116.0
26.93957263048076,92.5413675953978,,,0,118.0
27.543778,92.982806,Arunachal Pradesh,East Kameng,1,641.0
28.85985832820584,94.9502303197048,,,0,2246.0
25.61134167519828,92.90939957321264,,,0,167.0
26.094578,92.135144,Assam,Kamrup,1,85.0
27.178695,95.735218,Arunachal Pradesh,Changlang,1,880.0
25.648759,94.10616,Nagaland,Kohima,1,1558.0
23.457031,92.857686,Mizoram,Serchhip,1,1049.0
23.734427,93.08625,Mizoram,Champhai,1,979.0
27.7425159544984,93.77299139716226,,,0,1400.0
25.21606585723165,93.53281491810516,,,0,1034.0
25.817164,94.975969,Nagaland,Kiphire,1,1842.0
24.0,94.0,Manipur,Chandel,1,1138.0
25.74277507956872,92.2216487621412,,,0,788.0
25.560028,90.833917,Meghalaya,South West Khasi Hills,1,576.0
25.2608,91.8736,Meghalaya,East Khasi Hills,1,1003.0
27.56144008147409,88.13600672082342,,,0,4959.0
26.069879997124275,91.6601275745747,,,0,144.0
24.60966155316376,93.78140828122916,,,0,777.0
27.822556,94.135417,Arunachal Pradesh,Kamle,1,1317.0
24.35,93.53,Manipur,Churachandpur,1,1124.0
28.09719884306994,95.65588351225126,,,0,182.0
26.674139,94.74625,Nagaland,Mokokchung,1,906.0
22.19440905444693,92.53004670130856,,,0,156.0
22.56,92.67,Mizoram,Lawngtlai,1,492.0
23.877806,93.267609,Mizoram,Champhai,1,1668.0
23.59944444,92.72019444,Mizoram,Aizawl,1,762.0
25.559,94.249,Nagaland,Kohima,1,1488.0
24.29270954796421,92.44907598409873,,,0,334.0
23.54194444,92.67638889,Mizoram,Aizawl,1,636.0
26.018177,94.577412,Nagaland,Zunheboto,1,1594.0
25.27884627137939,90.5392425932387,,,0,138.0
26.163441319175757,92.28618212034618,,,0,59.0
25.14221718582731,93.50023611989342,,,0,253.0
27.487261717543408,88.23039519234517,,,0,4659.0
24.938111710917727,93.27057045404166,,,0,273.0
23.70213889,92.71822222,Mizoram,Aizawl,1,1060.0
25.039722,92.781889,Assam,Dima Hasao,1,99.0
28.546605463910247,94.90686046347118,,,0,2008.0
26.473059905541064,94.96991335806332,,,0,800.0
26.410556,94.961944,Nagaland,Tuensang,1,657.0
25.651,94.119,Nagaland,Kohima,1,1311.0
23.855535,92.648953,Mizoram,Mamit,1,73.0
27.357327202837634,93.8944823415156,,,0,1089.0
24.80111111,93.65311111,Manipur,Noney,1,419.0
23.458593,92.905313,Mizoram,Serchhip,1,906.0
26.249568376733546,93.92347193685748,,,0,118.0
25.687,94.12,Nagaland,Kohima,1,1404.0
27.595351311986796,93.7000056890869,,,0,1726.0
23.339889,93.357889,Mizoram,Champhai,1,790.0
25.157592,92.239928,Meghalaya,East Jaintia Hills,1,95.0
25.950944,94.019611,Nagaland,Kohima,1,473.0
27.077728,93.57163,Arunachal Pradesh,Papum Pare,1,332.0
23.811369064239443,93.24429551916806,,,0,1745.0
25.336054,92.82053,Assam,Dima Hasao,1,1018.0
25.006838957687847,93.37732585662232,,,0,206.0
27.53497323881306,88.70697900253246,,,0,2784.0
25.641,94.730878,Nagaland,Phek,1,1762.0
25.7746019,93.9148756,Nagaland,Chumoukedima,1,669.0
25.095131,92.350111,Meghalaya,East Jaintia Hills,1,168.0
27.31510154171996,95.72400872850515,,,0,143.0
27.15193504864581,95.30496305836124,,,0,120.0
27.213529305156847,95.12444827636708,,,0,113.0
25.43183703313332,93.56179117749971,,,0,1275.0
26.860271853795098,94.86530887543697,,,0,475.0
28.022249,94.535672,Arunachal Pradesh,West Siang,1,557.0
25.9,94.78917,Nagaland,Tuensang,1,1047.0
28.26986,95.610757,Arunachal Pradesh,Lower Dibang Valley,1,477.0
23.3765,93.384861,Mizoram,Champhai,1,891.0
23.25836551498137,93.41269148539656,,,0,1474.0
23.49888889,92.7025,Mizoram,Aizawl,1,917.0
24.43,93.85,Manipur,Churachandpur,1,771.0
27.240639,88.306056,Sikkim,West Sikkim,1,963.0
27.57937199197712,93.0677232586934,,,0,1530.0
26.951015969118394,95.70846125121012,,,0,1123.0
25.453994058302843,94.71144700300408,,,0,2224.0
25.46911783520148,94.21493746395558,,,0,1704.0
25.505130756357826,90.95326503688447,,,0,652.0
23.32944444,92.78861111,Mizoram,Aizawl,1,695.0
27.274387,93.797815,Arunachal Pradesh,Papum Pare,1,459.0
28.852213,95.863907,Arunachal Pradesh,Dibang Valley,1,1356.0
27.197417,88.4905,Sikkim,South Sikkim,1,388.0
23.292534509240934,92.51419170409235,,,0,340.0
25.36293209389153,91.11430941939084,,,0,358.0
24.197474,92.947295,Mizoram,Aizawl,1,584.0
24.5107501511158,94.29784940127745,,,0,676.0
24.29,92.95,Mizoram,Aizawl,1,968.0
25.696489,91.644528,Meghalaya,West Khasi Hills,1,1244.0
25.552849063114824,94.41564561235369,,,0,1083.0
25.205260589734188,93.9212908979624,,,0,1474.0
25.771977,93.905846,Nagaland,Kohima,1,614.0
23.76083333,92.8475,Mizoram,Aizawl,1,789.0
25.14980105894101,91.965588477451,,,0,19.0
25.81863683699551,93.26184513155582,,,0,310.0
24.49854469318211,93.2312406218342,,,0,303.0
28.03230778356705,93.46375916895852,,,0,674.0
27.088278,93.66925,Arunachal Pradesh,Papum Pare,1,182.0
23.580139,92.591139,Mizoram,Mamit,1,848.0
22.216414699875617,93.23908356599532,,,0,1083.0
27.39976323176961,95.82741203253126,,,0,147.0
24.92307231654941,93.89961639452108,,,0,804.0
27.121293113425192,93.91966827927688,,,0,92.0
25.119,93.018,Assam,Dima Hasao,1,750.0
26.180944,94.249472,Nagaland,Wokha,1,660.0
25.742901202619,93.53885466744872,,,0,200.0
26.017472,94.254389,Nagaland,Wokha,1,1258.0
25.59291781606491,95.11109802892084,,,0,762.0
23.412879,92.75401,Mizoram,Aizawl,1,1105.0
26.5,94.43,Nagaland,Mokokchung,1,443.0
27.47966060566468,92.75351907314962,,,0,1711.0
25.13561111,92.3805,Meghalaya,Jaintia Hills,1,178.0
25.0776762996794,92.01135114812318,,,0,13.0
24.83,93.88,Manipur,West Imphal,1,784.0
25.74181446916727,91.08504582551882,,,0,699.0
28.421262552934287,95.3526165041304,,,0,1617.0
24.99346769120419,92.22783912256212,,,0,16.0
25.09589840327662,94.1865584848325,,,0,1251.0
23.563943143349075,92.94596075993952,,,0,1542.0
23.64555556,92.72444444,Mizoram,Aizawl,1,805.0
23.639272,93.066239,Mizoram,Champhai,1,876.0
28.265963,94.983464,Arunachal Pradesh,East Siang,1,343.0
27.10348058234223,88.60599089399042,,,0,1547.0
27.606621647183605,88.81676598176772,,,0,4672.0
25.360132,91.882043,Meghalaya,East Khasi Hills,1,1511.0
26.19349438175328,93.98951198413818,,,0,117.0
27.450053285493127,93.21798026543286,,,0,1975.0
25.723698782671097,92.20467681240316,,,0,807.0
27.545694,88.636,Sikkim,North Sikkim,1,1376.0
28.621593,95.855998,Arunachal Pradesh,Dibang Valley,1,810.0
22.584315284694654,92.7796385694536,,,0,334.0
25.63131538231833,92.18831310581088,,,0,1051.0
24.783194,93.774694,Manipur,Kangpokpi,1,1007.0
27.375818015226585,93.97586837239196,,,0,428.0
23.69277778,92.72055556,Mizoram,Aizawl,1,978.0
25.181707846439544,94.00732122056166,,,0,1125.0
28.80778033924607,94.95936220319652,,,0,1542.0
25.622,94.212,Nagaland,Phek,1,915.0
25.33396103090654,92.95523166566552,,,0,404.0
25.811075910957303,91.39695834165938,,,0,253.0
23.69972222,92.71694444,Mizoram,Aizawl,1,1002.0
27.571012172612,96.71026744571606,,,0,2327.0
25.733444,94.780361,Nagaland,Phek,1,1576.0
24.288014,92.946017,Mizoram,Aizawl,1,923.0
27.21275,88.391444,Sikkim,South Sikkim,1,1555.0
24.07462,92.91518,Mizoram,Aizawl,1,764.0
27.230200011730567,88.84257476199332,,,0,1692.0
25.21225,92.047306,Meghalaya,West Jaintia Hills,1,580.0
24.32,92.84,Mizoram,Kolasib,1,305.0
22.5,92.74,Mizoram,Lawngtlai,1,531.0
27.16483074694855,92.7728571721118,,,0,514.0
25.283442240681183,93.91918256594874,,,0,1316.0
24.193061,92.992877,Mizoram,Aizawl,1,249.0
28.77462367628828,96.07569266207857,,,0,3670.0
25.86809581918015,93.91912496686764,,,0,199.0
25.03559118564377,94.77142421493424,,,0,1561.0
27.32888889,88.60777778,Sikkim,East Sikkim,1,1445.0
27.64622029189996,94.8251191873444,,,0,115.0
23.714694,92.728694,Mizoram,Aizawl,1,852.0
25.684,94.119,Nagaland,Kohima,1,1444.0
23.38852106272661,92.54698593549296,,,0,462.0
25.162306,93.691111,Manipur,Tamenglong,1,997.0
27.079763,93.573921,Arunachal Pradesh,Papum Pare,1,332.0
23.53972222,92.71777778,Mizoram,Aizawl,1,900.0
23.141077,92.75109,Mizoram,Lunglei,1,870.0
27.382674751873616,93.7368363315974,,,0,872.0
25.692,94.11,Nagaland,Kohima,1,1415.0
24.401596777416632,93.43316702845088,,,0,967.0
23.791511,92.730515,Mizoram,Aizawl,1,1174.0
28.71637831199572,94.78428811828924,,,0,1313.0
28.69785866518321,95.96707008256838,,,0,2163.0
24.994546591852203,93.43479757316588,,,0,177.0
23.212713,92.930771,Mizoram,Serchhip,1,707.0
23.21475,93.261139,Mizoram,Champhai,1,1452.0
27.30275201218589,93.6790851504776,,,0,1445.0
25.95414475662736,95.16195679108772,,,0,1729.0
22.486,92.882004,Mizoram,Lawngtlai,1,704.0
23.61222222,92.80527778,Mizoram,Aizawl,1,450.0
25.619381281327342,90.68649376398004,,,0,385.0
28.150559454560543,95.7065504029228,,,0,206.0
23.902859919567007,93.93910861638356,,,0,1493.0
24.277639,94.127278,Manipur,Tengnoupal,1,1244.0
25.683,94.119,Nagaland,Kohima,1,1465.0
26.077167,94.542306,Nagaland,Zunheboto,1,1690.0
24.73764287409645,92.56010194525297,,,0,27.0
24.98,92.72,Assam,Cachar,1,37.0
26.97332340404401,95.01849876983631,,,0,129.0
25.455333,93.374472,Assam,Dima Hasao,1,424.0
25.80168709571497,91.82015506541956,,,0,658.0
23.43632179914841,92.3353645831211,,,0,89.0
27.89452854242872,93.58691641959533,,,0,2323.0
25.68690556,91.64915278,Meghalaya,Eastern-West Khasi Hill,1,1124.0
28.610911862775847,95.77429679182728,,,0,1279.0
24.639246068322706,93.8020072287577,,,0,768.0
27.422136840545264,93.73810830053456,,,0,862.0
28.366191688634363,95.12160850557451,,,0,993.0
26.597721451854675,94.85641517063708,,,0,615.0
23.320289,92.854914,Mizoram,Serchhip,1,962.0
23.71707043778098,93.95233602721709,,,0,942.0
26.840099386405413,95.63842284116193,,,0,1697.0
22.73056127612037,92.36457039252711,,,0,198.0
27.529639,88.598139,Sikkim,North Sikkim,1,1464.0
28.254464662522643,95.26803146446662,,,0,1319.0
28.6165486578313,95.7179904152484,,,0,1377.0
26.58607243532556,94.28980666846893,,,0,123.0
23.64638889,92.72527778,Mizoram,Aizawl,1,836.0
23.41638889,92.72027778,Mizoram,Aizawl,1,1088.0
26.98139006126989,94.87727117530147,,,0,95.0
25.461894,91.830791,Meghalaya,East Khasi Hills,1,1732.0
28.62646837967648,96.0273365549906,,,0,1697.0
27.54991273893796,92.86121896064604,,,0,1206.0
27.498508573204557,88.39065557950558,,,0,2975.0
27.531667,88.606333,Sikkim,North Sikkim,1,1458.0
28.359932228370635,94.73697554274284,,,0,1680.0
25.672917,91.06475,Meghalaya,West Khasi Hills,1,990.0
25.13961111,93.01955556,Assam,Dima Hasao,1,741.0
25.400639,94.620639,Manipur,Ukhrul,1,2028.0
28.189071904405136,96.66726866931344,,,0,1675.0
25.877111,94.34325,Nagaland,Zunheboto,1,840.0
27.257139,88.697556,Sikkim,East Sikkim,1,1390.0
25.54979523345481,93.22409982536294,,,0,287.0
25.855647565427365,91.5669252889559,,,0,391.0
23.986109,92.681581,Mizoram,Kolasib,1,448.0
24.199201,92.993156,Mizoram,Aizawl,1,247.0
25.433396514414344,93.91133921055858,,,0,2349.0
23.239137,92.744468,Mizoram,Serchhip,1,764.0
26.94529326286541,95.2502536854841,,,0,382.0
24.229303,92.819002,Mizoram,Aizawl,1,493.0
25.72903805901087,95.00657907130145,,,0,3015.0
25.100967459186634,93.52803278906524,,,0,1592.0
27.310871968926943,95.79447411864663,,,0,141.0
25.36565,92.5314,Meghalaya,East Jaintia Hills,1,1022.0
24.246076,92.948994,Mizoram,Aizawl,1,696.0
25.47704743,92.16831285,Meghalaya,West Jaintia Hills,1,1405.0
23.588444,92.597417,Mizoram,Mamit,1,898.0
24.589386165741963,94.26776045783784,,,0,712.0
25.622,94.206,Nagaland,Phek,1,985.0
25.660825,91.143689,Meghalaya,West Khasi Hills,1,1162.0
23.08750215904248,93.41693048924424,,,0,1032.0
27.46814786778001,88.75963736466534,,,0,4388.0
27.57858021801395,94.61966779550886,,,0,106.0
23.424128933854373,93.48744051246844,,,0,1702.0
23.66194444,92.85416667,Mizoram,Aizawl,1,834.0
22.908125,92.767128,Mizoram,Lunglei,1,1061.0
26.95767544137993,95.23570861735168,,,0,442.0
27.26063889,88.71438889,Sikkim,East Sikkim,1,1294.0
25.553768027952085,93.50416431025448,,,0,330.0
22.884092,92.736252,Mizoram,Lunglei,1,854.0
22.501471,92.891663,Mizoram,Lawngtlai,1,927.0
25.671439,94.225017,Nagaland,Phek,1,861.0
27.056638088481797,88.20569346968381,,,0,1152.0
27.726083,88.54975,Sikkim,North Sikkim,1,2702.0
23.5425,92.67666667,Mizoram,Aizawl,1,656.0
25.652,94.154,Nagaland,Kohima,1,1127.0
25.924744,94.454833,Nagaland,Zunheboto,1,1637.0
23.53944444,92.66527778,Mizoram,Aizawl,1,599.0
23.53861111,92.71805556,Mizoram,Aizawl,1,912.0
24.842039368189976,92.50467897910632,,,0,21.0
25.245012658899043,92.29592139845238,,,0,800.0
22.57,92.68,Mizoram,Lawngtlai,1,475.0
25.881707576467168,93.83999026001162,,,0,150.0
23.34277778,92.77805556,Mizoram,Aizawl,1,823.0
27.827472,93.972556,Arunachal Pradesh,Upper Subansiri,1,723.0
26.212396811454973,92.43813571750782,,,0,66.0
26.956697696757377,95.31550369066538,,,0,635.0
24.97838058563873,93.37041530589696,,,0,346.0
25.463144457986918,94.72195028800355,,,0,2317.0
27.348722,88.600556,Sikkim,East Sikkim,1,1259.0
22.889551,92.728073,Mizoram,Lunglei,1,840.0
25.962494,94.818667,Nagaland,Kiphire,1,1130.0
25.84,93.98,Nagaland,Dimapur,1,510.0
25.01809940456851,93.38744749413536,,,0,320.0
27.552861,88.622306,Sikkim,North Sikkim,1,1739.0
25.56194444,91.88055556,Meghalaya,East Khasi Hills,1,1552.0
27.39584200073949,93.36417004750776,,,0,2749.0
23.891083,92.288361,Tripura,North Tripura,1,288.0
23.53324744464835,93.44610715707928,,,0,1362.0
25.646762782783565,91.42634777331668,,,0,1281.0
23.36556111,93.05125278,Mizoram,Kolasib,1,696.0
23.83996191849244,93.9661215087616,,,0,655.0
24.786357,93.657951,Manipur,Noney,1,581.0
27.316583,88.178917,Sikkim,West Sikkim,1,1559.0
24.14700504964484,93.78205164225548,,,0,848.0
23.056194,92.70047,Mizoram,Lunglei,1,900.0
22.358999,92.779999,Mizoram,Lawngtlai,1,248.0
27.034067189969434,95.78720280041726,,,0,1516.0
26.132502801001397,94.9233964097273,,,0,1655.0
24.16,93.31,Manipur,Churachandpur,1,1052.0
23.88375,92.866778,Mizoram,Aizawl,1,694.0
27.036566788168557,88.30712519156533,,,0,1678.0
22.60098807898949,93.06193871210756,,,0,1007.0
22.86025,92.70778,Mizoram,Lunglei,1,533.0
28.58899869954777,96.09957693592324,,,0,3867.0
25.226751,91.754441,Meghalaya,East Khasi Hills,1,514.0
27.4927734484538,93.83304732190884,,,0,1759.0
28.659535097440784,95.73655724788384,,,0,2313.0
23.88139,93.243027,Mizoram,Champhai,1,1356.0
27.239972,88.332778,Sikkim,West Sikkim,1,1298.0
28.111496612699227,95.95569436451328,,,0,788.0
24.757507516835588,92.69950365271272,,,0,34.0
25.03036359777831,92.15226000215112,,,0,13.0
25.692,94.444,Nagaland,Phek,1,1302.0
26.045806,92.450778,Assam,West Karbi Anglong,1,419.0
26.016389,92.48225,Assam,West Karbi Anglong,1,240.0
26.069278,95.023806,Nagaland,Noklak,1,1877.0
24.31379722,93.33684722,Mizoram,Kolasib,1,367.0
23.69925,92.044694,Tripura,Dhalai,1,108.0
25.00830934742164,91.73421571928266,,,0,11.0
28.43252529043009,94.05464666517231,,,0,1088.0
23.53944444,92.685,Mizoram,Aizawl,1,525.0
23.45138889,92.68,Mizoram,Aizawl,1,894.0
25.656408,91.900528,Meghalaya,East Khasi Hills,1,947.0
24.55271256875809,92.48483168095076,,,0,47.0
27.660606700232357,92.98675878448554,,,0,948.0
25.835778,94.429778,Nagaland,Zunheboto,1,1750.0
24.354814,94.258094,Manipur,Tengnoupal,1,832.0
27.296223,96.013675,Arunachal Pradesh,Changlang,1,293.0
23.213892,92.904892,Mizoram,Serchhip,1,854.0
25.654559969566936,91.52015796719398,,,0,1090.0
24.51,92.64,Assam,Hailakandi,1,60.0
27.438139,88.527028,Sikkim,North Sikkim,1,1280.0
23.66070769390505,92.44444183582176,,,0,413.0
22.853046,92.81588,Mizoram,Lunglei,1,1154.0
27.46745805165846,93.57389115821786,,,0,1105.0
23.695088,93.041426,Mizoram,Champhai,1,755.0
27.590715623378717,93.36580009943988,,,0,2457.0
27.159012350180756,95.94869698085245,,,0,1371.0
28.259561,95.568965,Arunachal Pradesh,Lower Dibang Valley,1,458.0
26.674517485811958,94.41732995895616,,,0,127.0
24.948444,94.1555,Manipur,Ukhrul,1,1033.0
28.129394213938813,94.98146314329864,,,0,1528.0
23.397126,92.757203,Mizoram,Aizawl,1,1253.0
24.6273,93.20404444,Mizoram,Kolasib,1,184.0
25.207136907759104,92.3134197617546,,,0,554.0
23.934222,92.730611,Mizoram,Aizawl,1,798.0
24.94640790531439,93.3760742435032,,,0,496.0
22.873062,92.817093,Mizoram,Lunglei,1,891.0
23.038668,92.794441,Mizoram,Lunglei,1,892.0
26.88969,92.12266,Assam,Udalguri,1,261.0
23.299806,92.694901,Mizoram,Serchhip,1,347.0
25.04414766527922,92.99710626413156,,,0,665.0
25.294778,91.930833,Meghalaya,East Khasi Hills,1,1115.0
25.72264420161228,91.7840436323882,,,0,790.0
25.617949,94.207166,Nagaland,Kohima,1,907.0
26.150124,91.727915,Assam,Kamrup (Metro),1,80.0
22.63111755478712,93.1716132804253,,,0,1008.0
28.332631207408376,96.03793534392982,,,0,2126.0
28.05939,96.48397,Arunachal Pradesh,Anjaw,1,503.0
26.985466045385454,88.6612347836192,,,0,502.0
23.76111111,92.84777778,Mizoram,Aizawl,1,790.0
26.022278,94.257556,Nagaland,Wokha,1,1314.0
27.554796859399648,94.69126016652572,,,0,105.0
25.454017,94.124572,Manipur,Senapati,1,1396.0
25.663,94.097,Nagaland,Kohima,1,1422.0
28.470696939110187,94.76297111361606,,,0,1671.0
27.121917,88.139472,Sikkim,West Sikkim,1,1256.0
23.59508091968213,92.32629555633088,,,0,181.0
25.535056944100667,94.43906957151216,,,0,1003.0
23.656556,92.964611,Mizoram,Aizawl,1,1200.0
23.45081492096037,93.45214197843498,,,0,1090.0
22.214504048238272,92.84680625755227,,,0,258.0
24.1,92.42,Mizoram,Mamit,1,141.0
28.38728829352954,96.4156168131826,,,0,3747.0
27.428656307943584,88.40731909305497,,,0,2722.0
25.199792116651217,93.41995335698566,,,0,756.0
25.36638144428337,93.66126260139002,,,0,434.0
22.940655,92.833038,Mizoram,Lunglei,1,781.0
27.308143,93.059302,Arunachal Pradesh,East Kameng,1,1114.0
25.45265178767524,90.61102053627016,,,0,453.0
28.64372840346473,94.65318120941843,,,0,888.0
24.256583,94.093111,Manipur,Chandel,1,1288.0
26.50742751576665,94.99291873772096,,,0,1678.0
23.75204101936485,91.46645739724256,,,0,63.0
23.133568,92.64373,Mizoram,Lunglei,1,174.0
27.17576802152577,93.495751199718,,,0,1879.0
27.035069,95.56864,Arunachal Pradesh,Tirap,1,695.0
28.238144,95.774758,Arunachal Pradesh,Lower Dibang Valley,1,846.0
27.763444,93.608278,Arunachal Pradesh,Kra Daadi,1,1006.0
26.3466,93.7356,Assam,Karbi Anglong,1,190.0
24.86254615950318,92.3782568809015,,,0,14.0
27.628083,88.685306,Sikkim,North Sikkim,1,2036.0
23.72786111,92.73955556,Mizoram,Aizawl,1,746.0
24.78986029703256,94.70851683381616,,,0,487.0
27.514972,88.565472,Sikkim,North Sikkim,1,1395.0
27.102944,88.404667,Sikkim,South Sikkim,1,922.0
23.028517356592012,92.58330103116448,,,0,99.0
25.280528,92.380042,Meghalaya,East Jaintia Hills,1,912.0
27.549134354851198,92.78305075602658,,,0,1400.0
22.796106,92.991173,Mizoram,Lunglei,1,1201.0
24.49102741185636,93.74777243333604,,,0,783.0
26.789026118529947,95.47127767239432,,,0,1446.0
23.38533,92.855433,Mizoram,Serchhip,1,811.0
23.012404485470896,92.56836199293636,,,0,311.0
24.15402778,92.94444444,Mizoram,Aizawl,1,501.0
28.813805,95.919362,Arunachal Pradesh,Dibang Valley,1,1592.0
27.575588651043937,92.68440630917878,,,0,2364.0
25.18425,94.522667,Manipur,Ukhrul,1,1408.0
27.96756,96.40189,Arunachal Pradesh,Lohit,1,414.0
25.640581,91.89212,Meghalaya,East Khasi Hills,1,1188.0
23.234538,92.637234,Mizoram,Lunglei,1,817.0
26.056167,94.3065,Nagaland,Wokha,1,978.0
23.43954456317629,93.50505699629896,,,0,1404.0
27.106944,88.43375,Sikkim,South Sikkim,1,864.0
25.751848586427812,92.4148186150965,,,0,955.0
26.77565384810971,92.40858203272334,,,0,105.0
28.84850042409156,94.71609950080368,,,0,872.0
24.38,92.82,Mizoram,Kolasib,1,213.0
25.11965118462221,91.87029059820044,,,0,11.0
27.06507629755295,94.0172917598629,,,0,84.0
28.242444,95.536828,Arunachal Pradesh,East Siang,1,594.0
26.239663872901563,92.26593625239872,,,0,75.0
26.454279068496135,93.30612018804538,,,0,645.0
23.72972222,92.85305556,Mizoram,Aizawl,1,767.0
24.812611,94.581278,Manipur,Kamjong,1,799.0
25.24881585126858,92.75081450586896,,,0,1188.0
27.50505860001753,88.69097161595646,,,0,3395.0
23.75083333,92.69527778,Mizoram,Aizawl,1,766.0
22.880322,92.747818,Mizoram,Lunglei,1,957.0
23.60861111,92.80972222,Mizoram,Aizawl,1,498.0
25.36497222,91.02411111,Meghalaya,West Khasi Hills,1,398.0
26.231028,94.217083,Nagaland,Wokha,1,453.0
23.408528,93.361278,Mizoram,Champhai,1,1260.0
25.602682,93.896846,Nagaland,Peren,1,1564.0
22.71,92.66,Mizoram,Lunglei,1,608.0
24.87073963804569,93.04961037842838,,,0,35.0
27.616380667298984,93.72450633823476,,,0,1555.0
27.362444,92.243972,Arunachal Pradesh,West Kameng,1,1594.0
27.591833,91.865056,Arunachal Pradesh,Tawang,1,2925.0
23.426031539643,92.540437135316,,,0,509.0
23.163136,92.7444,Mizoram,Lunglei,1,839.0
27.301507481316246,93.57275201893763,,,0,1755.0
22.24,92.6,Mizoram,Lawngtlai,1,202.0
25.78,93.93,Nagaland,Dimapur,1,775.0
23.477806,93.310111,Mizoram,Champhai,1,1538.0
25.926264425872244,91.45528918326904,,,0,62.0
26.929639010589742,93.71441400063,,,0,81.0
24.798278,93.394306,Manipur,Tamenglong,1,345.0
25.45075,92.19452778,Meghalaya,West Jaintia Hills,1,1354.0
25.667072,91.091972,Meghalaya,West Khasi Hills,1,969.0
27.5156203297782,88.33485267595354,,,0,3766.0
25.25207362534365,94.21620417011084,,,0,1299.0
23.34707696099265,92.49972363020892,,,0,365.0
25.14584591706961,92.49416455219963,,,0,121.0
24.73838889,93.30909722,Mizoram,Kolasib,1,264.0
25.95825,92.51414,Assam,West Karbi Anglong,1,288.0
28.452953328881023,96.44020030845188,,,0,3325.0
22.809043887263112,92.19863746819016,,,0,87.0
26.89966931626001,88.58477899380769,,,0,456.0
26.132333,95.01675,Nagaland,Noklak,1,1561.0
25.01649203128352,92.64608351736396,,,0,340.0
24.9253403862539,93.13633112803493,,,0,86.0
27.6177982065237,93.72640448730552,,,0,1546.0
25.062222,94.61475,Manipur,Ukhrul,1,1020.0
26.871807373717967,95.4949786386928,,,0,2017.0
24.73751967219824,94.2896861407728,,,0,982.0
23.655417,92.957167,Mizoram,Aizawl,1,930.0
28.43265634569728,95.7022731564578,,,0,1584.0
25.039097,92.436869,Meghalaya,East Jaintia Hills,1,331.0
23.73829005146976,93.97871779083655,,,0,1316.0
23.195661,92.73562,Mizoram,Lunglei,1,750.0
24.298028,94.123583,Manipur,Chandel,1,1302.0
23.201084,92.580803,Mizoram,Lunglei,1,732.0
23.157667,93.279722,Mizoram,Champhai,1,1433.0
24.50365600267255,94.27830188942596,,,0,721.0
23.59089790854701,92.52699025899844,,,0,284.0
24.90574067393064,93.85932746383163,,,0,808.0
27.149585747106784,88.77548427846077,,,0,2227.0
28.47793324619533,95.65685765395752,,,0,1753.0
25.096083,94.515806,Manipur,Ukhrul,1,1544.0
25.13996114490727,92.69879012518264,,,0,1352.0
23.881361,93.257027,Mizoram,Champhai,1,1568.0
25.043833504935147,93.75953441908663,,,0,1315.0
25.177416,93.00975,Assam,Dima Hasao,1,691.0
23.4672,92.7193,Mizoram,Aizawl,1,1197.0
23.241722,93.098254,Mizoram,Khawzawl,1,1162.0
26.065167,92.150639,Assam,Kamrup,1,102.0
27.57955719280024,93.4764181541406,,,0,2339.0
23.712306,92.649528,Mizoram,Mamit,1,353.0
28.065824761808766,95.53227513222836,,,0,176.0
25.407667,94.587222,Manipur,Ukhrul,1,1679.0
26.41955589380972,93.01397822570476,,,0,472.0
26.159667,94.4995,Nagaland,Zunheboto,1,1106.0
26.080139,92.032667,Assam,Kamrup,1,199.0
27.762524707182344,91.82753797050412,,,0,4566.0
27.220778,88.279917,Sikkim,West Sikkim,1,1517.0
25.39612331572251,94.3597858816475,,,0,1302.0
25.462836112794346,90.41363558654912,,,0,1162.0
24.22,94.09,Manipur,Chandel,1,1604.0
26.13825584555933,91.52510010013128,,,0,44.0
25.528,93.871,Manipur,Senapati,1,1572.0
23.70166667,92.71944444,Mizoram,Aizawl,1,1044.0
25.801184133703057,91.2936038204181,,,0,336.0
26.91707498230421,88.05104762768869,,,0,1154.0
25.496081,91.117675,Meghalaya,West Khasi Hills,1,981.0
27.49136323323322,88.84983191345702,,,0,4205.0
23.540457,93.379051,Mizoram,Champhai,1,1590.0
25.65,94.03,Nagaland,Kohima,1,1510.0
23.447639,93.223611,Mizoram,Champhai,1,1487.0
24.921167,94.563361,Manipur,Kamjong,1,1238.0
23.145,92.613693,Mizoram,Lunglei,1,820.0
25.5502,91.618106,Meghalaya,West Khasi Hills,1,1660.0
24.747833,93.462778,Manipur,Noney,1,513.0
25.14904176903704,93.44414713747548,,,0,1300.0
23.60638889,92.7775,Mizoram,Aizawl,1,376.0
27.10288826020464,88.63897018738061,,,0,1992.0
27.093889,92.591389,Arunachal Pradesh,West Kameng,1,265.0
27.467539515538054,88.69672406877015,,,0,3363.0
23.797361,93.040916,Mizoram,Aizawl,1,552.0
27.76966913139564,91.74863276309094,,,0,3298.0
22.472,92.969002,Mizoram,Saiha,1,424.0
27.46973649610219,88.04568553411548,,,0,4514.0
25.734508,93.685507,Nagaland,Chumoukedima,1,245.0
26.710611,95.020278,Nagaland,Mon,1,689.0
27.221444,88.376167,Sikkim,South Sikkim,1,1632.0
24.795814,93.230263,Manipur,Tamenglong,1,261.0
25.02815126522298,93.84836329146344,,,0,2138.0
22.706999,92.841597,Mizoram,Lunglei,1,860.0
24.991444,94.2345,Manipur,Ukhrul,1,1124.0
26.128651502551055,94.81526796376424,,,0,1284.0
23.799166,93.132919,Mizoram,Champhai,1,1032.0
22.1,92.86,Mizoram,Saiha,1,335.0
24.787667,93.666667,Manipur,Noney,1,662.0
25.46319242930883,93.22966312783754,,,0,324.0
27.899454580337984,96.42808342245895,,,0,1823.0
26.59242965331984,95.21368327026012,,,0,1475.0
25.297993397983323,92.93948948348864,,,0,631.0
25.196108556993646,90.96938248804328,,,0,14.0
28.287680359277477,96.44952945802964,,,0,2054.0
25.481594,94.141694,Nagaland,Kohima,1,1699.0
25.43679561457158,90.19233436821168,,,0,122.0
24.64528611,93.28593611,Mizoram,Kolasib,1,570.0
26.984135813240314,93.30227798036977,,,0,671.0
25.133289,92.225272,Meghalaya,East Jaintia Hills,1,138.0
28.402417,95.245944,Arunachal Pradesh,Upper Siang,1,593.0
26.343929318743804,90.21748186146694,,,0,44.0
25.679,94.07,Nagaland,Kohima,1,1269.0
27.524791339905736,94.6686540971095,,,0,104.0
25.347697280022143,93.8598295229322,,,0,2166.0
27.158111,88.512472,Sikkim,East Sikkim,1,805.0
23.61184179483426,92.52872314224032,,,0,361.0
25.47217,94.15433,Manipur,Senapati,1,1489.0
23.892427730316715,93.73235397833712,,,0,1019.0
25.38172077836006,92.89252465758094,,,0,335.0
25.79725168335769,93.50168689396754,,,0,221.0
26.131005838487003,93.05210565233868,,,0,86.0
23.478389335582584,93.44240083827282,,,0,1179.0
23.316221,92.856217,Mizoram,Serchhip,1,987.0
25.559,94.251,Nagaland,Phek,1,1557.0
27.10326181816984,88.61117002700767,,,0,1535.0
27.6685534477963,95.13669697598006,,,0,114.0
27.436722,93.003639,Arunachal Pradesh,East Kameng,1,658.0
27.044784640369137,92.44445947820417,,,0,1348.0
26.706389,94.631167,Nagaland,Mokokchung,1,139.0
27.64,93.858,Arunachal Pradesh,Lower Subansiri,1,1818.0
27.574306,92.999556,Arunachal Pradesh,East Kameng,1,527.0
26.968215821439845,88.4777063508043,,,0,966.0
23.855028,93.041695,Mizoram,Aizawl,1,944.0
25.76,93.94,Nagaland,Dimapur,1,752.0
22.54602148113903,93.09825689797977,,,0,418.0
23.277412,92.870285,Mizoram,Serchhip,1,1000.0
26.114282581715894,92.52335849776972,,,0,76.0
24.8842738636352,92.55957938180246,,,0,19.0
25.761278,94.072194,Nagaland,Kohima,1,1127.0
27.065617661684275,88.15315237102956,,,0,1513.0
23.543014469153,92.9316237779652,,,0,1351.0
25.6884171401621,92.47082247181048,,,0,826.0
22.16,92.8,Mizoram,Lawngtlai,1,503.0
23.60111111,92.81305556,Mizoram,Aizawl,1,565.0
25.645,94.034,Nagaland,Kohima,1,1587.0
23.73055556,92.75916667,Mizoram,Aizawl,1,920.0
23.45027778,92.6825,Mizoram,Aizawl,1,883.0
26.907480028090696,93.5864954871252,,,0,87.0
25.643591,91.890859,Meghalaya,East Khasi Hills,1,1173.0
27.1105,92.537444,Arunachal Pradesh,West Kameng,1,1203.0
24.03789728816113,91.8345660305614,,,0,61.0
26.356119948643595,91.65408600733214,,,0,56.0
25.152167,93.713083,Manipur,Tamenglong,1,819.0
26.16836808646957,91.48103182740552,,,0,52.0
28.295336779796724,95.0662534288806,,,0,960.0
25.082747903358698,92.03752528166795,,,0,16.0
24.796417,94.398786,Manipur,Kamjong,1,1376.0
26.028595754936006,91.45731387971644,,,0,47.0
25.59043736869772,91.0913335111834,,,0,997.0
22.83664,92.80347,Mizoram,Lunglei,1,1238.0
27.25675,88.148611,Sikkim,West Sikkim,1,1569.0
27.368710202237104,92.84717321269343,,,0,1061.0
25.449746361827145,93.90932368240676,,,0,2293.0
22.540957806387837,93.16169446786463,,,0,763.0
27.09589,93.62284,Arunachal Pradesh,Papum Pare,1,365.0
23.630797387102888,92.28075411847942,,,0,90.0
24.658497381731845,94.0878887068188,,,0,800.0
27.50235517720136,93.60826785429455,,,0,1273.0
25.929536546897797,92.13232953476444,,,0,753.0
22.25,93.03,Mizoram,Saiha,1,1103.0
25.692,94.068,Nagaland,Kohima,1,1014.0
23.89638889,92.73638889,Mizoram,Kolasib,1,1081.0
25.264806983679183,94.72501415922534,,,0,2228.0
24.68625,94.170694,Manipur,Kangpokpi,1,913.0
22.83779,92.795959,Mizoram,Lunglei,1,1164.0
25.806112763874086,91.93401401839148,,,0,847.0
24.91080766513316,93.89496323379728,,,0,801.0
26.077122,94.559107,Nagaland,Zunheboto,1,1835.0
28.32007859264891,95.64690127287896,,,0,910.0
28.029713846454825,96.24888609463608,,,0,1751.0
23.88,92.5,Mizoram,Mamit,1,761.0
25.14517724935004,94.57085371484216,,,0,2375.0
25.141832670321904,91.93671370877486,,,0,17.0
23.741389,92.739528,Mizoram,Aizawl,1,961.0
23.10354167,93.18202778,Mizoram,Aizawl,1,959.0
23.339144,92.786128,Mizoram,Aizawl,1,682.0
23.882641959814958,92.082691193165,,,0,107.0
24.285871,92.94599,Mizoram,Aizawl,1,904.0
25.67,94.382,Nagaland,Phek,1,1639.0
25.872268,91.213965,Assam,Kamrup,1,253.0
25.657223891094432,93.74024822795752,,,0,473.0
28.117222,95.273075,Arunachal Pradesh,East Siang,1,337.0
28.039330886580448,94.69717748564295,,,0,1078.0
25.067548383726727,92.12849499259994,,,0,17.0
25.11775,93.647222,Manipur,Tamenglong,1,1221.0
25.104200165788964,92.68201300286948,,,0,979.0
26.994246798289687,88.46592076210175,,,0,588.0
25.559222,91.229639,Meghalaya,West Khasi Hills,1,1313.0
23.298166,92.858694,Mizoram,Serchhip,1,907.0
22.996810473325223,93.34812647691238,,,0,1123.0
25.403061,90.724166,Meghalaya,South Garo hills,1,360.0
22.963255401314456,93.39753941999506,,,0,1082.0
27.25649,93.795077,Arunachal Pradesh,Papum Pare,1,282.0
23.467262,92.740634,Mizoram,Aizawl,1,1269.0
24.96756,92.74392,Assam,Cachar,1,34.0
28.822525,95.93415,Arunachal Pradesh,Dibang Valley,1,1487.0
25.65320105327991,91.74106476993052,,,0,1006.0
27.38221671918032,93.59884916231964,,,0,1606.0
25.832878930464084,95.20864239079438,,,0,2716.0
24.004313,92.904068,Mizoram,Aizawl,1,906.0
25.100889,94.526556,Manipur,Ukhrul,1,1526.0
25.07195100472517,91.5455151082692,,,0,9.0
23.32531633966953,91.22816019457488,,,0,10.0
25.191,93.192,Assam,Dima Hasao,1,771.0
25.96403,92.51631,Assam,West Karbi Anglong,1,267.0
27.04462353450508,93.433906783802,,,0,330.0
27.026807593375207,88.32927949908795,,,0,1699.0
28.217171134011245,96.7919872553988,,,0,2956.0
25.454083,93.375972,Assam,Dima Hasao,1,415.0
25.415678,94.085361,Manipur,Senapati,1,1532.0
27.16285828922608,95.95594369412945,,,0,1082.0
27.361222,93.035778,Arunachal Pradesh,East Kameng,1,419.0
27.32687875593502,92.46586734758868,,,0,1419.0
24.88503488357276,92.6081108641126,,,0,20.0
25.042556,92.435028,Meghalaya,East Jaintia Hills,1,302.0
28.430979645780848,95.74166263712112,,,0,1293.0
27.782359574910213,88.78739309594982,,,0,4605.0
27.35663380490137,88.93774264638023,,,0,3844.0
25.703,94.338,Nagaland,Phek,1,1810.0
23.135979,92.747589,Mizoram,Lunglei,1,860.0
26.381279326489675,94.06970336422684,,,0,102.0
22.513,92.992996,Mizoram,Saiha,1,945.0
22.29353907850731,92.86585786518708,,,0,388.0
26.320806,94.537972,Nagaland,Mokokchung,1,1145.0
25.647,94.361,Nagaland,Phek,1,1705.0
23.618083,92.645028,Mizoram,Mamit,1,851.0
26.588056,94.549111,Nagaland,Mokokchung,1,699.0
23.41888889,92.77333333,Mizoram,Aizawl,1,1263.0
25.25420026939465,92.92412895075203,,,0,783.0
26.93911266213208,93.56878166804,,,0,105.0
27.58672457642937,93.2137180631078,,,0,2436.0
23.808111,93.041779,Mizoram,Aizawl,1,840.0
26.99691150909429,88.59672547195674,,,0,706.0
26.10694722,94.25328889,Nagaland,Wokha,1,1374.0
25.037722,92.439556,Meghalaya,East Jaintia Hills,1,340.0
25.751980535649096,92.27289379154988,,,0,908.0
25.388734307243183,94.76045970788496,,,0,1514.0
25.337098851173284,94.7558347809584,,,0,939.0
23.545,92.70333333,Mizoram,Aizawl,1,858.0
27.68953386340897,93.79127472337017,,,0,1558.0
25.273402762667438,92.46878635256252,,,0,828.0
26.21200292764724,91.63108990051455,,,0,50.0
25.662222,94.719444,Nagaland,Phek,1,1364.0
26.57725,95.095694,Nagaland,Mon,1,1484.0
22.38,93.12,Mizoram,Saiha,1,1478.0
23.12247802887525,92.484655132006,,,0,360.0
22.771872,92.840324,Mizoram,Lunglei,1,648.0
27.773847,93.595528,Arunachal Pradesh,Kra Daadi,1,731.0
27.654513429794143,94.8429266962634,,,0,114.0
25.546553,91.235222,Meghalaya,West Khasi Hills,1,1324.0
23.687031,93.203106,Mizoram,Champhai,1,1152.0
27.281692159796894,88.0150302402569,,,0,3217.0
27.595817104965093,93.92839201272454,,,0,2361.0
25.025639,93.537222,Manipur,Tamenglong,1,1159.0
22.767675441452116,92.75402007461784,,,0,326.0
26.36450451030971,91.75522983282852,,,0,50.0
25.094333,94.522528,Manipur,Ukhrul,1,1540.0
26.13038815336489,94.81452172566009,,,0,1347.0
24.37,93.52,Manipur,Churachandpur,1,995.0
24.944035722993988,92.09143575393536,,,0,12.0
23.608306,92.850583,Mizoram,Aizawl,1,1111.0
24.8175,93.54908,Manipur,Tamenglong,1,409.0
28.69906271785464,94.38498717945086,,,0,3033.0
28.46293003912453,96.67008170474008,,,0,3428.0
27.152722,88.190833,Sikkim,West Sikkim,1,1053.0
23.54294,93.384772,Mizoram,Champhai,1,1482.0
27.76265263134045,93.74183847282488,,,0,947.0
26.02720834180286,91.67211697921478,,,0,338.0
28.22053588362165,95.69346048089868,,,0,229.0
24.34,92.84,Mizoram,Kolasib,1,459.0
22.26,93.05,Mizoram,Saiha,1,1106.0
27.586694,91.871444,Arunachal Pradesh,Tawang,1,2808.0
23.59397173054249,93.49756844099984,,,0,1373.0
26.19530684970616,93.95358213472866,,,0,115.0
27.245028,88.524389,Sikkim,East Sikkim,1,467.0
27.415005125558597,88.22589982668879,,,0,3214.0
22.88042,92.821692,Mizoram,Lunglei,1,872.0
27.35861111,88.62027778,Sikkim,East Sikkim,1,1685.0
24.28840278,93.58591389,Mizoram,Aizawl,1,798.0
23.112483364766263,93.48149008428882,,,0,1371.0
27.711100782222115,88.45038446044052,,,0,4150.0
23.460792,92.855527,Mizoram,Serchhip,1,1056.0
24.16,93.97,Manipur,Chandel,1,1276.0
27.444809487095323,93.22747160197412,,,0,2205.0
27.402957337036597,93.68824285278068,,,0,1129.0
25.025621188319327,92.31471432834236,,,0,22.0
26.711222,95.074222,Nagaland,Mon,1,500.0
25.685408900441463,95.00984450235592,,,0,1819.0
24.49702333729075,93.41818457578366,,,0,746.0
25.129867422350763,91.73476736995605,,,0,12.0
28.208784215670075,96.08303518540012,,,0,3039.0
28.314610742657788,95.36441960389202,,,0,2975.0
23.37533333,92.75472222,Mizoram,Aizawl,1,1242.0
25.67661,94.02364,Nagaland,Kohima,1,1435.0
25.685,94.059,Nagaland,Kohima,1,1219.0
28.787486,94.819425,Arunachal Pradesh,Upper Siang,1,556.0
22.777763,92.833969,Mizoram,Lunglei,1,661.0
24.97444236144995,94.30084494309511,,,0,963.0
24.702722,94.198722,Manipur,Kangpokpi,1,1261.0
23.716556,92.699056,Mizoram,Aizawl,1,765.0
24.39350685334803,94.39535673747837,,,0,187.0
25.56739905916121,93.5294505771631,,,0,354.0
26.03853,94.58648,Nagaland,Zunheboto,1,1191.0
27.39614342610305,93.83715060840824,,,0,1811.0
28.514083,95.178278,Arunachal Pradesh,Upper Siang,1,776.0
25.061417,93.604889,Manipur,Tamenglong,1,976.0
23.429247078613518,92.49657919813724,,,0,456.0
25.78,93.82,Nagaland,Dimapur,1,440.0
24.06,93.57,Manipur,Churachandpur,1,788.0
23.8665,92.74215,Mizoram,Aizawl,1,1426.0
27.45045885798675,93.0898716213515,,,0,1089.0
24.9755,94.155,Manipur,Ukhrul,1,1165.0
27.796917410413663,94.62593864636172,,,0,508.0
27.354639675110477,92.0536255611152,,,0,4056.0
25.88818072019528,92.34003666209549,,,0,569.0
24.65608142151194,94.08069609482492,,,0,814.0
25.627333,94.211735,Nagaland,Kohima,1,939.0
27.03594104149457,88.14439806793753,,,0,1526.0
26.934395033458078,92.5840691902542,,,0,128.0
27.6384,93.8578,Arunachal Pradesh,Lower Subansiri,1,1801.0
25.204556,93.138889,Assam,Dima Hasao,1,602.0
25.526,93.766,Nagaland,Peren,1,770.0
25.883333234839725,93.25525562967276,,,0,197.0
25.650111,94.510556,Nagaland,Phek,1,1214.0
24.645686,94.38249,Manipur,Kamjong,1,649.0
25.62790278,91.88801944,Meghalaya,East Khasi Hills,1,1257.0
25.67702312557837,90.65864067538811,,,0,302.0
23.45857032555624,92.42949847165336,,,0,529.0
24.806570268467155,94.68106781864418,,,0,1005.0
25.207389,93.122778,Assam,Dima Hasao,1,683.0
25.47998563813429,94.3014382834903,,,0,2179.0
22.993277,92.72374,Mizoram,Lunglei,1,426.0
23.735086,92.829525,Mizoram,Aizawl,1,609.0
28.575932211414514,96.111739652403,,,0,3843.0
26.959624913596528,88.3400914538263,,,0,1412.0
22.788323,92.833817,Mizoram,Lunglei,1,745.0
23.784278,92.597111,Mizoram,Mamit,1,422.0
27.095969,95.634872,Arunachal Pradesh,Tirap,1,1083.0
28.680880428862032,95.77232944731595,,,0,2511.0
24.190378225489813,93.77685414829486,,,0,1380.0
22.779978,92.833778,Mizoram,Lunglei,1,657.0
25.033695986683234,93.72658508390502,,,0,1088.0
24.175046158031734,92.88564056334651,,,0,166.0
28.291703,95.77618,Arunachal Pradesh,Dibang Valley,1,1081.0
26.919096134491145,94.89308279347182,,,0,185.0
22.58856108803175,92.59302951174824,,,0,315.0
24.615887971555548,94.50426846463094,,,0,505.0
24.18252778,92.94991667,Mizoram,Aizawl,1,449.0
25.013022200940004,92.35620435770753,,,0,24.0
24.49713654634224,93.18723168014635,,,0,257.0
25.171564252500925,93.51634321103867,,,0,323.0
25.42955,94.053333,Manipur,Senapati,1,1458.0
24.959611422733342,94.28916727329324,,,0,917.0
25.646389,94.766389,Nagaland,Phek,1,2011.0
24.09,94.03,Manipur,Chandel,1,1249.0
25.15069444,93.02583333,Assam,Dima Hasao,1,672.0
23.988570609184123,94.31411640152056,,,0,142.0
25.316589,92.687186,Meghalaya,East Jaintia Hills,1,915.0
23.533361,92.572139,Mizoram,Mamit,1,922.0
23.206253,92.533605,Mizoram,Lunglei,1,791.0
25.73277778,94.02216667,Nagaland,Kohima,1,1037.0
23.63611111,92.72333333,Mizoram,Aizawl,1,860.0
27.91897,96.33108,Arunachal Pradesh,Lohit,1,1284.0
23.98164723111949,92.84548551550137,,,0,236.0
28.25419893998033,96.10384719560956,,,0,1972.0
27.39866667,88.62358333,Sikkim,North Sikkim,1,1742.0
25.24016950179694,92.3076054294434,,,0,653.0
27.549306,88.644889,Sikkim,North Sikkim,1,1308.0
27.36000907071375,93.23504619573852,,,0,1717.0
25.223553,91.671157,Meghalaya,East Khasi Hills,1,898.0
26.477592540794497,95.10197617974238,,,0,1637.0
24.884889,94.613222,Manipur,Kamjong,1,768.0
23.30536557239568,93.00015753741071,,,0,644.0
27.16833372202282,88.97816838453201,,,0,2783.0
27.207264,88.672817,Sikkim,East Sikkim,1,739.0
27.109923008983294,88.59563072395407,,,0,1789.0
23.630006014441783,92.47025803926329,,,0,726.0
23.045388736937173,93.37881747955012,,,0,766.0
27.257417,88.418889,Sikkim,South Sikkim,1,859.0
27.06053754266083,88.07997254058024,,,0,2304.0
27.358194,92.24325,Arunachal Pradesh,West Kameng,1,1584.0
28.401926010551573,96.1493140783131,,,0,3177.0
28.402139,95.243944,Arunachal Pradesh,Upper Siang,1,601.0
23.64333333,92.73444444,Mizoram,Aizawl,1,724.0
23.68416667,92.85708333,Mizoram,Aizawl,1,970.0
25.22112245871195,94.63198491512584,,,0,2184.0
28.153344384555467,94.88238768085198,,,0,1154.0
23.3757285745074,92.68654262306453,,,0,302.0
26.107333,94.339139,Nagaland,Wokha,1,1268.0
27.11946787687418,88.76361754248063,,,0,2594.0
22.236867249638543,93.26910198452126,,,0,1910.0
28.0466022953582,95.40012783097826,,,0,142.0
25.742030955507065,91.10137310954,,,0,672.0
25.214944,93.021611,Assam,Dima Hasao,1,618.0
27.457369912286403,88.93695245924755,,,0,3641.0
23.51611111,92.69833333,Mizoram,Aizawl,1,774.0
26.339833,93.099972,Assam,Karbi Anglong,1,360.0
27.43758828717369,92.9242459878949,,,0,1746.0
26.24450183284211,90.62840258462646,,,0,97.0
27.54496607396149,94.0213667807664,,,0,1577.0
25.673,94.077,Nagaland,Kohima,1,1424.0
27.417154677468123,93.14919146503938,,,0,1875.0
23.14572,93.306544,Mizoram,Champhai,1,1613.0
27.195703,88.625444,Sikkim,East Sikkim,1,555.0
24.492268359560065,92.97915129516636,,,0,175.0
25.24552585976557,94.44249364602858,,,0,1549.0
24.926783203828283,92.1665904084327,,,0,16.0
26.49928221185148,95.28917027036223,,,0,1821.0
24.769556,94.116778,Manipur,Imphal East,1,826.0
27.63617117413964,88.82012521388351,,,0,5002.0
26.47620295453081,94.9146598166708,,,0,574.0
24.889261850213227,92.43076586941378,,,0,21.0
25.820367,94.820367,Nagaland,Kiphire,1,908.0
24.810604073740883,94.66813707120016,,,0,1213.0
24.091664,92.796134,Mizoram,Aizawl,1,898.0
25.199311,91.858857,Meghalaya,East Khasi Hills,1,559.0
23.804193,93.035248,Mizoram,Aizawl,1,670.0
25.81854981365494,91.809125386748,,,0,599.0
26.1107864817188,92.49403900606308,,,0,219.0
26.033556,92.468056,Assam,West Karbi Anglong,1,280.0
23.74722222,92.71805556,Mizoram,Aizawl,1,966.0
23.340722,93.081083,Mizoram,Champhai,1,1051.0
25.01007022064448,93.873126673543,,,0,1356.0
24.887722,94.610194,Manipur,Kamjong,1,717.0
24.13,93.99,Manipur,Chandel,1,1285.0
24.82,93.89,Manipur,West Imphal,1,778.0
25.65072,94.03294,Nagaland,Kohima,1,1703.0
26.983024387894236,88.01531944054786,,,0,2312.0
26.21039888659721,93.55963356261464,,,0,913.0
25.733417242373037,95.02325439985552,,,0,3294.0
23.367333,93.380083,Mizoram,Champhai,1,845.0
23.0983,93.17597222,Mizoram,Aizawl,1,979.0
25.952861,94.021028,Nagaland,Kohima,1,474.0
23.72669444,92.69519444,Mizoram,Aizawl,1,897.0
22.36543601474804,93.20432952450408,,,0,780.0
26.788611,95.068194,Nagaland,Mon,1,819.0
25.98291190415076,93.88645815330176,,,0,145.0
25.915344,94.828308,Nagaland,Kiphire,1,667.0
27.296611,93.099056,Arunachal Pradesh,East Kameng,1,740.0
23.187661,92.735055,Mizoram,Lunglei,1,823.0
27.558537017380218,93.13092104311096,,,0,1479.0
27.2745,93.797833,Arunachal Pradesh,Papum Pare,1,459.0
26.08125,91.798278,Meghalaya,Ri-Bhoi,1,106.0
25.157361,93.016083,Assam,Dima Hasao,1,641.0
23.674167,92.596889,Mizoram,Mamit,1,1029.0
23.5575,92.7275,Mizoram,Aizawl,1,697.0
24.834830278410735,93.98934481537844,,,0,787.0
27.163556,88.458833,Sikkim,South Sikkim,1,1478.0
25.646,94.033,Nagaland,Kohima,1,1564.0
26.230221756660654,94.36583739852205,,,0,672.0
27.882886153824924,93.56891040327714,,,0,1755.0
23.972940439736263,91.96722982263462,,,0,77.0
25.571605398165644,93.66399964147924,,,0,585.0
27.299744,95.987092,Arunachal Pradesh,Changlang,1,359.0
23.20209123409716,92.41365262852712,,,0,90.0
25.523083,91.268972,Meghalaya,West Khasi Hills,1,1352.0
28.261379,95.566909,Arunachal Pradesh,Lower Dibang Valley,1,478.0
25.236142,94.101983,Manipur,Senapati,1,1110.0
28.2225830169312,95.13109666730378,,,0,1713.0
25.714,94.087,Nagaland,Kohima,1,1380.0
23.977569110812563,92.83016598025156,,,0,205.0
22.93536279691082,93.20429737382266,,,0,1119.0
26.591265213066677,94.906832769029,,,0,407.0
24.835145,94.340419,Manipur,Kamjong,1,1260.0
26.096107429344777,92.66428895804036,,,0,64.0
27.5401,88.56929167,Sikkim,North Sikkim,1,1966.0
25.842531,94.787211,Nagaland,Kiphire,1,552.0
27.26066667,88.53383333,Sikkim,East Sikkim,1,955.0
24.4120452273614,93.96015520801696,,,0,888.0
26.13961,94.634561,Nagaland,Zunheboto,1,1355.0
26.941228174810448,95.18850091207908,,,0,804.0
24.02804845741701,94.23615032980364,,,0,176.0
26.18096,94.81309,Nagaland,Tuensang,1,2019.0
25.440153,90.881372,Meghalaya,South West Khasi Hills,1,538.0
25.192422,92.37705,Meghalaya,East Jaintia Hills,1,653.0
25.336950381488105,93.8473643828113,,,0,1952.0
28.00766857006011,96.17324947635386,,,0,420.0
27.847111,94.783139,Arunachal Pradesh,West Siang,1,522.0
27.184248,92.579624,Arunachal Pradesh,West Kameng,1,1374.0
25.116333,94.356833,Manipur,Ukhrul,1,1709.0
24.89029858252431,92.7554982087139,,,0,22.0
25.19,93.3,Assam,Dima Hasao,1,731.0
24.930944,94.151639,Manipur,Ukhrul,1,1010.0
24.93490300863956,92.49183920582595,,,0,20.0
24.97060256739308,93.89097552468888,,,0,859.0
26.028806,94.638389,Nagaland,Zunheboto,1,2004.0
23.684301,92.715511,Mizoram,Aizawl,1,1036.0
24.410375148262297,93.76706130278951,,,0,782.0
22.659549790202597,92.95621766146496,,,0,962.0
23.53666667,92.6975,Mizoram,Aizawl,1,857.0
23.143888,92.909447,Mizoram,Lunglei,1,650.0
23.393194,93.378917,Mizoram,Champhai,1,1121.0
24.751667,93.461667,Manipur,Noney,1,475.0
25.197888,93.02683,Assam,Dima Hasao,1,449.0
28.430622,94.674225,Arunachal Pradesh,West Siang,1,534.0
25.77,93.9,Nagaland,Dimapur,1,565.0
25.534268702173318,94.03383878492448,,,0,2591.0
24.62166548251938,94.22716466317614,,,0,1090.0
26.049081710578275,92.71533456464206,,,0,63.0
25.70087778,91.642902,Meghalaya,Eastern-West Khasi Hill,1,1247.0
25.16939354758275,93.51149149634902,,,0,502.0
24.242764,92.955406,Mizoram,Aizawl,1,675.0
27.28348623237253,92.99105023851229,,,0,1321.0
22.96230251747405,93.16831830366714,,,0,1103.0
23.448278,93.207472,Mizoram,Champhai,1,1382.0
27.102625,95.645631,Arunachal Pradesh,Tirap,1,1069.0
24.987893201137204,92.34391325321717,,,0,19.0
