latitude,longitude,elevation,slope_angle,label
23.789749,93.035667,523.0,16.42,1
27.154889,88.493194,1104.0,38.53,1
25.21112,92.999782,310.0,11.16,1
25.87416938336412,95.04800289717063,2236.0,25.0,0
23.442118,92.868912,794.0,23.23,1
23.710517,93.058403,1071.0,40.69,1
25.6592756110367,91.78100558242204,969.0,3.34,0
22.84553,92.79944,1299.0,2.68,1
24.23782,92.612062,185.0,14.27,1
28.43255080397392,94.943384328276,1021.0,8.79,0
26.00561866077803,94.10887737105546,408.0,12.98,0
24.53080220747538,92.25004449741756,25.0,4.91,0
23.71138889,92.72444444,924.0,26.95,1
27.370861,88.683167,2720.0,33.78,1
25.77601111,94.03071389,581.0,26.92,1
23.53944444,92.65888889,552.0,15.11,1
25.94291952374396,91.65789062071164,453.0,18.05,0
26.36080722195623,93.8403402969708,145.0,2.85,0
23.20960722,93.13104722,911.0,17.3,1
25.00432539359104,93.88519277138332,1066.0,10.52,0
24.309861,94.234639,534.0,17.86,1
27.70510472878508,91.61132101114038,3923.0,21.66,0
23.6935,92.570306,960.0,16.01,1
25.822962770525194,93.87858496867108,698.0,22.03,0
25.549219786708303,94.04793426309126,2657.0,15.03,0
23.4807,92.7025,997.0,24.87,1
27.083160803961253,95.87473037487688,910.0,36.98,0
24.935611,93.654444,472.0,25.09,1
25.451606810320865,93.91664576841912,1842.0,27.31,0
23.98693405381344,94.12010914087222,516.0,17.15,0
26.991078639055285,88.41341040512539,408.0,29.84,0
25.265492,94.098872,1202.0,18.29,1
25.301781796977824,90.81233657053438,591.0,30.43,0
22.77655192949201,92.76111829494,403.0,23.7,0
25.593778,94.822389,1381.0,35.75,1
22.006819995706383,92.50916702874706,437.0,36.49,0
24.09109,92.795724,923.0,20.11,1
24.64175,93.623222,518.0,20.0,1
24.414992,92.241894,61.0,4.74,1
28.06412065509868,94.46184098784676,872.0,27.48,0
26.16032911666604,94.7267048939192,2142.0,10.85,0
24.268528,94.103861,1269.0,49.17,1
27.046063990906337,88.60258121873768,1325.0,36.8,0
27.206611,88.442814,1315.0,38.66,1
23.61972222,92.72527778,818.0,24.34,1
24.544361,93.674917,1052.0,35.64,1
23.50651919460667,93.41956747660974,1239.0,43.26,0
25.42340079020552,93.93573990451712,1482.0,21.72,0
25.137,93.04,639.0,13.18,1
27.388488633491,88.06890831626289,3200.0,33.19,0
25.853019915344976,93.8694900483884,163.0,0.46,0
27.315028,88.558611,1233.0,26.03,1
25.019139,94.332472,1422.0,21.06,1
26.027539424967355,92.5913089237298,98.0,30.76,0
25.075567,92.363317,168.0,28.12,1
27.270056,88.430139,479.0,34.99,1
26.069722,94.223444,1048.0,29.37,1
25.490961,92.070397,1233.0,18.04,1
27.429556,88.611667,1525.0,29.36,1
26.94184053449688,92.55243663633564,128.0,0.46,0
28.101031,95.282364,188.0,25.61,1
26.16297,91.7059,203.0,5.57,1
27.065789434691904,88.65628613381502,1766.0,19.54,0
25.380940539249465,92.89989624743248,442.0,25.93,0
25.679981175327782,93.4515708030748,265.0,6.09,0
27.083117,93.601735,240.0,14.06,1
22.882607,92.837952,609.0,32.44,1
24.416167,94.176167,1330.0,12.93,1
25.314371217518005,92.44168154780172,996.0,3.52,0
24.37,92.81,224.0,20.84,1
23.618316,93.342403,1522.0,31.65,1
25.23435214495209,92.74171687917584,1176.0,13.81,0
23.299407,92.696714,361.0,27.99,1
26.2748936506235,92.30848635038672,62.0,1.06,0
22.53113351010163,93.1448172908904,687.0,31.01,0
26.227500176295216,94.348906389602,652.0,18.82,0
28.87635937412684,95.004971932161,2065.0,26.75,0
27.242917,88.354417,1610.0,38.39,1
28.28203611161517,95.43936218248676,1150.0,36.27,0
27.22920631462664,88.87414320040325,2922.0,17.48,0
24.0,93.99,1097.0,14.64,1
25.233583169254665,93.92528215682243,1789.0,18.31,0
23.853333,93.12458,300.0,35.3,1
25.55860286476669,93.52373534635164,305.0,6.92,0
23.134961,92.747843,851.0,31.93,1
23.305323,92.852358,1070.0,30.81,1
26.43689391886413,93.97954436732968,108.0,3.88,0
25.80344,94.399158,1803.0,26.56,1
26.109167,94.116167,659.0,40.93,1
26.037672,94.572023,1073.0,11.44,1
25.760111,94.366528,1715.0,32.04,1
23.688389,92.595583,1122.0,25.6,1
25.667,94.094,1328.0,10.77,1
25.758944,94.078028,1189.0,25.62,1
23.336389,93.074722,1140.0,34.02,1
23.1057,93.20275278,1154.0,19.78,1
27.686389,88.73875,2658.0,35.65,1
25.15398187,93.02361022,611.0,19.29,1
25.85442778,94.15844444,1532.0,31.76,1
26.985025577149337,93.71821262293264,102.0,4.06,0
23.461111,93.320472,1324.0,16.04,1
27.837612776239983,91.914710742872,4817.0,5.39,0
28.92359997163988,95.70384120640595,2319.0,32.45,0
23.26125,93.337222,1358.0,34.0,1
28.374471382053216,95.53352360763049,1920.0,46.14,0
24.401865707210227,93.21177560623012,154.0,9.54,0
23.805927687741228,91.45433473209724,55.0,5.63,0
25.36153137193753,94.69051788686927,1782.0,25.87,0
24.804167,93.471667,544.0,13.43,1
27.093278,88.457444,302.0,25.1,1
26.921503453066343,93.67783480334664,81.0,1.83,0
26.943433,95.385986,511.0,19.58,1
23.7885,93.024666,515.0,20.33,1
25.98760861490206,91.35312038129172,315.0,22.81,0
23.744028,92.698861,907.0,34.56,1
23.46025,93.01125,1441.0,40.32,1
23.62783838284804,92.16424015776948,142.0,1.48,0
24.55205833,93.25569167,235.0,4.95,1
24.51950468712859,94.03088653557344,842.0,9.86,0
25.037175245227942,93.34825438321612,362.0,34.88,0
28.118474309709995,96.33671439518942,1767.0,36.67,0
23.1617312239902,93.42551157458487,1106.0,27.91,0
23.9703338610689,92.5849008760903,528.0,37.27,0
24.97081509109548,94.31092993381526,926.0,9.66,0
23.151191,92.747211,897.0,19.47,1
25.081295549846047,92.16932450310397,36.0,4.19,0
23.00636736502991,92.35285670619444,44.0,3.48,0
27.540315638781568,93.81488848864473,1569.0,1.14,0
26.17108374173181,93.94071626161558,117.0,2.49,0
26.952846719529965,93.37768086516232,164.0,21.52,0
24.099117,92.916676,809.0,30.87,1
23.456613,93.006652,1411.0,32.82,1
26.13153953414428,92.38024177333932,133.0,18.18,0
25.21061598906953,92.45353197969789,570.0,7.5,0
26.173917,95.025556,873.0,23.27,1
27.613444,88.656528,1759.0,29.93,1
22.381001,92.978996,708.0,31.44,1
23.54555556,92.72111111,808.0,20.33,1
26.899347986588754,92.54046591234923,118.0,2.43,0
28.409419103254905,96.02805116915432,1890.0,38.19,0
23.35040882279481,92.57039466175604,522.0,7.37,0
28.25721807016361,95.67750126649416,279.0,18.88,0
24.48982222200067,94.38411931091646,274.0,28.26,0
23.66030556,92.67244444,1016.0,14.03,1
26.428,94.668611,1317.0,16.2,1
23.695444,92.861667,936.0,32.12,1
24.983806,93.497528,1156.0,13.18,1
26.117111,92.441028,184.0,20.45,1
25.22122760616063,94.70583580968344,1616.0,26.84,0
25.37312128975101,91.33489482670356,1479.0,5.92,0
25.22070956975064,92.9116245098461,785.0,6.57,0
22.916008,92.927841,439.0,22.58,1
24.42557586220809,93.69484806179888,870.0,19.27,0
25.669,94.051,1402.0,40.88,1
23.200475,92.735007,749.0,16.94,1
26.95129686075131,88.52820461350547,468.0,6.61,0
23.084343,92.898597,767.0,28.46,1
25.529,93.87,1596.0,41.54,1
23.720417,92.695667,911.0,29.49,1
23.53027778,92.69666667,832.0,31.53,1
23.586826653678543,92.00682049682464,115.0,4.09,0
25.205307,91.755686,439.0,33.18,1
26.195306,91.765639,85.0,7.01,1
27.48123095179095,88.37565575090946,3149.0,29.07,0
25.52659428034715,92.65662639628952,784.0,3.27,0
23.0287672691251,92.42745254754666,389.0,30.06,0
23.038630904845377,92.45462626809552,232.0,15.44,0
25.536,94.236,1737.0,24.93,1
25.3331009562684,94.60326937026711,1843.0,13.27,0
24.477126,92.205369,32.0,5.92,1
28.259524,95.780336,661.0,44.04,1
24.37,92.86,292.0,7.19,1
23.99,93.94,1595.0,35.77,1
25.185889,94.520944,1441.0,26.21,1
23.76861111,92.85138889,772.0,31.16,1
23.059174,93.276033,1391.0,30.07,1
24.911722,93.484361,1191.0,24.17,1
24.6108716524581,93.51927816664028,984.0,23.3,0
26.507639,94.688222,422.0,11.99,1
25.3647358238454,92.92465394495332,259.0,18.91,0
25.687056,91.6485,1139.0,26.67,1
24.15,93.58,1003.0,30.4,1
24.10764979549328,92.71818041330329,191.0,12.09,0
24.789917,93.459806,527.0,21.36,1
23.130578,92.743046,779.0,29.85,1
25.44108192823716,94.42798635766172,1078.0,31.0,0
25.311778,91.917528,1161.0,12.0,1
24.030876106851743,94.18618238673064,359.0,9.23,0
25.17455196887192,90.73701390283912,127.0,9.33,0
27.103111,88.402722,913.0,25.75,1
25.581822,91.189944,1249.0,14.91,1
25.13636174506654,93.21464809526417,1258.0,28.66,0
25.391265,91.884164,1268.0,21.82,1
23.870583,93.095444,575.0,23.77,1
25.649856,91.154383,1161.0,6.64,1
25.52366560248625,93.26291905583494,556.0,28.15,0
23.911194692094647,92.59826137363962,488.0,29.56,0
23.063838,92.769004,897.0,25.37,1
24.73,93.15,43.0,7.2,1
24.435198521883795,91.98170648169044,23.0,1.39,0
27.086905196206256,95.23443858602784,115.0,1.14,0
25.569222,91.217222,1293.0,16.76,1
25.669,94.114,1348.0,13.59,1
24.979245971129483,91.911032182248,21.0,4.11,0
27.161,88.094306,2159.0,29.25,1
24.5,92.77,115.0,4.14,1
23.98472222,92.68138889,454.0,16.37,1
23.2029,92.7369,786.0,18.29,1
26.57625,95.095842,1438.0,30.74,1
23.770936993130853,92.43626029646629,293.0,14.36,0
27.58816101421654,93.90712367913274,2411.0,19.67,0
27.06577432548437,88.54105174760201,1021.0,8.35,0
27.179034171517497,93.9891984731542,97.0,0.35,0
25.678,94.101,1273.0,22.32,1
23.59055556,92.71611111,774.0,31.9,1
27.264246391662088,96.41104315396176,999.0,24.6,0
27.236139,93.715694,419.0,25.31,1
25.92044762634069,91.09773688264372,63.0,1.19,0
28.730189819938456,96.01588764508593,3476.0,32.94,0
27.151268397180896,95.62105570524596,835.0,11.04,0
23.9,92.39,207.0,16.53,1
26.6470784839746,94.89334364717593,367.0,16.21,0
23.14968,92.749277,912.0,17.5,1
27.98333,96.40433,390.0,10.64,1
26.235278,94.215556,415.0,16.74,1
28.085275034038148,93.49755746382516,2128.0,35.2,0
25.940703,94.750969,1970.0,36.68,1
26.058972,93.406972,335.0,9.8,1
23.5975,92.81388889,568.0,31.81,1
25.659,94.107,1406.0,25.33,1
24.215868,92.802452,694.0,22.42,1
26.07411331513176,94.82980664662358,1166.0,40.4,0
24.94415720838589,92.27757604201862,15.0,0.8,0
28.12156461580468,95.6908486009082,188.0,2.9,0
22.01764635212625,93.18264251740744,1458.0,24.77,0
24.82375,93.523861,417.0,31.12,1
28.910292524798272,95.59263267133228,3295.0,30.08,0
22.47,92.63,88.0,3.93,1
27.113811135942875,96.02724030420627,1010.0,24.41,0
28.28700099283207,95.42317264326287,1151.0,42.42,0
25.317455726593177,94.6481013279524,1414.0,40.83,0
25.14965,92.214519,65.0,33.35,1
26.130417,94.138889,574.0,26.06,1
26.150578,94.602548,1713.0,28.28,1
26.015316791148496,92.71350332671696,68.0,3.39,0
26.022833,92.274028,283.0,20.17,1
25.13486111,92.382,188.0,43.31,1
25.28743134437641,93.7712022461768,1680.0,19.63,0
24.887612555159887,93.30276652539696,586.0,42.4,0
23.838404669663017,91.97233394954834,128.0,17.09,0
24.108313390650235,94.25529992496502,193.0,8.08,0
27.29975,88.419778,1330.0,26.96,1
27.89846086468553,93.31270135819112,1027.0,37.03,0
23.473361,93.222167,1048.0,34.92,1
25.686,94.043,1003.0,15.14,1
27.381306,88.690444,3090.0,32.65,1
25.86742165572603,91.68678336898846,566.0,11.67,0
25.19358012047285,91.29658078972076,21.0,3.2,0
25.59918706441921,91.10247431677234,964.0,15.6,0
28.87174973366287,94.6939831506994,1444.0,39.45,0
23.225542,92.798363,979.0,17.88,1
22.986418,92.999901,1214.0,22.98,1
25.03257058011176,91.81596448939705,19.0,3.02,0
23.164812,92.743396,800.0,23.91,1
24.23777778,92.95583333,664.0,21.73,1
27.261342910349164,92.5923595833282,2019.0,24.11,0
22.711,92.839996,744.0,30.56,1
24.13197230836498,93.16945767513668,1046.0,32.25,0
22.739346696888763,92.913491728774,333.0,31.09,0
25.390356713092267,91.32324752860616,1503.0,2.53,0
27.38614715736516,95.7261584322171,168.0,3.74,0
27.50634587057837,93.66784031453255,1041.0,13.0,0
25.136047,92.222064,156.0,30.62,1
25.75297778,91.88535278,821.0,16.28,1
28.265836,95.563875,497.0,22.22,1
23.78,92.36,713.0,25.64,1
26.05393345025925,92.36930831152522,422.0,18.95,0
24.98380127886348,91.74369164514916,10.0,1.12,0
26.785222,95.070556,914.0,18.88,1
27.025440611939107,88.31265177577286,2065.0,29.39,0
28.634732214652995,95.41035153596135,2544.0,20.34,0
24.07508144935658,92.71895028177089,171.0,14.76,0
24.3225,94.23361,417.0,21.32,1
23.84777778,92.83694444,376.0,22.42,1
24.171224993610515,93.68257430304502,1106.0,30.6,0
22.5,92.68,931.0,17.72,1
27.79149767597789,93.80715865792214,867.0,30.19,0
24.201154,92.944079,584.0,27.75,1
26.816351798202938,94.2446609561766,88.0,3.13,0
28.763802,95.868513,1319.0,31.43,1
26.987652130390924,93.86562149060772,85.0,2.28,0
27.339806,88.227361,1192.0,30.42,1
25.050694,94.555139,1707.0,30.94,1
27.31739447484409,88.9493090292304,4196.0,10.06,0
24.18566111,93.53935278,673.0,22.99,1
24.2025406498892,94.3229735429331,169.0,0.69,0
26.60358,93.481,106.0,16.14,1
27.405445840248976,88.87055019176871,3947.0,16.11,0
27.03130117150746,88.32257842172731,1806.0,34.09,0
24.577151438294727,94.2467252827126,797.0,29.61,0
26.19330556,91.77725,172.0,17.95,1
27.26525,88.789556,3567.0,30.81,1
27.206917,92.537667,1227.0,35.7,1
23.04542856124686,93.4663828600392,1003.0,27.93,0
22.834258764224337,93.40239768821964,958.0,20.73,0
24.962970175461948,93.32518305939612,283.0,22.67,0
26.840694,95.080333,290.0,25.62,1
26.40653,94.95814,661.0,25.61,1
27.498485872879044,88.35472878385329,3799.0,34.59,0
25.455128711782933,94.43737448455283,1085.0,22.2,0
23.56952,93.100523,639.0,31.97,1
28.22408,96.55872,1642.0,49.08,1
25.68611667,94.04302778,1003.0,15.14,1
23.927951732751204,93.89658211519402,1511.0,29.61,0
26.908126884608592,95.71822367112009,1494.0,25.12,0
25.84494,92.61514,322.0,8.94,1
28.704861670035218,95.82976462501618,1180.0,32.14,0
25.28090556,91.36584722,993.0,27.49,1
24.35137778,93.34095556,315.0,10.14,1
24.18131232087966,92.1896878467324,84.0,13.78,0
27.76346114082328,88.62615219607656,4115.0,17.14,0
27.21773067116459,94.00851097845064,100.0,1.14,0
26.308690164501023,91.93245724572488,57.0,1.13,0
25.379443861362137,91.3473309527077,1508.0,12.05,0
23.255426,92.890915,838.0,23.63,1
27.58987677552978,96.62374989734056,1845.0,30.47,0
24.99596818190953,91.29328267842943,9.0,1.8,0
26.01061,91.86886,342.0,27.38,1
26.3808962844234,95.09070578509694,2295.0,46.76,0
24.675210753262206,93.39232471337714,707.0,46.84,0
26.766762077144367,92.443472937077,97.0,2.43,0
27.71295118778576,92.9179246652639,2420.0,20.54,0
25.386353306548,93.99466111610876,1443.0,22.52,0
25.469025818478748,94.73547422476636,2032.0,4.87,0
23.27003462610563,92.40153115210109,109.0,16.84,0
24.753524777837843,93.844878864142,772.0,2.4,0
25.146994617514245,92.46915746944852,220.0,12.27,0
26.037381,94.037386,280.0,30.82,1
28.56525,95.148333,1083.0,23.07,1
23.47241620720734,93.46792017522516,1113.0,3.26,0
25.630858,91.887601,1232.0,14.24,1
26.193278,94.295222,915.0,11.67,1
27.466137,96.407194,537.0,23.79,1
28.030576111421382,96.30880424146136,1014.0,38.92,0
25.084611,92.335667,147.0,28.63,1
24.17263631357639,92.7471176461183,125.0,17.66,0
25.4777308857668,94.44708541483796,1266.0,18.53,0
23.958289654131647,92.5026848482886,416.0,32.12,0
27.98389091906893,96.50610384156076,2639.0,35.61,0
23.94,92.37,688.0,24.79,1
25.651,94.289,1785.0,29.48,1
25.64793713697728,89.95399179593298,27.0,1.03,0
25.121417,93.654972,1220.0,34.81,1
27.910417,94.739528,482.0,32.73,1
25.681244582444023,93.24332488079956,286.0,6.02,0
27.207606,88.676047,725.0,32.13,1
25.773583,94.086833,1357.0,25.48,1
28.344658127661685,95.29882135820576,1156.0,31.61,0
23.73638889,92.8,375.0,24.08,1
25.906359918287578,91.79059582839336,472.0,11.34,0
25.231772268595726,93.45521794958174,810.0,13.22,0
26.10354316087367,92.56897071790311,126.0,7.95,0
27.649194,93.874,1625.0,23.08,1
25.531739,91.296177,1460.0,24.98,1
25.03589329601932,91.61116570455262,10.0,0.46,0
25.191246199545,92.51497881072662,469.0,10.55,0
29.135525693699467,95.62682280438617,3600.0,31.6,0
25.090569310896026,91.88707489787184,15.0,4.74,0
25.15933333,93.017,685.0,6.2,1
23.51372282937441,92.41811799337054,955.0,19.8,0
26.122864,94.638388,1206.0,18.0,1
25.077539677836068,93.18629282448906,426.0,26.33,0
25.665,94.096,1395.0,25.75,1
28.148164769652745,95.6304584110756,231.0,2.1,0
26.466366681696453,95.181989378307,2038.0,27.73,0
26.15664064741904,92.26134144870242,58.0,2.92,0
24.511569324402355,93.46513155482606,420.0,28.92,0
24.211504,92.679258,713.0,25.02,1
24.804586,93.655719,613.0,28.58,1
23.293142,92.857091,918.0,34.41,1
28.16552904368353,96.82173412384512,4154.0,22.17,0
28.640954601907907,94.80229522377071,1391.0,25.35,0
23.41430722301305,92.57338681224746,247.0,40.73,0
27.5569445947262,92.7984285473151,784.0,1.57,0
27.09118112678414,92.459267640416,2319.0,37.57,0
27.314336849996742,93.67110990382795,1553.0,27.33,0
25.684752236635685,92.89431883562348,168.0,6.98,0
28.23969,96.52778,1626.0,36.43,1
26.129859026208496,92.33680956547578,60.0,1.03,0
24.09185827829628,93.0081271759702,713.0,30.72,0
27.931570940722,95.29592998499808,148.0,1.33,0
25.115417,93.63925,1235.0,30.53,1
25.051856371577,93.1518552579548,634.0,29.15,0
25.20818074420913,93.49169954127584,1420.0,16.88,0
28.42416657956109,94.87383573540812,1172.0,27.55,0
24.067478,92.893471,1006.0,3.42,1
25.59300708057606,90.9496126294045,796.0,12.41,0
25.321102,91.927514,1099.0,23.29,1
25.463814072699183,91.95698925150434,1704.0,3.53,0
26.547167,95.092167,1428.0,30.8,1
27.925610495289835,94.564273141017,962.0,30.27,0
23.305111,93.311528,1490.0,11.67,1
25.265158,92.202239,689.0,21.09,1
27.81342710924901,94.61590993013893,628.0,23.97,0
25.317724350981603,92.89241740957824,507.0,15.06,0
25.175249582608448,93.5602950608879,818.0,19.8,0
26.794472,95.072722,725.0,11.0,1
24.069401,92.91857,753.0,14.03,1
23.49901,92.702759,921.0,22.48,1
24.80777728183839,92.93368724379276,15.0,6.09,0
25.26345659993675,92.8793272893911,542.0,24.2,0
27.60259344950818,93.69299123478618,1447.0,15.37,0
23.24454722,93.17027222,861.0,32.75,1
28.05997,96.48664,495.0,2.08,1
23.492025461558946,92.22651510356182,221.0,22.41,0
26.432193461596377,95.10955270808986,2070.0,24.96,0
25.615092,91.309872,1423.0,17.9,1
26.098268,94.392683,575.0,18.53,1
24.022316341292296,94.13250198017845,492.0,30.24,0
28.29501676001761,95.43447802950188,1474.0,44.89,0
25.37004955183441,91.28315302919972,1238.0,12.53,0
25.109261448751944,92.74540298754144,1129.0,19.58,0
27.35805556,88.62111111,1734.0,22.96,1
25.571,92.55128,836.0,15.65,1
25.10723759862742,92.5637818554214,980.0,34.91,0
27.341847686210578,96.35339495646863,1042.0,14.67,0
27.59027778,88.65394444,1677.0,30.81,1
27.034865576448148,88.25563778429473,1979.0,26.8,0
23.341111,93.080583,1053.0,32.28,1
26.980337963233275,93.82074231157851,86.0,3.38,0
25.75756256033768,92.82649354100154,115.0,2.96,0
24.63888633937117,94.0157473658819,778.0,1.79,0
28.46999076204565,95.66617310083568,1602.0,43.11,0
25.056374448287404,93.34781272433564,586.0,29.52,0
24.37,93.5,840.0,9.06,1
26.189306,91.787944,70.0,9.38,1
23.468508,93.270788,970.0,30.03,1
27.55584014239728,96.16003799191756,348.0,20.4,0
24.788715422044667,92.94980840694356,26.0,0.74,0
23.51510302894877,92.51985549854284,299.0,27.46,0
25.466528,94.552028,1253.0,26.57,1
22.618557953056047,93.0485683719458,1933.0,16.14,0
26.965045772087485,95.11612634913918,132.0,1.56,0
24.913611,94.242028,1408.0,25.39,1
23.311604,93.313134,1513.0,16.93,1
23.376068020821936,92.55783402505268,376.0,23.37,0
24.4,92.8,110.0,8.94,1
25.70480022624889,91.73388845209249,901.0,12.55,0
25.599815,91.860028,1292.0,23.26,1
25.2047964362802,93.52088492103216,917.0,17.19,0
25.377501591966546,94.3778953637336,877.0,21.95,0
25.166053265989344,93.4351904051424,939.0,22.52,0
28.527881566734084,96.4425834998007,4025.0,2.67,0
23.974632602369383,92.55515525311144,250.0,8.68,0
24.03,93.81,1268.0,10.76,1
23.321301376839585,92.9524414328055,871.0,20.27,0
28.486252723779184,96.0123477611918,3572.0,69.72,0
28.217204,95.789599,958.0,25.27,1
25.811024625988885,91.79281318729063,612.0,26.56,0
27.220472,88.281028,1432.0,32.96,1
27.233417,88.634806,1493.0,33.89,1
24.549256,93.667681,1078.0,31.29,1
25.985317,94.021903,773.0,37.63,1
25.809897776739824,94.58420825426596,2385.0,9.19,0
28.476722,95.841356,866.0,46.98,1
24.468751423066216,93.539122254622,776.0,28.25,0
23.62,92.72472222,819.0,28.5,1
24.653156,93.646406,601.0,19.58,1
28.254781722020045,95.29253587280736,1276.0,36.63,0
23.64119,93.085929,1128.0,30.53,1
26.87164592558131,92.66604258842074,101.0,5.08,0
26.534806630704185,94.58074435206682,283.0,20.77,0
27.05005562587695,88.26616732531416,2110.0,26.27,0
26.6502564673523,94.41534122487634,153.0,0.7,0
28.239110347065186,96.6761568856927,2882.0,51.22,0
25.83025,94.076639,826.0,24.22,1
25.087417,93.618333,1158.0,22.1,1
24.85487675389176,92.51064749425665,20.0,4.34,0
28.16452306546384,96.3792150253212,3355.0,51.92,0
23.164169,92.74339,830.0,20.97,1
22.78087383552184,92.74588121048085,353.0,14.46,0
25.636747,91.162711,1267.0,9.77,1
22.86739,92.75764,1132.0,14.55,1
23.729422,92.716596,1052.0,37.01,1
23.828321,92.73701,1242.0,41.4,1
26.093083,95.036278,1735.0,24.68,1
28.846067,95.865922,1399.0,27.67,1
22.22,92.96,1307.0,25.28,1
23.056612,92.699997,899.0,10.28,1
23.021145,92.770981,1001.0,31.01,1
25.770064,93.937891,791.0,26.13,1
25.228272,91.687776,580.0,28.12,1
28.47666554196257,95.71545415195858,2085.0,30.36,0
25.84782,93.70174,158.0,10.84,1
25.652361,94.735889,1715.0,28.89,1
25.27342,91.578074,1287.0,32.26,1
22.12826041483809,93.17575366844623,936.0,9.89,0
25.68703,94.12442,1265.0,15.22,1
23.373849,93.383061,860.0,25.64,1
28.13477255733737,95.98614996526648,1732.0,45.13,0
25.419444,94.5775,1498.0,20.3,1
24.79825,93.724083,854.0,36.02,1
23.58722222,92.71361111,813.0,34.7,1
27.374206738641547,88.95182086090904,3480.0,31.02,0
27.39838889,88.62566667,1758.0,22.98,1
22.302705968863712,92.82460233528676,167.0,31.08,0
25.151917,94.312167,1405.0,24.22,1
23.34044123529853,93.62774104660878,1283.0,15.39,0
26.957129320616303,95.11371084915804,137.0,1.04,0
24.834028,93.644,483.0,25.78,1
25.602951619432005,93.624939443516,370.0,10.3,0
25.069806,94.541667,1579.0,25.07,1
25.434089177939804,94.22204985765026,1416.0,29.23,0
25.444028,93.4265,418.0,19.21,1
23.376472,93.384778,891.0,34.61,1
23.36611855110637,92.50224079661488,553.0,39.58,0
24.49855466591553,93.25375147266432,151.0,14.65,0
25.096524563920543,93.55299474384888,1271.0,5.03,0
25.726,93.773,343.0,12.94,1
23.14085,93.142487,1215.0,35.38,1
24.033017,92.26034,199.0,23.69,1
24.60586420600832,92.40690488354498,23.0,3.68,0
24.45763218928239,93.7347327429868,800.0,4.14,0
27.613692686008083,93.05180242666364,971.0,25.36,0
26.132470742711103,91.09335162873276,45.0,3.87,0
26.03165732043372,94.7076496384274,1941.0,28.09,0
23.296419,93.095813,1335.0,28.36,1
27.031483179340565,88.50353696278202,799.0,24.08,0
25.366337639700934,90.401350569285,178.0,19.19,0
23.929083,92.922778,1110.0,15.21,1
27.62167812259633,91.58977469715062,3254.0,23.61,0
25.9145213710169,93.97363787241792,187.0,1.31,0
25.756850014771963,91.15014243483186,717.0,4.95,0
27.339833,93.805167,774.0,28.06,1
24.934336,94.460091,1953.0,29.57,1
24.672316,94.26374,1095.0,31.42,1
27.495623920798906,88.37489331302481,3736.0,37.28,0
25.41529285066093,93.67837808911128,685.0,27.3,0
25.68895029671853,92.81281480462336,188.0,4.32,0
25.400815225245584,93.8291099420458,966.0,34.82,0
27.098417,88.400167,684.0,23.6,1
26.679025860828418,93.68451255526595,80.0,1.39,0
26.956154345180405,88.22676852132338,1047.0,24.33,0
24.631861,93.721889,1327.0,20.93,1
25.05141137649589,92.6617609001472,711.0,32.39,0
27.88316832566724,94.54058535323686,950.0,30.7,0
22.836016,92.759361,625.0,24.93,1
25.497078,94.553583,919.0,27.89,1
28.38066921232476,94.88193359001755,1148.0,35.63,0
24.01348259022276,92.42512162978834,160.0,7.15,0
25.337239,94.039708,1121.0,16.92,1
24.640072,93.627392,453.0,39.05,1
25.15144,93.0331,454.0,34.23,1
23.79,92.36,722.0,19.66,1
23.653556,92.035139,282.0,3.39,1
28.988114980759583,95.7182978714404,2740.0,16.84,0
25.796384171813465,92.34648755864649,794.0,30.39,0
25.793333,94.958014,1770.0,18.83,1
26.07675,94.558611,1826.0,22.07,1
28.02424810342269,96.2209795749776,774.0,12.74,0
23.699472,92.716167,987.0,20.5,1
25.488168602894586,94.47141610876784,1147.0,27.71,0
23.34952168465142,93.56613417451332,1345.0,31.64,0
25.817194,94.280058,842.0,33.22,1
24.952,94.529028,1490.0,43.26,1
25.134293,92.38155,244.0,33.32,1
27.37734760888305,93.95747820067255,676.0,38.24,0
24.34421944,93.03191111,41.0,13.96,1
27.385946567627435,96.14580243338536,213.0,2.09,0
25.669678,91.102908,1032.0,24.93,1
26.033583,91.867083,116.0,11.83,1
24.14,94.01,1132.0,22.29,1
24.957209,94.473616,1890.0,23.25,1
25.77451050099443,91.71078661356395,806.0,10.56,0
25.14275,94.320139,1647.0,29.45,1
27.98781647992378,94.87062799728984,835.0,42.91,0
25.674,92.157667,807.0,6.16,1
26.08593964718888,94.71089753549585,1990.0,21.38,0
25.257448750451715,92.91735587995782,836.0,9.47,0
23.301587,92.868485,864.0,23.68,1
22.883968,92.735397,861.0,25.59,1
26.089206487589312,91.2864303339278,45.0,1.03,0
23.139660897052423,91.490102315949,16.0,1.64,0
27.382757954844205,92.42568241542938,2526.0,25.23,0
27.38347055651448,93.15470853349504,1842.0,25.95,0
25.935708,91.714556,281.0,23.67,1
23.59833333,92.85194444,1213.0,18.55,1
23.39194444,92.75611111,1310.0,38.96,1
26.915400133796865,93.58055665272433,92.0,0.46,0
23.057222,93.080002,1570.0,22.54,1
27.99149711120052,94.08295097691484,1889.0,22.31,0
25.319355463623427,93.76615770337956,1669.0,7.42,0
23.74035833,92.71311667,926.0,33.09,1
27.201477071004405,92.47654969272976,1389.0,6.93,0
27.64102819510183,96.26288000022492,309.0,10.45,0
26.30326231838114,95.26699273793986,1769.0,34.72,0
25.44138889,92.19108333,1318.0,28.16,1
26.410232843226144,93.14596487965082,669.0,7.06,0
24.36,92.89,122.0,25.85,1
24.676078,94.253133,1025.0,31.06,1
25.268519,94.047614,1336.0,17.7,1
26.017,94.254306,1246.0,29.95,1
26.95405727598566,95.30375175504844,389.0,14.76,0
23.31587785238349,92.2433354843584,94.0,9.48,0
25.3211814431381,92.98201578433978,234.0,22.16,0
27.903417,93.371722,894.0,24.58,1
28.632361,95.037917,476.0,18.82,1
26.21305556,91.6925,73.0,25.53,1
27.00606606160699,92.69569962403818,132.0,5.02,0
27.449807,96.444466,603.0,39.67,1
26.93172998806917,95.05662368823212,112.0,4.29,0
23.306168670504643,93.54314537393228,1803.0,34.92,0
28.717524594685464,95.15177793181476,3603.0,35.79,0
24.636444,93.606694,978.0,36.65,1
26.02122875761651,95.12215385102604,2230.0,46.23,0
24.10864167,93.54198333,741.0,5.58,1
27.713944,88.557361,2610.0,38.16,1
22.745880569107243,92.4304811036491,106.0,14.98,0
28.46491767994804,96.58091399858432,2782.0,17.11,0
25.2975,91.46167,1075.0,21.99,1
26.37460479143669,91.95178210427284,52.0,1.06,0
25.880190694348364,93.75207456686846,168.0,0.93,0
25.396222,94.450472,1550.0,18.65,1
25.09055556,92.35972222,203.0,20.96,1
23.68075,92.571917,925.0,24.95,1
25.25342817678387,94.63575468147064,1760.0,29.59,0
23.307135,92.707624,458.0,32.6,1
28.071615491757065,95.39036145537516,152.0,1.85,0
24.893403937495023,92.9430941706272,47.0,1.03,0
23.272548,92.874296,1024.0,36.42,1
23.950646667601507,92.58979221385484,614.0,21.06,0
25.079944,94.294667,1174.0,50.37,1
25.33034520181161,94.60516367755392,1910.0,36.98,0
27.062298,93.531487,282.0,23.11,1
26.699016453031103,95.50304139603747,1241.0,22.96,0
25.677,94.104,1358.0,15.24,1
24.768694,93.45725,493.0,31.33,1
23.70416667,92.71222222,1040.0,35.42,1
23.299628,92.855609,950.0,25.28,1
25.8515,92.69203,464.0,19.83,1
28.092333092995407,95.68089282019588,187.0,3.52,0
26.63018275083236,94.8089218027344,404.0,33.36,0
25.233923557716583,93.76747696839924,1899.0,32.68,0
25.77289277958834,90.67598058871904,184.0,8.93,0
28.42267672510204,95.76610071964348,1298.0,8.0,0
23.66,92.72916667,835.0,16.14,1
26.132252874571847,91.54489219719753,49.0,2.58,0
24.775917,93.453139,529.0,21.66,1
27.27352778,88.57783333,937.0,34.8,1
26.34075,93.78861,253.0,15.49,1
27.666841660697983,96.31163408577837,419.0,7.06,0
25.281122,92.345397,864.0,15.45,1
24.48381854172836,92.96429292951032,89.0,9.52,0
27.381556,88.691806,3097.0,39.19,1
23.268811,92.665508,885.0,31.11,1
23.490702,93.33685,1373.0,11.36,1
23.310846,92.858915,1053.0,28.19,1
25.4345053066008,94.3472396775194,1372.0,32.0,0
25.121,92.915028,306.0,16.42,1
24.41467294590757,93.3050174912176,542.0,10.22,0
25.156306,93.678917,1036.0,39.15,1
24.718567,93.500017,200.0,20.45,1
23.026520554451675,93.18040961581082,904.0,20.83,0
25.723,93.778,471.0,25.97,1
22.469469,92.878334,668.0,35.77,1
26.885896,95.562013,1409.0,22.46,1
25.156542,92.198469,68.0,17.86,1
25.05851775897191,92.5932608927278,292.0,18.23,0
26.059222,94.2445,1445.0,21.14,1
28.265266,95.56964,566.0,26.47,1
23.476232,92.913652,1010.0,36.4,1
25.094429919214228,91.53183746109418,12.0,2.1,0
25.397944,94.551083,980.0,12.62,1
26.282667,94.475667,1253.0,6.59,1
25.554349274094992,95.1081000526802,314.0,17.76,0
24.13354665607673,93.185288281793,1171.0,21.28,0
28.435528219017232,95.72643798177673,1134.0,35.18,0
25.409417,94.599722,1671.0,33.35,1
25.216944,93.011361,484.0,34.12,1
25.60711616,93.92787222,1928.0,6.81,1
28.8384210948156,96.0995153174546,3645.0,55.66,0
26.527330269430585,94.27001271886132,313.0,21.36,0
25.04305556,92.42041667,149.0,17.54,1
28.66895014918589,95.91132226778169,1892.0,17.08,0
24.075726813032013,93.37620216313172,962.0,14.29,0
27.47512074660116,88.65881474738342,2452.0,12.36,0
25.76,93.95,976.0,28.45,1
25.03722930803169,92.28303221475596,19.0,2.82,0
26.491389,94.824444,1213.0,25.94,1
26.07278021705706,93.82408258443392,127.0,1.92,0
23.470722,93.246639,900.0,33.37,1
26.767972,95.087028,1013.0,16.66,1
24.000334,93.300278,1188.0,31.44,1
22.491185508675315,92.38579250561352,304.0,13.47,0
26.89763497444265,88.31273287283874,1234.0,47.2,0
24.94740079024148,92.18667238403316,18.0,2.11,0
27.25858333,88.46166667,581.0,32.58,1
22.73377870814923,92.91127915266158,322.0,26.14,0
23.44583333,92.68444444,847.0,17.31,1
22.41,92.6,141.0,10.19,1
23.309914,92.853522,969.0,28.93,1
27.422111,93.014639,630.0,36.76,1
27.38641375638163,93.25990667943236,2205.0,22.21,0
26.818889,95.072222,526.0,19.92,1
25.391571012790763,91.31750546981816,1464.0,19.46,0
24.33,93.55,1025.0,16.34,1
27.375139,88.708028,3159.0,38.22,1
28.267216,95.559542,408.0,28.48,1
24.24755556,93.54809722,1166.0,27.08,1
23.60435754667457,92.5307467296149,395.0,24.26,0
24.158503281354072,94.24767657761664,316.0,20.24,0
25.122381,92.243069,137.0,30.08,1
26.12731272794462,92.59895261169248,62.0,1.31,0
27.701333,88.565083,2390.0,38.46,1
25.751694,94.316361,1268.0,30.85,1
27.78308162582548,93.7323839626086,1360.0,31.49,0
26.188846274221216,94.7313485334403,2015.0,24.29,0
26.834972,95.080528,287.0,19.16,1
25.700692,94.775594,1418.0,48.62,1
25.47420141663846,91.4189276184861,1614.0,6.1,0
27.00877790068265,88.38571099960284,1047.0,24.79,0
25.527781,91.263214,1339.0,7.73,1
23.045557,92.772557,1015.0,11.86,1
25.991671250506,93.64471108972931,187.0,2.96,0
23.792555,93.029892,559.0,32.57,1
27.99028605973798,95.5356532650176,144.0,2.89,0
28.193864,95.805469,764.0,33.63,1
27.4775583074288,96.5230922373784,933.0,9.75,0
24.1,93.5,847.0,25.74,1
26.239167,94.071111,237.0,28.05,1
28.1945,95.227917,348.0,26.85,1
23.394333,93.374861,1155.0,25.2,1
25.46223469032712,94.46607064236828,1379.0,34.51,0
28.17487290218588,96.3226340873612,2273.0,39.25,0
23.27560647804559,92.99727115930212,837.0,23.78,0
23.605091,92.72184,799.0,35.77,1
27.286208121591844,92.87188324886073,378.0,4.88,0
22.84635256270364,93.10656897210522,614.0,36.57,0
26.286178511311668,94.31134766353456,508.0,11.39,0
25.812,92.55069,505.0,27.47,1
25.83357603743444,92.40557555718432,762.0,13.15,0
28.822521,95.92931,1535.0,15.89,1
26.098222,92.439389,344.0,23.5,1
22.871384543485853,93.1978887336154,838.0,27.46,0
26.04123125697252,90.96151553827104,47.0,2.12,0
22.599475862876385,92.75996089688492,372.0,21.3,0
25.51797160933637,94.84862586420044,2056.0,21.68,0
25.757308184022687,92.37093936706376,785.0,10.25,0
27.101111,88.403333,805.0,28.5,1
27.31686486485872,92.9133817092791,1072.0,29.45,0
25.86362451847482,93.83612368064657,163.0,2.06,0
24.506317,94.180147,1508.0,25.58,1
28.93684578734236,94.81635047531424,500.0,21.58,0
25.79555492798198,94.60592267481238,1689.0,32.87,0
23.74972222,92.73888889,1020.0,34.63,1
25.6293908704674,93.2457103259811,417.0,17.9,0
25.61263013018001,92.76916280062844,371.0,12.84,0
23.999111,93.285309,1399.0,24.1,1
25.549639,91.247472,1337.0,20.59,1
22.392,92.978996,468.0,40.27,1
25.01342954212201,93.40107874217549,479.0,3.43,0
27.41671864815798,88.41368987307551,2926.0,2.85,0
27.54810833,88.60807778,1762.0,42.23,1
22.93319170813199,93.09254793411807,1160.0,24.6,0
25.217886,91.73381,877.0,15.3,1
27.43361615885896,92.00898586127654,3996.0,21.48,0
27.158,88.347972,1390.0,35.65,1
24.043492,92.775423,977.0,30.33,1
22.63747763250431,93.07251144622336,914.0,35.91,0
23.666608,93.350691,1242.0,13.54,1
23.2749303146964,93.0001771302088,795.0,30.09,0
25.51717084282636,92.62304828640345,719.0,0.0,0
27.54798677291113,96.59548107543888,1005.0,16.28,0
27.473358134151137,91.7978544165494,3852.0,31.97,0
27.11243036610054,93.00433278911215,937.0,18.29,0
22.06,92.66,187.0,6.26,1
25.611284,93.912865,1661.0,33.93,1
25.02638706558043,92.02155570950382,9.0,0.93,0
24.8385,94.357083,1512.0,32.32,1
23.16465199233649,92.39522187724644,104.0,16.98,0
26.235585423049898,94.35075796154904,558.0,25.3,0
24.53732787912664,94.29833671933568,912.0,34.03,0
22.788198,92.825165,740.0,47.1,1
26.56524991238713,94.14481051902072,93.0,3.24,0
27.185972,88.205833,1694.0,28.23,1
25.569175556955614,90.97821125690778,843.0,7.9,0
27.161806,93.136194,1424.0,24.23,1
27.099707,95.641075,1075.0,33.11,1
28.096651672809955,96.2080114620756,2398.0,50.02,0
28.472966,95.857242,844.0,39.48,1
24.78002778,92.45372222,44.0,14.27,1
22.27,93.05,1126.0,22.04,1
25.21381523085774,94.19380235473328,1089.0,7.6,0
27.200861,88.340861,995.0,22.5,1
23.46567595717904,92.47562434692638,337.0,30.12,0
25.356887554587967,92.33728367671496,1188.0,7.33,0
28.054193723076548,95.53940496164483,178.0,1.15,0
24.248558,92.954177,710.0,15.63,1
23.73555556,92.78833333,529.0,30.91,1
25.4722072446166,93.86754710310043,1419.0,45.34,0
28.31676090634617,96.40629751362528,4071.0,55.1,0
23.42425,93.168778,1003.0,27.53,1
23.62055556,92.85083333,1090.0,30.91,1
25.269949,91.875273,1073.0,22.37,1
26.08875,94.202444,1029.0,36.72,1
25.68044,94.07336,1259.0,15.44,1
26.52015036219445,95.04280437855644,1094.0,59.02,0
22.46,92.73,923.0,8.93,1
22.58172914323991,93.12144016630718,743.0,33.21,0
23.850861,92.743083,1274.0,26.24,1
24.975145256161145,93.90194170344544,850.0,4.22,0
25.40023,91.5159,1592.0,17.0,1
23.164443,92.742682,827.0,27.39,1
28.265965,95.560934,405.0,29.01,1
24.869917,94.592417,789.0,20.61,1
27.98601407867977,94.1321216429247,1733.0,26.45,0
28.286076180769683,95.03538494159476,716.0,25.49,0
25.156833,93.017694,637.0,36.98,1
24.26294247231858,92.74511004686282,60.0,5.57,0
28.95584954198222,96.25132956032058,3174.0,19.27,0
27.062539324739603,88.24972343868737,1907.0,30.11,0
27.798700701301645,93.8698653575181,778.0,22.68,0
25.238045,92.801279,1272.0,6.48,1
25.63669858477128,91.70487920042684,1446.0,5.63,0
26.04238843195637,91.68015355160436,388.0,11.76,0
27.290240908170176,93.58640040260912,1792.0,13.5,0
23.34977143758237,92.54292342621986,654.0,32.77,0
25.106281681860963,92.55437504979166,1166.0,19.74,0
26.838721411183403,94.29320466765522,86.0,1.04,0
25.177773451533334,90.53838862558376,69.0,12.11,0
24.23,93.93,901.0,19.99,1
24.804448,93.235711,188.0,26.88,1
27.043883,95.72822,1091.0,42.74,1
24.04777778,92.66777778,668.0,24.42,1
25.609472,94.806111,1176.0,44.73,1
23.202129,92.681442,1019.0,31.39,1
25.568534,93.726285,1116.0,35.48,1
23.58027778,92.715,918.0,10.53,1
22.731503995101463,92.93633896175822,544.0,33.39,0
27.88651089451936,96.41952554315723,1639.0,44.69,0
25.414061771656925,93.88820388713656,1755.0,22.89,0
27.453801601107752,88.75639036098545,4310.0,34.97,0
23.565232784428947,93.43461762234968,1271.0,21.83,0
22.700001,92.994003,1152.0,34.89,1
25.752726304556823,91.5211743228544,687.0,16.8,0
27.52838889,88.59972222,1557.0,38.46,1
28.05117283704472,95.7215779478084,179.0,1.64,0
25.68865544342088,92.69187365903524,513.0,10.73,0
26.11,94.76,1005.0,23.39,1
25.07089724634613,91.72176147901128,9.0,0.8,0
27.132196828684805,93.93812384409416,95.0,0.74,0
26.226028,95.043389,1316.0,25.68,1
22.958107355750347,92.56735481456856,552.0,26.29,0
25.99145882937376,93.8724545222489,143.0,0.81,0
28.290792860686544,95.48142290734364,1855.0,30.25,0
26.556861,94.680944,645.0,15.87,1
27.123833,88.225333,463.0,41.22,1
25.083061,92.360322,240.0,27.83,1
25.786594,94.922778,1850.0,25.59,1
23.69472222,92.85916667,906.0,29.85,1
25.489611,94.553306,1011.0,31.46,1
23.53805556,92.66166667,568.0,32.31,1
28.388211520672872,96.00296374422042,2082.0,45.84,0
25.753983362112866,91.9597615693352,973.0,6.17,0
27.23280438081301,92.30893959932176,2393.0,38.07,0
28.024169,94.582184,604.0,22.22,1
25.39057885924537,93.72889023072024,746.0,45.61,0
27.46600187666808,93.76138882170362,1113.0,1.74,0
23.60138889,92.76472222,498.0,11.48,1
24.2,92.42,556.0,17.43,1
23.98458105350644,91.56886107942609,56.0,7.84,0
25.92233,92.50819,360.0,27.4,1
22.82979419724968,92.52729337624442,237.0,17.53,0
26.56,94.36,196.0,9.2,1
23.885639,92.857861,707.0,32.31,1
22.45,93.09,1405.0,22.58,1
27.161917,88.509639,1023.0,24.17,1
23.90222222,92.91888889,1070.0,7.08,1
26.79906659498605,92.72820990840668,90.0,4.88,0
26.20198626069996,91.52886041015832,54.0,1.94,0
25.05708004630833,93.1842811085112,213.0,29.68,0
23.18077,92.735789,817.0,28.46,1
23.04345,92.772408,1075.0,35.51,1
25.874724596147253,93.9269237663258,233.0,15.72,0
24.54,93.11,297.0,23.02,1
27.24125,93.746889,428.0,30.48,1
25.159367,92.202078,102.0,28.73,1
25.497159018878826,90.58595924585796,277.0,6.64,0
26.198,90.298,45.0,13.85,1
25.699496,93.682743,342.0,1.03,1
23.295052329975743,92.97539161059844,926.0,25.29,0
27.641139,88.612,1881.0,16.0,1
26.55646566151372,95.19771772198304,1431.0,34.66,0
22.455999,92.948997,582.0,38.25,1
25.05801943745101,91.40670828158096,9.0,1.03,0
28.612897073631444,94.83037438381136,1292.0,21.25,0
25.713,94.309,1467.0,45.27,1
23.30554,92.854877,954.0,21.44,1
25.144776839431223,92.7967576162355,1056.0,28.72,0
24.1,94.04,1267.0,26.62,1
25.692,94.065,932.0,12.54,1
24.25655704289161,93.48318321213598,622.0,10.39,0
24.00419444,92.67780556,604.0,36.73,1
25.185167,94.308972,1327.0,20.83,1
22.507,92.886002,711.0,35.45,1
27.198392293787187,93.97681428765812,100.0,0.0,0
23.425583,93.168278,986.0,24.53,1
24.898,93.487722,1256.0,26.52,1
25.40980435423932,93.19041161846138,293.0,17.96,0
24.28,93.18,743.0,24.05,1
26.02661935853749,95.13133235250709,2585.0,40.06,0
27.54652580186152,88.03149633971593,5218.0,25.83,0
25.92734462900243,92.21804236875894,673.0,4.89,0
25.307624404417243,93.8946353236357,1912.0,37.09,0
23.88527778,92.8575,702.0,28.25,1
23.143806,93.031219,1223.0,28.11,1
28.080686515189527,95.79899967982068,221.0,3.85,0
25.351883575448326,91.1250319024359,596.0,11.49,0
27.707259566223453,88.40318010541591,4939.0,39.66,0
25.76305,94.078305,1243.0,17.3,1
23.42722222,92.71277778,940.0,40.86,1
23.694333,93.183335,1430.0,20.7,1
22.57613022959225,92.4401144039711,122.0,20.49,0
25.056,94.600667,1501.0,28.93,1
25.448506,94.031956,1747.0,24.12,1
25.873020015715227,95.02350999756176,2520.0,16.64,0
24.683139,94.400917,894.0,25.77,1
24.4588,94.223469,1435.0,31.22,1
24.896326589718,94.73983690840208,363.0,39.5,0
25.093078,92.348025,165.0,34.85,1
25.14763204885887,94.657863014843,2217.0,22.09,0
28.443033,94.668074,458.0,32.43,1
27.245028,88.226861,1745.0,20.2,1
22.43515298565611,92.48848777466556,443.0,30.06,0
24.53688300393191,94.3936850335686,583.0,14.76,0
25.088513756802044,92.56890617357662,793.0,18.69,0
24.816242,93.523119,335.0,20.79,1
25.744,94.242,831.0,20.2,1
24.59271897229109,92.89059231805118,34.0,2.11,0
26.548056,95.0905,1415.0,22.91,1
23.696979,93.041829,809.0,26.95,1
27.2114880334816,88.84211091829906,1608.0,24.87,0
28.1198593620592,95.70541490337898,188.0,1.74,0
23.91,92.45,217.0,24.03,1
25.044111,94.233778,1472.0,24.88,1
27.472240265817664,88.6528726814476,2642.0,35.48,0
28.775604778003405,95.57492200045162,2501.0,30.8,0
28.617054775172267,95.949743971796,1593.0,40.77,0
25.089430621181624,91.80350541340722,11.0,3.92,0
25.60054167,93.92484444,1844.0,18.15,1
23.871636150622844,93.77185980571376,854.0,25.82,0
27.304689861269093,96.32084975303712,619.0,30.22,0
23.535189,92.846042,1197.0,10.18,1
28.3526796583855,95.65300288842148,1369.0,20.08,0
25.56287847891708,93.02393170977412,140.0,2.07,0
26.229861,95.0515,1313.0,25.04,1
26.14425,94.246194,1196.0,27.85,1
25.738742627696983,92.58860798426625,794.0,12.52,0
23.03953713572739,92.61272211528748,247.0,28.11,0
26.33838241364931,95.16061536474405,1184.0,34.01,0
26.3784250089358,94.01761518110148,105.0,0.35,0
25.661,94.055,1444.0,28.89,1
22.89947833328937,93.39326709161304,984.0,21.53,0
27.165278,88.348528,1088.0,30.33,1
25.234728715436148,94.23943617160158,1261.0,21.48,0
25.691862712250405,91.8006259401568,875.0,8.57,0
24.677098130590547,93.95702098312508,778.0,5.88,0
24.111036356933194,92.6442461118724,123.0,10.54,0
28.18681164633775,96.07698735856395,2238.0,24.47,0
23.56388889,92.70805556,836.0,31.19,1
26.87510760059232,95.02404025717472,336.0,47.83,0
24.121242106136247,92.65198806391618,104.0,27.2,0
28.498464,95.828278,780.0,38.74,1
24.81735247183432,94.0111136629375,859.0,23.4,0
25.65839,93.11808,353.0,10.56,1
25.65162575685816,94.64135902963238,675.0,20.55,0
23.61472222,92.79583333,380.0,36.46,1
27.409861,88.543722,1517.0,39.2,1
27.22570932626764,95.81009287377772,439.0,9.47,0
23.971078,92.682781,321.0,26.09,1
22.53261617736809,93.07439424772365,510.0,25.17,0
25.10891061170084,94.7594402382358,1719.0,17.59,0
24.847417,94.358028,1489.0,21.99,1
25.416056,93.284222,276.0,19.29,1
25.531698,91.295995,1460.0,24.98,1
23.163528,93.281056,1529.0,20.64,1
25.969628,94.634169,1212.0,29.35,1
28.303771,94.948727,363.0,32.09,1
25.661,94.388,1308.0,14.8,1
24.14934211758877,94.23794291309474,312.0,9.5,0
25.73890163868561,92.47288140378264,836.0,9.3,0
23.37141937316232,93.5735126047749,908.0,38.71,0
26.92591968934992,92.86875685996088,101.0,3.44,0
25.040072753242857,93.6845074120041,1569.0,16.39,0
27.159194,88.444361,1312.0,36.79,1
23.496232442228767,93.45631208246562,1032.0,20.48,0
25.36729773790569,90.86666550836205,269.0,24.4,0
27.160636,93.738873,245.0,25.81,1
25.716862734168068,94.97716516134886,2585.0,23.54,0
25.96675,94.031917,883.0,22.91,1
26.551111,94.79,1016.0,30.96,1
27.863722,93.473389,847.0,36.0,1
26.15052778,91.72766667,86.0,18.75,1
28.217543,95.792489,952.0,33.27,1
23.208082,92.507889,686.0,18.16,1
25.29778,91.45972,1067.0,14.88,1
27.481789838274903,93.99555033699916,2378.0,22.33,0
23.74111111,92.71083333,823.0,20.35,1
27.358583,88.840194,3835.0,40.86,1
23.112284,92.746288,793.0,28.7,1
27.315028,88.558139,1237.0,18.03,1
24.35,93.66,1171.0,11.68,1
23.306105,92.671296,517.0,27.59,1
24.17,93.58,962.0,17.94,1
23.807952,92.834037,534.0,39.06,1
25.263722,94.544833,1251.0,24.82,1
25.277934,91.575,1166.0,58.68,1
27.31439815741865,93.72231180252014,1736.0,32.08,0
27.426361,88.583028,1658.0,25.66,1
28.35226871698642,95.03627565858692,408.0,21.96,0
24.08033448445565,94.32867849202516,142.0,2.53,0
27.90467,96.35917,986.0,35.33,1
26.83358940108194,94.94305074448668,513.0,10.63,0
27.574427707632147,88.80551392530978,4749.0,20.6,0
22.902089,92.879909,431.0,15.21,1
23.65538889,92.71161111,826.0,47.94,1
25.68326350445753,91.80521921840344,875.0,6.11,0
22.866783,92.772026,1158.0,25.32,1
25.569278,92.2025,1249.0,26.46,1
24.778778,93.782778,911.0,24.72,1
25.61061111,93.92184722,1681.0,34.2,1
25.46823135624739,94.81162549597452,2257.0,28.86,0
23.295774,92.740012,745.0,26.4,1
23.293863,92.741368,771.0,26.74,1
25.589342789224585,91.38740272132634,1539.0,14.19,0
25.288417,94.539528,1424.0,36.48,1
24.599858,93.725225,1037.0,38.78,1
28.481352022884977,96.7266837499514,3127.0,26.87,0
27.026758441731936,95.79566853914145,1643.0,15.91,0
25.180611,94.525278,1309.0,28.64,1
24.586282952688016,94.16928247606452,1393.0,21.56,0
27.1288482189038,92.35202026335864,2356.0,24.8,0
25.13,93.27,547.0,26.85,1
26.022983,94.582272,1558.0,28.78,1
24.13,93.29,1026.0,21.23,1
28.27346880698201,95.14271902036369,877.0,7.82,0
25.017134125085946,93.45016541602364,186.0,2.57,0
25.66772222,94.08908333,1338.0,18.14,1
27.704306,88.560694,2529.0,35.11,1
25.11728394936855,92.08503671456052,15.0,1.04,0
23.019636209032743,92.60373876997136,153.0,20.35,0
27.46423619442661,92.75930335663053,1759.0,19.85,0
26.46821808500604,94.95698779880576,838.0,37.78,0
25.619625,91.616567,1506.0,16.11,1
23.003800494595225,92.61943626327282,263.0,36.08,0
24.341232717187783,94.43981497425506,160.0,0.34,0
22.9444099863292,92.59533580841128,77.0,5.9,0
23.940106,92.680592,254.0,29.78,1
23.59722222,92.81194444,667.0,29.56,1
24.836588,94.354848,1500.0,37.79,1
23.39896482448411,92.49463278804528,569.0,31.59,0
23.88319,92.869,671.0,31.85,1
27.03814479792613,94.00051464093508,85.0,0.81,0
27.291528,92.391778,1802.0,28.08,1
23.77361111,92.84944444,737.0,27.16,1
25.08586,92.35869,355.0,14.69,1
21.935005254087184,93.11339647775868,1034.0,31.75,0
23.415506879075203,93.45737297789142,1323.0,18.5,0
26.703194,94.633917,135.0,17.98,1
27.101194,88.394611,629.0,32.86,1
26.333833,94.284333,823.0,23.56,1
27.27458333,88.55002778,1171.0,33.43,1
27.773552980512665,92.91031660953615,1402.0,44.07,0
26.589367401971604,94.86283099536644,441.0,24.79,0
24.820667,93.525444,390.0,22.85,1
26.461667,94.855,866.0,17.42,1
27.389908687654422,93.74807790826686,773.0,32.86,0
23.018354885068632,92.23062511936962,34.0,2.39,0
23.10100556,93.19393611,1048.0,21.74,1
28.15450237245693,96.36667170470764,2911.0,35.16,0
27.705193902891544,96.54570782469716,1499.0,40.4,0
23.757805,92.561473,769.0,22.57,1
24.566073383704065,92.2225228334522,60.0,13.5,0
25.707367986552832,93.4009761011154,273.0,5.32,0
25.905561,94.768481,1416.0,51.09,1
28.330279049869635,95.7037220374307,1132.0,21.03,0
27.235501003666435,89.04374522012529,2854.0,39.78,0
24.543369799455306,92.99907671269284,395.0,23.1,0
25.331873683057697,93.69318360727392,561.0,32.77,0
23.575952274976924,92.28794367198212,197.0,9.29,0
27.485550039678685,93.192291863623,2218.0,12.02,0
24.940166636296063,93.18010472346852,62.0,12.56,0
25.691453,91.645731,1273.0,41.23,1
25.571,94.166,1345.0,19.31,1
25.954636,94.607456,1541.0,37.42,1
23.87925,92.87127778,787.0,38.0,1
27.140759602921268,88.8260438609025,1771.0,26.64,0
23.780138,93.152916,759.0,26.39,1
26.2917592601169,93.971837157231,108.0,2.22,0
27.61554031558937,88.51168658531127,4003.0,33.22,0
25.775196068043734,91.96029814992804,911.0,19.3,0
25.686,94.119,1431.0,13.67,1
23.21795,92.998007,1110.0,29.77,1
25.731,94.087,1448.0,24.84,1
23.65530556,92.7025,912.0,22.46,1
27.706015117023764,88.67206278537562,4363.0,35.41,0
26.121056,91.716389,65.0,9.49,1
25.460853256700773,94.7142124188306,2180.0,33.73,0
24.556741549935992,93.44683294649518,577.0,28.11,0
25.466278,94.552528,1251.0,33.48,1
22.94605922019814,92.60958614575654,119.0,19.38,0
28.09932143361236,96.36885321190118,3415.0,19.22,0
25.092111,94.370444,1735.0,10.87,1
27.215056,88.393306,1562.0,36.21,1
23.13335087061337,92.33938191602142,270.0,28.98,0
22.24,92.62,198.0,18.5,1
24.901194,94.342444,1388.0,29.19,1
25.259326,91.872712,1001.0,25.13,1
25.46875918675734,94.22220795500816,1583.0,30.36,0
27.51423215583995,93.26930001226025,2882.0,16.64,0
22.464916,92.916107,737.0,26.9,1
26.627369101393647,94.87242154202266,467.0,18.25,0
25.56726648953784,94.68748107077548,1339.0,37.4,0
27.243806,88.2725,1626.0,26.62,1
25.62067,94.21483,1030.0,29.86,1
27.39187013371152,93.16577100995912,1643.0,35.46,0
27.44965572184548,88.21507349871472,4117.0,41.25,0
26.09660278,94.368725,635.0,21.31,1
25.65850723210205,93.54530511965146,232.0,6.92,0
28.237008,95.776204,844.0,27.49,1
26.15478,91.77411,105.0,11.82,1
22.14251987318138,92.5293049978293,186.0,9.9,0
28.174806,95.025111,264.0,46.71,1
27.300945,95.992838,372.0,20.19,1
25.08869652275224,91.69126804788534,9.0,0.35,0
26.864074301900143,88.20049281435858,1247.0,24.38,0
25.607778,94.837944,1330.0,43.09,1
23.7413587,92.7075844,901.0,38.22,1
24.026138,93.240166,691.0,27.52,1
25.25345305921749,94.43436774068228,1244.0,19.85,0
25.5490173516522,94.44718737773664,1085.0,28.6,0
23.741806,92.72525,967.0,23.26,1
24.87663899637981,94.1187632279248,909.0,19.14,0
25.452417,94.018919,1564.0,41.24,1
25.34599233693862,92.9152647295642,580.0,15.06,0
27.71836510611248,96.44028031918432,1237.0,22.01,0
24.7955,93.73605556,1188.0,55.49,1
27.754806,94.715444,387.0,27.53,1
27.171139,88.354611,1235.0,19.15,1
27.45929541217208,88.29354969026828,3308.0,32.76,0
25.047906,92.404822,86.0,10.05,1
23.072620196548044,93.4080311879519,1456.0,25.5,0
27.6318060022844,96.57205071175412,2502.0,9.86,0
27.05325177509541,93.71523630259804,440.0,38.44,0
28.449446874707387,96.56380586633318,2066.0,7.52,0
26.28220626185192,94.97266726654772,2044.0,28.19,0
24.10451924355478,92.72101144597168,157.0,17.26,0
25.982436,92.057405,407.0,11.16,1
25.41041326252624,93.5919901495612,1198.0,26.31,0
24.069728,92.918457,757.0,5.44,1
27.50321628576655,88.87020057269334,3892.0,33.31,0
23.004421,92.988426,982.0,18.0,1
23.801054,93.168762,554.0,21.67,1
23.366684925760108,92.44928713151624,268.0,28.63,0
25.184528,93.125639,630.0,16.25,1
23.725325606319256,93.31375366779848,1257.0,42.34,0
25.08030934999585,91.8632816147056,11.0,2.44,0
23.745083,92.6955,935.0,42.64,1
27.253778,93.507778,955.0,23.8,1
28.808133,95.926984,1447.0,19.61,1
28.32640402946432,95.4670330004593,1681.0,30.31,0
25.618,94.209,839.0,16.8,1
25.729639,94.795675,1402.0,33.57,1
27.33325,88.213583,1394.0,27.73,1
25.601858037684945,94.94138070265257,2090.0,17.14,0
28.173434,95.836605,473.0,15.29,1
27.307072,93.806008,718.0,16.38,1
25.97461,92.51375,172.0,33.24,1
25.318628,94.092053,1204.0,16.37,1
28.22381,96.53644,1446.0,42.82,1
27.727766708816493,92.8746806481929,2520.0,38.39,0
25.19403161407368,93.53024545130502,729.0,17.66,0
23.719306,92.869058,762.0,22.82,1
24.327663972357847,93.4095231619271,1788.0,13.45,0
23.65666667,92.72694444,849.0,9.6,1
25.71906,94.10883,1317.0,16.26,1
26.82907778296052,95.16414741704014,599.0,19.96,0
27.252167,88.272778,1477.0,18.75,1
24.16360559951737,92.85705580722018,295.0,12.98,0
26.77361511191649,93.31640488103388,86.0,2.6,0
24.38829256704699,93.41016388683038,594.0,29.2,0
24.51951143407359,94.05474615412956,881.0,8.99,0
25.092083,92.35925,211.0,21.06,1
26.061,90.605,64.0,15.17,1
25.476440116601125,94.31800109646242,2296.0,21.62,0
22.72853386945023,93.11326247396296,851.0,7.46,0
24.95039608641532,93.94774737321085,1099.0,30.36,0
25.640389,94.732444,1835.0,32.42,1
22.9015,92.83319,793.0,19.94,1
26.129142099669785,92.25083182571552,60.0,0.81,0
25.85544954577309,93.8562306034743,164.0,1.13,0
24.36,93.54,1217.0,2.56,1
24.839028,94.357083,1519.0,30.66,1
28.04670321613668,94.7356528465169,582.0,14.69,0
27.20754520944233,88.01717149253584,3441.0,28.44,0
28.212275,95.802589,957.0,23.19,1
28.399412931285617,96.11607710380444,2972.0,25.17,0
27.10375,93.61529,411.0,20.17,1
22.599558554171043,92.76262590087836,335.0,7.62,0
25.21741336900894,91.50793511107824,150.0,32.51,0
24.85855126166912,93.34925369899476,806.0,16.62,0
27.270019,93.799333,414.0,26.08,1
24.717889,94.2235,1604.0,27.16,1
25.697168565299645,92.25705974461005,930.0,4.18,0
25.91896570784364,93.1004724096133,122.0,1.82,0
27.591806,91.865028,2925.0,17.83,1
27.18014592335658,93.89075085295572,119.0,2.44,0
23.152298,93.28066,1421.0,25.18,1
24.17622112156994,94.3043649824163,165.0,0.74,0
28.193511348125888,95.3643877994509,520.0,21.41,0
22.19,92.98,958.0,42.58,1
27.71972288818797,93.20250245873254,1902.0,30.12,0
25.926068459624137,93.95743027140958,178.0,1.06,0
26.905401446495784,95.69550635019876,2108.0,40.01,0
25.687083,91.650858,1111.0,21.93,1
26.067626107656203,93.76259998320312,141.0,1.55,0
25.921468312115632,93.90839374384984,156.0,0.46,0
22.18,93.01,1109.0,10.4,1
27.09903082086749,94.99323779302588,105.0,1.04,0
24.630083,93.606139,904.0,24.26,1
23.8019843139647,93.48619921971512,1373.0,33.48,0
27.577204560002567,88.34184041743926,2612.0,57.22,0
25.78214,93.80528,457.0,29.66,1
23.281521,92.868857,971.0,35.87,1
27.41095102911304,88.21166764697524,2567.0,33.68,0
26.88765979073534,95.7829045264554,1249.0,20.2,0
25.81542,92.5535,470.0,11.97,1
27.7139567348545,94.80134547566462,331.0,21.86,0
23.053806,92.704918,902.0,24.14,1
24.40404555105284,92.43539708199486,37.0,1.64,0
25.199528,93.625278,423.0,27.14,1
28.01661,96.44172,431.0,2.08,1
24.642109604417858,93.7775960841306,777.0,0.8,0
26.2417798262685,93.84642688774956,126.0,6.51,0
26.97495092884304,93.52387196671113,184.0,10.2,0
23.09759444,93.21089444,924.0,33.26,1
23.847818722825465,93.67926331949556,1198.0,19.54,0
26.672805394791016,95.298295042127,1385.0,18.67,0
28.164524453271305,95.92171975237964,1149.0,35.03,0
24.811301,94.355581,1593.0,29.19,1
22.5886,92.970001,859.0,37.47,1
29.026835539019945,94.85397883695946,1694.0,39.17,0
25.696439419355727,90.31096655468592,413.0,14.28,0
27.40809716535067,95.86633601747886,148.0,7.0,0
22.917629,92.75267,1126.0,15.32,1
25.81175,92.55003,510.0,25.11,1
23.56583333,92.72666667,789.0,30.49,1
23.87,92.5,873.0,12.27,1
23.088409,92.793564,486.0,23.48,1
24.76624631068428,94.4722333444855,714.0,21.18,0
26.013528,92.266083,358.0,22.6,1
28.121421858546107,94.71201950678304,851.0,29.81,0
27.19069725717982,96.39215844429658,946.0,18.55,0
23.75138889,92.69583333,769.0,33.73,1
28.276547093890567,96.6740110178736,3281.0,20.12,0
23.304833,93.306778,1535.0,18.49,1
25.64259595538564,90.97587535132487,780.0,3.12,0
23.380806,93.128917,1303.0,15.9,1
22.9918813359875,93.106200514654,707.0,16.02,0
28.291556,95.199111,678.0,15.4,1
25.492333,94.555444,1017.0,28.75,1
25.356583,94.525306,1459.0,20.83,1
24.74844044595933,94.46167081276528,517.0,34.24,0
24.10641389,93.12339944,973.0,26.35,1
27.447230303715493,93.5944444586901,1029.0,2.56,0
23.936333,93.118858,1508.0,33.54,1
23.71305556,92.70895833,981.0,21.58,1
23.903454657515898,93.49272564645752,932.0,31.21,0
24.949167,94.155389,1057.0,29.88,1
25.55125,91.297056,1475.0,7.25,1
26.384347,94.443397,955.0,20.08,1
26.28558520629594,94.99527575156608,1860.0,10.58,0
26.42769420347821,94.22563760694008,267.0,15.6,0
28.245371,95.774057,783.0,22.27,1
25.15154847907601,91.82991292686104,12.0,3.07,0
24.528457026627613,94.2980348807544,1117.0,25.98,0
23.4973846648844,93.43678483039588,1122.0,16.42,0
26.075944,91.820806,222.0,12.26,1
27.074045718151385,88.59617784605908,1704.0,41.41,0
24.37418802053348,91.59752923863878,57.0,13.56,0
23.56761441202181,92.15973623356334,110.0,15.14,0
27.203194,88.600278,980.0,31.36,1
23.74256944,92.73774444,911.0,36.01,1
25.928567388786227,95.00303765921085,1906.0,29.01,0
23.52383405212793,92.39987834571562,396.0,38.89,0
28.062733708795506,93.42963164412026,648.0,19.13,0
25.359728801380264,92.88233381719174,678.0,10.64,0
25.325778,94.515694,1288.0,17.41,1
24.248168472061792,93.71866875016572,1216.0,5.77,0
26.101275236900285,93.69506335025174,198.0,2.85,0
23.208694,92.50975,741.0,20.91,1
24.10027778,92.79583333,822.0,30.43,1
28.506306,94.873361,1230.0,30.88,1
25.62769503540842,94.6739171319271,886.0,31.17,0
24.709973713584784,93.79059636368248,791.0,1.79,0
25.6489,91.8965,1079.0,16.81,1
23.108018,92.746279,763.0,15.65,1
23.131844,92.744715,811.0,31.14,1
23.935,92.67777778,241.0,40.91,1
25.65823056,94.12258333,1274.0,22.14,1
24.979,93.496,1154.0,8.87,1
23.52861111,92.6975,825.0,37.42,1
22.5236553787857,93.21563456385852,924.0,33.05,0
27.066980524296604,88.22826636563735,1055.0,35.61,0
23.902619831686785,93.46609811081107,1042.0,27.66,0
26.23779406309708,92.60056658939504,59.0,2.12,0
26.3925,94.918611,781.0,31.95,1
26.727722,95.033056,687.0,23.27,1
24.94225,94.541056,1520.0,16.0,1
25.34499438878652,94.4238915563166,972.0,14.49,0
25.85187135148385,93.830473116048,165.0,1.82,0
24.517056,93.817056,784.0,12.25,1
28.51517656458237,95.98280103631826,3653.0,39.85,0
26.861815703343527,95.21827308684492,836.0,21.32,0
26.506389,94.796111,1152.0,29.08,1
23.55027778,92.70444444,834.0,32.94,1
27.06606059475056,95.41474583832684,493.0,16.82,0
22.87355833,92.75595278,1075.0,20.6,1
24.80144212683172,94.64758865572296,1117.0,21.65,0
27.4763735397091,88.8263923447595,4625.0,28.3,0
25.065886717094067,92.19043044297464,18.0,2.6,0
27.93466380823213,95.79929265711276,145.0,0.74,0
24.37023056,93.34268889,273.0,9.5,1
26.68523318976499,94.8928306933644,1111.0,14.82,0
25.61526829111704,92.58592640278914,735.0,2.41,0
25.881797,94.654425,1907.0,40.7,1
23.303906,92.853173,1037.0,38.23,1
27.343929698698165,95.66749146524047,153.0,1.63,0
24.74,93.15,87.0,13.6,1
23.500142563320463,92.45583034642598,199.0,11.62,0
26.78055970651584,94.3718656940869,96.0,1.94,0
23.4731,92.7119,1091.0,34.25,1
24.710833,92.481167,48.0,17.47,1
25.665,94.104,1401.0,12.72,1
25.965083,94.426806,1101.0,36.57,1
23.415165,92.722199,1081.0,23.01,1
27.219444,88.234361,1286.0,23.52,1
25.791616,91.658242,743.0,8.29,1
27.13228783146115,93.4372702560929,1102.0,43.84,0
27.191674680437803,95.3529967743884,126.0,1.04,0
25.22026,91.720198,565.0,34.74,1
22.897339,92.549866,139.0,21.89,1
27.368917,88.794611,3894.0,35.19,1
24.549075182572665,94.23048109973308,902.0,23.74,0
27.448306,88.519667,875.0,40.59,1
25.38318967614613,91.34546183330598,1410.0,16.91,0
27.244056,88.348056,1568.0,44.39,1
27.63512336863378,94.90150794953598,111.0,1.06,0
27.452751733974,88.33343274133055,2281.0,8.71,0
23.605611,93.08682,1128.0,21.3,1
25.786141322309515,93.66575535869592,175.0,2.42,0
25.042333,94.241111,1507.0,29.9,1
25.695,94.459,1561.0,26.85,1
24.03804454317573,93.39180529086464,1901.0,11.67,0
23.828278,92.023389,114.0,9.02,1
27.090944,88.406833,290.0,25.02,1
27.527333,88.590778,1510.0,41.25,1
25.405,93.372194,434.0,9.53,1
25.04151320788865,91.98839118471528,15.0,1.79,0
25.971300715877423,93.79340037650236,155.0,4.11,0
28.10430163156924,96.03365553144268,1409.0,32.51,0
24.291028,94.124056,1319.0,19.34,1
27.554911787846013,88.80482067274542,4669.0,23.48,0
25.044947,92.420261,181.0,24.27,1
25.19669444,93.01858333,453.0,23.45,1
25.64366,91.899342,1060.0,22.85,1
23.793444,92.125833,189.0,20.93,1
26.327972,94.527389,1337.0,30.98,1
23.88815841470837,92.5877062757172,821.0,24.94,0
27.76712341324907,96.2622669968612,282.0,3.48,0
25.102484977389445,93.52416058027936,1602.0,11.24,0
28.98172065143194,95.9478951016314,2454.0,43.88,0
25.573653,91.831023,1357.0,34.15,1
24.99125555288644,93.92828825597562,991.0,26.16,0
23.38606173304644,92.496537357989,438.0,26.78,0
25.581944,94.858139,1215.0,36.77,1
25.238701067960527,94.62033305932168,2023.0,30.39,0
25.16763410417248,94.58726607728836,2154.0,31.27,0
25.116,93.643278,1192.0,19.72,1
26.456512868434448,94.26411993145162,255.0,3.43,0
27.190295,95.716317,577.0,24.99,1
28.38802692383062,95.6347835858552,1676.0,22.28,0
23.62645406236464,92.43047453381357,846.0,4.04,0
23.65955556,92.67111111,1018.0,7.49,1
24.11294757333619,93.67835397800236,1164.0,19.26,0
25.687442,91.656183,1045.0,22.85,1
27.659789379709267,88.42779901607943,4283.0,23.86,0
23.670556,92.728528,716.0,20.02,1
23.33022222,92.78886111,661.0,19.57,1
24.342363842996924,92.27481247874032,48.0,2.37,0
26.305043044508658,91.9447822528566,55.0,0.0,0
28.105952,96.447724,1427.0,29.09,1
23.658861,92.963722,1133.0,34.38,1
25.079667,94.296361,1139.0,34.91,1
25.298951,91.726475,1507.0,21.74,1
27.55138985918368,93.0516657049452,1607.0,28.64,0
24.030588,92.668422,914.0,30.14,1
26.168556,95.04825,1118.0,26.66,1
24.63989428147349,94.4408064877137,409.0,16.01,0
28.143839,95.285971,184.0,33.8,1
25.65977222,91.63440556,1407.0,5.8,1
25.118,93.014,621.0,15.2,1
25.714656233259863,92.58495764886383,742.0,11.82,0
23.33445568134309,92.54052818655852,597.0,26.38,0
26.390968369862502,94.26654303102578,177.0,8.91,0
24.64121112523302,94.06072119505583,780.0,3.7,0
25.56245620946428,94.00213393349752,2254.0,60.13,0
25.950660895586434,92.1150856473946,641.0,16.1,0
26.09686389,94.36771667,636.0,20.23,1
23.744264818029983,91.96138287569252,175.0,20.0,0
24.975961,93.567983,937.0,53.04,1
25.46909987791811,94.32050413914352,2184.0,37.66,0
25.168928,93.739886,771.0,30.05,1
22.873558,92.755951,1075.0,20.6,1
24.884950605286026,94.07789582356884,805.0,7.0,0
27.73151067680569,93.36158748118204,1348.0,45.59,0
24.97184133495636,93.27197529928648,227.0,23.13,0
25.368927364321586,92.94647006689516,442.0,22.16,0
23.150939,92.748258,881.0,24.78,1
25.64213,91.851852,1104.0,21.23,1
24.861126866773635,92.18103157246748,16.0,3.32,0
25.105612333481112,91.69305824288422,10.0,1.39,0
23.90527778,92.92083333,1045.0,30.23,1
22.97279919743344,92.37634686724866,35.0,1.18,0
28.014765,94.569467,556.0,17.1,1
23.80515704817985,93.24963031803752,1895.0,1.11,0
26.721128973756528,92.55490330176067,80.0,1.19,0
25.123694025116485,93.5018452308614,616.0,22.54,0
26.74587509662842,95.36472078988812,1012.0,20.8,0
28.488264,95.842761,813.0,37.1,1
27.190191,88.325507,522.0,50.81,1
25.691,94.121,1396.0,6.46,1
28.14787,95.279987,213.0,31.34,1
23.219172,92.67691,781.0,19.01,1
28.17434184453997,96.47067320700064,1694.0,26.24,0
24.84833,93.45917,988.0,33.39,1
22.28035314131493,92.50650945392096,308.0,5.64,0
23.953337904282574,91.17090577408028,7.0,2.87,0
22.70974139116972,92.76664698197207,277.0,18.67,0
25.536972,91.973639,1648.0,8.54,1
27.070857359538355,93.01355264721514,845.0,21.23,0
25.865037501935337,95.25122901058398,2042.0,12.46,0
23.13488,92.747567,844.0,33.95,1
24.888556,93.641472,410.0,18.27,1
25.80273575921341,91.52802593485951,308.0,10.05,0
25.24868889,93.85251111,1029.0,30.41,1
25.00113402483348,91.8498625618438,10.0,2.66,0
27.320612719035896,88.00460885725204,2318.0,37.22,0
25.581829,91.765659,1694.0,21.36,1
22.68032437565736,92.78347739714523,385.0,29.73,0
23.88583333,92.85055556,514.0,30.85,1
22.765005649486408,92.93504357363952,630.0,19.8,0
25.1478502232041,92.72913664928149,1669.0,20.09,0
24.788639,93.772167,1086.0,26.4,1
24.942778,93.495333,1252.0,21.89,1
27.8112096079145,88.43188592731195,4671.0,26.82,0
26.0586115568992,92.64924961552086,64.0,2.96,0
22.635651044885968,93.10596449101875,389.0,27.4,0
23.226894,92.638527,763.0,32.46,1
27.27872778,88.12502778,1840.0,27.9,1
25.743,93.798,354.0,23.5,1
26.206778,94.215,665.0,41.1,1
24.17361739064486,92.85471977213447,239.0,32.1,0
27.568028,92.993944,547.0,23.79,1
26.446867881185103,94.18745631107154,185.0,23.09,0
26.068028,94.317833,1067.0,14.72,1
27.28425,88.370056,1939.0,33.78,1
28.308841,95.973238,899.0,34.44,1
23.982908463923952,92.60320473990316,451.0,18.83,0
26.011075,94.523236,1835.0,17.1,1
25.151005208543644,92.8055145837336,1201.0,14.88,0
27.846380546133982,95.21778447028412,136.0,1.48,0
24.02,93.56,789.0,28.05,1
23.826811744831208,94.07861997805618,634.0,21.82,0
25.622638238056528,90.68921010631118,367.0,2.07,0
27.252667,88.694194,1456.0,29.0,1
24.936361,94.160028,946.0,27.53,1
25.66315,91.90180278,1017.0,6.71,1
25.17789696684276,93.4318135720632,717.0,34.87,0
22.580416041669864,92.81192696045642,518.0,26.79,0
23.02280556,92.67255556,350.0,18.07,1
27.179639,88.519778,332.0,41.99,1
25.224808,91.696177,367.0,18.89,1
25.4624264719152,90.95566620528795,461.0,3.5,0
23.71125,92.660167,272.0,19.45,1
25.338631,91.777559,1416.0,39.84,1
27.49091704600609,91.77319781598425,3014.0,44.11,0
25.412400106076355,93.59971829585125,1152.0,36.18,0
25.292632345972606,92.90989629050272,793.0,12.77,0
22.9,92.48,128.0,32.59,1
25.181222,94.524611,1317.0,29.35,1
28.289977243112705,96.08056476017929,1042.0,41.98,0
23.56361111,92.73277778,595.0,17.49,1
22.88926394226952,92.40079240213043,60.0,15.73,0
22.73,92.65,657.0,14.22,1
25.0681092981182,92.18958903257952,20.0,3.84,0
23.116585,92.745325,737.0,26.32,1
24.09,92.37,155.0,17.26,1
28.026733,94.593471,661.0,7.58,1
22.789967,92.820396,716.0,26.9,1
23.67555556,92.7225,770.0,25.78,1
27.47126545143656,93.83555032416332,1725.0,16.16,0
26.0046,93.9814,473.0,5.87,1
28.44788281501081,94.56052774448833,1535.0,45.32,0
25.034611,94.31925,1231.0,19.73,1
25.95548110907053,92.71735190025072,69.0,0.69,0
25.391723,91.871851,1585.0,29.81,1
25.970032,92.056762,606.0,25.07,1
25.739703340651896,90.2533980351606,160.0,0.35,0
26.95678413800709,94.91597672941244,116.0,2.27,0
23.615139,92.594944,1068.0,31.07,1
26.12600908161514,93.06269180830488,82.0,3.44,0
27.09425726355812,92.89957292829422,1102.0,20.2,0
25.012250685956403,93.8911812162707,1051.0,8.17,0
24.644889,93.619583,749.0,27.84,1
23.77795290225522,93.31030532690464,1058.0,23.09,0
22.9619386714466,92.63549633731054,474.0,26.51,0
25.425611,93.364444,391.0,12.52,1
28.58250580124427,94.7191711865897,1572.0,21.16,0
27.220721937874032,93.87242985828078,235.0,10.11,0
27.38086400477036,88.89728775764138,4248.0,30.12,0
24.99083,93.50583,1206.0,15.48,1
27.01329137893656,92.39071801433664,938.0,22.28,0
22.892341080731967,93.40919069809507,1224.0,14.61,0
25.21925982058076,93.5240109988001,984.0,47.59,0
27.01330593697004,88.32012517626968,1444.0,46.47,0
25.239068,91.174728,543.0,30.29,1
25.44743611,91.59103889,1628.0,20.43,1
25.820664,94.912642,1697.0,32.64,1
26.475333,94.454833,1093.0,16.51,1
25.208256,91.69041,363.0,26.77,1
27.47659189357256,92.9136185374623,1047.0,20.99,0
25.11952110970538,92.46836015741589,935.0,34.02,0
23.62,92.85055556,1092.0,33.97,1
24.956472,94.155694,1158.0,22.53,1
22.915947,92.928337,422.0,16.41,1
28.39325157396538,95.70774896548704,1024.0,35.0,0
23.2964156915066,92.59025875269528,367.0,6.57,0
24.17638889,92.57333333,70.0,19.45,1
26.45915892578805,95.12314056138958,1864.0,24.89,0
24.98,92.96,166.0,26.42,1
24.47200117361403,93.30211462096604,673.0,25.59,0
25.281,91.57330556,1325.0,15.43,1
25.63861,94.115,1320.0,16.42,1
26.136306350402897,92.59649562225373,61.0,3.23,0
24.53889082498185,94.50338867830926,202.0,6.35,0
25.92103,92.50708,372.0,31.61,1
23.40353214919072,92.57491624828457,212.0,4.81,0
25.44794962771815,91.17880875000672,766.0,22.92,0
25.1447058042344,92.7829262525302,1092.0,22.61,0
28.15271108155268,95.66233603360966,220.0,1.8,0
27.83875,93.977278,625.0,45.79,1
28.60960049088635,95.3129239779746,2240.0,27.36,0
27.307958,93.498326,1622.0,22.22,1
22.987687875687755,92.5615976693104,553.0,11.62,0
27.47699428946788,93.85410396205332,1825.0,33.08,0
27.36196854976301,92.91397657520558,1950.0,26.21,0
26.18456537467143,92.08295712139552,59.0,0.35,0
25.039506422278112,91.72197350731108,12.0,1.79,0
25.076659883147705,92.2004622545953,17.0,2.07,0
27.66294705227141,88.87888290695504,4794.0,41.26,0
25.442479828362178,94.42253209402516,1085.0,23.78,0
28.237716,95.535611,581.0,8.38,1
27.325005406606792,88.00055740973876,2024.0,39.83,0
25.545061,91.269778,1386.0,25.28,1
27.591389,91.9025,2527.0,21.37,1
25.1225879503183,92.62411347352553,621.0,37.05,0
24.798333,93.655056,430.0,13.39,1
24.852,94.366303,1472.0,38.01,1
24.870889633059623,94.14724031476972,874.0,6.73,0
25.14,93.3,1188.0,25.13,1
23.225619,92.924909,451.0,31.58,1
28.522578974195543,94.75877213834949,2587.0,30.8,0
27.44012945204088,88.87112514036201,3669.0,29.86,0
27.55458697220445,88.04263365096254,5422.0,38.62,0
26.95642516537423,88.51228014867347,766.0,26.55,0
27.069615,93.550726,353.0,20.59,1
23.304778,93.329472,1265.0,16.43,1
25.757346212346903,93.61926748529189,177.0,1.06,0
23.914472,92.27125,733.0,29.16,1
25.68625,91.118358,1057.0,21.16,1
24.34,92.74,141.0,9.94,1
27.09725,88.3825,282.0,41.21,1
24.00286395525714,94.22338534792462,165.0,3.42,0
24.901444,94.338306,1404.0,30.73,1
27.774112795612165,93.32398949369068,1672.0,20.61,0
24.02317886391236,92.426030539044,119.0,5.92,0
25.607458,91.157039,1184.0,18.28,1
27.25333333,88.53194444,539.0,27.14,1
25.216588254665897,93.4828112573154,1704.0,20.4,0
26.34607460201089,91.73793352889862,62.0,1.92,0
27.58883057757245,93.48526511118904,2376.0,24.79,0
25.856018,94.427396,1762.0,32.97,1
28.70394069212438,95.78445883240828,2197.0,42.81,0
23.223807,92.944448,485.0,9.8,1
27.71320103180874,96.4033900738702,1086.0,43.42,0
23.70777778,92.71611111,1008.0,29.08,1
27.629276386615643,92.92221191738533,1711.0,37.61,0
23.309091,92.86293,1037.0,25.46,1
25.520338963830355,92.62017986723689,719.0,0.0,0
26.095662488523143,94.93494714134782,1042.0,17.78,0
25.965944,94.216972,1239.0,18.54,1
23.355,92.76972222,950.0,39.92,1
28.479902,95.839317,843.0,37.91,1
27.32663889,88.61016667,1587.0,24.87,1
24.93900979388096,93.25448062018928,91.0,8.09,0
23.299312,92.692614,418.0,17.81,1
25.15775,93.72275,746.0,29.06,1
25.273477,91.577794,1279.0,28.09,1
27.218278,88.232472,1241.0,40.74,1
25.097997,92.355972,115.0,35.56,1
26.886415509972803,88.6175295698654,173.0,3.7,0
25.091766699267087,93.1902076107828,941.0,39.91,0
22.256492469274445,92.87254916056456,547.0,17.8,0
24.991602683546883,91.602151270598,12.0,0.34,0
25.652,94.03,1593.0,31.13,1
27.527194,88.603222,1490.0,39.68,1
23.93361111,92.67388889,213.0,20.9,1
27.369630103347536,93.5532546799169,1354.0,21.3,0
25.511080052683056,94.0647766375402,2161.0,23.35,0
27.788389,93.526528,722.0,28.66,1
25.256259,91.868197,978.0,24.96,1
24.54298829618592,94.30042300429784,997.0,27.85,0
23.310167,93.311889,1505.0,30.91,1
23.075575,93.315376,1108.0,31.32,1
23.643814400518536,93.44387325781688,1071.0,15.37,0
26.62411404789908,95.23576884111831,962.0,30.03,0
23.14046,93.343507,1172.0,38.48,1
23.396903829478497,92.55248726823744,527.0,22.67,0
23.702056,92.993222,890.0,19.1,1
25.68981810103573,91.3291226494571,1222.0,19.52,0
26.437583726262105,95.16738962177502,1267.0,48.75,0
25.786861,94.446,1096.0,32.61,1
27.38417925146713,91.71103477845662,1311.0,10.9,0
24.013044,92.920237,1069.0,24.77,1
23.552783892945573,93.51500354653976,1312.0,26.71,0
25.18498993902712,92.79185938879814,1107.0,16.53,0
24.12,93.58,1002.0,28.84,1
23.785944,93.154137,716.0,34.4,1
23.689256,93.192172,1197.0,25.98,1
25.04881285648321,92.19022293595948,17.0,2.4,0
28.109824589556258,96.3526863105318,2534.0,29.48,0
25.629,93.855,1354.0,28.41,1
25.53,93.72,1205.0,25.56,1
28.23153,96.54272,1668.0,43.85,1
24.32685551671961,92.44512255128386,109.0,12.55,0
25.00275801013776,93.39186749109167,587.0,23.59,0
27.172444,88.386972,1771.0,44.86,1
24.22527778,92.97777778,668.0,10.62,1
23.217324,92.99812,1082.0,19.51,1
24.183717,92.798909,743.0,21.21,1
26.99249659038718,95.62665212992589,1694.0,38.49,0
27.756511,93.417861,1056.0,31.21,1
25.22,93.29,884.0,2.31,1
23.73027778,92.76861111,728.0,31.88,1
25.475852646446697,94.45695371412606,1161.0,17.18,0
23.93395,92.65928,201.0,23.55,1
25.113475,92.350506,258.0,38.19,1
25.18103933574224,92.61303530229922,1428.0,8.96,0
28.167982,95.431764,463.0,6.15,1
24.32,93.76,887.0,22.74,1
27.86772842176938,96.22942177993792,231.0,3.1,0
23.56233889,93.11890833,816.0,33.53,1
27.768557982549204,94.51533708933884,306.0,41.92,0
25.504641629189138,90.96245494842844,624.0,3.21,0
26.099975,91.876625,94.0,13.66,1
25.53664217360524,93.1545978791395,288.0,4.1,0
25.50478461273712,92.69203031477956,601.0,0.0,0
23.71111111,92.87861111,592.0,34.46,1
27.279889,88.436472,571.0,39.51,1
25.200398345774627,94.5971669496328,2183.0,20.59,0
24.58239901249007,92.45798235657404,22.0,1.79,0
24.37580551021069,93.77928522982782,808.0,18.56,0
27.18420897364356,95.99982607452878,1236.0,13.59,0
27.362028,92.244028,1581.0,32.96,1
27.11357248389034,95.96055587092684,992.0,22.99,0
26.184315625352607,93.51935928246743,1035.0,19.96,0
23.60861111,92.8096,498.0,26.65,1
23.07859,92.870544,421.0,12.09,1
25.8562406345054,93.8729692733,164.0,2.33,0
25.078449891171648,93.71232519421204,1397.0,31.26,0
25.133863208129743,92.4852356507148,128.0,13.26,0
25.81678,92.71878,205.0,10.22,1
25.842358,94.702953,1814.0,33.0,1
23.93194444,92.65222222,214.0,30.84,1
25.159469,91.528337,44.0,13.82,1
23.76077858669749,92.45427829568764,314.0,17.09,0
25.434999665700047,93.60000637868808,881.0,9.17,0
25.30904114593235,94.66068210284202,1535.0,25.15,0
27.371806,88.677167,2572.0,26.18,1
24.209473,92.27134,135.0,8.89,1
25.060088,92.807089,186.0,35.27,1
27.440892333264507,88.23903806714425,3197.0,35.38,0
24.56261684359301,93.91743983262914,770.0,5.49,0
25.535252937070453,93.5593591818162,442.0,12.2,0
24.158371276649888,93.1376672681411,876.0,26.94,0
25.273217,91.609962,399.0,30.39,1
24.032231709188057,93.3911484788575,1821.0,14.51,0
27.48610260461146,93.7129065544718,981.0,12.63,0
28.256434,95.57515,462.0,16.57,1
23.348700955992623,92.29790192567988,134.0,26.44,0
24.639361,93.659444,808.0,29.12,1
26.535556,94.788056,1025.0,24.44,1
26.88647537222904,94.45566945793696,92.0,1.63,0
27.34675,93.018528,780.0,16.56,1
27.14837859470908,92.71155165179358,839.0,26.85,0
27.441361,92.117417,2548.0,27.24,1
25.688011,91.658069,1032.0,25.91,1
25.828558,94.239531,734.0,31.83,1
25.72404743275397,95.00259447049169,2728.0,39.02,0
24.83111717520355,93.32950434522336,686.0,32.05,0
24.455645770896176,94.42402576563882,188.0,0.51,0
27.449173198638672,92.8354192113124,1477.0,22.85,0
25.390145,91.87196,1569.0,28.33,1
27.35333333,88.61666667,1722.0,25.77,1
25.203954513731983,92.61791001390172,1552.0,22.05,0
27.758611,93.997222,426.0,21.76,1
26.785722,95.071889,863.0,23.93,1
28.162497,95.441244,484.0,32.86,1
26.085333,94.49025,1498.0,24.87,1
23.77342080998603,94.1217038839442,230.0,3.41,0
24.459852736187013,93.5011467013393,1341.0,15.4,0
24.94695345968365,90.94087686238204,11.0,3.33,0
22.579611,92.870552,983.0,33.14,1
27.589612497970062,93.49967787869502,2072.0,34.6,0
24.641417,93.596611,1073.0,36.04,1
23.788722,92.837833,622.0,25.79,1
25.68441082268433,90.26443705388375,392.0,7.98,0
28.32253422200929,95.2611720977384,2119.0,29.13,0
27.72187526076322,88.46821349211935,4605.0,11.71,0
24.83636,94.37622,1439.0,34.39,1
27.26934824578403,92.89109317389752,377.0,31.04,0
26.00867557666847,92.76028681186892,71.0,2.62,0
27.306861,88.368444,1954.0,25.84,1
25.05790332311152,92.68081382463794,651.0,20.2,0
25.733348224419547,91.33694039217822,815.0,5.31,0
25.608,94.146,1524.0,22.4,1
28.316561794336145,95.38383556074729,2616.0,56.35,0
26.906307291175008,95.226028837862,603.0,19.77,0
26.26175,95.103444,1294.0,30.66,1
22.933441,92.708267,820.0,7.13,1
23.805313,92.592663,523.0,38.56,1
25.522768,91.892701,1837.0,16.87,1
27.077978607984623,92.26120933755818,2273.0,38.27,0
26.79010647629098,94.28931274777548,99.0,2.43,0
24.06194444,92.59444444,51.0,11.52,1
24.36661191598954,93.80971864763686,777.0,5.47,0
27.213556,88.321833,472.0,30.2,1
22.26135898931151,92.81891813734984,353.0,25.26,0
28.793279,94.848477,1046.0,43.85,1
23.26126111,93.15070556,1098.0,18.03,1
22.67,92.56,471.0,39.84,1
23.297637,92.74119,769.0,41.66,1
23.829501,92.736459,1263.0,28.3,1
25.701,94.089,1350.0,23.65,1
25.126222,94.456278,1876.0,27.59,1
25.844972,94.328611,904.0,28.42,1
25.721,94.039,975.0,16.64,1
28.029673505128063,96.364173843101,1424.0,33.08,0
23.76821,92.539681,523.0,28.46,1
23.00133869304677,92.56368082344044,464.0,31.69,0
25.25492596675862,94.18816997760356,1844.0,22.51,0
25.037833,92.440417,307.0,32.04,1
23.60753,93.092644,1005.0,18.96,1
26.4231373,94.3822611,526.0,32.22,1
27.45878947118328,88.27749210535882,3581.0,44.08,0
25.242,93.14,650.0,3.84,1
26.15553353655468,94.7336111760822,1936.0,32.9,0
28.475200723166324,95.37454994223972,2545.0,19.72,0
27.65987851112479,93.04280976568894,784.0,26.97,0
25.1625278,93.0103333,591.0,17.55,1
24.45318146265415,94.31307521522258,607.0,15.11,0
28.006348390037047,93.62110794144093,689.0,34.65,0
22.74321175497392,93.10300064051914,376.0,32.23,0
26.72084880613601,94.34933414137753,109.0,1.14,0
24.557033702589308,94.57029905405231,529.0,16.72,0
28.23028869366668,95.97520680037478,2921.0,42.04,0
26.323083,93.093167,99.0,21.21,1
26.46,94.852222,829.0,31.37,1
25.966581,94.565806,1840.0,25.57,1
25.788378,94.96105,1977.0,16.09,1
25.529056,91.923722,1748.0,12.47,1
22.31504782775482,92.51436760345932,191.0,21.01,0
25.721861,94.780667,1496.0,26.28,1
25.139167,93.669444,1128.0,33.29,1
25.31800088548824,94.71298976376475,1645.0,29.42,0
27.700188384016503,92.0406440231462,3398.0,37.79,0
23.110589932787896,92.96815498406814,451.0,36.61,0
26.01260952489732,90.50134487449424,457.0,18.38,0
25.96581616811081,92.1860526697294,667.0,23.7,0
26.15062618340396,92.17588285230468,53.0,1.04,0
24.3,93.84,835.0,17.73,1
26.99055865232803,88.49724912852925,953.0,28.13,0
26.417456764416706,94.74775912543603,984.0,20.35,0
25.06138473406563,93.09650547655365,249.0,24.03,0
25.51046111,91.70312778,1795.0,12.69,1
27.734427753105926,93.77777185670678,1673.0,11.86,0
26.758579647891946,92.90045521036411,74.0,2.42,0
26.171972,92.002611,80.0,8.03,1
27.05066971797234,95.79074195547304,1637.0,20.94,0
24.993,93.161583,189.0,20.53,1
25.220764,91.187,457.0,18.4,1
27.19950556,88.32696111,509.0,39.43,1
28.071998424891834,95.73072837100328,180.0,0.35,0
27.37205303958464,93.57329114288716,1648.0,30.62,0
28.546556301762354,95.88416025866668,1973.0,47.64,0
25.133911,92.222392,170.0,25.19,1
24.827,93.478472,481.0,20.61,1
25.84541,93.68312,177.0,10.97,1
28.379478087225,95.83045131206786,1999.0,36.35,0
28.01958264027312,94.66635313168452,952.0,30.07,0
22.57250598409405,92.81932657467692,241.0,16.89,0
25.590139,94.846333,1155.0,38.92,1
27.70455538841719,94.82959185783544,248.0,7.53,0
27.352771345821747,93.47248095467268,1702.0,27.38,0
27.810492806760724,94.50479305210368,719.0,33.19,0
24.86835643421924,92.1521770770708,16.0,0.74,0
27.406377188675727,93.23201009885588,2231.0,31.49,0
28.287317,94.947651,301.0,41.31,1
26.683567674155285,94.9420657984474,418.0,29.55,0
25.81868424867392,91.93854124745371,777.0,31.88,0
26.112639,94.405194,574.0,32.61,1
26.075774618931167,92.53501426361971,133.0,8.96,0
27.112268,95.736125,525.0,27.72,1
28.402199411563625,95.36086973691128,1649.0,16.53,0
25.167528,94.294861,1540.0,21.92,1
24.66764543873818,92.86901609214412,26.0,0.74,0
27.121611,88.237,473.0,39.05,1
23.315806,92.859192,1060.0,14.39,1
24.27899722,92.642375,69.0,16.95,1
25.26955329152404,89.99896336580682,28.0,0.35,0
25.605061,94.772156,1631.0,25.49,1
26.20769185708033,92.51023142114478,60.0,0.81,0
25.075167,92.370953,159.0,36.28,1
28.109161,95.269084,406.0,15.21,1
26.036794543209027,93.83197018083798,138.0,0.93,0
28.06038342741826,94.87897584747984,884.0,32.65,0
24.27,93.67,824.0,4.29,1
23.316827086945672,92.57477615023186,328.0,32.13,0
23.851723,93.186775,963.0,35.96,1
24.834386,93.715025,813.0,29.15,1
25.074439,92.371186,112.0,32.18,1
27.42198727982057,88.43396742506222,2727.0,27.61,0
26.169252156724127,94.3573725170218,541.0,26.21,0
23.474833,93.229,1013.0,13.81,1
24.51947918448316,93.47680026037396,505.0,22.34,0
27.036339,95.564677,686.0,20.05,1
25.317534004719,93.72286581215616,1071.0,30.26,0
25.205528,93.020139,346.0,17.37,1
27.259833,88.711722,1109.0,44.33,1
24.637806,93.69075,1310.0,41.6,1
28.03574040435176,94.91310743314334,1379.0,42.49,0
25.926471682676045,93.8093774056163,143.0,0.74,0
24.48192194229423,93.70105438643434,989.0,2.1,0
23.75215122541453,92.9080245763678,816.0,15.37,0
25.26740590996956,94.37099712106496,1560.0,26.92,0
23.84,92.37,433.0,24.2,1
23.95610258204241,92.49420353776978,744.0,14.83,0
26.84523863766381,92.60651920769322,98.0,2.15,0
27.134444,92.599611,343.0,25.91,1
27.27811389725696,92.12469517908468,2701.0,8.59,0
24.036336,92.770846,945.0,31.67,1
22.424,92.977997,805.0,25.86,1
22.872238,92.750557,1053.0,53.58,1
23.411146,92.752193,1154.0,23.18,1
28.169583,95.223917,301.0,37.04,1
26.204472,94.214861,602.0,18.63,1
24.543806,93.676528,1062.0,33.91,1
26.202972,94.213417,464.0,32.12,1
25.875639,94.0395,1047.0,32.75,1
25.896389,94.203556,1380.0,31.44,1
23.956528,93.041084,1072.0,22.29,1
26.07696720714073,94.82163946903889,928.0,28.69,0
27.458768,96.440093,618.0,29.63,1
25.601028,94.829722,1480.0,27.03,1
23.73666667,92.85611111,766.0,28.99,1
25.31870647272041,93.78543351609822,1394.0,27.21,0
23.457028,93.006722,1403.0,28.44,1
22.607601914374072,92.78703108283428,198.0,26.17,0
25.216620329255708,92.32713696490045,704.0,12.15,0
27.128167197855426,93.43083713377932,1343.0,17.25,0
24.22,94.07,1623.0,27.51,1
25.752806,94.213306,1060.0,22.74,1
26.858012313945128,93.6759158587541,75.0,4.16,0
25.71540019393634,91.30471608883332,971.0,2.56,0
27.43994323666541,88.82478943130207,4450.0,27.83,0
24.499972,94.195769,1067.0,30.07,1
23.02181439517204,92.53817623411584,567.0,18.13,0
27.4655443626717,96.26914847401568,864.0,23.4,0
23.503611,92.615556,664.0,31.93,1
25.219409442626045,94.23065325183804,1034.0,26.85,0
27.690611889910933,94.04149681363153,1843.0,19.37,0
22.74060713420996,92.76124000231307,326.0,23.32,0
25.824278,94.147472,1402.0,29.71,1
25.37465995710325,93.98710856349042,1851.0,33.72,0
26.125556,94.134639,612.0,36.14,1
28.0498205855731,93.77661195972188,1771.0,39.8,0
26.079683754543105,92.6029405922962,59.0,1.73,0
23.39708364193604,93.0041837579756,832.0,30.0,0
25.66083,94.10278,1483.0,3.18,1
25.566,93.863,1672.0,46.33,1
26.17562,94.888105,2206.0,49.89,1
26.342596206650565,91.6674827823882,53.0,0.81,0
23.204981,92.57457,814.0,41.1,1
25.1084887750796,91.6149503118321,17.0,1.92,0
24.73,93.18,242.0,23.43,1
24.366806,94.163389,1197.0,20.76,1
25.60337311667446,93.45808534551688,267.0,6.1,0
23.41203258387376,92.3998772236635,172.0,24.83,0
24.33,93.15,524.0,24.54,1
27.6257529606,88.52188826013932,4446.0,38.27,0
27.501772686233625,88.1233561900442,4104.0,48.06,0
25.771726009408543,91.95686309118334,912.0,1.13,0
23.387941,92.842291,964.0,27.07,1
25.666,94.258,1576.0,22.42,1
24.6479648648792,94.06169179990752,781.0,0.74,0
25.54231,92.1,1336.0,17.65,1
26.597234851717296,94.91493106939792,392.0,16.49,0
25.775676872404105,91.95308630805162,933.0,1.39,0
25.271909011657883,92.90625295713718,755.0,11.07,0
27.763722,93.992333,330.0,25.97,1
25.300281,91.944944,1136.0,21.0,1
27.062322613396457,95.12258077694068,107.0,1.39,0
24.81786397662328,92.40536609049072,19.0,2.75,0
27.36940304585451,88.10472467980223,2824.0,27.88,0
23.907555,93.015114,1106.0,17.95,1
27.316944,88.560056,1271.0,20.2,1
27.64807791176912,92.14093218220596,3676.0,22.85,0
27.89311,96.36336,850.0,45.49,1
25.563,94.14,1711.0,34.89,1
28.68111367225298,94.54197620945072,2629.0,46.06,0
27.82230114316481,96.30484892413196,283.0,5.01,0
23.487813,93.20758,1080.0,39.22,1
25.653181,92.041194,957.0,13.64,1
25.8027918492867,91.57957465075272,367.0,4.47,0
26.81453114413852,94.78655475079968,112.0,2.61,0
27.15028074266781,93.9340016108085,91.0,1.39,0
26.18149108141812,92.10185548145289,62.0,2.96,0
25.87975,94.358722,573.0,19.95,1
25.27269863398596,92.44686304853934,701.0,15.15,0
27.709963774984995,91.85158112136384,4282.0,28.06,0
25.206763,91.231417,142.0,29.06,1
23.616457256984443,92.53596616826036,448.0,21.19,0
25.56842598144341,89.80270655352736,27.0,2.53,0
25.42342165269889,91.20667424245818,1187.0,17.86,0
25.225772,91.863037,791.0,9.57,1
23.492991867024266,92.48405064040448,606.0,34.24,0
23.712694,92.66025,208.0,36.75,1
25.538422,94.136039,1693.0,23.07,1
28.239482,95.774559,862.0,36.76,1
24.79472222,93.65577778,415.0,1.38,1
24.267872,94.117978,1204.0,31.14,1
25.092981,92.353708,124.0,44.74,1
27.28847,88.30139,1135.0,34.92,1
25.671944,91.096139,998.0,18.9,1
23.43936111,92.76144444,1498.0,42.17,1
22.04445787921397,92.75573038350431,115.0,14.88,0
25.205623,91.736208,545.0,38.08,1
26.628487347519087,94.90003011513424,482.0,8.28,0
23.470917,93.296417,1282.0,35.01,1
25.671481174787942,91.7938536211086,909.0,17.03,0
27.43640118636957,94.04589062460676,1206.0,41.1,0
23.182152,92.734299,748.0,24.88,1
24.52,93.1,414.0,37.12,1
22.28141169809949,92.89517517570496,506.0,17.55,0
27.273506497078337,93.31202748896796,1774.0,25.86,0
25.6655,91.090556,936.0,16.98,1
23.890278,92.272528,759.0,18.57,1
28.20867,96.53222,1356.0,27.21,1
27.54145444043341,96.63724266326696,1637.0,27.85,0
23.069585,92.765797,800.0,13.42,1
27.539694,92.991306,756.0,26.6,1
25.896244,94.758128,1558.0,35.3,1
25.9244645528588,95.06820345700164,2477.0,23.94,0
25.271625045089063,93.80173764002042,1614.0,21.46,0
23.234898,92.911307,670.0,12.32,1
25.169028,93.741083,778.0,33.6,1
27.3688278706192,88.07695879456341,2701.0,38.3,0
25.79040056070929,94.59016397008484,1695.0,38.52,0
27.82681075672017,96.58024595581368,2124.0,34.87,0
25.199811767215746,94.24742708897467,1203.0,14.71,0
27.54554721236228,93.2516274803832,1879.0,25.26,0
23.217224,92.949684,472.0,24.6,1
25.14586111,93.02419444,704.0,18.37,1
25.03099350612777,91.53304476598716,11.0,3.28,0
22.83358,92.955582,1372.0,35.73,1
25.43798959810057,91.19473834541984,1181.0,0.8,0
27.63113582866182,93.07594590330775,1006.0,33.74,0
27.094637509743368,88.52075706192697,1172.0,26.07,0
25.663444,91.915944,948.0,16.95,1
28.274019,94.962496,349.0,31.07,1
24.24496,92.683014,467.0,28.98,1
23.53888889,92.6625,626.0,18.67,1
27.377299667133983,91.9085910020316,3230.0,22.35,0
27.061649466130607,88.85376274839925,1009.0,38.77,0
26.468611,94.806389,1147.0,23.24,1
23.31484295494445,92.9360609195422,681.0,20.3,0
22.91165,92.929871,383.0,27.33,1
28.40566133381424,95.64059535100934,997.0,32.36,0
23.517632,93.075702,1078.0,44.3,1
24.356285250413496,92.3663785938189,103.0,3.39,0
26.38778,94.82583,1648.0,21.72,1
23.4249929866315,93.430437962689,1290.0,16.28,0
28.56048720580965,95.89099247430153,2132.0,32.86,0
27.426,88.514,669.0,29.49,1
23.076241083870386,92.2363526951468,34.0,1.03,0
27.833306,93.978611,671.0,19.26,1
25.748246608111515,91.17439709722888,840.0,27.14,0
23.41297283504684,93.48276109528004,1777.0,28.09,0
25.012111,94.464833,1799.0,36.83,1
25.16799023665576,94.04388054527024,941.0,28.94,0
25.326631432564987,93.792941979118,1191.0,14.68,0
24.709111,94.198528,1331.0,37.26,1
25.61285278,93.92066111,1684.0,25.67,1
25.44168932817252,93.85715070567954,1640.0,4.74,0
25.493694,94.555833,976.0,35.0,1
23.141474,92.750577,838.0,30.35,1
25.436639,93.405917,388.0,17.43,1
24.290714,94.038094,1089.0,16.91,1
24.791389,93.735417,1119.0,24.43,1
25.557833,90.818103,514.0,11.87,1
23.72554590621932,92.130520660051,287.0,13.34,0
23.675142,93.023551,570.0,27.61,1
26.434722,94.863056,790.0,29.29,1
25.66675,91.121472,1050.0,10.21,1
22.786629,92.62748,350.0,18.31,1
26.02897,91.87197,155.0,14.08,1
27.457761781787823,88.13154696045981,3629.0,40.15,0
24.62176271818468,94.03897738736958,777.0,3.09,0
23.201843,92.579666,728.0,20.87,1
25.075196450587285,91.92144510264087,15.0,0.35,0
23.469247,92.744068,1365.0,14.11,1
24.798806,93.464667,530.0,23.4,1
23.73044444,92.75108333,969.0,15.08,1
25.05442109619758,93.00091096395006,903.0,22.83,0
27.363417,92.24375,1596.0,36.79,1
25.068100228899475,93.71056916635138,1507.0,35.72,0
25.509358,91.719631,1743.0,12.24,1
25.7641457,94.0781772,1244.0,22.7,1
23.846786,92.655892,75.0,34.86,1
27.103058708484152,95.92527520320806,834.0,53.84,0
27.14535183485499,95.95010562293068,1239.0,24.44,0
28.5718942437449,95.9317722241032,2990.0,28.92,0
23.23035,92.79808,984.0,23.49,1
23.08280103252068,93.52721870424683,1850.0,14.55,0
25.59540595141438,90.95457796810796,846.0,6.41,0
28.03100985175119,95.85542654498929,202.0,0.82,0
25.72288861220141,92.59599761945532,682.0,17.69,0
24.039833,93.232864,941.0,38.39,1
26.216583,94.240556,296.0,24.87,1
26.053667,94.307917,1013.0,23.15,1
25.86632281277123,91.78060831881244,710.0,3.7,0
24.962718705629285,93.37945350647716,898.0,3.44,0
27.158361,88.521833,596.0,36.24,1
25.65587222,94.12442778,1303.0,20.55,1
25.72761119158664,90.61077857015464,229.0,11.27,0
27.09810896347444,95.83453385417828,1148.0,27.05,0
25.869194,94.324889,593.0,21.68,1
25.376083,91.876944,1421.0,40.64,1
24.31,93.18,692.0,23.32,1
24.611109183057824,93.80605184412082,770.0,0.34,0
24.30905556,92.70394444,508.0,34.18,1
25.053859029657136,92.9026421051444,691.0,34.57,0
24.88287318700855,93.2904711813281,210.0,16.03,0
22.789585,92.621895,399.0,24.57,1
23.634868709112823,93.4798477144594,1323.0,11.5,0
25.420806,93.371056,393.0,11.83,1
25.859602378331267,93.89152647084605,176.0,5.17,0
26.24641153089481,92.48099825747016,60.0,1.39,0
24.423345739138657,92.3558447082978,63.0,7.15,0
23.49278640458916,92.49132759964216,620.0,28.99,0
25.789861,94.850694,725.0,32.03,1
24.37789193085484,92.59149385083572,83.0,9.49,0
24.576735322129178,93.59214550298702,1518.0,45.04,0
28.191017068661417,95.34149573810254,1181.0,36.77,0
28.636530250661146,95.92281611080712,1153.0,34.09,0
24.934833,94.184944,964.0,20.68,1
25.552,94.36,1640.0,20.71,1
27.141944,88.180222,836.0,28.11,1
28.543178,94.633991,720.0,35.39,1
23.304815857679465,92.94294624549632,664.0,29.27,0
25.447158369818425,91.94231951211528,1550.0,29.01,0
24.107028,92.276667,564.0,21.84,1
25.990158,94.508392,1772.0,22.26,1
28.695089717301933,94.36784250784892,3095.0,23.24,0
25.596560392523184,90.1250586084896,350.0,13.2,0
24.159316641497146,93.78804806354373,905.0,23.98,0
25.83764244536557,91.27945673827836,233.0,12.61,0
27.161306,88.512944,895.0,27.83,1
23.71581111,92.70935,902.0,24.94,1
25.794083,94.415944,1455.0,34.53,1
28.06811915490004,94.13732022866375,673.0,10.7,0
27.28666667,88.55347222,1695.0,53.25,1
26.749722,94.827222,621.0,10.9,1
26.95834712983393,88.22334836994759,1135.0,18.49,0
25.187826942478942,92.61898892521776,1515.0,6.57,0
23.350426726866583,92.41258161270656,301.0,27.27,0
25.136919283499733,92.56000421288718,388.0,11.99,0
24.67826143729637,93.75303364218902,1021.0,10.22,0
25.045389,92.410444,87.0,28.57,1
23.93568988020436,92.57531448932922,387.0,20.09,0
24.33331944,93.65702778,1097.0,13.3,1
25.54189187002195,94.43055729188596,1309.0,20.16,0
25.105414,92.972784,386.0,20.39,1
23.4725,92.71444444,1075.0,16.92,1
23.67805556,92.72,1020.0,51.53,1
24.8145,93.246,130.0,25.24,1
24.487761713378315,93.24150685362198,264.0,15.06,0
23.38151,92.844938,928.0,15.33,1
25.523,93.873,1617.0,38.3,1
24.15364444,93.02183611,306.0,28.76,1
23.001787637353203,92.44358027257108,134.0,2.44,0
26.70019678110205,94.46989650210386,121.0,0.35,0
24.38360971922982,94.34957292455888,515.0,23.26,0
25.54630353268193,93.25112578960947,306.0,6.17,0
25.55697,94.15322,1471.0,17.42,1
22.87848266686277,93.09774550537853,1203.0,25.74,0
26.854925295573068,95.02607789301604,147.0,4.85,0
26.251247164919864,93.49443832148349,803.0,12.52,0
27.45951309625133,88.11069233024098,3627.0,20.97,0
25.674,94.081,1342.0,4.01,1
27.260861,88.233278,1170.0,27.08,1
27.17000174387071,96.22839713003276,661.0,29.27,0
22.05,92.66,174.0,14.46,1
23.603268986927745,92.51453649042064,152.0,9.21,0
22.5,92.887001,703.0,33.86,1
27.24144,88.60681,1379.0,22.65,1
22.19599461402132,92.47736273785722,677.0,17.32,0
24.99,92.45,18.0,1.39,1
27.85676185143532,94.45398910778788,1043.0,34.5,0
28.18469857253248,95.13832250690945,1242.0,19.34,0
28.32089568483497,96.3010750913056,3446.0,31.14,0
27.43937877491882,88.44574218094094,2449.0,30.58,0
22.43,92.870003,592.0,37.3,1
24.704083,94.187361,1248.0,23.3,1
25.0570184347918,91.76995804362696,11.0,2.72,0
24.490983,94.16515,1430.0,36.79,1
25.054944,94.530528,1545.0,27.53,1
25.507528,91.224333,1361.0,22.19,1
24.341427286573406,93.44126329204418,1344.0,16.82,0
25.19735276084925,92.28013767547,763.0,3.74,0
25.30274697120647,94.4313978607502,1376.0,28.34,0
27.22075,88.699833,1137.0,44.37,1
25.977194,92.354778,572.0,16.2,1
24.97678164232442,92.19255531988271,15.0,1.45,0
23.54833333,92.71083333,959.0,22.31,1
25.914367,94.458981,1645.0,39.36,1
23.821,92.094417,118.0,13.71,1
25.140742440810264,91.85887710267116,13.0,1.02,0
24.37,92.89,45.0,8.0,1
24.747694,93.462667,513.0,37.36,1
25.30080205132993,92.945722396411,544.0,8.09,0
23.308629,92.860039,993.0,21.39,1
27.158972,88.090944,2192.0,34.8,1
25.0225765458415,93.44596377717076,182.0,3.02,0
24.775167,93.440722,578.0,26.36,1
27.833712334181573,94.0323897140587,1342.0,18.92,0
27.101083,88.400417,788.0,21.73,1
23.844109,92.928779,1826.0,24.39,1
24.39133313341156,93.77414050966492,873.0,13.65,0
25.29908198827066,94.38506691534684,1288.0,14.55,0
23.235716,92.744499,764.0,6.54,1
27.92744099416453,94.51579966938264,1057.0,16.98,0
23.847224,92.927508,1796.0,17.53,1
23.541929,93.382376,1584.0,42.14,1
25.254094629063434,91.11203701930098,487.0,4.09,0
28.19367916290553,95.691290164591,217.0,1.05,0
27.137784025276755,88.6020439886306,1553.0,20.25,0
25.56,94.153,1539.0,31.64,1
23.658944,92.964056,1179.0,36.0,1
28.19161524803853,96.74503181658535,2196.0,32.74,0
28.7131284740001,95.12110216671589,2932.0,35.35,0
23.448329,93.209889,1390.0,23.01,1
22.59351346351449,93.03976856567908,763.0,18.24,0
28.39105839976756,95.62265748709046,1601.0,25.7,0
27.230583,88.306056,715.0,35.67,1
26.93326567608113,88.50817023622282,735.0,24.73,0
27.240389,88.234028,1623.0,28.37,1
26.172917,92.762778,105.0,18.43,1
22.869579,92.824974,970.0,21.07,1
25.620361,91.617083,1502.0,19.55,1
24.83295380806077,93.15733430845592,38.0,3.11,0
25.13501660162949,92.49001487608592,148.0,28.38,0
25.49151667,91.77329444,1802.0,16.3,1
27.240028,88.486472,380.0,36.84,1
26.66325,94.617083,427.0,20.84,1
23.00075176261848,92.52608849915516,246.0,22.76,0
27.240556,88.48025,384.0,38.53,1
25.124422433897312,92.69198935448924,1292.0,1.06,0
27.237694,88.598806,1212.0,19.75,1
24.9400484830614,92.37201392337082,15.0,1.03,0
28.94356969934873,94.89299800014244,739.0,21.38,0
24.14088588087548,94.2506376518501,286.0,15.83,0
28.33440532252793,95.07688106286136,987.0,41.59,0
24.890806,94.319308,1315.0,32.69,1
26.50657737501618,95.14734230322176,1350.0,19.03,0
22.80695946928468,92.5039191261678,88.0,2.52,0
23.62972222,92.72666667,748.0,37.36,1
24.826361,94.5255,1246.0,32.1,1
24.29522409861886,94.37682086741324,182.0,1.12,0
27.27996094515076,93.5957359241976,1798.0,5.36,0
23.73305556,92.69944444,894.0,32.79,1
24.43,92.55,38.0,3.78,1
24.13,94.0,1030.0,17.49,1
28.337741192672524,95.08020947881914,1219.0,37.13,0
23.438997,92.877502,688.0,12.01,1
25.28122704619765,92.8797500163478,633.0,22.2,0
25.901125,94.82785,630.0,28.77,1
25.36910807182967,92.17532722395124,1311.0,13.28,0
25.66917,94.10722,1452.0,14.97,1
25.802361,94.430556,1153.0,28.31,1
27.09122028373165,88.58188338298707,1342.0,27.74,0
27.59042423504212,94.53336258310556,138.0,2.08,0
27.444508086326746,94.55335471809228,96.0,2.95,0
27.07091717821088,88.61834929320511,2088.0,27.32,0
26.10904818430551,91.33318671077636,41.0,1.04,0
22.527,92.891998,739.0,24.65,1
27.07483750946389,93.35328077708814,542.0,42.12,0
26.955742170708447,93.89027414797856,87.0,4.86,0
23.687417,92.054528,182.0,24.67,1
27.237116958989134,96.10173796497918,769.0,19.24,0
24.728611,94.224861,1662.0,28.94,1
25.559778,92.226278,1279.0,14.46,1
25.437036,91.857168,1810.0,25.89,1
24.95,92.8,37.0,6.86,1
27.28119444,88.58952778,985.0,29.99,1
22.09455105378046,92.55532501798632,383.0,18.22,0
25.17956592138392,94.60989338721816,2583.0,12.25,0
25.131917,94.338583,1667.0,26.06,1
25.890032,92.621245,468.0,18.47,1
24.94977363735665,93.27267376421102,213.0,19.04,0
27.56941667,88.65272222,1482.0,18.47,1
24.948724512250827,93.1331943863746,45.0,2.47,0
26.233861,94.4725,986.0,12.56,1
22.832573,92.892761,445.0,26.37,1
25.47823865844033,94.27179670281804,1626.0,23.38,0
27.474550932291063,88.31145923243626,4044.0,63.76,0
25.56692677897279,93.00857449304324,137.0,8.07,0
25.67469444,91.88652778,1062.0,4.65,1
28.4806736725928,94.4381467462474,2612.0,26.39,0
25.012750807080057,94.09105566701416,1238.0,21.62,0
25.347353,92.010558,1095.0,27.83,1
23.486306,93.220639,819.0,23.43,1
23.183332,92.794724,967.0,26.39,1
27.152983084519924,88.79622738907985,1586.0,22.0,0
27.317417,88.182861,1390.0,19.76,1
23.006939,92.98938,1146.0,30.0,1
24.96,92.66,39.0,9.95,1
23.74820051811639,92.4506510356211,325.0,7.47,0
27.22166400589284,95.4249605539806,162.0,8.59,0
24.52107509090932,93.4969010681826,689.0,29.02,0
22.27,93.06,954.0,7.96,1
25.148303,92.176236,176.0,29.29,1
24.817939,93.688678,650.0,37.17,1
24.346507030250223,93.42847046554016,1701.0,20.68,0
26.491773952004536,94.18984613735932,107.0,1.06,0
25.040214674027432,92.58832485808593,662.0,24.72,0
24.89662307519781,92.7721625449744,32.0,6.96,0
27.329151539402428,93.6669112191116,1882.0,20.89,0
23.60555556,92.725,906.0,22.48,1
23.906324787158752,93.87175650685948,1938.0,39.77,0
25.29943246007625,92.93055494720323,628.0,10.39,0
27.815103071299283,91.9387153321738,4712.0,12.7,0
27.124778,88.445083,637.0,38.75,1
23.32101936831323,92.54567467385574,714.0,30.86,0
25.909906016767195,93.13495719161736,164.0,6.21,0
22.20075829443685,92.34128420247188,35.0,3.39,0
26.965004373221408,88.60110936762811,447.0,37.21,0
27.04695393153134,88.67003686323721,1347.0,14.92,0
23.953333,92.233139,127.0,5.43,1
27.419911798201973,93.9952862708532,1413.0,36.34,0
25.65778,94.05683,1514.0,38.37,1
24.20005549776434,92.8649211426594,104.0,4.31,0
24.822665369660164,94.64314564183002,535.0,31.45,0
27.94183101492953,93.6747827498528,1951.0,33.93,0
23.950277,93.217056,972.0,12.13,1
26.033361,94.257111,1434.0,32.75,1
25.567423,89.979711,47.0,11.88,1
23.555561,93.072462,974.0,39.69,1
22.43688128970788,93.16885690011112,692.0,29.05,0
25.354239,92.572861,994.0,11.49,1
26.697833,94.635056,155.0,23.81,1
26.17672222,91.76525,87.0,18.7,1
27.018583,92.635667,221.0,6.21,1
25.09178,92.35469,159.0,30.17,1
25.17203340885762,94.80084392803391,936.0,26.45,0
28.830316,95.877843,1579.0,27.39,1
25.205465,91.755789,457.0,23.16,1
27.29811878301864,92.49098751562664,1944.0,31.9,0
25.374072,90.8146,213.0,22.87,1
26.516111,94.785833,977.0,37.71,1
28.490519,95.832301,761.0,32.14,1
27.078502129662223,93.16016542096416,750.0,18.68,0
28.82690467410174,96.2305935128607,3223.0,46.4,0
24.464773418564736,93.9732760957291,856.0,15.76,0
28.23094532560168,95.38225834211852,1298.0,39.43,0
24.940536600604734,93.14608689701171,95.0,3.51,0
25.880861,94.300667,1027.0,31.28,1
25.524242099564542,93.40840096123983,472.0,24.06,0
25.61305052393109,91.09587820517012,964.0,8.48,0
25.878917,94.223889,1426.0,41.85,1
25.5666318589632,93.22063757893808,335.0,14.48,0
23.125807,92.817886,889.0,39.47,1
25.21494444,93.02161111,618.0,20.29,1
23.149163,92.750431,911.0,12.07,1
28.314666831008463,96.05436125844852,1007.0,27.33,0
23.427611,93.336861,1278.0,34.28,1
28.639156852771425,94.87401458027568,1312.0,33.09,0
25.500811925035634,90.98399323791968,644.0,7.38,0
28.58467768734408,94.90900651914572,1898.0,18.85,0
23.44129,92.865395,795.0,29.2,1
25.44779345023113,94.66795558252429,1953.0,30.42,0
25.899021009173065,92.36996468376977,550.0,4.18,0
26.66834933039084,94.92996876177396,488.0,22.28,0
26.278279582744528,94.0162653197614,116.0,3.12,0
25.728507765500503,91.31767508181387,718.0,16.04,0
24.28575,94.128222,1284.0,36.05,1
27.014546734948784,88.45079887229089,416.0,30.84,0
26.09655275120336,94.95191474405635,863.0,32.66,0
23.60271761365762,93.5147946090337,1313.0,21.82,0
25.44944850317053,89.84252257531996,46.0,8.47,0
27.31583333,88.60666667,1453.0,30.61,1
25.57428,91.831851,1362.0,38.43,1
25.569778,91.21575,1282.0,8.69,1
27.25252778,88.52777778,682.0,35.62,1
25.156889,92.198194,63.0,12.39,1
28.145629,95.275805,253.0,45.71,1
22.954846833270988,92.58284470499842,122.0,9.51,0
23.068354,93.002747,968.0,40.19,1
28.00075064990021,95.4155914614166,135.0,2.78,0
25.12411616494552,91.96110155561844,15.0,0.69,0
24.75381563386765,92.5936761849344,23.0,2.75,0
25.8,93.83,539.0,12.68,1
28.013971426400296,94.82718145544636,894.0,23.03,0
25.25658622730347,94.40317415425072,1497.0,18.56,0
24.645275,93.628828,479.0,36.69,1
24.950983277234883,92.35979658545963,16.0,1.48,0
24.512278186952003,94.38614936162554,310.0,9.24,0
26.73888372933748,95.43483870585727,1618.0,31.65,0
23.51944444,92.70055556,789.0,26.64,1
26.64370550162313,94.41042165425516,152.0,10.65,0
24.575157157167904,93.97983075394788,779.0,1.53,0
25.617112480329265,90.89800050872245,704.0,15.77,0
25.16875,93.742306,761.0,32.51,1
26.153556,92.038694,87.0,12.25,1
23.160357,92.743677,848.0,23.1,1
24.833889,94.220167,1214.0,8.12,1
27.550288427876787,94.09312296963776,1404.0,43.47,0
24.76606111,93.30076667,451.0,22.69,1
27.140889,88.368222,1244.0,35.27,1
22.054367121025603,93.02954755608586,940.0,27.04,0
27.39272095075289,88.11085244181393,2792.0,15.28,0
25.53,93.73,1280.0,14.89,1
25.165222,93.69575,984.0,35.45,1
26.89592388830311,88.30953481702656,1466.0,33.47,0
24.874222,93.466667,1334.0,19.21,1
26.302262457197923,95.24481188424612,2392.0,20.24,0
24.27,93.18,759.0,31.48,1
25.022462082702503,93.8203524425964,2175.0,46.86,0
25.18452778,93.12563889,630.0,16.25,1
27.590639,91.876806,2877.0,6.2,1
25.190884466933564,94.72047270558711,1607.0,13.63,0
22.786274,92.620659,422.0,24.51,1
27.217278,88.236944,1170.0,19.24,1
25.0364589751874,93.87540002262485,1844.0,15.16,0
25.735478,93.686541,221.0,16.73,1
26.98682668608959,88.02718462948309,2394.0,19.6,0
26.103028,92.440889,310.0,13.96,1
25.54005956739584,94.04717968573782,2641.0,18.21,0
25.026575896782404,93.82013223410684,2020.0,49.8,0
23.183361,93.066742,1033.0,30.14,1
26.82418749913877,95.62650951722382,2121.0,29.96,0
23.8789641037136,92.5567924313625,237.0,7.75,0
28.10688640446694,96.0334005783968,1356.0,35.23,0
24.28,92.64,51.0,4.5,1
25.3843514276207,94.00709232882188,1388.0,24.53,0
26.24646168076467,94.30403752670276,524.0,16.18,0
23.053093460083343,93.45306748358078,918.0,28.96,0
26.48667883375007,95.19196502372895,1503.0,24.38,0
24.030416,92.901491,974.0,23.05,1
25.68074858470946,91.7449403945039,964.0,9.05,0
23.38512381068283,92.56617246428829,425.0,7.14,0
23.135405,93.368299,688.0,20.9,1
24.94077543412505,93.2399385552709,93.0,8.69,0
25.75295193630205,93.4618927595325,227.0,7.22,0
25.72486,93.131083,160.0,21.0,1
25.576203,92.057722,1173.0,6.52,1
25.529,93.952,1692.0,22.86,1
25.716,94.085,1376.0,28.4,1
25.471500741096456,94.45842722591978,1182.0,18.9,0
28.14005,95.266592,506.0,37.29,1
25.171924011386768,93.53033431362434,784.0,20.35,0
25.047597186886748,92.06934005425292,15.0,1.06,0
25.013472,93.530472,1067.0,18.37,1
28.06857620314684,95.4374958728942,152.0,2.43,0
25.813294,94.968222,1691.0,32.01,1
25.948350817747794,91.77977700269427,441.0,17.33,0
22.4702975088568,93.19806093373836,540.0,32.77,0
27.70290650959864,93.53700143616904,2051.0,16.35,0
25.17010684760209,94.77473599998662,1170.0,21.02,0
25.03592999825723,92.30947871150448,19.0,2.07,0
26.4527822,94.375268,258.0,11.85,1
23.204481,92.575792,768.0,27.92,1
25.444306,93.423944,400.0,13.91,1
23.34312066999289,92.5848575015395,413.0,7.04,0
28.37693597256289,96.13432764810506,1984.0,13.34,0
25.440582082772696,91.2916930459676,1461.0,5.79,0
23.65944444500409,92.39749519663124,623.0,18.82,0
24.384311,92.126028,49.0,11.6,1
23.619406965960163,93.53409292491772,1715.0,16.0,0
27.15844,95.755292,552.0,24.11,1
27.51299734129812,93.84926947469816,1686.0,11.64,0
25.340415,91.774142,1441.0,32.78,1
23.117416,92.79612,944.0,28.79,1
26.08400767035033,94.93688053809788,808.0,37.04,0
27.589422915026955,88.4970059374915,3148.0,46.2,0
24.09,93.9,1009.0,14.33,1
28.469481,95.849951,863.0,32.02,1
23.421903,92.715601,1020.0,22.56,1
27.26,88.381361,1540.0,30.89,1
25.94535956722308,94.93370655278204,776.0,35.38,0
27.248722,92.737722,1404.0,39.1,1
27.477913217669364,88.26646433620044,3811.0,52.51,0
25.77261828110473,90.19982853490464,164.0,10.66,0
27.490353159355497,88.18245124993254,3539.0,26.7,0
25.15713889,93.01719444,651.0,33.82,1
24.26558333,92.69169444,516.0,40.36,1
23.499713,92.7015,897.0,29.55,1
24.10687222,93.08849722,216.0,29.38,1
25.6975,94.43,1812.0,26.53,1
27.583611,91.973056,2104.0,27.06,1
24.791125,93.72522,1038.0,30.13,1
24.791306,93.735667,1119.0,24.43,1
26.10711111,91.78916667,68.0,15.36,1
26.93567100081273,95.73076702060531,1529.0,30.65,0
23.629013739810613,92.480739987637,571.0,24.26,0
26.508167020347408,93.72934552647529,120.0,8.6,0
25.343528,92.069028,1235.0,11.1,1
25.880850284910395,93.8688523912142,156.0,1.61,0
23.94630700860063,92.54713178398266,150.0,17.73,0
25.67,94.113,1350.0,13.45,1
24.903401115334063,92.27051971485666,23.0,1.03,0
22.93809435861364,92.65051409658004,181.0,43.13,0
23.71721667,92.70777778,906.0,25.5,1
27.161544170303205,93.98072680995732,92.0,0.7,0
25.738751774519827,92.68257872478794,405.0,15.16,0
27.799950865944,93.3097480769657,2330.0,22.12,0
23.468357,92.591717,884.0,17.47,1
27.189261,88.595686,443.0,26.42,1
27.095278,93.615694,336.0,20.7,1
26.838721601645272,94.86694444929066,288.0,7.79,0
25.956781,91.852883,400.0,20.84,1
27.160444,88.512472,908.0,20.46,1
24.190711,92.943593,521.0,30.75,1
28.01781,96.44275,437.0,4.4,1
27.23542323999466,93.90284691825347,259.0,15.74,0
26.82859133081572,93.53917747803746,80.0,1.74,0
25.5301867321779,90.91119121685736,609.0,5.54,0
25.71459006046766,90.96748115811984,758.0,14.89,0
23.072695,93.218956,634.0,32.01,1
24.022079,92.771729,798.0,26.01,1
26.12911111,91.74911111,71.0,9.22,1
22.28917123433949,93.3647432020804,1117.0,34.84,0
25.80414722,93.98611389,502.0,24.34,1
23.39408104780341,92.4582377876446,335.0,9.19,0
25.062833,94.577722,1534.0,37.18,1
26.119417,92.439972,162.0,22.98,1
23.60480592064396,92.38276795714576,317.0,11.26,0
25.435444,94.061928,1445.0,7.51,1
26.111529,94.634066,1196.0,29.93,1
23.059264,93.275647,1395.0,23.59,1
24.84141967844197,93.16461878565954,41.0,3.09,0
23.75286,92.73307,1047.0,38.01,1
27.455857919430887,88.44668028804261,2819.0,30.53,0
23.254263,93.238127,1132.0,22.34,1
26.867603914574428,95.262770198269,1445.0,11.62,0
26.99570784957949,95.3171538561493,763.0,23.15,0
23.647960079932457,92.44352314702692,550.0,16.22,0
25.650352,94.026955,1497.0,30.51,1
27.563167,92.975139,522.0,34.71,1
23.98997222,92.68061111,489.0,20.83,1
24.979266147897203,93.90181464627013,890.0,24.81,0
27.631675025145668,88.96489596367947,4375.0,31.47,0
27.801194,93.541667,926.0,30.63,1
24.6060682359184,93.95837954349447,774.0,1.8,0
27.31663889,88.45861111,524.0,13.71,1
25.487139,93.493528,471.0,15.29,1
25.318671965831243,92.22944883243652,1139.0,1.39,0
28.09311605591097,96.697309300793,2783.0,51.08,0
22.483166,92.885551,961.0,49.22,1
24.95,92.73,63.0,1.85,1
25.65057222,91.89351389,1135.0,22.68,1
24.824111,93.474139,508.0,16.16,1
25.01764019588675,92.6660878711734,278.0,20.63,0
28.59536280888652,94.92437920830162,2331.0,33.82,0
26.19107664989016,94.04205805883078,268.0,25.91,0
23.464206,92.737583,1275.0,47.83,1
24.862146,93.595644,427.0,36.19,1
24.14,93.38,1188.0,13.44,1
27.549389,92.979028,636.0,39.67,1
24.811139,93.417,483.0,31.17,1
26.003224,94.611549,2066.0,32.41,1
23.75279814609132,93.251054015864,1373.0,27.96,0
25.401906726775778,91.93701258729747,1580.0,8.61,0
24.992889,94.230583,972.0,30.5,1
25.940978,91.724644,308.0,13.68,1
28.024691,94.553634,488.0,20.96,1
25.993560173959203,91.73960561243796,412.0,24.19,0
25.30634648820876,92.988191865458,343.0,16.66,0
25.46063051346784,92.32853395663024,1293.0,15.87,0
25.18719577911157,94.60936451723288,2380.0,32.2,0
23.790132,92.672097,358.0,32.73,1
25.118,93.64775,1217.0,24.92,1
23.71638889,92.72111111,983.0,28.74,1
24.48857222,93.36792222,268.0,13.31,1
25.337936538430043,93.8051692446208,1333.0,16.93,0
25.061375,92.795906,271.0,24.21,1
25.45662315110137,93.90028770905325,1997.0,14.4,0
24.78380556,92.45563889,33.0,15.07,1
26.073778,94.482194,1244.0,41.91,1
25.67316222644964,91.33388841087051,1355.0,8.25,0
25.89087038074931,93.82790397731311,146.0,1.39,0
25.34006648765746,94.92509442167592,1862.0,19.54,0
23.447015,92.866917,914.0,11.2,1
23.311771903829857,92.9945574222828,912.0,27.41,0
26.11816667,91.71330556,72.0,18.19,1
24.387708,94.155764,1215.0,22.24,1
23.9865,92.709806,628.0,32.85,1
23.092278,92.789948,422.0,0.79,1
25.364889,91.881,1446.0,44.1,1
25.50335,91.28335,1414.0,22.83,1
27.83852676394145,94.23196445448832,531.0,25.42,0
24.62606137529911,93.77931696281529,784.0,2.09,0
22.838732,92.791954,1138.0,30.68,1
27.758817290348546,93.19809925139594,1687.0,39.61,0
26.810268818097345,92.77508143744052,80.0,3.24,0
27.74055410911457,94.5338467193628,620.0,56.48,0
23.32366040306679,93.5068187021404,1349.0,20.46,0
28.31314835325401,95.36296119831036,3077.0,41.94,0
25.101372699675704,91.75563371258691,14.0,5.61,0
25.449349,91.817118,1793.0,12.99,1
22.899906,92.868828,370.0,44.63,1
25.352574718084043,93.97527090861465,1787.0,19.06,0
24.1,93.57,793.0,12.87,1
25.332083,94.526639,1162.0,22.56,1
25.763347,91.657153,849.0,15.23,1
25.71252766560477,94.91887411826332,939.0,16.14,0
23.745444,92.749556,808.0,16.72,1
24.374432114779,92.4224840074322,54.0,4.91,0
23.783846,92.553747,645.0,36.08,1
24.91131910679442,93.92823898029198,1038.0,27.66,0
22.58702282747453,92.78096878944989,303.0,19.97,0
25.134194,92.383528,168.0,17.86,1
23.614192951349896,92.53274652412924,387.0,13.11,0
24.3,92.7,367.0,13.87,1
25.839583,94.007194,1215.0,28.23,1
25.728,94.112,1285.0,19.55,1
26.215889,94.212083,578.0,29.11,1
25.395041567641265,91.1260449999091,596.0,26.48,0
22.368999,92.934998,451.0,34.18,1
23.62194444,92.72305556,814.0,30.89,1
22.97153547747437,92.35939079394188,84.0,10.78,0
25.791802,93.803309,295.0,52.77,1
28.198566,95.813206,842.0,28.78,1
24.433611,94.249544,1336.0,25.83,1
26.0054,93.9794,446.0,36.94,1
25.111556,93.629972,1218.0,35.84,1
24.752877753897096,94.2879509382884,650.0,25.54,0
25.880083,94.234167,1399.0,32.45,1
22.65,92.71,243.0,21.67,1
25.23297222,93.03325,559.0,20.04,1
25.08325,94.503639,1690.0,30.44,1
23.65416667,92.70222222,919.0,12.48,1
27.235861,88.433167,1207.0,25.88,1
27.524822336660737,93.08961010658618,949.0,15.4,0
23.146464,93.306249,1635.0,29.26,1
25.553,94.148,1497.0,17.38,1
22.33,92.73,142.0,27.62,1
27.452277067701207,96.10085710001016,202.0,1.14,0
28.10655555977991,96.09241590290962,1333.0,32.36,0
23.647667,93.299727,1733.0,25.12,1
24.05722222,92.66583333,516.0,32.52,1
24.13,92.52,302.0,14.21,1
23.2029,92.7371,794.0,15.27,1
24.53,92.84,31.0,1.45,1
26.68647990174422,94.952394856286,458.0,13.88,0
23.205373717582763,93.41922934605633,1225.0,14.89,0
25.65443889,91.63345833,1438.0,7.5,1
26.110135,94.870921,1906.0,29.77,1
23.519139,92.5795,800.0,23.44,1
26.194406,95.020358,1271.0,12.69,1
28.338377085431127,95.47521202311398,872.0,20.0,0
25.803984,91.659801,686.0,24.32,1
24.55963495019265,94.3168853915289,743.0,14.23,0
26.418611,94.966111,738.0,22.79,1
25.236227475067352,91.51008312881834,482.0,37.12,0
23.265058215037424,92.28186988990856,106.0,4.97,0
25.372139,91.879889,1437.0,33.13,1
25.19972222,93.01672222,418.0,26.8,1
25.290310035168247,94.2135972546128,1495.0,32.92,0
23.66083333,92.67277778,1025.0,11.5,1
27.129836522510843,95.5077063178326,390.0,18.02,0
27.95964,96.40178,716.0,26.38,1
28.996767047991224,95.7541171127119,1951.0,36.93,0
23.67472222,92.71722222,1099.0,17.85,1
27.080299,93.574089,313.0,28.87,1
24.52308611,93.57206944,758.0,14.42,1
25.948886,94.706133,1800.0,13.62,1
26.758306,94.955806,1016.0,36.95,1
25.58567489701844,94.98359652139048,1080.0,17.12,0
28.43716309546264,95.37151781275269,1391.0,32.58,0
23.058,93.280568,1404.0,30.93,1
27.20615197479061,92.39450317836588,1458.0,3.7,0
25.733262,91.675754,742.0,15.58,1
27.280353403957328,93.62049723580547,1249.0,12.65,0
28.14531,96.54897,1007.0,39.76,1
26.2718264569213,91.79517645515452,50.0,0.81,0
23.74116667,92.69455556,948.0,27.75,1
25.23,93.29,949.0,22.97,1
27.075988622081823,95.12602647614092,107.0,1.64,0
23.319184,92.856725,1024.0,27.05,1
25.79498439541296,92.3792895557118,770.0,4.27,0
28.103902,95.27946,201.0,28.63,1
25.614,94.496,753.0,51.72,1
23.786150768906097,91.73994607141222,210.0,11.58,0
25.43703395766023,91.28807948991631,1447.0,8.74,0
23.548132,93.077509,1009.0,30.24,1
28.528778,95.173278,793.0,30.94,1
25.761763947022946,92.74084653095557,201.0,12.81,0
27.184102516812043,93.93358106224134,102.0,0.81,0
24.40520278,93.06672222,349.0,30.88,1
25.971569,94.511647,1583.0,34.92,1
26.62125,95.12575,1132.0,14.21,1
25.129169,92.388306,152.0,44.29,1
23.49722222,92.70333333,905.0,25.91,1
25.626417,91.887028,1261.0,11.42,1
25.683,94.054,1214.0,16.54,1
25.599762,91.860814,1298.0,16.18,1
25.36557789102808,93.95774895798986,1166.0,26.83,0
22.924142846897045,93.26314218500713,947.0,4.54,0
24.46633378390102,92.43188297839946,27.0,1.72,0
25.52164,94.13426,1729.0,22.67,1
27.665417,93.892222,1463.0,30.62,1
28.073393901087115,95.17472256473935,1287.0,35.86,0
23.351755619817386,92.97628027553846,1360.0,31.54,0
25.810267325734863,94.65669268452147,1257.0,20.04,0
22.615999,92.913002,1201.0,16.93,1
25.7976138219684,91.39920384913864,349.0,30.11,0
27.14124775278726,95.46142216376155,177.0,0.7,0
24.12,92.46,129.0,6.9,1
28.940482,95.82044,1431.0,31.69,1
24.968380176385885,91.95245664033555,58.0,3.92,0
24.467910225802683,92.4225698387362,29.0,0.0,0
24.17180556,93.54406667,659.0,26.5,1
27.0089462343514,93.87202017014545,85.0,1.48,0
27.166528,88.401333,1517.0,22.7,1
25.18466681880822,93.52362376941883,770.0,27.72,0
26.030972,92.474139,231.0,11.53,1
26.966603941819724,93.73182106869636,90.0,0.81,0
27.43210060559598,88.44616492204047,2582.0,39.62,0
23.56340364150624,92.9355409900172,1261.0,17.14,0
25.2625,92.384639,849.0,20.5,1
27.307111,93.806306,720.0,19.39,1
22.804701,92.816734,828.0,24.92,1
25.88363090221452,93.32659582868251,269.0,7.21,0
24.768472,93.457389,517.0,33.03,1
27.08155,93.61438,286.0,23.46,1
25.635,94.253,1058.0,30.73,1
25.618,94.468,981.0,32.76,1
25.693222,91.0555,926.0,17.05,1
23.59404318905928,93.5328174255571,1525.0,13.34,0
26.473959238294,94.25677128340708,241.0,5.82,0
25.35477844358491,94.78960047180875,1708.0,24.24,0
26.0161442589346,93.88997406256384,142.0,1.46,0
24.90487896936929,91.50314960882808,10.0,1.06,0
27.44099120764947,88.05467525636466,4494.0,19.58,0
25.885208,94.244494,1324.0,25.31,1
25.662,94.096,1434.0,16.13,1
24.194015,92.944562,536.0,34.81,1
24.87861599895933,93.83458643883222,804.0,1.6,0
27.6037093817414,88.78410131200027,4501.0,16.67,0
23.50611111,92.69694444,830.0,26.81,1
25.140417,93.020389,732.0,27.25,1
24.16179899384345,93.68915298713144,1265.0,30.35,0
23.909111,93.02375,1096.0,32.77,1
23.673156777211283,93.43881481790308,1174.0,15.55,0
25.65653,94.09061,1575.0,27.62,1
26.236111,94.212639,394.0,23.61,1
24.86768363897705,94.4443220132654,1074.0,26.44,0
24.19,94.02,1314.0,24.16,1
23.053747,92.704163,906.0,6.72,1
25.563,91.885,1572.0,24.21,1
28.16317,95.450433,442.0,20.1,1
27.166611,88.417528,1799.0,27.65,1
28.088159,96.458999,951.0,54.86,1
25.4375,93.404444,376.0,2.82,1
25.282267,92.341433,946.0,17.74,1
22.669304434619946,92.76905325615756,213.0,11.17,0
28.37715429119606,95.68822122763945,1305.0,34.29,0
25.301559,91.922585,1190.0,26.97,1
26.3848,90.5943,121.0,46.6,1
23.406389,92.75325,1109.0,17.49,1
26.93255965038093,88.3186748319111,2079.0,37.14,0
27.183932739592453,88.99585545239395,2997.0,18.42,0
22.89164039055732,92.62641458708602,182.0,4.04,0
24.87437035721367,92.76368692215956,30.0,10.55,0
24.69325,94.259444,1459.0,31.04,1
23.838370341576265,91.4728781562267,51.0,3.75,0
23.239637,92.748175,756.0,12.1,1
25.02147124136318,94.8530320275448,437.0,11.71,0
22.320999,92.772003,308.0,26.68,1
23.466139,93.312778,1356.0,17.38,1
27.80156791531028,92.02108401921448,4879.0,20.31,0
28.0897641905841,96.6063713176455,2257.0,37.16,0
27.158583,88.466306,1190.0,34.81,1
23.37009910540964,93.56390574434356,1109.0,19.8,0
25.089064279170334,91.77017122480464,8.0,1.48,0
25.998952087059003,91.67879494974116,356.0,11.94,0
27.158222,88.34325,1335.0,42.62,1
24.216509,92.802591,690.0,24.87,1
23.638822,93.066182,871.0,2.02,1
23.54277778,92.67638889,665.0,16.76,1
26.32168956922217,94.68553842422033,1109.0,36.23,0
25.134049243705,91.89390552500366,18.0,2.22,0
24.724333,93.273111,835.0,28.04,1
25.283410785578248,94.44380267855747,1623.0,12.16,0
27.46400559320168,91.70868737507996,2590.0,35.71,0
26.33131866803986,91.78510466566244,54.0,3.13,0
23.119344,92.742996,827.0,23.45,1
27.10577889141853,92.6795714898273,552.0,15.3,0
25.705608703271444,91.29202287808646,1150.0,17.44,0
26.08528697871186,95.1777047536404,2963.0,13.97,0
25.803806,94.065556,1255.0,27.46,1
23.388162,93.312962,1241.0,23.86,1
23.54833333,92.70472222,900.0,27.55,1
28.153634598579742,95.36781090496324,295.0,4.01,0
25.642198,91.851055,1109.0,25.36,1
27.47008333873731,88.17442599381927,3804.0,26.59,0
28.470167,95.233333,979.0,22.14,1
25.909153,94.477497,1910.0,40.81,1
27.87413200778838,95.00740582394992,287.0,13.01,0
22.8993486930672,92.63327147771456,119.0,15.3,0
26.19025,91.806472,84.0,17.3,1
26.98474236176491,88.59591063248226,973.0,22.54,0
25.16631508286303,91.8120796933652,26.0,2.07,0
28.43925427449965,94.28798072756784,3537.0,31.83,0
23.281443,92.840145,662.0,44.02,1
23.317943970968408,92.3068426175562,109.0,17.12,0
25.756817608947703,92.57661725244672,614.0,10.8,0
25.65137778,94.12166667,1234.0,30.97,1
23.458538,93.260555,802.0,23.75,1
25.572492,91.209156,1263.0,15.53,1
24.79742148681561,92.91001725335131,24.0,2.31,0
25.10070038698965,93.50233277652003,859.0,33.57,0
27.720400744409066,94.23704939017752,1227.0,41.3,0
22.45,92.57,121.0,20.72,1
27.241056,93.749306,405.0,28.24,1
23.815163142338207,93.46373328487812,1144.0,24.89,0
25.131411086724874,91.80956312828754,11.0,2.75,0
24.003889,93.323502,698.0,19.54,1
22.54,92.68,555.0,16.65,1
27.768546065251005,88.4120788687397,4111.0,30.81,0
25.115833,93.645833,1240.0,24.24,1
25.39691585842876,90.26307975489216,116.0,11.01,0
25.38193042941058,93.72434303707948,606.0,40.66,0
25.367496059818524,93.85352852918123,1989.0,25.5,0
25.386191,91.874586,1520.0,29.61,1
23.6426934993979,93.53976149149574,1339.0,14.6,0
23.236857422601982,93.4110298929804,1143.0,12.53,0
23.754988667699912,92.16079553786888,486.0,17.47,0
25.031988415131245,91.70324402805709,10.0,3.83,0
24.12567005552696,93.7455880548066,1140.0,30.56,0
25.02056219793437,94.69968660875205,806.0,23.87,0
24.88616549746219,93.03420256056744,55.0,1.38,0
22.91,92.47,186.0,11.19,1
24.5960125904427,93.94015031701224,770.0,0.74,0
25.10622222,92.8845,319.0,14.78,1
24.47831888881005,93.42269862781195,424.0,20.3,0
23.17969705825938,92.31143532781856,112.0,7.08,0
25.12,93.37,759.0,27.71,1
23.017555,92.771515,942.0,19.99,1
25.078146780007785,92.61066020060836,337.0,22.35,0
25.79464167,93.99172222,524.0,32.84,1
25.12186,92.388583,113.0,34.28,1
23.66666667,92.72388889,829.0,36.44,1
26.261111,94.809444,1114.0,25.89,1
25.82895388596909,91.71595229948352,659.0,15.39,0
23.440973,92.87909,649.0,29.81,1
23.983667,92.683333,436.0,18.49,1
22.9799517655629,92.53595161179608,184.0,24.37,0
27.367611,92.2415,1604.0,27.11,1
25.66994551121117,91.28740732534273,1411.0,8.25,0
22.930269146853306,93.02143091570684,424.0,43.78,0
23.50004061603489,92.5090618947842,807.0,33.72,0
27.58278649412119,93.05297368415988,1117.0,32.12,0
23.6868033,92.7251987,856.0,43.81,1
27.90107548212205,95.44985273940048,130.0,1.15,0
25.53088148213468,94.92509178658771,581.0,27.87,0
26.280584257476523,91.61517083420888,50.0,2.85,0
26.13377361778767,91.5404008201358,44.0,0.0,0
23.824722,92.260722,847.0,29.83,1
27.045117208217203,88.1467702239106,1596.0,24.23,0
23.459039,93.324774,1326.0,5.13,1
28.160853,95.446925,482.0,17.95,1
23.187383,92.89826,885.0,26.81,1
27.142028,88.172139,781.0,33.47,1
27.079640445512325,92.24117086160167,2443.0,11.6,0
25.410389,94.579361,1544.0,36.27,1
26.65859953841828,95.26454958545708,1763.0,26.49,0
24.766472,93.434167,694.0,24.31,1
27.732154964000184,93.53603898958472,1630.0,35.63,0
23.470109,92.740615,1289.0,42.73,1
25.07,93.43,971.0,45.01,1
23.142357,92.750961,867.0,18.64,1
26.345933443899625,93.18531452933594,593.0,17.37,0
27.28081944,88.57090278,1250.0,30.62,1
25.560816722626377,94.02218108333278,2387.0,19.2,0
25.3375,94.527806,1128.0,26.79,1
24.69686814973845,94.0288871744002,784.0,4.0,0
24.030793,92.793313,632.0,27.31,1
27.64962436445516,88.34624275377823,4316.0,59.44,0
25.677,94.241,1003.0,25.57,1
25.469456435811374,94.91617749431208,1606.0,18.44,0
23.55388889,92.70472222,834.0,1.78,1
27.294889,88.079944,2067.0,27.93,1
27.418646677477,95.94430999612923,171.0,3.19,0
27.177667,93.148694,1547.0,30.79,1
27.447181,96.439865,560.0,19.66,1
27.5091,88.53848,1233.0,21.78,1
25.623,94.336,1829.0,34.19,1
24.66018679314678,92.1120738480187,11.0,1.19,0
25.443264,94.0392,1491.0,33.73,1
24.889031,94.306125,1217.0,36.04,1
23.388377,92.845102,929.0,26.96,1
28.037974515909017,93.51468715622556,2215.0,38.74,0
28.079818,96.46838,821.0,33.36,1
25.2161,91.38912222,162.0,18.08,1
27.492281902144605,92.89459055513564,1037.0,15.23,0
23.125311,92.820023,874.0,30.67,1
27.708863102228776,88.66716038384625,4671.0,30.16,0
24.449306,94.221778,1475.0,21.17,1
26.112611,95.039028,1784.0,34.74,1
27.602728933232303,94.5788802473446,122.0,2.14,0
24.112481183819447,92.70546870627822,463.0,6.73,0
25.197283,92.2225,569.0,9.12,1
25.335955261005928,94.78755458457609,1314.0,16.42,0
28.892458599112743,94.82102842680004,1137.0,26.31,0
25.882916,94.036198,1108.0,25.52,1
27.036444324211,88.6185565961704,1616.0,15.35,0
28.71487257540079,94.60874313425786,2166.0,13.68,0
25.293653785708027,91.12962500346929,224.0,13.49,0
23.989380266227,92.5539588596037,136.0,9.16,0
26.855046925134417,92.88543376333556,87.0,2.1,0
24.28,93.68,851.0,15.69,1
24.732139,93.479194,380.0,12.6,1
24.956083,94.522278,1498.0,33.83,1
23.707126,93.187183,1120.0,33.87,1
27.44142816964903,88.71157987309999,2673.0,44.71,0
25.549907494726657,93.48157992023668,442.0,10.64,0
26.813917,95.075667,573.0,17.79,1
23.682158,92.858383,982.0,22.94,1
23.73388889,92.79388889,320.0,20.01,1
25.351311,94.222514,1714.0,22.4,1
24.871889,94.580417,919.0,31.42,1
25.316639,94.504278,1372.0,25.44,1
26.71922530102152,95.34744723081464,1036.0,30.1,0
28.370771414708138,96.23507976812188,2193.0,35.32,0
28.097163,95.270824,338.0,18.98,1
23.763809527767386,94.0767425158256,433.0,23.62,0
27.090083,88.413139,293.0,22.33,1
25.327713773592063,94.38540254004904,1067.0,24.74,0
24.931167,94.227111,1302.0,36.8,1
28.394544498603747,95.70651231178992,1153.0,42.05,0
23.60861111,92.85055556,1123.0,26.16,1
24.845611,93.498778,262.0,35.99,1
25.843202584125592,93.8630884146752,172.0,2.08,0
25.462319,91.096836,876.0,25.03,1
24.41,92.8,64.0,12.8,1
25.17,93.29,705.0,35.84,1
22.288440460360786,92.83605194215866,181.0,45.78,0
28.57511349253379,96.03550013232538,2136.0,36.43,0
29.05459422765356,95.7779198985392,2197.0,42.89,0
25.14341667,92.37805556,206.0,27.83,1
24.55869082924688,92.9954249003447,391.0,29.58,0
25.416389,94.067894,1267.0,5.54,1
23.977965531203008,92.5910237721148,337.0,5.55,0
23.99025,92.68066667,494.0,25.52,1
23.72916667,92.75888889,978.0,19.92,1
26.93819,92.70402,133.0,10.65,1
24.78766667,93.66666667,662.0,16.67,1
25.345,91.891,1539.0,26.89,1
24.820688613841394,93.34932824812743,692.0,31.01,0
23.779444,93.023918,426.0,23.96,1
23.42722222,92.71194444,873.0,39.39,1
25.49625,94.554722,943.0,30.0,1
25.139611,93.019556,741.0,21.18,1
25.750617,94.237358,944.0,30.98,1
25.73338889,94.02372222,1005.0,8.62,1
27.254389,88.145306,1478.0,24.08,1
24.44623665853933,92.88227204273372,152.0,4.87,0
28.21630932929829,95.40987585588312,1394.0,23.61,0
27.74075,88.54525,2762.0,26.78,1
28.37954997062043,95.16937793786028,1712.0,26.19,0
26.00810272100906,91.37158978677677,55.0,2.78,0
26.209389,94.116411,527.0,40.43,1
24.997972,94.020444,803.0,16.18,1
23.606555633015603,93.41293363033722,1134.0,20.58,0
27.25061389,88.46280278,528.0,44.24,1
25.678306,91.07975,988.0,13.01,1
25.077089989048016,93.10607150782374,522.0,34.71,0
24.037336,92.922455,913.0,25.72,1
25.456767072815445,94.76777147875512,2221.0,24.28,0
25.558489,91.230911,1315.0,22.53,1
27.430445973486435,93.7570339929879,932.0,22.35,0
28.40547459775796,95.15832477098122,1500.0,19.41,0
25.60512,93.706701,544.0,12.44,1
24.156422403988152,92.87221629730053,234.0,20.66,0
25.10045498350132,91.3593850538283,9.0,2.31,0
24.903391816306385,93.8633592306258,807.0,0.8,0
24.239943151099244,92.5460916809545,89.0,11.34,0
28.105572,96.447685,1416.0,19.45,1
25.679,94.096,1255.0,20.94,1
23.141445,93.33848,1344.0,29.52,1
22.779691663891697,92.90488108509072,462.0,9.56,0
25.681,94.387,1468.0,29.19,1
25.624,94.361,1835.0,17.91,1
26.92804022920112,88.54145903431302,412.0,27.62,0
28.110596799510898,94.30313898833568,1701.0,27.69,0
25.11065697396453,91.50303768189764,11.0,1.46,0
26.718556,95.033222,591.0,17.67,1
27.37055556,88.61611111,1894.0,11.58,1
27.841103427184944,94.57213009009544,1251.0,30.99,0
24.801111,93.653111,419.0,13.81,1
26.310526331779737,95.0586041030435,2210.0,21.04,0
26.00361111,92.86361111,77.0,1.31,1
26.163847084278,94.94731269691316,1510.0,18.68,0
25.569,94.234,1627.0,26.64,1
23.54130278,93.10256944,635.0,6.63,1
24.5716,93.17273056,208.0,30.07,1
25.152367,92.195708,146.0,12.57,1
26.840420811998506,92.83561156319722,83.0,0.35,0
26.952708404430027,95.2975132188466,581.0,15.85,0
24.797278,93.737778,1165.0,21.57,1
25.250901455305907,94.44432355645787,1444.0,19.14,0
23.72222222,92.79861111,215.0,24.89,1
25.654383666988053,91.25082975828956,1570.0,7.19,0
27.587116689692703,94.02472543884583,2684.0,4.16,0
25.565333,91.225667,1325.0,21.72,1
24.22,94.08,1401.0,29.57,1
25.14838429653412,94.79552398818257,1246.0,11.78,0
28.22680867335305,96.30578283606307,2000.0,58.43,0
25.129740974529085,92.5526141977968,286.0,19.21,0
24.956844850617443,93.19909507188429,81.0,4.95,0
23.61,92.80722222,432.0,33.43,1
26.178,94.41275,960.0,25.32,1
25.20779526248793,92.91982876844766,798.0,1.12,0
25.450503202068617,94.6841364258568,2106.0,24.19,0
28.237713078184985,96.21736627929832,3561.0,14.1,0
26.64327558664792,95.31631353968169,1838.0,18.16,0
26.55,94.44,532.0,26.74,1
27.176944,88.402056,1926.0,34.84,1
25.97628867072038,92.19151735196928,415.0,11.99,0
25.605559,93.898552,1577.0,29.5,1
25.66667,94.10972,1425.0,13.43,1
23.308769,92.862258,1032.0,16.65,1
23.754359,92.690207,689.0,25.82,1
25.813064,94.971453,1761.0,27.92,1
22.563525482714912,92.77366314279396,475.0,23.79,0
28.007812527509884,95.5402480086721,148.0,1.8,0
26.175722,95.030222,826.0,25.54,1
25.81193484313888,91.74636583726084,590.0,5.79,0
22.25,93.09,1490.0,38.81,1
22.664833829197093,92.78776288797394,611.0,9.08,0
27.246944,88.184833,1639.0,36.12,1
25.39155556,93.11316667,208.0,14.22,1
24.8705,94.589944,817.0,29.64,1
24.526075,93.05379167,107.0,26.62,1
24.00972222,92.76555556,729.0,22.39,1
27.965986160185366,95.75384085540708,156.0,0.74,0
27.188273709363777,94.04864900432344,91.0,3.13,0
26.9411597454034,88.35156543433513,1001.0,22.13,0
27.963658101337813,88.43722461721507,4955.0,29.23,0
25.634,94.255,1080.0,29.19,1
24.60853333,93.41668333,944.0,38.36,1
24.46,92.52,104.0,4.22,1
27.272681096128807,93.63089512846256,1061.0,15.82,0
26.12385782124755,94.91928172434918,1454.0,22.93,0
28.222532762447315,96.61695011471524,2503.0,39.22,0
27.386902623961724,88.88440750099788,3811.0,7.83,0
22.67,92.68,426.0,28.43,1
25.129607702354782,92.50421202043698,688.0,13.86,0
28.825143683982684,96.05278660953525,3479.0,57.36,0
27.670798016861383,88.40583179259677,4016.0,46.38,0
27.476575981293728,88.40598468529326,3415.0,32.35,0
25.887525,94.797508,899.0,34.89,1
27.704028,88.56175,2450.0,29.76,1
24.787526,93.662891,470.0,32.44,1
27.57265148737136,88.97170693243089,4152.0,15.61,0
25.861165668251303,92.2586020196458,763.0,19.59,0
25.32821428977272,93.75778503821802,1501.0,49.33,0
22.91452778,92.89333333,583.0,21.31,1
26.773611,95.077611,997.0,15.52,1
25.09218782774129,91.91785204988582,11.0,4.35,0
27.259694,88.550417,643.0,33.13,1
24.96566801347988,93.30359306727564,156.0,11.71,0
27.92691483269186,93.74924537072836,1659.0,23.42,0
23.54380556,92.70136111,777.0,26.18,1
27.300188,96.010838,262.0,10.2,1
23.270548,92.877577,1087.0,34.27,1
27.43320866817416,93.29256185385589,2657.0,20.65,0
23.587,92.622389,813.0,18.16,1
22.94608473249372,92.63239485294416,118.0,18.27,0
25.87653333,94.13359167,1227.0,24.86,1
23.69472222,92.85972222,937.0,22.83,1
25.43003525435841,90.55930717888955,861.0,8.06,0
23.1124375435176,92.4474084187312,105.0,12.82,0
26.383049202370188,94.3115469313208,242.0,9.14,0
25.544506,92.102033,1298.0,27.96,1
27.54375,88.58475,1593.0,37.96,1
27.381917,88.640333,1689.0,40.44,1
24.038279,93.140945,1037.0,22.59,1
27.281028,88.227667,1290.0,22.41,1
23.811722,92.959917,1333.0,39.28,1
28.257863546891667,95.1395114056078,1340.0,19.4,0
23.62111111,92.72444444,795.0,17.97,1
23.327149161955106,92.92522108016014,861.0,33.99,0
28.201524541218337,94.56760186701467,722.0,29.77,0
27.746911397212244,88.60844307747126,4211.0,53.18,0
27.206653,88.679953,749.0,33.84,1
23.67138889,92.72361111,927.0,35.54,1
25.647514,91.055144,975.0,23.45,1
25.744728492341704,93.0500368653964,189.0,12.23,0
25.62269444,91.16914444,1222.0,6.33,1
27.202087980502583,92.09898844157036,2722.0,35.99,0
24.267658,94.117506,1222.0,26.27,1
27.60695393656379,88.92402279202362,3645.0,40.4,0
25.226046,91.701458,506.0,25.54,1
24.61143150650254,94.22728545099504,1101.0,33.76,0
25.086499549121545,92.13509848126382,16.0,2.76,0
27.45526591365277,92.47651072321844,1763.0,23.59,0
24.96884536274076,91.28648052725636,16.0,2.53,0
23.708217,92.761489,823.0,38.27,1
23.201281,92.735108,761.0,28.37,1
25.09089640576974,91.7527922017472,15.0,1.46,0
27.37475,88.782889,3896.0,30.87,1
26.95266,93.44166,154.0,14.76,1
26.454943591192382,95.1177960856307,1945.0,34.27,0
26.775944,95.072583,1008.0,17.85,1
25.311458,94.058922,1065.0,18.29,1
28.10098184605217,94.52253267434791,1047.0,18.89,0
22.870518,92.703873,516.0,22.47,1
22.785034,92.834671,660.0,46.14,1
25.13271341761122,92.77319240179146,885.0,26.4,0
24.914778,94.242583,1419.0,27.96,1
27.263194,88.377139,1576.0,31.38,1
24.3147285705156,92.29026237573083,46.0,0.8,0
25.319936265627927,92.29668192187192,1166.0,3.5,0
23.51975,92.579556,800.0,28.54,1
23.959278,93.123558,1379.0,30.85,1
26.235639,94.213417,388.0,17.5,1
28.52825400933601,95.31777411451402,2390.0,22.61,0
26.034806,94.519889,1860.0,46.5,1
24.187212,92.633859,199.0,13.84,1
25.602,94.427,838.0,22.13,1
25.563544191273568,92.64917753926792,624.0,15.36,0
25.36320912559415,92.2577072752928,1251.0,7.77,0
25.568056,91.737944,1710.0,11.51,1
26.98226142739906,93.10620529839916,337.0,11.21,0
24.970298554373088,93.90526515289451,841.0,1.48,0
27.161444,88.410556,1569.0,34.12,1
24.608129500117613,93.0542646433568,105.0,18.9,0
26.002188,94.623681,2022.0,2.66,1
25.73651061885046,91.96229428315492,1079.0,13.19,0
28.1915,95.225917,352.0,27.93,1
25.318206,94.091428,1213.0,28.09,1
28.073482783939166,93.8539508962602,1765.0,14.37,0
25.671,94.217,796.0,20.66,1
28.21825395743225,95.38477025776366,1182.0,32.5,0
27.017107292561683,88.66058728990593,1439.0,26.71,0
27.15479534332226,96.01206833040202,1458.0,21.25,0
22.494249394492144,93.24930704947818,815.0,21.83,0
25.545722,91.520556,1674.0,1.46,1
27.900716389222183,93.82373269664156,1930.0,36.23,0
25.49551944,91.49585278,1584.0,18.18,1
27.378444,88.541667,1767.0,31.18,1
25.110417,93.791806,750.0,22.96,1
28.003118598606328,96.50746941206164,2239.0,32.82,0
27.39305556,88.63527778,1570.0,38.02,1
26.704905252746222,92.57296868961946,73.0,0.74,0
25.42275258260419,92.40061870106751,1190.0,4.4,0
27.448716961305177,93.18406105823364,1978.0,15.59,0
25.295881,91.071747,411.0,21.34,1
27.20190550954193,89.08233440656153,1966.0,13.75,0
24.51,93.12,731.0,29.41,1
27.4286029865697,88.40362930647429,2704.0,42.04,0
25.502583,94.661194,1607.0,32.26,1
28.244256,95.920559,2625.0,38.11,1
26.21287482489917,92.7019143227214,64.0,5.33,0
24.93516673159039,94.68648916605726,770.0,3.43,0
27.412111,88.627083,1402.0,25.58,1
26.69061436074036,94.91932641194305,1197.0,14.4,0
25.85396759364839,92.06692159072335,753.0,7.98,0
27.666124382411592,95.07099060535268,112.0,1.33,0
25.19949763008363,92.65542844200006,1205.0,12.85,0
27.43353195386273,93.1952903927341,2172.0,28.83,0
24.849270089148973,94.45683174777048,733.0,33.62,0
26.98236408751489,88.47918266029956,524.0,9.82,0
25.236319545623388,94.33974347113708,1625.0,26.66,0
27.752611,94.7175,380.0,29.58,1
25.62415465203494,93.6453908799696,306.0,2.37,0
25.222501,91.714409,525.0,34.01,1
27.872722,93.456306,807.0,29.91,1
27.539094253269383,88.76698571998278,4610.0,56.32,0
23.71446389,92.71146389,988.0,29.93,1
28.12475199744216,95.88750247057348,837.0,25.99,0
26.11266667,91.85388889,188.0,25.44,1
28.359553,95.948576,729.0,52.04,1
26.220506,94.550504,1374.0,40.92,1
25.694,94.107,1423.0,14.69,1
25.907417,94.429519,1101.0,28.55,1
25.96962905193168,93.86539866830732,147.0,1.31,0
25.88692,92.61347,440.0,15.66,1
27.95098002678424,95.58612918139474,134.0,2.78,0
23.65888889,92.72861111,847.0,24.15,1
24.025542,92.91546,1033.0,40.14,1
23.04044884354253,92.41605815442864,344.0,29.92,0
27.728472,88.551667,2665.0,32.99,1
23.388585,93.2446,696.0,54.16,1
23.86222222,92.83666667,239.0,19.45,1
22.29,93.08,954.0,27.04,1
23.499418,92.905021,972.0,17.92,1
24.80487108210901,94.26489968320554,948.0,21.47,0
22.63450094787502,93.06856693299812,879.0,11.89,0
25.126361,93.901333,1727.0,27.16,1
25.320828047830098,91.1524467235944,526.0,7.67,0
28.0181951998087,95.73500926402846,160.0,1.19,0
25.662,94.108,1391.0,10.1,1
27.21525,88.402278,2026.0,24.63,1
24.35,92.84,326.0,18.82,1
24.16461190082828,91.98058934556929,46.0,4.77,0
27.589,91.873194,2813.0,7.65,1
25.91448512176618,92.39392216035124,683.0,11.98,0
22.92292804929731,93.2836443212577,954.0,15.11,0
22.94515622919216,92.62249159935048,76.0,0.46,0
26.62197883066708,95.2751826377152,1044.0,24.25,0
24.605209959386183,93.81120698011752,770.0,1.6,0
27.122052701605185,88.58526978864185,1862.0,23.04,0
26.155,91.798167,86.0,13.88,1
24.78571840700368,94.00429296258544,1090.0,21.63,0
25.29725,93.630083,1294.0,28.92,1
26.18122951984129,92.25531618211797,62.0,7.97,0
26.625556,94.970833,356.0,26.04,1
23.841713,92.911476,1138.0,34.79,1
25.444167,93.425528,416.0,26.06,1
24.62913321915566,93.87728204382792,774.0,2.53,0
22.6277763069152,92.34953459018004,99.0,11.06,0
28.119989206752088,96.68394797625434,1621.0,22.51,0
27.41310347828926,93.95009427730264,712.0,28.25,0
26.89262754163758,88.18994314897716,1605.0,2.84,0
25.57255,91.828833,1326.0,40.86,1
23.306654,92.707482,426.0,30.58,1
25.01781885074528,93.90056707815178,1088.0,17.36,0
23.74150833,92.70785833,888.0,38.0,1
22.60183695985433,92.82027914150795,729.0,19.08,0
27.51803021433569,88.40387973888944,2533.0,33.26,0
25.414028,94.58,1522.0,26.24,1
23.207082,92.509726,735.0,10.99,1
24.58122339908072,93.94121246936386,774.0,1.53,0
25.71896558857698,90.89495642696244,637.0,14.48,0
24.599425,93.30004722,520.0,23.6,1
25.79570889429036,91.32203283530126,179.0,16.95,0
27.96098200725668,95.77579591094768,147.0,1.05,0
25.317628,94.070336,1076.0,28.27,1
27.477877728292576,92.86236614528272,1768.0,23.97,0
25.066024116244048,93.89236325231768,1836.0,9.64,0
25.356361,92.004972,905.0,29.83,1
22.630764183218805,92.7570824495412,381.0,30.07,0
27.34550330371794,92.68985454915628,1807.0,14.19,0
25.420397948632942,94.79301950273197,2211.0,15.35,0
27.143343,95.743034,562.0,32.43,1
24.600231,93.695483,1106.0,28.58,1
25.346964,94.198264,1745.0,31.96,1
23.34352830340389,92.54727028252228,463.0,16.69,0
22.66,92.855003,980.0,25.49,1
23.801624,92.960437,1244.0,27.66,1
25.792278481752657,95.13695893503242,2726.0,40.67,0
25.422535,92.989119,210.0,9.04,1
25.27525347533909,93.79301352834908,1515.0,14.48,0
25.13056554134344,91.94700417012818,19.0,1.46,0
25.08609159673557,93.48456549383896,445.0,5.91,0
28.309975,95.952909,1405.0,46.79,1
23.329548853124017,92.4381925092841,559.0,4.62,0
25.060389,94.535472,1584.0,26.62,1
24.012306,91.451778,67.0,7.39,1
25.309111,93.470694,1597.0,16.09,1
25.105108,93.621136,1091.0,17.8,1
25.016266076494016,93.80788388189158,2173.0,24.31,0
22.2868745503606,93.25296872223431,1138.0,27.01,0
25.077361,93.611028,1049.0,8.59,1
27.00542786722335,93.96679624035714,83.0,0.74,0
22.15,92.99,635.0,40.43,1
24.503011759724256,94.38617676677922,391.0,18.07,0
25.6742792203038,91.34253221339834,1410.0,15.77,0
24.91349357273369,93.0158986248236,67.0,4.11,0
25.07935878056165,93.5408221574816,1289.0,1.73,0
25.001497287152265,91.20831806484436,6.0,1.72,0
25.092840443145416,93.73166742730608,1718.0,35.69,0
23.3228,92.862406,946.0,20.4,1
22.97955473584051,92.52574397994329,121.0,8.0,0
27.204556,88.647222,662.0,45.65,1
23.31637,92.854172,895.0,21.95,1
25.50368056,91.72342222,1748.0,4.5,1
25.663303,91.1347,1128.0,27.37,1
23.403243595872425,92.53122212843968,667.0,23.35,0
25.30022495218263,92.98299152064156,303.0,28.54,0
23.373277076136542,93.5922499753769,1045.0,23.01,0
27.31852018850088,93.94882927335102,429.0,32.45,0
23.598139,92.599111,1010.0,24.87,1
25.552992,90.814503,503.0,25.04,1
25.675,94.075,1399.0,12.35,1
24.60067222,93.37223056,854.0,22.65,1
26.86830902953561,88.46902410462337,194.0,6.33,0
22.691,92.841003,905.0,52.61,1
27.123889,88.319778,408.0,30.04,1
24.84,93.91,806.0,22.3,1
25.20390224676183,93.516548325982,1076.0,33.58,0
24.96280242689149,93.95293742444387,876.0,23.63,0
26.949664159518868,88.34124512699243,919.0,14.63,0
26.31769234127093,91.53781433843662,46.0,0.0,0
26.46497812180943,91.89463333250796,60.0,1.13,0
25.06136540666257,92.13645138819189,17.0,1.39,0
27.16993889,88.51481944,473.0,29.24,1
22.51,92.74,625.0,12.15,1
25.542806,92.096972,1308.0,24.35,1
25.83990158086901,93.88705599788958,448.0,31.93,0
23.7297625783982,91.96551472034226,218.0,4.16,0
25.99557089656109,91.75178538065845,416.0,14.7,0
23.83675,92.916556,1124.0,24.08,1
26.974544231888085,88.17771451661784,1502.0,40.41,0
26.2394701767992,91.54825232593048,49.0,2.96,0
27.547111,88.602667,1718.0,36.09,1
27.4165657330776,88.43881773429798,2514.0,48.46,0
25.44874139552288,94.33585774007152,1340.0,16.12,0
25.91151331946345,91.03185463071527,66.0,3.11,0
25.43990733459028,93.654689728727,1206.0,27.36,0
25.355286946635555,93.77567715946432,1261.0,23.49,0
25.971736,94.576933,1839.0,35.33,1
23.2747,92.647873,651.0,35.54,1
23.832916,93.301888,1237.0,25.78,1
24.19,94.2,787.0,25.99,1
26.264066182386543,94.00282753442391,111.0,3.27,0
27.627371002869747,94.80994528210648,111.0,2.29,0
25.5275,91.918861,1775.0,15.85,1
22.324342051949014,92.47518554800416,137.0,25.47,0
22.29,92.63,116.0,14.44,1
23.613722,92.851889,1066.0,24.92,1
25.45903056,90.70813333,185.0,18.74,1
27.58308494211765,92.7478088500148,1490.0,29.92,0
26.82211049372446,94.92573768997993,301.0,13.01,0
27.70289863908397,94.88622723502372,123.0,0.82,0
26.46549606925366,94.7329588104366,562.0,19.66,0
23.4785,92.7043,981.0,7.66,1
25.5407188,94.1334216,1705.0,22.1,1
27.44671691103393,88.86627882633258,3981.0,24.75,0
24.26297222,92.69216667,521.0,43.72,1
28.45542958998189,94.95447035760024,2126.0,32.05,0
27.592091607028017,95.14765119348698,107.0,0.0,0
25.481567451824752,92.59059590192209,745.0,1.39,0
23.98,93.55,809.0,9.13,1
26.205583,91.963222,70.0,15.23,1
27.40237575610549,88.0783881088199,3834.0,8.49,0
23.54055556,92.71638889,906.0,20.01,1
25.24180074625001,93.76649179348595,1821.0,11.47,0
26.30528300459961,91.80407908555198,49.0,3.56,0
27.87548391119429,88.81780894498955,5038.0,39.93,0
25.03024047144645,93.09681063389758,380.0,11.96,0
25.879364427857844,90.2876846078661,59.0,0.74,0
27.12344167,88.24483889,460.0,40.41,1
25.287361,94.528472,1142.0,29.72,1
23.9529423599168,92.57490572668172,364.0,21.5,0
23.56472023605632,93.02056194399346,679.0,24.92,0
22.31934914308642,92.39565297337543,431.0,23.11,0
26.55160397452944,93.33016239002173,408.0,11.59,0
22.86439280926875,93.11243536059376,477.0,19.7,0
24.950139,93.481278,908.0,40.92,1
25.48510082235456,94.32037192166965,2022.0,24.6,0
24.60002222,93.37166389,863.0,15.63,1
23.860167,93.194778,912.0,32.32,1
25.18556583402854,94.40163939421402,1359.0,24.13,0
25.706892986346823,91.3650126560868,849.0,24.63,0
24.43208492763691,94.4470091196646,174.0,3.49,0
25.269239588203817,93.70998121710328,757.0,30.9,0
22.33,92.63,112.0,10.44,1
23.089111,92.555168,167.0,19.47,1
27.299135,96.010349,301.0,20.81,1
27.648662226664268,88.45162354723405,2995.0,63.2,0
24.11775125929765,92.05077260508116,104.0,8.52,0
22.58672745762644,93.10429354458144,979.0,18.84,0
28.72289153990276,95.82429124239528,2447.0,50.62,0
22.96825076955409,92.55663006530958,575.0,24.39,0
22.08,92.65,145.0,4.85,1
25.159,93.712056,1042.0,12.04,1
23.48961089695322,92.49223862171826,634.0,32.49,0
25.282313642370504,93.90181126704935,1086.0,19.14,0
27.12142197769348,88.73844244018905,2953.0,32.94,0
23.529815704065587,93.57154285274278,1218.0,28.26,0
28.60537706026558,94.46520744813968,3562.0,22.46,0
26.556,94.680167,644.0,14.57,1
28.518337272912103,95.62502603921207,1474.0,32.71,0
25.288472,93.489611,1496.0,35.38,1
25.208593,91.742294,733.0,37.67,1
27.844158231694458,88.54430155153938,3811.0,20.76,0
24.919917,94.567111,1188.0,33.41,1
24.506028345486968,94.02505199391284,816.0,9.51,0
25.82536524692379,94.65425053954792,1633.0,17.99,0
25.137,93.018,742.0,7.57,1
27.6937190740628,88.48397345631129,4242.0,13.13,0
23.322777488504222,92.9699128539863,1485.0,24.91,0
25.916527,94.461248,1769.0,34.11,1
23.30374,92.672816,553.0,9.65,1
22.05634228663871,93.20744448051391,986.0,26.63,0
28.96644024192931,95.7279407233133,2693.0,22.77,0
23.271163283331088,93.42990325072066,1398.0,23.56,0
25.74993133896637,90.23932621193136,217.0,12.66,0
24.96060951166256,94.69424508574824,1549.0,59.11,0
25.033628,92.439331,349.0,32.25,1
22.75980438303588,93.16161902897451,985.0,14.86,0
27.452375859145512,88.33225034267,2333.0,52.87,0
23.69361111,92.7225,869.0,38.67,1
27.946449586979657,96.63318104515731,1822.0,27.74,0
26.732306,95.055722,949.0,27.74,1
26.561861,94.686611,638.0,14.28,1
25.15492435105494,94.65947853251618,2309.0,16.98,0
26.117194,94.336972,1037.0,43.39,1
22.841455,92.891235,530.0,23.74,1
27.19113346184559,95.55764645468264,595.0,33.36,0
28.25897,96.54433,1693.0,44.66,1
28.053678016901102,94.04226806031755,1389.0,14.39,0
25.096333,93.61925,1152.0,33.83,1
27.57341633043233,88.71254830026754,3094.0,41.65,0
25.388056,94.550083,943.0,16.09,1
23.73611111,92.75130556,902.0,32.78,1
26.20261,91.14528,37.0,6.07,1
23.53083333,92.73055556,986.0,28.37,1
27.240444,93.064361,817.0,17.87,1
25.438495,91.862917,1668.0,42.11,1
25.756889,94.478472,796.0,36.08,1
27.56111111,88.65452778,1412.0,28.72,1
28.309981080860243,96.41192240197684,3485.0,47.31,0
25.445423660360728,94.40544724832216,846.0,21.16,0
23.97072789941075,94.15888727805763,353.0,26.9,0
27.7231,93.9587,575.0,29.1,1
27.42834115404137,92.6307642340289,1759.0,32.67,0
24.09007745053779,93.40299358465752,736.0,15.65,0
24.439842,94.184347,1455.0,32.85,1
28.20891146480427,95.06319394113208,1395.0,18.91,0
28.088359432977423,95.48809905568592,177.0,3.48,0
25.386381661684368,92.3608247308828,1257.0,4.14,0
23.471041,92.85503,1076.0,31.32,1
23.00052509935724,92.5262504260302,262.0,26.48,0
27.47027372439561,94.66132043488278,100.0,2.23,0
24.10861091490736,93.69366108889912,1276.0,26.11,0
25.091851846927504,91.47488969445288,6.0,3.1,0
23.50882222,93.09170278,685.0,25.62,1
25.828928,94.898075,1687.0,40.88,1
26.765172196900643,95.1961949991826,1113.0,32.1,0
27.7011314569953,88.88857679089458,4373.0,39.88,0
25.766346835606143,93.25688849761876,168.0,5.15,0
27.156944,88.230778,1485.0,27.09,1
26.711639,95.014944,726.0,25.0,1
25.078165077064124,92.56271415838393,537.0,17.94,0
28.509013430254456,95.60862840268284,2116.0,27.67,0
23.4052539163104,92.57601902858086,303.0,17.83,0
27.230706302608866,92.48324120774836,1847.0,9.24,0
22.660692,92.855602,980.0,26.7,1
25.315444,94.504417,1378.0,17.93,1
24.8155,94.572222,920.0,13.54,1
26.35248167502108,91.95694997399134,52.0,0.0,0
28.18327637199974,96.3814794661062,2290.0,44.03,0
25.62436709374657,93.63758315825356,358.0,18.91,0
25.936056,94.216444,1173.0,24.55,1
27.01647503834413,93.79989366817917,92.0,0.52,0
27.18822222,88.56238889,468.0,23.75,1
23.89083333,92.92055556,1045.0,20.61,1
25.667,94.051,1408.0,37.67,1
25.809861,94.428972,1218.0,21.46,1
24.17120846148604,92.8507632328978,390.0,15.09,0
23.302106,92.649524,730.0,21.27,1
23.08240064822669,92.62844743313798,390.0,26.66,0
24.066822,92.893593,1003.0,12.38,1
24.334825836514245,92.3609937097324,92.0,10.09,0
25.076963028412752,93.10080584048208,499.0,40.03,0
25.058833,94.55125,1775.0,25.76,1
26.53740067589177,94.26974662300124,260.0,5.98,0
24.18372222,92.94961111,456.0,25.83,1
28.711525528168742,95.98762140767614,2116.0,33.08,0
26.759167,95.110972,918.0,21.65,1
25.1638056,93.010861,596.0,25.06,1
26.378844907425474,95.10801696763218,2121.0,22.47,0
25.227063,91.691293,482.0,24.2,1
25.98733847326205,91.6995785219786,436.0,21.62,0
25.597614,91.153233,1143.0,11.22,1
26.182583,94.263361,1033.0,12.88,1
24.479302552794937,94.4119437072456,228.0,0.74,0
22.496,92.975998,839.0,43.05,1
24.32,93.75,849.0,22.39,1
24.039139,92.106944,136.0,7.49,1
22.07161175966697,93.05995523045576,563.0,25.11,0
23.49,92.70555556,1034.0,35.47,1
23.32522222,92.70047222,371.0,20.74,1
27.445927352383848,93.95675810941792,1276.0,36.61,0
27.137667,88.342694,1215.0,40.61,1
23.733083,92.675611,770.0,34.24,1
23.970444,92.927167,1222.0,6.81,1
26.473675928948573,95.12707185387131,2166.0,16.58,0
27.11452838096616,88.59063056866535,1842.0,8.3,0
25.662561593295926,94.95128628068156,1998.0,29.82,0
24.839722,94.224944,1203.0,40.67,1
24.253234340045445,92.74632833481654,63.0,2.22,0
25.116350877576725,91.60707083655548,17.0,2.12,0
24.814386,94.32344,1241.0,34.2,1
23.667553,92.89259,372.0,21.92,1
23.449827,92.8599,777.0,11.03,1
28.16129356449873,95.67093482609766,204.0,0.82,0
26.158193,91.755807,59.0,10.76,1
26.0641,91.889136,79.0,19.32,1
26.58988178577464,95.29712857510148,742.0,15.4,0
22.7819479754096,92.37331597031654,95.0,12.65,0
23.962278,93.035309,1022.0,33.22,1
23.193468,92.734849,793.0,25.84,1
26.254505487558216,93.45252134221263,827.0,22.32,0
26.037575,94.589138,1234.0,35.14,1
23.890777537628296,91.19373730336424,7.0,2.79,0
24.798,93.736,1151.0,33.06,1
23.47,92.7215,1096.0,21.28,1
25.671,94.14,1300.0,20.72,1
22.49,93.01,1173.0,40.42,1
23.474611,93.241556,890.0,30.79,1
25.56663056,91.91370556,1530.0,10.26,1
24.940583,94.008889,819.0,4.94,1
24.21,93.29,986.0,37.33,1
25.112858585356463,94.18625748321074,1423.0,33.11,0
23.09561111,93.20786389,1000.0,20.64,1
28.28665309133114,96.32035491187813,2722.0,36.03,0
25.146989617753302,93.57183541019783,833.0,26.28,0
22.96703,92.925728,775.0,16.57,1
25.46246270849145,93.9175016805426,1043.0,21.17,0
25.167444,93.735472,777.0,31.15,1
27.03511411369224,88.48394771620792,710.0,34.12,0
24.676779197140576,92.8307117992402,25.0,1.79,0
25.188611,94.520917,1485.0,20.43,1
25.57596247920251,91.4456532138526,1649.0,7.36,0
25.584328694393065,92.61072767255162,722.0,9.23,0
25.443417,93.421444,416.0,14.9,1
23.75161678540592,93.22867914781143,734.0,19.04,0
27.965819,94.293672,234.0,25.74,1
24.97682516766969,93.27181734967184,193.0,24.91,0
25.131994654406835,92.54151731073786,160.0,18.21,0
24.40334546822084,92.44588520754226,55.0,9.62,0
25.646219,94.0334861,1596.0,35.24,1
25.032119,92.462636,69.0,36.16,1
27.08696769394714,89.02017574756809,2128.0,34.92,0
26.061861,92.147889,110.0,22.05,1
26.129722,94.019194,257.0,36.76,1
24.22,93.2,819.0,41.77,1
24.11,93.32,636.0,32.66,1
26.0038,93.9873,531.0,15.2,1
25.728650106773987,90.537525091282,240.0,16.96,0
25.358220915627587,92.90707116058802,492.0,10.81,0
27.60527305707605,88.8042425088235,4746.0,22.05,0
23.420362818351045,92.54146841447805,478.0,17.31,0
24.80592,93.23789,186.0,38.35,1
24.03686627133509,93.71721156652173,1150.0,17.07,0
25.38163333,90.06033889,82.0,9.39,1
25.914742557539867,92.7928881202143,75.0,1.61,0
24.170329,92.641325,137.0,4.78,1
23.251004,92.63667,749.0,9.18,1
27.50418602908336,94.1926303333568,308.0,28.95,0
25.736,94.012,986.0,12.38,1
27.162391996867505,96.08693987504591,880.0,0.52,0
23.972027,93.014893,752.0,28.96,1
24.717684692291584,92.36197391992572,18.0,0.51,0
24.199185,92.992094,268.0,41.01,1
23.415,92.7375,1090.0,17.64,1
24.225991189563427,93.70434610023727,1182.0,23.37,0
25.047444,92.409156,67.0,31.75,1
27.096444,88.433375,887.0,30.58,1
23.206413,92.632701,549.0,17.03,1
25.6291966,94.10177,1495.0,30.96,1
24.99521947693085,91.40746871846136,8.0,1.8,0
26.95704005346744,88.66852642225317,294.0,5.18,0
24.4259,93.13580556,524.0,10.7,1
24.628361,93.604917,902.0,26.68,1
25.265389,94.541472,1261.0,28.52,1
23.03016667,92.67336111,307.0,36.57,1
22.798575822316973,92.70939340398893,491.0,20.69,0
27.576373198073025,92.43798912687603,3197.0,21.73,0
25.65835,91.177014,1156.0,16.49,1
27.55525,88.647556,1730.0,36.11,1
26.582861,95.020306,523.0,11.26,1
22.41,93.02,1264.0,18.96,1
23.00117897539188,92.57253301681992,231.0,24.99,0
27.3305,88.215639,1504.0,29.3,1
26.204865114619967,92.3490367930634,60.0,3.17,0
23.788666,93.386139,1309.0,20.2,1
27.403722,92.141056,1968.0,31.71,1
26.351485749169164,95.35369612901911,1848.0,35.19,0
23.195522,92.90062,861.0,27.43,1
28.11108127814703,96.63230107868668,2125.0,32.18,0
24.284759009306107,93.24413421877674,287.0,5.86,0
22.85619915595313,93.35886360266144,1039.0,12.72,0
24.985389,93.49275,1059.0,5.92,1
23.464394,92.855608,1073.0,22.12,1
26.09326478140303,93.6539872630344,273.0,8.03,0
24.15,94.1,1049.0,24.48,1
23.109925,93.20970833,1095.0,23.48,1
25.79408558510422,92.86034056400774,89.0,3.91,0
28.520563996049884,95.91725626763946,1826.0,27.18,0
27.22122778,88.735475,1263.0,27.82,1
25.854840364308576,93.90291252151904,243.0,6.64,0
25.21,93.31,870.0,21.23,1
24.56062778,93.18938889,110.0,10.52,1
27.97474972039614,95.8056066882036,151.0,1.64,0
25.705716352155623,93.44137541051208,281.0,4.13,0
27.5840439848107,92.7274278820053,2090.0,24.42,0
25.210246085326936,94.78388805131203,1691.0,9.49,0
23.173258,92.611929,793.0,15.49,1
27.510250957667733,93.1186130810692,1219.0,31.7,0
25.566,94.26,1852.0,19.6,1
24.870028,94.588778,823.0,30.58,1
25.165028,92.388056,420.0,37.71,1
25.291626969884355,94.37469504268452,1281.0,27.02,0
24.725331563869368,94.58619620899042,245.0,2.9,0
26.685462397479306,94.25271872616018,107.0,3.84,0
25.65975,94.747083,1714.0,29.26,1
25.540056,91.314142,1513.0,12.67,1
28.509,95.177639,699.0,27.08,1
27.493622271246505,93.743973640641,1123.0,24.88,0
23.381533,92.854115,863.0,21.94,1
27.62097179985297,88.42586303774648,3064.0,30.63,0
25.924,92.50939,348.0,27.43,1
27.291083,93.796806,574.0,26.69,1
27.779240529956496,94.89395594590026,415.0,10.34,0
25.434979657412608,94.2191948762578,1319.0,35.36,0
26.966813877637648,88.1780190621262,1442.0,21.09,0
24.944083,94.538667,1533.0,23.38,1
28.16017733147291,95.54873118384774,267.0,3.79,0
23.32871975022381,93.59104352557098,574.0,20.48,0
26.219030408569463,90.60505902533932,30.0,2.08,0
26.05925,94.251972,1474.0,29.88,1
23.60972222,92.80027778,427.0,25.4,1
27.3612903598491,93.5993102127529,1916.0,15.79,0
24.82121344347224,92.39546324887188,18.0,0.74,0
25.029437269987284,93.88225371022588,1422.0,19.15,0
27.302389,93.055833,1144.0,26.28,1
25.28319363448507,92.28843743888268,892.0,18.53,0
23.739767247722448,93.2621619854542,1108.0,18.77,0
27.171719253402376,93.5139675048251,2188.0,25.99,0
26.0885,94.263944,1453.0,28.67,1
25.6466,91.157592,1197.0,24.03,1
24.94062328443638,92.1856864174991,17.0,1.3,0
27.374583,88.542444,1809.0,42.45,1
25.68772,94.14044,1309.0,24.73,1
27.443058233557327,96.07419817117496,193.0,1.4,0
25.99733812720076,94.3833379439564,695.0,14.08,0
24.97422784810984,92.35700210994496,16.0,1.79,0
28.988882908815768,94.79178074368454,1587.0,30.67,0
23.140461,93.343504,1172.0,38.48,1
25.197378894037225,92.66876832029516,1307.0,14.54,0
25.72349016193298,92.45863059129816,903.0,4.46,0
22.47019229875199,92.4039731167914,253.0,24.94,0
27.393166526746576,91.84456924399136,2474.0,29.0,0
24.6476775767092,93.86301340482945,773.0,2.3,0
24.2504,94.096483,1047.0,15.74,1
23.60847333422286,92.51313475506704,119.0,6.46,0
25.10275,92.986944,612.0,28.16,1
24.3636684050856,92.33898677752832,54.0,2.56,0
29.006445516100104,95.92484537646703,3868.0,32.22,0
25.635,94.217,880.0,33.39,1
22.618105227617352,93.18225766860355,1270.0,17.24,0
24.927139,93.789333,1639.0,17.32,1
25.31758731724444,92.93331745257116,377.0,11.52,0
26.41520259644618,94.11974099522492,101.0,0.0,0
27.46028536168537,93.18676995659654,1345.0,36.53,0
25.944361,94.023222,509.0,31.95,1
27.0126902439176,95.29543270787812,320.0,21.12,0
27.282444,88.598917,828.0,17.85,1
23.73555556,92.83583333,617.0,29.67,1
28.497061533730264,95.45942579028709,2630.0,32.11,0
24.916083,94.486889,1752.0,34.44,1
26.0405,92.0355,235.0,4.96,1
28.330336,95.794313,681.0,36.45,1
25.23908,90.63944,73.0,13.84,1
23.830683541507547,93.76793938619444,1498.0,35.44,0
25.625145751917813,90.93394331539122,795.0,5.84,0
28.194651,95.807085,799.0,28.59,1
28.407411526429783,95.55913585322983,2256.0,29.92,0
25.69488854241828,92.92003832856648,163.0,7.0,0
25.209427,91.646032,607.0,23.41,1
22.57565353368929,93.28565941313867,1103.0,37.39,0
24.32126131654009,94.40497756207763,176.0,0.69,0
23.587361,92.601278,921.0,42.78,1
26.21083333,91.68944444,68.0,17.7,1
26.994942,95.474591,662.0,19.04,1
23.443878,92.85593,893.0,31.49,1
25.78417,93.80028,251.0,16.08,1
25.468389,94.544917,1040.0,18.65,1
25.544936,91.267672,1369.0,22.35,1
24.97228,93.03289,157.0,2.1,1
25.598454,93.897602,1552.0,19.33,1
26.984542328835985,93.70405980721846,105.0,1.19,0
26.00968433739853,91.68969162137542,399.0,20.88,0
27.54308333,88.62675,1364.0,24.47,1
25.107940473138587,91.36007939637751,13.0,0.51,0
26.17755556,91.76588889,96.0,18.42,1
28.434292,95.876106,643.0,32.89,1
23.57027778,92.70722222,847.0,30.49,1
23.149094,92.750808,905.0,15.85,1
27.527402125404283,93.72021534782148,1668.0,23.34,0
24.948056,94.534778,1522.0,40.81,1
23.588472,92.599,885.0,27.87,1
25.17136,93.01102,700.0,4.35,1
24.916019731872765,92.42957888804249,18.0,1.79,0
23.442296,92.695903,482.0,21.47,1
27.072206,95.634021,933.0,29.19,1
22.363001,92.861,337.0,18.72,1
26.747179862329578,94.7705330589204,402.0,19.63,0
26.105806,91.62275,64.0,18.97,1
27.315730642712136,88.70749595188074,2884.0,36.64,0
25.86100981965756,93.83469492099216,162.0,0.0,0
26.680722,94.639306,184.0,29.06,1
25.073953472628386,91.6649735960806,11.0,1.72,0
27.8703856814896,88.35279861592586,4690.0,20.82,0
24.37303442409889,94.34190455056226,256.0,17.89,0
23.088615,92.849403,808.0,26.68,1
27.098814932226727,88.81491791077298,1771.0,8.95,0
22.78916,92.981087,1114.0,21.67,1
25.966742,94.502006,1775.0,28.71,1
28.3264137775422,95.2992188076673,1178.0,6.82,0
27.09540726990113,95.81018833852409,1143.0,30.75,0
26.32235951366233,95.05240665621504,1618.0,22.89,0
22.9634,92.737465,748.0,21.75,1
25.13037380245115,91.44802123613748,14.0,1.81,0
27.58925,91.795667,2587.0,42.18,1
25.13,93.29,989.0,33.23,1
26.166943962591155,92.66608042885562,66.0,5.52,0
25.593944,94.810925,1470.0,50.92,1
24.94970812334296,91.66303046629928,7.0,2.76,0
26.053164,94.045167,396.0,29.52,1
25.2781957824048,94.4513648725679,1411.0,28.37,0
25.123,93.033,665.0,45.14,1
27.821889,94.730417,653.0,18.56,1
27.019379,95.555899,716.0,24.35,1
27.167972,88.224778,1459.0,32.46,1
25.343583,93.566972,938.0,27.71,1
26.902710220365098,94.84731300403432,102.0,1.14,0
24.946407216846747,94.67008599355545,651.0,12.2,0
25.728964,94.795497,1459.0,27.74,1
23.544051340111988,93.46930351586724,1109.0,13.39,0
27.26352778,88.19047222,1048.0,31.15,1
23.0566439843866,92.61426468641388,406.0,19.95,0
28.083529184721268,95.11948666144453,1232.0,22.68,0
25.67,94.062,1459.0,27.07,1
26.14258938552581,93.57721055025348,916.0,4.99,0
23.73361111,92.84833333,727.0,24.89,1
22.561611,92.877502,894.0,21.87,1
28.14355853555193,95.67137448206891,196.0,1.74,0
25.085833,94.107222,837.0,19.45,1
26.801821817019743,94.6820118499961,104.0,3.18,0
25.531576771628643,94.98971859554898,484.0,27.24,0
27.315778,88.178944,1518.0,25.86,1
27.228556,88.493889,357.0,29.42,1
26.749972,95.064389,843.0,29.64,1
26.166905,94.876367,2171.0,25.22,1
25.619,94.206,965.0,34.77,1
27.181167,88.192028,1956.0,24.04,1
27.159972,88.379083,1256.0,29.37,1
27.132794,95.687302,646.0,21.04,1
27.238917,93.806083,281.0,30.04,1
23.71688889,92.72083333,1004.0,32.62,1
25.119917,93.653333,1213.0,34.3,1
23.98,94.02,1112.0,13.89,1
24.34909341732818,94.40295578938652,181.0,2.03,0
23.46722222,92.74083333,1304.0,47.45,1
24.41365725779968,93.43528708344836,688.0,18.43,0
27.629944,88.619833,1882.0,45.0,1
28.633823272702347,94.96272702549408,1446.0,37.89,0
25.77,93.93,729.0,17.44,1
27.030291984572496,95.12268037209664,112.0,1.04,0
24.813306,93.243417,122.0,21.26,1
25.160306,93.689306,1007.0,36.44,1
23.39166667,92.75527778,1310.0,33.84,1
25.08772222,92.36086111,431.0,19.61,1
27.133556,88.39475,1665.0,27.14,1
25.3587814627226,92.22480220125765,1269.0,2.96,0
27.191667,92.610111,1549.0,22.88,1
25.245869,94.014442,1088.0,16.11,1
25.541611,92.0125,1418.0,20.66,1
23.693,92.014361,246.0,15.81,1
24.487679737647948,93.47510388952114,756.0,33.07,0
24.56870189874805,92.87851315631848,41.0,4.68,0
28.264331,95.565798,498.0,30.33,1
25.592972,92.055139,1003.0,39.25,1
24.31,93.12,624.0,25.37,1
28.65405169432209,95.78338423936653,2788.0,31.64,0
23.981083,93.287392,1395.0,42.99,1
27.188694,93.136056,1540.0,32.65,1
23.77699664297053,93.50430232061656,1589.0,7.33,0
23.5077824039858,92.07651939761278,103.0,12.16,0
28.41396773980685,96.380216013205,4083.0,48.16,0
26.787,95.070083,885.0,35.83,1
25.717,94.086,1390.0,25.15,1
25.851889,94.005056,901.0,32.9,1
22.32,93.02,1249.0,20.47,1
26.364256963194787,93.98287147207309,110.0,0.74,0
23.98519560301004,92.31119795943748,149.0,17.38,0
26.563667,95.090139,1382.0,42.22,1
23.40159196510864,93.48724933044792,1576.0,10.97,0
23.705262,93.008904,710.0,30.07,1
27.53720028534449,88.04421196341818,4942.0,17.7,0
23.214589,92.572672,818.0,18.17,1
24.214366,92.680404,680.0,26.37,1
23.5625,92.70777778,806.0,20.86,1
27.31893628756203,91.86868384894709,3869.0,8.42,0
26.99538328245168,88.16146032294468,2171.0,26.72,0
24.33,92.84,459.0,42.25,1
23.149588,92.749562,903.0,21.83,1
27.07391267010468,88.60260221031649,1946.0,15.44,0
22.062230095273915,93.11945801265452,666.0,40.13,0
23.54166667,92.70194444,872.0,22.84,1
25.082306,94.551722,1534.0,15.78,1
23.61222222,92.79944444,392.0,28.78,1
27.157361,88.171667,1463.0,26.02,1
27.190833,88.596889,467.0,47.71,1
27.00626417778858,88.21387042122974,2303.0,13.28,0
26.37421493883795,95.13577339537164,2130.0,26.48,0
28.02381710382204,95.36891352697528,160.0,4.19,0
27.19594821565345,93.91969148180394,110.0,1.8,0
24.969056,94.173528,1000.0,22.49,1
25.033514,92.435539,360.0,21.34,1
26.36992247041081,94.11605454629776,109.0,1.31,0
27.06208286523705,88.7719634218126,1960.0,21.4,0
26.06940617135187,94.82020832466112,886.0,16.37,0
25.2571329081838,94.72291782450256,2228.0,16.72,0
28.34054100327896,95.66975767420531,1284.0,30.92,0
23.477806,93.236611,916.0,18.68,1
26.01134062792291,91.67644000893634,515.0,4.13,0
27.345028,88.246639,1675.0,34.29,1
24.17,92.52,65.0,18.9,1
28.937833,95.820661,1449.0,7.9,1
28.076727266724184,96.289658611032,1514.0,38.03,0
25.71891959423148,90.96663856905704,652.0,18.39,0
23.297894,93.332441,1310.0,24.05,1
24.950314736450284,93.30488272258684,188.0,3.15,0
24.97,92.72,57.0,4.59,1
25.005580568346524,93.77568542779773,1596.0,28.67,0
25.18567954447285,94.64934420020752,2030.0,23.58,0
24.900092809651014,92.25572810594204,16.0,0.46,0
23.963589018581366,94.2863233557528,151.0,1.79,0
23.423348,92.715571,998.0,22.63,1
25.62449848038796,93.51071983776366,246.0,2.41,0
23.10112,92.852784,772.0,17.67,1
25.581333,94.627306,1642.0,27.93,1
25.682,94.094,1224.0,19.75,1
23.53972222,92.69944444,783.0,33.65,1
23.70781105649776,93.25743563204487,918.0,14.72,0
25.73140899426955,92.34770331535438,788.0,27.3,0
27.60611929638332,88.56697670202796,4392.0,22.55,0
27.56009690518709,88.04234658573185,5297.0,39.03,0
26.506389,94.787222,1039.0,23.12,1
23.297584007059264,92.46200112588508,342.0,14.47,0
25.138112016651217,92.4607091648866,175.0,17.38,0
23.869861,92.877444,978.0,18.96,1
25.073217,92.372161,85.0,21.23,1
26.13441667,91.74875,108.0,4.65,1
27.2525,88.4606,550.0,34.64,1
24.92472247804378,92.50882867114598,17.0,0.93,0
22.91486981047237,92.62369221707937,159.0,10.38,0
24.65181009740117,93.81099440836378,770.0,0.46,0
26.197944,95.015972,1441.0,19.62,1
28.625114,95.852703,865.0,49.4,1
27.418877974439376,92.89998458189022,1809.0,15.74,0
25.26851,91.580418,1227.0,25.39,1
23.67694444,92.71722222,1096.0,27.85,1
25.044442,92.427761,236.0,15.17,1
26.01420084696744,95.01313833600597,1086.0,29.36,0
23.2028,92.7368,777.0,22.3,1
26.2488845333363,91.39122668793732,48.0,1.31,0
28.249718,95.546273,616.0,49.67,1
23.13879806080065,92.41442007461464,123.0,17.19,0
27.2132496310199,92.87731238282385,894.0,32.42,0
24.94323818347092,93.87767490507092,825.0,2.4,0
24.99279287612124,92.312612875184,17.0,1.92,0
23.954071470606696,92.06262515408156,115.0,9.23,0
26.299889,94.249667,1094.0,17.26,1
23.003608969352783,92.5743130656286,233.0,11.26,0
24.182783,92.949911,455.0,23.16,1
23.746722,92.695972,816.0,30.51,1
23.90736407703799,93.4628127741429,1124.0,32.39,0
25.17039689306789,92.83571755591096,1040.0,32.16,0
27.54530250063453,93.12629158213235,1253.0,24.47,0
25.43561,91.862056,1635.0,22.34,1
26.0037678302009,92.69454227233378,67.0,2.82,0
23.69978243018283,92.12718436554157,227.0,7.33,0
25.43862987483808,93.58687806355888,1100.0,6.33,0
23.68638889,92.85833333,927.0,22.43,1
24.316528,94.138083,1266.0,33.2,1
26.359722,94.935556,1280.0,36.11,1
25.76504922062324,92.432823745994,992.0,7.2,0
22.36,93.05,1451.0,15.37,1
26.28773457008657,92.3620330745466,59.0,1.04,0
27.07536075749799,95.89868152159582,991.0,52.54,0
27.660361792120224,92.1604832852748,3827.0,26.55,0
22.15,92.88,577.0,21.0,1
25.13316622655796,92.46499843203055,270.0,28.96,0
24.117279053583097,92.62922428764082,98.0,6.91,0
25.35981767396251,92.3169438160748,1212.0,4.87,0
24.978139,94.614861,1478.0,32.88,1
23.94722222,92.68527778,283.0,11.21,1
28.455284,95.854018,826.0,41.82,1
24.924528,94.559833,1268.0,24.74,1
26.437193894295312,93.4434078919832,493.0,22.41,0
24.39309740184566,93.89857132019112,776.0,2.74,0
23.67058333,92.72530556,862.0,37.52,1
24.34,92.71,169.0,18.19,1
24.659394062771444,93.76971541257149,781.0,3.99,0
26.233444,94.795278,1674.0,33.35,1
27.368333,92.241583,1633.0,34.28,1
24.139861,92.319167,109.0,12.23,1
27.4792069004888,88.39552195133622,3151.0,42.39,0
23.050664706787856,92.47672078300664,62.0,20.03,0
28.089809965042896,95.61303393521789,196.0,1.64,0
25.231929996523125,94.73503582657789,1545.0,34.91,0
23.0663973385056,92.4929366792811,120.0,10.04,0
26.10891667,91.74175,87.0,29.69,1
27.35225172675847,93.16515085205462,2352.0,24.07,0
24.762667,93.255556,635.0,32.3,1
25.145070119981533,92.69279312094604,1367.0,12.54,0
24.798028,93.735972,1142.0,31.35,1
25.749430967981542,91.7575555200978,710.0,14.67,0
25.221164,91.719886,528.0,38.6,1
23.77833333,92.84666667,665.0,34.39,1
23.311529,92.85443,958.0,32.97,1
27.04780018548071,92.76559964192548,240.0,18.34,0
24.949274,94.473427,1834.0,29.8,1
24.289333,94.277139,618.0,16.69,1
25.682,94.096,1288.0,18.14,1
26.90305597702876,93.66076927921364,89.0,3.18,0
28.455655,94.680282,389.0,23.7,1
25.60688056,93.92055833,1718.0,35.75,1
22.88,92.47,87.0,14.41,1
23.207889,93.255917,1439.0,15.4,1
24.14,93.93,952.0,13.44,1
25.22219960146102,92.87491500472184,721.0,24.72,0
24.683139,93.696258,1082.0,21.92,1
23.237767,93.308461,1465.0,20.49,1
25.63424887155888,93.27510214399324,382.0,18.91,0
25.970531,94.574903,1847.0,29.45,1
23.39263846428437,92.52812693538289,686.0,33.26,0
26.11987224997043,93.89430832599722,128.0,1.55,0
23.291063,92.860374,886.0,18.45,1
25.955769,94.605419,1604.0,34.4,1
23.222925,92.940842,414.0,26.85,1
27.174428355138865,88.83707654944952,1397.0,27.61,0
26.758056,95.11175,926.0,33.54,1
24.134722,92.277639,376.0,31.14,1
26.12602237893312,90.10534142391018,30.0,2.1,0
25.647,94.481,1375.0,32.52,1
27.663154054697323,88.5089529606934,4592.0,24.09,0
25.984390032145047,93.79080301918204,137.0,0.52,0
25.811395,94.401171,1818.0,50.51,1
27.773972,94.7135,619.0,31.69,1
22.898329,92.893478,591.0,29.55,1
25.024735541573023,92.9135981704966,285.0,30.47,0
28.222151777384354,95.68988284143774,230.0,3.44,0
23.29315964549379,92.93481686216148,633.0,18.39,0
27.73469699130572,88.41088269900796,4966.0,32.84,0
25.81868829095718,92.20609809427027,928.0,23.15,0
25.428889,94.043861,1451.0,32.12,1
22.901092779086888,92.6408575054734,263.0,21.75,0
24.33,92.72,375.0,6.88,1
25.02266657539254,93.40937115350742,773.0,32.82,0
25.20518745499331,92.9020315775991,665.0,17.3,0
25.17786200609968,93.55265522223073,832.0,12.32,0
25.914247,94.841489,932.0,28.41,1
28.40903812448564,95.47403653405472,2048.0,35.39,0
25.64490250923156,92.33956272064302,940.0,8.34,0
27.4290692374619,93.72058888722552,739.0,32.42,0
27.33721304178572,95.17782224300068,115.0,0.0,0
25.612,94.209,975.0,35.89,1
25.068158,92.380058,68.0,16.36,1
26.088361,94.264222,1459.0,29.5,1
23.74083333,92.74111111,953.0,29.12,1
27.54853979926205,91.72625017061544,2155.0,12.85,0
27.973138934510416,94.1438436104376,1207.0,33.11,0
26.101029775212915,92.3823310268317,409.0,24.84,0
27.589916899472787,94.14262692326102,636.0,28.69,0
24.200746,92.98517,259.0,29.13,1
26.903188701911493,95.04682112644814,133.0,4.66,0
26.969560333155183,88.54429679465393,793.0,26.1,0
25.291375409549808,92.90933474760806,779.0,9.19,0
27.336816718206,93.5700665628199,2148.0,14.39,0
27.23924,88.48416,378.0,30.96,1
24.15,94.08,1709.0,23.96,1
24.31044289403954,93.4237889567386,1920.0,31.24,0
26.005750390661408,94.10588226100816,361.0,10.9,0
22.30741872185528,92.90234564371367,360.0,33.86,0
24.90425818178544,92.2187507725042,17.0,2.57,0
28.271062189785063,94.4765533131225,1764.0,35.41,0
27.02982450938708,88.36667227109619,1089.0,31.53,0
27.240194,88.486278,399.0,36.02,1
28.56518561521337,94.88656535626052,1773.0,31.94,0
24.58152098570602,93.51163667431138,774.0,21.13,0
27.77633168460011,94.82458607561377,593.0,23.92,0
25.25170768110371,93.67282460384502,1034.0,7.87,0
26.91778311192801,95.10864940010424,134.0,3.82,0
23.634633331604352,92.48872895409046,451.0,25.37,0
27.785182748178805,94.84015406155318,321.0,11.35,0
25.155611,93.676639,1031.0,20.99,1
25.378476010184137,92.22204036618744,1258.0,21.72,0
25.657083,91.147397,1160.0,6.88,1
23.350187,92.778852,837.0,29.22,1
23.169669268944773,93.4354500208886,1454.0,25.14,0
26.404231454994108,93.64092344660511,171.0,9.86,0
27.3145,88.8365,4088.0,27.49,1
25.206885,91.740497,678.0,32.15,1
27.84642096022336,94.64059884283606,959.0,37.42,0
26.1127029105446,93.80224647568576,132.0,1.13,0
25.56335,93.737232,1247.0,27.34,1
23.581766,92.713413,853.0,35.39,1
25.416419,94.077794,1517.0,32.08,1
26.65072070833817,94.79457459034734,443.0,9.55,0
27.25590431388329,94.0958813358938,92.0,3.29,0
25.72628,94.10003,1223.0,13.0,1
25.6614043809669,89.88315452012436,26.0,0.8,0
23.58583333,92.71638889,952.0,21.73,1
25.320194,94.504472,1338.0,22.43,1
23.681206,93.019927,598.0,23.4,1
27.187917839541893,93.99839576824724,96.0,2.13,0
28.250531557016785,95.39920946719344,2062.0,29.7,0
26.701222,94.635083,140.0,11.93,1
25.14625,93.671194,1086.0,31.83,1
24.26,92.96,706.0,27.14,1
24.28,92.81,580.0,34.86,1
25.389028,91.874917,1409.0,38.86,1
27.239998,93.807194,269.0,24.57,1
28.31683246701191,94.38555547874992,3046.0,22.22,0
25.63177941927483,94.6608277642584,1067.0,17.34,0
27.300833,93.802833,665.0,23.57,1
23.72222222,92.80138889,203.0,29.29,1
26.13496055109912,93.76668388331768,142.0,1.73,0
23.83277778,92.8325,350.0,36.25,1
25.921927248874,92.75748428790816,77.0,2.78,0
26.94377290742033,88.59034521322808,702.0,24.83,0
23.395502316172426,92.57765748346036,253.0,23.1,0
23.190022,92.554302,631.0,17.05,1
27.43424303594961,88.1295306196894,4066.0,22.62,0
27.424235916385967,95.85483362888108,149.0,4.66,0
22.88,92.48,66.0,13.71,1
27.095747405086303,88.69805080185142,2055.0,29.06,0
24.29869425606135,94.40818931924774,154.0,4.63,0
25.746722,92.111139,898.0,25.7,1
23.40451936109234,92.54323051191636,295.0,7.14,0
27.75700426391182,88.87725728938192,4427.0,51.12,0
26.92665571578261,94.97456423396488,138.0,2.35,0
25.34416963226842,93.39931336441956,700.0,9.15,0
25.206892,91.736341,614.0,48.55,1
26.001972,94.183667,1328.0,9.98,1
25.9281493488162,93.21236441332763,216.0,2.56,0
26.38551758105869,95.2420764994776,680.0,29.94,0
23.64444444,92.72527778,816.0,23.95,1
27.2969615314656,93.69168265925924,1362.0,10.23,0
27.690111,93.632556,1014.0,17.83,1
25.599575,91.1782,1133.0,16.26,1
26.056083,93.406528,220.0,25.3,1
27.467196658623315,88.27885995673363,4097.0,44.73,0
25.11238889,93.00575,567.0,34.97,1
23.54888889,92.70555556,921.0,26.25,1
25.544889,91.263722,1363.0,21.8,1
25.204,93.059,574.0,13.22,1
27.543472,92.95525,1248.0,29.9,1
24.618889,93.705833,1452.0,24.01,1
24.33577001341264,92.29301196105574,44.0,2.41,0
23.08297691737698,92.61921495536389,572.0,26.0,0
26.275,94.770278,1954.0,41.56,1
25.474194231831625,93.2625893353357,296.0,19.39,0
23.302071368232973,92.36501667133916,148.0,22.44,0
25.41592327473152,93.95110550996154,927.0,24.99,0
24.34,93.62,1176.0,31.5,1
26.099448116993354,92.71931752029128,60.0,1.55,0
27.0692579513056,92.29414831994475,2550.0,47.63,0
26.914207067848448,93.59439605757036,90.0,2.64,0
28.2625,96.5465,1678.0,36.99,1
25.21674513326765,92.91734620685776,657.0,20.8,0
25.436694,93.402944,372.0,7.05,1
26.027583,91.886556,91.0,25.48,1
23.7275,92.77,736.0,29.09,1
28.789647,95.894965,1602.0,22.62,1
23.98703724101312,94.13055193698804,277.0,11.34,0
24.56981667,93.2734,274.0,30.12,1
23.58388889,92.71722222,976.0,7.4,1
27.367309356451266,92.34113181107688,2690.0,29.07,0
27.192989,88.603083,484.0,30.28,1
23.193401,92.900218,830.0,22.75,1
25.50917735682003,94.88973420844394,887.0,27.08,0
25.665,94.247,1479.0,25.47,1
26.029334455395656,92.578209690805,72.0,0.69,0
26.919385475231763,88.41783128345719,803.0,27.79,0
28.716426,94.969346,360.0,28.9,1
24.4724475942677,93.69337038896266,982.0,17.27,0
23.29459243041768,92.95472777275984,727.0,24.56,0
24.890333,93.466667,1440.0,18.85,1
26.951433127991788,95.80196009474234,1739.0,23.99,0
22.533993751521223,93.13468792166933,791.0,26.91,0
24.8905,94.607056,675.0,26.41,1
23.632661702582816,92.53647507281076,643.0,35.77,0
24.773504258274635,94.73035643150992,241.0,11.92,0
25.977569,94.322217,1083.0,37.38,1
25.682,94.12,1454.0,23.15,1
25.443082,92.989873,300.0,14.97,1
27.535056,88.610194,1417.0,30.36,1
25.95867065459265,94.93186114764622,777.0,26.97,0
25.74942370885764,91.11261307555378,612.0,18.28,0
27.238222,93.806444,275.0,26.64,1
25.624,94.206,1003.0,16.76,1
25.00222155415918,92.09243677437836,12.0,2.4,0
26.92820106950285,88.35378036425568,1111.0,25.7,0
28.3797545968247,96.0140145058758,2418.0,7.67,0
23.885279,93.207726,1096.0,22.51,1
26.9358,92.70369,125.0,4.76,1
26.156611,94.621778,1751.0,40.21,1
27.497222,92.104667,4166.0,26.14,1
25.059861,94.584889,1537.0,37.07,1
25.61,94.139,1528.0,18.49,1
25.91157190681892,93.87800309879242,151.0,1.13,0
27.390683276016127,92.8254034471912,622.0,29.21,0
25.146528,93.941722,1287.0,15.56,1
25.2207826953779,94.61909335192912,2213.0,29.15,0
22.568556,92.87944,1037.0,46.57,1
25.321975,92.504228,1143.0,13.86,1
25.697,94.105,1350.0,22.79,1
25.567,94.164,1313.0,17.24,1
25.57395,92.058583,1187.0,18.48,1
23.53805556,92.69388889,716.0,23.44,1
25.881639,94.212861,1401.0,33.64,1
23.629553,93.077474,1001.0,28.31,1
23.54666667,92.70333333,877.0,35.42,1
24.768917,93.457306,490.0,32.12,1
26.27187675443688,93.84846226458312,127.0,4.16,0
24.02,93.97,1164.0,32.65,1
24.01752195846748,92.17744692992332,81.0,4.45,0
23.71166667,92.87833333,612.0,30.51,1
24.19,94.19,915.0,25.0,1
25.359331,91.974469,1167.0,32.69,1
25.21471261313381,92.29481483918369,786.0,2.9,0
27.46267858570217,88.25142656940935,4036.0,50.44,0
27.867650913714414,96.43989344329144,1175.0,38.43,0
25.407972,94.596917,1673.0,28.11,1
28.2039234388588,95.63675771733742,273.0,3.48,0
22.011688615917056,92.61939626321134,240.0,14.13,0
24.019066703657145,92.56435518884211,118.0,5.92,0
25.013335488731265,93.09305731971708,559.0,13.92,0
25.617787,91.872745,1254.0,27.5,1
26.434552162591245,94.24504234891532,217.0,2.78,0
27.53523278521706,88.88207566214693,3808.0,46.37,0
24.37,92.87,162.0,29.81,1
28.49872951652589,95.91158114579277,2115.0,42.34,0
26.631694189546188,94.84047863412536,567.0,29.88,0
25.57644128941673,93.55292642762808,329.0,11.47,0
26.084065,94.398745,765.0,5.69,1
24.365715,92.930137,610.0,29.87,1
25.614657,91.870692,1289.0,25.64,1
26.2095,94.232083,404.0,23.22,1
25.9899,94.5679,1548.0,35.69,1
28.06244,96.49775,507.0,13.78,1
24.14945168266895,93.17881752687252,1063.0,43.23,0
25.158361,94.461472,1909.0,23.02,1
26.98821829867421,88.47946086855922,448.0,18.49,0
24.492825,93.58643611,632.0,12.73,1
27.372611,88.541022,1848.0,34.29,1
27.017628506781488,88.39820166380048,788.0,22.63,0
27.395556,88.517528,739.0,31.62,1
23.856972,93.046112,886.0,34.71,1
23.511710542805563,92.48845105190895,642.0,27.19,0
26.069917,94.411639,916.0,31.52,1
24.559486738049845,94.47701803629626,219.0,2.82,0
23.894667,92.287972,323.0,17.49,1
25.10531970195199,93.48317750996983,543.0,38.51,0
25.7517,93.73449,308.0,22.26,1
28.016345057841747,94.87584947600912,1317.0,42.29,0
27.549557316104288,93.20272548611676,1284.0,9.69,0
28.82726921266321,94.9607894531152,1275.0,42.54,0
23.826694,92.603833,449.0,23.4,1
25.324583,91.940667,825.0,23.31,1
27.397384583210645,88.09107212797846,3922.0,31.51,0
23.29189541981831,92.97160550159828,831.0,20.56,0
26.395944,94.460056,824.0,29.65,1
24.32836667,93.00923056,430.0,41.93,1
25.561281,92.330142,1064.0,27.49,1
25.555969,94.764325,1119.0,5.22,1
25.095972,94.375944,1682.0,17.01,1
26.994134585930425,88.16674082421368,2167.0,22.11,0
23.74861111,92.73861111,948.0,32.72,1
27.155028,88.319556,1397.0,31.72,1
25.0904550599935,92.53698860218604,902.0,28.3,0
27.91647,96.33161,1189.0,30.11,1
25.4301176678188,93.91704962180842,1981.0,51.01,0
25.68474375462016,92.46180194166509,802.0,3.28,0
21.849040056391964,92.65311408963773,278.0,2.99,0
22.956161462117866,93.25199950127084,787.0,22.28,0
28.089549,96.457818,950.0,36.38,1
25.867083,94.614828,1786.0,41.11,1
26.4264397193059,94.0716875530152,103.0,2.08,0
25.85541246571984,93.90647567981684,270.0,19.38,0
28.14116,95.27472,417.0,7.74,1
24.06111111,92.59972222,81.0,10.53,1
26.10175,92.040222,82.0,15.44,1
24.352076,92.225188,64.0,16.46,1
24.040967,92.774357,943.0,3.94,1
22.768888834785223,93.14320122447836,585.0,12.02,0
25.84267,93.45244,190.0,13.56,1
23.54111111,92.69444444,606.0,26.66,1
26.85454403644709,93.7468431529387,80.0,1.04,0
28.44810008565976,95.13743946300644,1634.0,23.59,0
23.168362,92.74061,787.0,20.02,1
25.442278,94.563833,1509.0,23.48,1
25.659,94.112,1376.0,8.07,1
25.2874498075352,92.61079324983722,1304.0,28.54,0
26.61196282441459,95.27510470631027,1140.0,24.18,0
27.267811781929776,88.8669277482567,2751.0,39.92,0
25.750583,94.180833,738.0,31.97,1
25.229706,91.745297,679.0,30.9,1
25.098667,94.390222,1745.0,14.89,1
27.128972,88.262111,408.0,35.06,1
25.09225,93.619972,1185.0,34.6,1
25.06347002883217,93.05877118802772,1214.0,20.59,0
23.3396251162452,93.4441600957618,1127.0,17.52,0
27.53787734873305,96.39291478943768,454.0,0.93,0
26.043611,92.440944,445.0,30.04,1
25.19102153550907,94.59482005687114,2423.0,31.71,0
26.10548504103647,92.51375880384764,76.0,2.07,0
24.218066,92.951214,602.0,19.69,1
23.379732,93.383565,945.0,31.36,1
26.03402090969585,92.35881343473596,555.0,14.07,0
25.02313076994678,93.80713608405732,1932.0,33.82,0
27.281319875717493,93.6062634983297,1544.0,30.41,0
27.421969745362222,89.08976621892187,4307.0,3.68,0
22.075101291129705,92.6002212750377,281.0,9.12,0
23.753302419107733,93.2717672942834,1180.0,24.59,0
25.347534067233248,93.8513498060166,1914.0,24.15,0
23.55097,93.215688,1300.0,37.7,1
27.06335842438984,93.97194347362826,87.0,1.85,0
25.408417,94.587083,1692.0,31.7,1
26.730222,95.02025,654.0,35.58,1
23.53555556,92.72333333,910.0,21.81,1
23.77161111,92.75913889,1056.0,26.95,1
22.921371152926973,93.41371041906454,1344.0,21.85,0
26.725444,95.022,644.0,27.37,1
28.066477196949727,94.79855349430288,619.0,17.67,0
26.39526450451186,94.31282697376209,233.0,4.54,0
25.96783718110289,93.8643224643878,148.0,1.13,0
24.666123865967755,93.44800317772948,531.0,43.32,0
23.195616,92.546251,579.0,16.32,1
25.15667,93.01275,564.0,12.91,1
24.94938931590213,92.36200217306688,14.0,0.93,0
24.55,92.74,56.0,5.81,1
25.19260086901028,92.66237609795992,1424.0,25.07,0
23.414441924996428,92.46196821838453,337.0,27.18,0
27.259306,88.423028,828.0,37.61,1
24.16966667,91.76686111,78.0,12.51,1
24.794722,93.655778,415.0,1.38,1
25.483154418210592,94.60901245681374,1215.0,18.69,0
27.958496714698093,94.81632531368923,1302.0,27.82,0
23.56416667,92.70805556,847.0,28.38,1
22.25860937083964,92.82341903186612,244.0,29.49,0
25.619397,91.61704,1509.0,16.98,1
25.79,90.44,197.0,11.46,1
27.07930098203558,93.93370755223256,91.0,0.74,0
24.09876734422233,91.5122029255836,42.0,1.39,0
22.93856186864198,93.37262023476671,736.0,24.37,0
26.378518274110284,93.57873827726154,312.0,20.15,0
24.035493368123323,93.75832506155542,989.0,29.68,0
27.46527752336745,88.03210155043779,3865.0,48.84,0
25.910339701046908,92.22625423215824,624.0,1.54,0
27.195083,88.631992,575.0,27.74,1
25.356475,91.225489,1030.0,24.23,1
25.93225816666776,91.34389578963652,183.0,19.31,0
25.652324072826097,94.63591258715756,556.0,2.83,0
27.58256933812464,94.0209121409885,2577.0,13.59,0
26.275864784022936,92.61018907656543,62.0,1.39,0
25.82773969698582,91.76980996271824,698.0,16.07,0
28.762606744570515,94.662045133108,2028.0,26.18,0
24.05,93.57,730.0,14.9,1
23.32829167,93.12184167,869.0,26.1,1
25.905508980855544,93.8215735063505,146.0,3.22,0
23.24008033656297,93.39753111958996,941.0,27.89,0
26.01308089273561,92.17441312597664,351.0,13.15,0
23.497388,92.855013,923.0,26.05,1
28.47671909660596,96.02118721017683,3234.0,11.18,0
25.20738889,93.12277778,683.0,16.69,1
23.292305162729267,93.42336580132606,1401.0,23.37,0
25.170425,92.989085,637.0,20.72,1
24.22,94.24,603.0,5.65,1
23.94293320545168,92.54368693592946,163.0,21.53,0
23.56404167,93.10752222,758.0,3.16,1
24.11524577242912,93.69750243217148,1303.0,33.31,0
24.25,92.68,466.0,40.64,1
28.57737845146575,94.957409641057,2285.0,35.64,0
25.854528,94.15725,1479.0,28.71,1
24.9400900626252,92.39796491423752,17.0,1.03,0
24.86297222,93.62397222,351.0,20.43,1
26.251111,94.808889,1216.0,32.86,1
24.313459967646747,92.11186326845647,46.0,2.06,0
27.25722664816969,91.8992889026929,3902.0,33.16,0
25.230047,92.221119,440.0,33.35,1
25.353335724376592,92.89548023257422,528.0,17.73,0
27.259722,88.248972,1125.0,22.34,1
23.393332,92.758148,1296.0,30.29,1
25.145290291598403,93.527540412029,641.0,13.1,0
24.96,92.98,60.0,28.15,1
26.059498888269044,94.75167959737192,1517.0,28.92,0
23.05374,92.70755,860.0,29.48,1
25.459292,93.737054,1525.0,39.23,1
24.128131686562952,92.11405785283048,48.0,1.39,0
25.792131,94.95655,1747.0,22.72,1
28.884433751293948,95.13151447712596,1576.0,10.27,0
23.679,92.039278,179.0,24.12,1
24.668168002528567,94.55592094149038,219.0,1.38,0
27.763,94.037,484.0,26.85,1
22.93169537325889,92.6092967130356,93.0,0.68,0
22.45505820350173,93.2707427140883,1652.0,10.89,0
25.767683,94.709381,653.0,21.36,1
24.736244480080018,94.54021116937211,394.0,22.73,0
22.834824,92.758766,636.0,31.67,1
25.94404214745857,95.09288389957098,3004.0,12.81,0
23.91852926053328,93.93729305756963,1469.0,27.87,0
25.28465389166817,92.02780842279635,841.0,19.95,0
26.684139,94.639083,162.0,28.37,1
26.45072891527085,94.74042600571876,657.0,12.67,0
27.969938515401395,95.89931989931068,173.0,2.8,0
24.97086425314496,94.68517772171424,1211.0,24.76,0
27.1404245544389,88.7544920906864,2702.0,12.4,0
26.433004884907213,95.20387621361606,1269.0,24.09,0
27.762,94.712278,472.0,14.85,1
22.35,92.66,122.0,8.78,1
25.2163079746172,91.51291476187964,420.0,43.38,0
23.740417,92.795083,367.0,12.37,1
22.9984874084016,92.6125264301176,250.0,24.49,0
23.85527778,92.90472222,1093.0,20.59,1
24.075449700496083,93.38299762865005,874.0,34.56,0
25.930722,94.048417,706.0,24.58,1
24.8133,93.5472,429.0,27.91,1
25.061472,94.549694,1734.0,25.4,1
27.315904,96.18349,315.0,11.13,1
25.04307747336717,91.86960299587255,11.0,2.13,0
25.849897695624023,90.92015120739556,297.0,10.68,0
25.25563793462302,92.55516663113698,870.0,18.58,0
25.2316944,93.1614167,436.0,24.79,1
25.67761389,91.89865833,997.0,25.02,1
27.488407125335467,88.90416561078064,2940.0,3.81,0
26.93532870521725,88.22011464198128,778.0,5.26,0
26.42123898317659,94.50733868687404,654.0,24.35,0
26.835240556447463,94.64502360615428,103.0,4.37,0
24.52393610743673,94.30315608396744,1102.0,34.88,0
26.92013,92.75994,128.0,4.14,1
25.146778,93.030972,483.0,22.34,1
24.00694616980889,93.6475315192398,1368.0,23.08,0
28.814470692996096,95.04655277690271,3234.0,32.94,0
27.193794,88.650528,1131.0,34.82,1
25.398083,93.297528,354.0,14.39,1
25.052607463181413,92.21330064688549,18.0,0.93,0
25.211814,92.065517,629.0,24.86,1
25.964631,94.574406,1940.0,7.97,1
28.478540515072464,95.36576629613448,2306.0,23.1,0
23.9784320294516,92.62922507405594,87.0,11.92,0
27.4382749249548,88.67413514502799,2685.0,40.31,0
23.95,94.07,1020.0,13.08,1
23.473662,93.312845,1512.0,22.24,1
28.263731,95.551326,475.0,50.93,1
25.569543,93.736,1209.0,40.35,1
27.50269292195732,95.89557964172717,159.0,3.13,0
26.279395719046185,94.31072920620542,598.0,16.84,0
27.433991756863605,93.5678355062311,1107.0,13.95,0
25.628361,91.037139,929.0,17.87,1
24.871361,93.778667,1163.0,22.11,1
27.086139,92.584361,271.0,33.7,1
23.080278,92.858612,574.0,19.92,1
28.1020138955656,95.5784816281618,213.0,1.85,0
25.25117395994572,92.61423947741602,1188.0,8.95,0
28.752815,94.893869,649.0,24.52,1
27.430071481974352,88.42718336407799,2817.0,18.4,0
24.27,92.5,41.0,9.38,1
26.46779935331027,94.7259492624392,517.0,18.46,0
25.164030299451827,92.76344801914662,1474.0,17.0,0
23.712528,92.64775,376.0,38.99,1
26.013722,94.009083,701.0,18.01,1
23.151833,92.746339,894.0,9.23,1
24.3,93.69,816.0,1.38,1
25.23707,91.43212,686.0,28.92,1
25.213856746141115,93.53305048416053,947.0,21.96,0
26.81775,95.072917,553.0,17.26,1
23.872722,92.874083,937.0,19.88,1
22.32,93.14,1536.0,16.83,1
24.549944,93.668361,1106.0,37.87,1
25.854417,94.15525,1405.0,22.86,1
25.55657715876812,93.31390372337214,353.0,2.75,0
27.124556,88.139778,1376.0,32.19,1
23.63111111,92.72388889,867.0,22.53,1
25.836419,94.526964,858.0,14.6,1
26.55998724054009,94.6093599640666,299.0,19.13,0
25.934647,94.787967,899.0,32.36,1
26.98416600606805,88.09542158662795,1809.0,28.91,0
25.827011,94.733178,1266.0,19.43,1
24.023916,93.194336,1261.0,40.35,1
27.159639,88.318889,1342.0,26.38,1
27.66536396579131,96.46640245327804,1807.0,42.87,0
27.74675174058271,88.63268403670243,4139.0,45.88,0
25.691444,91.057,927.0,11.43,1
28.14416117754951,96.71318127202952,2629.0,49.85,0
25.044136,92.430244,261.0,40.03,1
23.47631635747428,93.53558143722488,1528.0,31.89,0
23.95942,92.943345,984.0,42.16,1
22.64350025086903,92.76178069876816,355.0,42.74,0
25.809925,94.398172,1804.0,27.78,1
23.65918333062493,92.42303414895083,782.0,21.69,0
28.44736601514883,96.80506723609103,3482.0,52.62,0
26.071556,91.734028,304.0,16.01,1
27.596639,91.878972,2895.0,13.85,1
24.44347778,93.15817778,65.0,3.84,1
27.302861,88.373944,1777.0,34.55,1
26.05161593247172,92.69365458580008,63.0,2.31,0
25.46138868493309,93.91338820548091,1340.0,67.27,0
23.714703,92.873933,530.0,33.79,1
25.910917,94.416361,1352.0,31.95,1
25.072404500101182,93.11834394090552,498.0,26.37,0
26.466876426725648,94.31215370255156,189.0,6.78,0
25.68525,94.12347,1313.0,20.13,1
29.054381369228743,95.97811058911248,3570.0,53.03,0
23.498889,93.311889,1538.0,21.85,1
27.90868503976997,94.61727675156406,1138.0,36.92,0
23.94,92.68277778,258.0,12.51,1
22.94362045046401,92.636369472006,124.0,28.82,0
25.801608,94.935386,2174.0,26.94,1
23.73019444,92.75141667,960.0,14.54,1
25.85961926694982,93.87579449401328,163.0,1.04,0
25.35075939589369,94.6013490389496,1960.0,21.7,0
23.021692,92.752975,729.0,24.3,1
24.066639,92.277417,561.0,33.77,1
25.626151834215595,93.24532298072954,476.0,3.4,0
27.25619016744169,95.58782636316737,153.0,5.57,0
23.51055556,92.69972222,824.0,32.15,1
23.475522,93.313978,1563.0,18.62,1
28.133778,94.788,365.0,17.09,1
27.555611,92.962194,814.0,37.27,1
27.381278,88.632611,1763.0,39.87,1
27.46238339453919,92.43812689067558,1794.0,23.0,0
25.12728057656197,91.8248721941181,11.0,2.31,0
25.3885647931108,91.3386539711114,1496.0,11.21,0
28.272,95.208417,606.0,27.45,1
23.067473,92.767201,843.0,25.47,1
25.17431304174588,93.46636212892676,1721.0,8.52,0
23.467855259177444,92.47169301538464,266.0,1.72,0
23.883306,92.861917,711.0,24.24,1
28.57054477105391,95.91389801819328,2530.0,30.21,0
25.421028,94.070472,1449.0,31.0,1
25.85316487118196,90.85878970666084,323.0,20.34,0
27.48564784855136,88.3583799939766,3843.0,20.25,0
23.886262110614148,92.57566043231408,644.0,26.23,0
23.116265381861112,93.51295171102748,1517.0,21.33,0
26.23371182450171,94.36697810624294,615.0,21.29,0
25.07975312432476,92.20302886182058,16.0,1.72,0
24.10015917,93.10461389,464.0,29.55,1
26.032223,94.590515,1483.0,36.95,1
26.701505924228325,94.96253348143227,420.0,2.42,0
28.5080549049207,95.64030381909946,1737.0,28.9,0
26.577389,95.096306,1489.0,33.92,1
26.820528,95.078722,455.0,13.94,1
25.22097895782986,92.88870379579276,860.0,3.52,0
26.098167,91.881278,83.0,5.73,1
27.397389,88.356139,1602.0,35.83,1
28.435230178659747,95.38216002307742,1505.0,45.0,0
23.869520780441093,93.59341412035964,1557.0,23.09,0
27.69920278,88.56659722,2449.0,39.96,1
27.8526112966673,88.5974158089621,4930.0,38.89,0
28.350124362191075,95.67965646500454,961.0,12.92,0
26.195528,91.780556,165.0,19.03,1
25.390714,91.764766,1763.0,29.37,1
27.601128316844072,94.10692946547572,2115.0,35.89,0
27.944444,94.692528,800.0,28.83,1
25.576,93.783,1489.0,32.17,1
27.9871383203998,95.3064545138766,152.0,2.8,0
26.96095570323571,92.95638987838272,364.0,13.47,0
26.00197222,94.18366667,1328.0,9.98,1
28.257991,95.781619,650.0,27.85,1
24.184059987342547,91.32938621070146,9.0,1.39,0
25.45149084915588,93.08835642127532,285.0,9.94,0
25.830803939304783,92.1905897102868,918.0,7.25,0
27.635868628744912,93.696644606876,1437.0,24.9,0
25.106537371127235,92.51889984989238,1132.0,9.44,0
23.6325,92.72388889,807.0,35.55,1
25.666,94.09,1360.0,9.27,1
24.06,94.02,1066.0,25.86,1
24.878809596214865,92.98135167420992,43.0,14.15,0
25.245667861854244,94.48690218780447,1454.0,21.11,0
28.09422668309476,95.78435637512035,222.0,2.1,0
23.500786602016788,92.42617256722436,656.0,14.03,0
22.825063344838167,92.26751080974849,31.0,0.0,0
25.18719614433655,92.8684687492268,915.0,13.59,0
25.122,93.026,735.0,20.14,1
24.834694,93.459167,854.0,22.76,1
24.102382767822217,94.32707984124988,158.0,3.18,0
25.120453778812607,91.74430327253783,16.0,3.5,0
26.12236791385909,92.68262537014728,63.0,0.35,0
27.225361,93.570278,721.0,45.3,1
23.135889,92.551819,427.0,13.86,1
25.119840836841146,91.7767932534242,9.0,2.56,0
23.93583333,92.67805556,273.0,47.62,1
24.151265985867195,93.19550860167377,1161.0,32.79,0
27.76101661566597,93.89954232264574,1355.0,37.49,0
27.858972,94.783917,379.0,25.0,1
24.225969,92.805611,624.0,19.45,1
28.443016,94.664795,470.0,32.85,1
22.803947335639524,92.56011699175124,223.0,5.97,0
26.31848513806476,94.9976649551826,2133.0,33.69,0
27.61004380979199,88.18954751180632,4848.0,23.52,0
26.94724218472293,95.70030842176962,1068.0,24.8,0
24.10397111204693,91.98815120082416,43.0,3.17,0
23.67805556,92.76361111,742.0,41.3,1
25.099194,94.460722,2279.0,26.25,1
26.953092565603228,95.2889470496746,490.0,16.77,0
27.85592417955811,93.28363939186976,2215.0,15.78,0
23.040543,92.909523,779.0,49.14,1
25.561,94.294,1981.0,38.25,1
26.55075,95.098083,1416.0,36.08,1
27.759361,94.047083,642.0,34.65,1
24.0039520198084,92.62122213258588,126.0,22.44,0
25.165325459655826,91.90503735951296,18.0,1.46,0
25.067155934971645,92.6185743380928,165.0,14.58,0
23.60228310621029,92.08461017109776,157.0,11.09,0
22.94458604079014,92.64397194787529,240.0,18.14,0
27.455222,96.440908,607.0,35.77,1
25.176639,94.297361,1517.0,24.64,1
28.456618417012606,95.5198957593892,1546.0,29.23,0
26.96650891830041,92.42085927472642,323.0,3.57,0
25.345683113493333,93.910243061772,1701.0,15.48,0
28.238692,95.892681,2312.0,40.42,1
27.755651436469904,93.74902923803452,1098.0,25.69,0
28.131694,95.136186,248.0,27.51,1
22.15,93.01,1135.0,6.03,1
24.836194,93.481992,412.0,26.87,1
24.846028,93.43875,794.0,35.24,1
23.470244,93.025409,1469.0,29.42,1
23.73944444,92.71472222,1073.0,49.59,1
24.862778,93.585333,423.0,32.61,1
25.18027715351528,93.51106180002073,418.0,11.29,0
27.35886757919296,95.93729018750376,236.0,19.51,0
23.87694444,92.87694444,898.0,30.47,1
24.197817,92.993923,258.0,26.76,1
23.27663889,93.14375,655.0,8.16,1
27.47158177708153,95.8630280624114,153.0,1.74,0
26.186046152163662,93.64117781731896,417.0,19.33,0
25.058367274938565,93.71351267983124,987.0,37.49,0
27.749111,88.542972,2813.0,37.72,1
22.35898914870913,93.26949218810532,1714.0,16.5,0
25.356114250044325,94.39433684980622,1139.0,17.79,0
27.28777778,88.23277778,1409.0,19.42,1
24.610504068962182,94.52786078662884,203.0,2.53,0
27.00988824699067,95.0186546221092,110.0,4.15,0
24.429113895911303,92.62319205295448,44.0,0.8,0
28.628208,95.85647,817.0,35.5,1
25.2313203186766,92.91758645802597,767.0,8.54,0
26.143722,94.151111,557.0,30.85,1
24.455430702651164,93.41235463793647,480.0,26.56,0
28.0525806028478,95.72648401358244,171.0,0.35,0
26.589551171098027,95.22742835392025,1024.0,33.91,0
27.581581393429207,88.33538340344481,2516.0,15.57,0
24.36983035735429,94.45820336340178,164.0,0.46,0
23.45138889,92.68083333,886.0,24.69,1
27.67545370403344,94.60057071982162,393.0,24.5,0
23.69361111,92.72083333,966.0,33.5,1
28.02355899565657,95.86279875566632,198.0,3.4,0
23.003996,92.963562,655.0,18.31,1
22.63099096701388,92.46183092049168,371.0,15.5,0
27.676530209443687,91.86620921523772,4383.0,34.21,0
27.287781,95.978389,410.0,16.41,1
23.7266026073959,93.27750331009516,1399.0,5.84,0
27.027827448120576,88.27502149943565,1637.0,36.13,0
27.49572666342724,88.2429907202218,4639.0,11.83,0
26.031742,94.547354,1555.0,37.11,1
23.11375,92.744614,834.0,28.06,1
25.991958665672684,92.11235616224496,488.0,15.84,0
23.57348,93.102938,673.0,25.25,1
27.36170669960445,95.85952133051758,159.0,2.95,0
26.95882619153524,93.39160259951107,272.0,15.78,0
25.18315491308584,93.52957562576312,717.0,29.59,0
24.301528,94.017972,1195.0,21.87,1
26.208487341780216,93.71098913288633,400.0,31.4,0
24.862444,93.598194,423.0,25.39,1
27.133583,88.404583,1820.0,39.46,1
27.27325,88.303417,1307.0,37.97,1
25.53086111,91.29780556,1465.0,20.98,1
25.289833,94.036647,1040.0,37.26,1
25.20737425309407,92.47517714835804,577.0,11.47,0
25.091667,94.550056,1530.0,32.89,1
23.56555556,92.7075,834.0,39.13,1
26.15955147617152,92.18669389123588,58.0,2.66,0
25.895583,91.599333,408.0,26.46,1
24.639,93.611556,807.0,24.27,1
28.48929876528573,95.44101725810086,2362.0,33.93,0
23.91925929706478,92.56559369860484,516.0,15.48,0
22.412856040547304,92.53643125152853,121.0,2.84,0
25.480693031108977,92.60268868121588,724.0,3.58,0
25.354644,91.973237,1184.0,32.67,1
23.786501813987808,93.24725545263205,1705.0,9.57,0
27.87825,96.36614,353.0,31.71,1
28.449468979472865,95.394781542527,2019.0,43.51,0
25.68822222,91.66746111,936.0,24.06,1
25.72472680115243,94.93626219953973,1383.0,29.31,0
27.700444,88.566083,2392.0,26.94,1
25.682,94.052,1272.0,17.25,1
27.02134980966692,92.41586784883005,883.0,42.94,0
26.80625304137349,95.15215767233865,486.0,24.8,0
28.155817605248995,95.9659044013302,1174.0,31.38,0
23.321864,92.859431,999.0,22.87,1
25.128033976748103,92.54978744867898,235.0,11.73,0
25.257696,92.809603,1174.0,11.68,1
25.181969,91.637545,50.0,18.05,1
27.165833,88.436667,1535.0,38.33,1
24.765361,93.460889,465.0,19.38,1
25.507029573845323,91.03324592658002,779.0,21.63,0
23.939194,93.214195,1078.0,36.41,1
24.01,93.55,796.0,32.84,1
28.256126,95.576152,472.0,6.37,1
24.607745,94.342873,1118.0,35.3,1
23.685,92.85722222,950.0,20.72,1
24.12,94.13,845.0,21.59,1
23.443793,92.862106,782.0,20.31,1
23.69,92.72361111,871.0,30.14,1
23.681548,93.030106,564.0,19.39,1
27.03084606495413,92.94015363133008,357.0,18.54,0
24.81722,93.51722,444.0,35.93,1
23.419417,93.333333,1309.0,13.4,1
23.730243,92.75603,920.0,18.9,1
25.476722,94.534806,930.0,31.11,1
27.148056,92.613889,362.0,39.08,1
25.784961,94.789617,884.0,38.9,1
25.186,93.104,518.0,2.6,1
27.493091729236024,88.45136802025907,2157.0,33.79,0
27.422529018215183,88.1010673661705,4276.0,31.99,0
27.301468,93.053244,1172.0,24.7,1
23.53611111,92.65527778,494.0,25.51,1
27.579932987861305,96.43998178921944,791.0,40.51,0
27.216842505646515,88.83089976416069,1854.0,29.45,0
23.84798741251072,92.45316671471332,334.0,31.56,0
23.735833,92.558056,693.0,18.78,1
28.174973,95.469402,368.0,21.46,1
25.940053,94.797197,1097.0,35.0,1
23.286807524433243,92.93345820399853,726.0,19.82,0
23.281264,92.869279,982.0,34.99,1
25.46350768537754,93.05911392754116,217.0,12.13,0
27.636624,93.8485,1773.0,19.8,1
25.814013,94.402921,1848.0,42.08,1
27.159472,88.300028,640.0,25.73,1
23.531834387077964,92.04678682458186,186.0,10.21,0
25.233583,92.209583,664.0,17.94,1
23.61372222,92.85188889,1066.0,24.92,1
26.24075,95.056722,1252.0,23.24,1
27.791110164482863,94.61936536670358,601.0,14.7,0
25.596111,94.785444,850.0,23.94,1
24.556581279926235,94.50480395311708,209.0,1.72,0
24.61907924679443,94.5057684076108,574.0,31.45,0
27.25066667,88.53144444,494.0,16.82,1
24.043417,93.066307,910.0,25.04,1
27.39745805950617,92.92711427313442,1591.0,29.41,0
25.11410655010843,94.70544654769044,1697.0,39.16,0
22.892995999272507,93.08223907684084,775.0,24.79,0
27.3696725064082,93.12394749512131,1835.0,20.85,0
26.426944,94.669,1307.0,20.1,1
23.157803,92.743652,836.0,23.5,1
25.530297784269106,94.0352128474654,2660.0,15.51,0
24.00796966891482,94.38805257196016,222.0,18.66,0
25.550122,91.250286,1336.0,20.69,1
23.53805556,92.69944444,857.0,25.19,1
26.086444,94.564667,1865.0,28.45,1
23.76764391921653,93.30603089858003,1469.0,25.75,0
24.22,94.26,353.0,19.75,1
24.975631182894727,93.33399134872856,219.0,4.79,0
27.276167,88.398722,894.0,32.81,1
28.596718887642275,94.8630357328452,1878.0,51.23,0
24.83,93.9,833.0,25.28,1
24.07991028924856,92.99746292154234,257.0,22.32,0
23.782249,93.116165,1231.0,18.39,1
24.646452510714024,94.1012379017112,818.0,1.38,0
22.33,92.69,213.0,19.61,1
24.257444869475325,92.13500407301449,47.0,2.75,0
24.078103850835028,94.28375170170938,164.0,6.93,0
25.935908,91.564903,486.0,27.9,1
28.436702173590348,95.09342772073936,331.0,13.33,0
22.25886273373332,92.86411280821022,410.0,20.05,0
22.63,92.66,272.0,25.35,1
24.49755753174705,94.08058734099498,1178.0,21.28,0
27.201812644942432,88.00266668087171,3126.0,32.81,0
25.79,91.02,569.0,14.19,1
24.39897561028105,93.41091363849112,458.0,17.76,0
27.11587,95.733019,548.0,29.65,1
27.320083,93.050917,727.0,32.07,1
24.98179976048519,94.36926551090328,850.0,14.74,0
25.229416771984145,93.94361352295816,2092.0,19.01,0
23.969223,93.016335,783.0,18.44,1
24.766556,93.319833,211.0,23.21,1
23.45775278,93.07843611,699.0,23.42,1
27.999761587194243,96.65554921013532,1660.0,40.05,0
25.21508478503873,94.58966520039183,2024.0,20.6,0
26.142020039229408,91.4533433133254,44.0,3.54,0
25.64311093306489,92.8535424501652,134.0,13.93,0
24.87928600376642,93.020409260885,38.0,0.34,0
24.24,93.85,777.0,5.11,1
25.398345,91.769704,1804.0,7.9,1
25.3216165017538,92.9039415223054,710.0,13.57,0
28.651958460954468,96.07121910631024,2425.0,35.65,0
25.079722,92.359361,243.0,54.68,1
27.293806,92.391694,1772.0,29.6,1
26.098056,94.105472,691.0,33.3,1
27.38842498438781,93.8910356987138,566.0,15.6,0
23.168438466347183,92.35889498200083,99.0,20.26,0
27.42144418362048,94.01100736954145,1138.0,17.61,0
26.163778,95.056722,1380.0,30.82,1
24.903347410935567,93.38773229275743,313.0,9.1,0
27.204139,92.529278,1194.0,49.19,1
23.239287,92.74818,748.0,12.03,1
27.480922390669807,91.75381985662254,3028.0,44.79,0
23.835939110024867,93.44320409081632,1265.0,35.22,0
28.022471,96.440489,664.0,48.84,1
25.274423552977545,93.970379174503,1647.0,19.47,0
25.86958,92.59411,445.0,19.86,1
23.77361111,92.76111111,1118.0,3.17,1
25.924194312452705,92.42933349882288,544.0,9.85,0
27.235306,93.524389,912.0,21.07,1
26.197107124128724,93.8622751619451,122.0,1.73,0
27.568778,92.966583,597.0,40.63,1
25.091742,94.550444,1570.0,35.1,1
24.16,93.95,1519.0,19.95,1
28.780975066216467,95.22956967252809,2136.0,27.48,0
24.17,93.59,1151.0,16.34,1
23.657018,93.286924,1489.0,26.05,1
23.229731,92.73968,786.0,17.29,1
26.918337074302084,95.6046922479796,1154.0,26.72,0
26.20037498537048,92.36502135028375,59.0,2.53,0
23.6125,92.80027778,413.0,15.14,1
25.60517977024896,93.61278123558724,320.0,3.85,0
23.84421,92.74158,1294.0,35.31,1
23.367806,93.381139,822.0,27.15,1
25.46560039174328,93.55683883443588,939.0,16.59,0
25.466248482918395,94.34377353017662,1370.0,6.98,0
23.197177,92.735661,745.0,16.31,1
25.780286151831447,92.3189904725431,631.0,12.4,0
26.085528,94.257556,1296.0,24.33,1
27.98618328929995,96.53292486198023,3023.0,34.32,0
24.7965385026732,92.96241818001084,25.0,2.4,0
26.53860178408217,95.1713743670629,1293.0,17.63,0
25.217558,91.709355,549.0,44.14,1
26.379361,95.003444,1387.0,26.94,1
26.153306,94.240611,927.0,28.76,1
24.135444292700623,93.70882914362488,1481.0,28.28,0
27.7438817368212,96.3716193730584,488.0,34.54,0
25.548,94.188,1218.0,25.39,1
27.295022504062946,93.61063545289636,1595.0,25.02,0
28.54520492949676,95.29899014513816,1763.0,32.03,0
22.827084,92.80175,1061.0,29.06,1
23.55055556,92.74833333,490.0,32.81,1
26.945308869803263,88.35642275294737,694.0,7.39,0
22.65,92.65,275.0,27.28,1
26.0039,93.9807,467.0,16.11,1
23.76166667,92.85083333,808.0,29.8,1
24.718914,93.508378,316.0,50.24,1
24.419026,92.242991,57.0,4.82,1
25.893042,94.45835,1637.0,34.88,1
26.226778,94.801583,1628.0,33.54,1
23.407528,93.318111,1185.0,16.64,1
28.08429176734435,95.1685342000734,806.0,43.78,0
25.31062857816414,94.41887873033174,1041.0,11.93,0
25.27426261950736,92.27591263591624,932.0,12.97,0
22.92944809142465,92.5902550373298,231.0,18.44,0
24.92051913439682,93.21662870784564,144.0,2.81,0
23.050965,92.772524,997.0,9.84,1
24.972287564403103,94.30796338188333,959.0,22.98,0
26.428124319662103,95.1596984726806,1499.0,28.05,0
25.164133,92.417747,348.0,13.1,1
27.435179648136803,88.4633174064976,2254.0,38.38,0
24.69137012007014,93.98909969863796,777.0,3.83,0
24.930806,93.444833,573.0,15.99,1
25.10292,92.986883,603.0,23.78,1
22.25348325425731,92.75053940154882,194.0,24.13,0
28.32225,95.780295,779.0,45.38,1
24.89807353080484,93.9532205006378,859.0,33.95,0
25.664175554406864,92.3731142196588,983.0,15.86,0
25.861553,94.820553,922.0,34.99,1
27.190476993834952,92.783138083071,864.0,21.06,0
24.9756370488636,91.66904267988484,13.0,0.0,0
27.485292356089083,96.53134143177648,523.0,35.32,0
28.124572835093872,95.6480380692612,200.0,0.74,0
26.970886420253954,88.3933805944259,764.0,25.01,0
28.450374,95.855884,851.0,40.86,1
23.208139,93.257389,1424.0,28.67,1
25.364588877599207,92.91613720646662,424.0,7.52,0
25.434031,92.885056,632.0,11.63,1
26.54,94.37,187.0,7.18,1
23.104711,92.747784,739.0,20.94,1
23.202738,92.736174,745.0,32.03,1
26.17994256758308,94.73828660177314,2268.0,18.69,0
26.92723492727449,88.4513747791524,250.0,15.33,0
24.682778,94.140056,888.0,21.29,1
23.544052,93.155591,1004.0,25.23,1
27.207583,93.615667,566.0,31.08,1
27.942443847894832,94.08119354441357,2044.0,23.78,0
24.60859258242132,94.11967691505438,1139.0,25.23,0
23.74659266223117,93.22125413440692,580.0,6.47,0
28.69046465029228,95.92962405392652,2555.0,33.1,0
24.287361,94.022917,1191.0,7.2,1
25.759750440803835,93.50957655598089,230.0,2.59,0
27.43498870211757,93.90017924346976,1448.0,28.06,0
27.61444680666376,88.52848501877901,3768.0,30.61,0
27.97702651591466,95.99724345467769,226.0,3.28,0
28.83998179387108,95.13866744407083,1365.0,23.49,0
25.174667,94.347306,1713.0,21.69,1
25.68518731732652,94.99457657151886,1229.0,27.59,0
23.92368758845536,92.1140790983305,277.0,34.28,0
27.760194,94.712278,471.0,34.14,1
24.320111,92.216955,70.0,7.64,1
27.441694,93.021472,489.0,32.26,1
24.519502988371134,93.91572458932544,769.0,3.24,0
24.28033207090956,92.40185688380951,101.0,2.82,0
25.839722,94.011167,1180.0,27.71,1
27.347278,88.196833,1827.0,29.29,1
27.44730194353111,88.24689508714751,3384.0,41.59,0
25.89909877621312,93.9003108032174,167.0,0.35,0
21.92338456471036,92.41766801783506,91.0,19.83,0
26.93485522446244,95.08909025099572,120.0,0.74,0
24.24072504780473,93.48819398166064,986.0,18.63,0
25.54039,94.16989,1602.0,19.81,1
27.95603,96.40267,645.0,35.57,1
28.633861,95.023806,371.0,33.04,1
22.837624,92.797165,1155.0,41.24,1
27.16275,88.383306,1539.0,31.15,1
27.181145800955004,96.2159239475634,1173.0,24.16,0
26.210306,94.810333,1776.0,33.02,1
25.200333,92.200472,629.0,21.81,1
25.134472,93.018972,757.0,13.55,1
26.19315005231839,94.0064997664959,121.0,1.39,0
23.55,92.70444444,847.0,30.06,1
27.49910017801933,92.85872380197644,1661.0,24.72,0
25.73410072700328,91.30195324960994,919.0,24.95,0
27.20175,88.268194,1138.0,30.77,1
26.99641287551275,88.39145683329339,732.0,17.99,0
28.831826,95.882841,1622.0,34.5,1
23.881639,93.234642,1272.0,28.44,1
25.09984685823737,94.17426897024316,1064.0,24.98,0
27.57696618686786,93.76241812720878,1906.0,8.25,0
26.311944,94.877778,1169.0,28.54,1
23.322151,93.066154,1223.0,36.89,1
24.6745875709297,93.38843305899675,740.0,34.94,0
22.46,93.05,1630.0,12.11,1
22.957518,92.707161,753.0,23.14,1
26.13981695019388,92.29472575945546,60.0,1.13,0
23.28113,92.651804,773.0,34.2,1
24.417667,94.176806,1346.0,23.83,1
25.114444,94.354694,1665.0,23.83,1
25.352431,92.513478,1153.0,14.49,1
25.03744692315989,93.38385060404649,219.0,8.59,0
23.429181,93.171166,939.0,24.23,1
24.126468945845385,93.8125027922888,1053.0,20.65,0
26.172182276867844,93.94735976283418,122.0,1.39,0
26.85617702475233,88.46178900795509,177.0,2.76,0
23.94325,92.933611,1266.0,27.71,1
23.00148933577492,93.19359311388293,1387.0,41.02,0
25.522717,91.448328,1528.0,13.03,1
28.936371755186784,94.75870991648384,1254.0,54.19,0
27.97992329235881,93.89469856412566,1627.0,37.09,0
22.80291,92.81369,809.0,25.98,1
25.34129106577594,93.66971777982543,765.0,17.47,0
26.0049,93.9914,567.0,20.19,1
23.54333333,92.66472222,672.0,27.99,1
25.812648197715934,94.65474144710782,1172.0,26.27,0
25.325889,94.511306,1279.0,27.77,1
24.00977,92.767346,678.0,31.34,1
25.614,94.319,1844.0,31.38,1
28.59750438121829,95.99098736322604,2386.0,48.52,0
26.118167,92.440944,180.0,19.5,1
24.538817,93.676767,883.0,48.74,1
25.673020094859755,91.74398295810352,933.0,5.8,0
23.109259016964312,92.9541848528324,580.0,25.21,0
27.39717933612312,96.18322080717525,291.0,9.64,0
22.93518271669569,92.60388794135687,155.0,2.39,0
27.65144010258947,93.1735111741288,1627.0,17.84,0
23.54083333,92.69944444,753.0,36.42,1
26.6,94.34,139.0,3.94,1
22.231122149314324,93.37358202962646,849.0,30.19,0
27.175,88.385028,1755.0,14.63,1
28.87826,95.847156,1417.0,42.72,1
23.654556,92.965056,1232.0,42.73,1
25.326873398879822,92.93578304904116,321.0,20.59,0
26.222492,94.167267,326.0,5.47,1
25.62872293249495,93.63856840101516,298.0,7.7,0
25.123280345351294,91.84027128333356,13.0,2.6,0
27.238406,93.806341,275.0,26.64,1
27.61886863119938,92.79366838470742,2177.0,19.63,0
23.717222,92.694833,851.0,24.28,1
25.290577809738306,93.75079305563608,1049.0,12.18,0
28.166345147385822,95.59132542538596,256.0,2.37,0
28.438898,95.85009,747.0,27.8,1
23.626033729011297,92.523988253594,365.0,25.91,0
27.369333,88.714917,3201.0,17.8,1
22.476999,92.885002,936.0,35.74,1
23.555929,93.295668,1546.0,33.49,1
26.057665018860988,94.91598394999572,932.0,16.19,0
24.768556,93.314358,266.0,29.72,1
25.23747442558844,92.2732025220174,838.0,5.14,0
26.08750536221627,95.13580995512471,2210.0,16.81,0
22.867477,92.754234,1100.0,49.64,1
26.70069,94.64383,376.0,25.14,1
26.13611,91.74056,86.0,26.82,1
24.62066364584836,93.78417730700562,777.0,0.46,0
26.981862340000426,88.32960993098224,1665.0,15.63,0
27.278002118230987,92.59817583811407,1350.0,12.94,0
25.394983,91.872484,1592.0,38.0,1
25.18725,93.120556,650.0,12.14,1
24.23419444,93.02469167,80.0,27.75,1
23.33101,93.091406,1044.0,34.68,1
27.06123567499905,88.04630104929835,2315.0,20.7,0
22.21771703873569,92.86651742822151,413.0,17.76,0
24.825047137482432,92.95294043426853,25.0,1.19,0
25.088389,92.958944,965.0,23.21,1
23.29659,92.694008,351.0,29.84,1
26.085597,94.559075,1895.0,29.68,1
24.42383889,93.14429167,115.0,30.9,1
23.883944,92.880528,879.0,26.51,1
24.940972,94.151528,1027.0,12.19,1
27.061845,95.614212,743.0,32.99,1
23.500829127621188,92.0822312498545,107.0,14.13,0
28.472858,95.858449,820.0,35.88,1
25.417528,93.372528,406.0,11.71,1
25.677708686038383,91.77538309720444,940.0,14.32,0
25.287800975138573,93.95275906690688,2138.0,18.07,0
27.91636,96.33392,1173.0,37.88,1
27.165586,88.488511,1243.0,27.45,1
27.49190414277897,88.70258033058477,4053.0,24.88,0
25.981228,94.572292,1639.0,30.27,1
23.194187,92.680779,994.0,37.38,1
25.820689,94.767353,571.0,3.5,1
23.135794,92.62294,588.0,25.87,1
25.509233,91.703961,1785.0,8.52,1
27.157056,88.512778,738.0,23.87,1
27.196944,93.139722,1289.0,21.5,1
27.341444,88.626194,1977.0,28.27,1
26.11742543417236,92.72783678835664,73.0,5.15,0
28.06594699353872,94.7569363763464,407.0,26.42,0
28.831894827458328,95.768587001658,2738.0,27.51,0
25.220909894128308,94.22117115417028,918.0,12.52,0
24.1,94.02,1696.0,25.45,1
27.20939666605337,95.65094622001078,450.0,5.71,0
24.29982222,93.59040833,786.0,26.4,1
25.033278,94.431806,1979.0,17.71,1
25.880533,94.035325,1099.0,36.72,1
27.313343,96.171327,311.0,17.7,1
24.892028,94.238389,1239.0,15.6,1
22.88281,92.74583,953.0,26.14,1
25.508,94.135,1735.0,14.79,1
25.145837793269088,94.57383541301245,2435.0,27.34,0
26.045083,95.054833,1213.0,24.36,1
25.731091993904307,92.21543821339338,809.0,16.32,0
27.158222,88.100361,2426.0,27.3,1
26.215713457638387,93.25291720383083,579.0,13.28,0
25.09689847030093,93.10417584820924,598.0,29.54,0
23.73436,92.75194,900.0,32.37,1
22.73515243881866,93.08538388178674,721.0,21.9,0
23.716025,92.854306,859.0,18.36,1
25.25143797818137,92.60642996108996,1379.0,14.97,0
27.374822702098424,93.15479560646412,2074.0,33.36,0
24.346524746336016,94.32899478115957,288.0,16.21,0
27.67053855299568,96.50922964936836,2137.0,43.84,0
28.07125711778969,95.18260173809549,1369.0,35.56,0
27.15480156550757,95.5442735233102,713.0,39.01,0
25.51,93.67,1119.0,22.86,1
28.242214,95.923556,2657.0,34.25,1
24.66034865879725,94.5521677991988,220.0,1.8,0
24.888528,94.601694,435.0,26.48,1
24.615033,93.695917,1450.0,30.79,1
26.674306,94.746306,917.0,14.64,1
27.292944,88.589417,851.0,11.45,1
26.435278,94.863333,761.0,19.07,1
27.948443185260547,94.03651718551524,2205.0,34.93,0
25.1938751990588,90.46996167418484,83.0,3.28,0
23.61361111,92.8,399.0,22.13,1
25.03499916043584,92.29096156208465,18.0,1.3,0
27.65017351860615,88.46584830425756,2731.0,40.46,0
25.822859,94.397974,1821.0,21.6,1
25.42289943897151,93.05341099305257,240.0,17.71,0
24.797118595096045,92.6470500572588,24.0,2.71,0
27.258556,88.147028,1548.0,24.36,1
23.0425,92.772781,1070.0,29.16,1
27.407148910092964,93.36238006701096,2993.0,28.85,0
25.747892,94.633072,1779.0,30.53,1
25.060079970301896,92.01203580241128,12.0,1.03,0
24.048695,93.061638,1090.0,35.98,1
28.005389,94.201306,255.0,19.53,1
25.06421542532119,93.82704172693136,1424.0,27.55,0
27.591152045658607,96.59778179411528,2175.0,33.78,0
23.32930383791725,92.59035079047766,333.0,6.52,0
25.248272239072005,94.2377535994673,1015.0,22.19,0
24.05,94.07,1141.0,34.62,1
23.4745,93.28916667,1234.0,30.75,1
24.7585,93.459139,453.0,30.39,1
23.892694,92.272667,753.0,23.26,1
25.848194,94.916169,1510.0,32.97,1
23.57,92.47,513.0,17.96,1
28.483283381592454,96.00498378652917,3159.0,23.45,0
27.725421076461693,88.39470104908246,5095.0,44.28,0
28.242707635482542,96.64221250021492,3075.0,21.96,0
29.09739176771283,95.9684298206935,4141.0,23.84,0
26.94285234293916,95.0549888571044,113.0,0.52,0
25.517675612603167,90.96897462867256,693.0,10.56,0
25.5014,90.68972,251.0,2.37,1
23.32236213119484,92.5735514296352,413.0,21.56,0
24.96071462590159,93.87314466190811,854.0,3.58,0
26.822139,95.078944,428.0,9.19,1
28.002156119397824,93.9035019138426,2486.0,28.76,0
25.767692,94.185106,953.0,24.68,1
25.314572272606863,93.7797028796824,1500.0,14.45,0
24.97775,93.502639,1324.0,12.91,1
26.067194,94.317611,1068.0,10.56,1
26.6,94.35,185.0,10.96,1
26.910559871561475,92.40984869643836,219.0,4.51,0
27.58647222,91.89636111,2298.0,18.1,1
24.31130983674031,94.41936024578156,183.0,0.74,0
25.626767,91.165211,1256.0,24.61,1
23.56672222,93.13764444,1140.0,27.46,1
26.258682769648964,92.51629851544764,60.0,1.04,0
25.21152337188826,92.68204312715524,1290.0,7.89,0
23.667361,92.978,1095.0,26.48,1
27.84258270027503,94.53432376532253,1458.0,31.79,0
25.996492611662088,90.8044756183954,53.0,2.58,0
25.17986111,93.07077778,512.0,5.55,1
23.89027778,92.91944444,996.0,22.1,1
27.93967,96.38097,1560.0,36.8,1
27.294278,93.802056,669.0,30.16,1
23.353274686929385,92.45166276709926,415.0,17.19,0
25.363278,94.228389,1678.0,15.62,1
25.184381,92.029531,41.0,14.78,1
24.198831,92.946348,581.0,32.49,1
25.939863751373395,91.47340375245226,58.0,1.73,0
25.605458,94.839083,1316.0,34.15,1
28.300745395886484,95.0520545353226,1011.0,19.25,0
23.856821,92.833784,189.0,25.72,1
23.271781,92.637703,584.0,31.34,1
26.053519,94.044361,393.0,25.19,1
28.27598821772752,95.47562011089278,1077.0,15.45,0
24.391583,94.085806,1399.0,14.17,1
27.40778977399872,92.46999857939625,1771.0,27.22,0
23.19796,92.543304,580.0,32.3,1
27.544667,92.958806,1120.0,29.43,1
24.858778,94.233139,1236.0,34.33,1
25.081381,92.359972,216.0,23.75,1
23.29681516127919,93.43185898773793,1788.0,29.4,0
25.472950243267064,93.93005865781244,669.0,1.92,0
27.101865730653174,88.75041172401535,2681.0,18.35,0
25.017950473035828,94.7998761715502,1020.0,19.19,0
26.362660545894634,93.86522920677764,133.0,0.74,0
27.255167,88.396944,1591.0,25.63,1
27.87235049315825,96.4583557084346,626.0,37.3,0
24.585095264176385,94.4621443523668,421.0,23.76,0
25.153272,92.206058,79.0,27.22,1
27.42843330086745,88.4488973847349,2318.0,16.8,0
28.874939,95.981911,1553.0,34.53,1
25.779415674612675,95.018269076851,2362.0,29.64,0
23.23855133080383,93.44423730177584,1509.0,17.44,0
25.58900027244007,93.625705616646,407.0,17.17,0
27.325806,93.822389,1067.0,29.29,1
27.49803219980432,88.13754232846303,3818.0,27.54,0
27.545935511885563,92.74634286249928,1755.0,21.02,0
27.256917,93.064472,725.0,13.66,1
23.6025,92.76527778,488.0,15.24,1
22.63344110811854,93.00774009046395,1006.0,44.16,0
28.179222659445784,96.61558724687634,2697.0,45.59,0
24.831526,94.32757,1396.0,35.5,1
23.14868930377876,92.39339868577588,341.0,21.76,0
25.26228519792838,93.92870952278928,1368.0,6.12,0
22.24,92.69,266.0,23.65,1
28.91091072871746,96.06872023748468,2416.0,57.88,0
25.96667,92.356917,670.0,13.98,1
25.85992,92.72558,147.0,21.26,1
24.712530452188066,94.02617250296892,783.0,2.56,0
26.094778,94.259278,1393.0,15.62,1
27.00510606484072,88.51906047868208,1285.0,32.02,0
23.97222222,92.68333333,351.0,27.22,1
25.570159,94.253552,1854.0,26.88,1
27.674115447400848,93.3708743534228,1970.0,41.94,0
23.172501,92.900558,819.0,31.26,1
27.13335301671708,88.72941220089203,2795.0,32.69,0
24.456464,94.226856,1435.0,37.74,1
27.308402375194422,95.69183189648398,144.0,4.57,0
24.013185595136186,93.3985178924668,1839.0,11.16,0
25.44644307852336,94.30895107554588,1940.0,36.96,0
25.96566329587037,94.37466789235076,793.0,29.49,0
23.73041667,92.75552778,916.0,28.67,1
25.18766667,91.39816667,94.0,19.41,1
25.832333,94.073306,754.0,32.98,1
24.86587032803048,92.18746112982424,21.0,3.24,0
23.656702769246973,91.92408731520815,165.0,9.73,0
23.54611111,92.70222222,792.0,25.42,1
25.956083,94.719475,1872.0,33.58,1
28.47499934163181,96.07479845379513,3615.0,47.48,0
23.458124,92.9053,922.0,21.21,1
22.302419773933,92.3743065548548,213.0,17.8,0
27.86894749061716,96.43190646796926,1357.0,21.94,0
24.908389,94.335056,1363.0,32.6,1
28.06906988222697,96.67762628213278,1842.0,27.05,0
27.830944,93.917028,579.0,29.44,1
24.847611,94.357889,1478.0,26.66,1
25.048054,92.409245,71.0,21.46,1
25.623291870395786,95.02676646164277,1228.0,35.86,0
23.31867716122411,92.99938959886975,815.0,34.6,0
24.854044,93.585331,355.0,24.92,1
28.559335907426792,94.9452605734844,1794.0,31.34,0
24.02782222,93.28944444,816.0,28.75,1
27.46947080617617,88.31786181801962,3176.0,28.92,0
27.102639,88.394639,643.0,30.85,1
24.58115788862669,93.79487382643627,768.0,0.0,0
28.013577,94.568456,575.0,12.32,1
25.11286,92.87756,230.0,21.08,1
27.80101385705316,88.77026504446908,4628.0,16.31,0
23.888018532601816,91.0665185457228,10.0,2.53,0
25.25689181107952,93.95001508967258,1910.0,16.9,0
28.18468364167614,96.74252032593763,2340.0,20.54,0
23.119722,92.742868,837.0,20.19,1
26.63277519119692,94.88453747968164,390.0,19.81,0
26.011861,91.569611,87.0,25.76,1
28.306494280914137,95.35139320274098,2623.0,41.78,0
28.024749216045485,94.99281152344224,657.0,7.23,0
24.626108500421708,94.57940823594186,286.0,5.58,0
27.58528020142976,88.42104697715311,2418.0,52.45,0
28.77231652991823,95.67749233718013,2570.0,30.07,0
23.844139,92.933,1640.0,42.22,1
26.182216,94.891382,2176.0,46.4,1
26.07562453877629,92.7062304733458,64.0,2.45,0
25.70497778,94.044275,986.0,26.76,1
25.72508611,94.07130278,1009.0,5.45,1
25.98219,92.51892,100.0,16.06,1
23.718194,92.556417,889.0,22.92,1
27.163889875352865,96.11400914181156,874.0,2.08,0
23.45254039623709,92.46105414031658,310.0,14.49,0
25.489030032047115,94.26431456543492,2087.0,16.7,0
28.002545960669057,95.83221099490883,163.0,1.48,0
23.477601,92.818801,1011.0,33.52,1
25.139,93.025,610.0,12.24,1
28.42758254318104,95.37158346259758,1430.0,31.06,0
28.286885234019376,95.45933898302638,1699.0,23.84,0
25.41986515117359,90.98094308887778,476.0,14.76,0
25.8110509762756,94.65201612480836,1227.0,27.11,0
23.31572394475756,92.94312407075796,673.0,17.6,0
27.327779312217302,92.91837516735396,1022.0,27.27,0
22.790684,92.614983,390.0,27.47,1
25.549686986901413,90.9534019516629,799.0,9.42,0
29.052301120266435,95.83669435741136,1785.0,39.99,0
23.55195723904721,92.9337748697214,1611.0,13.73,0
27.01258864723045,88.18480361961562,2313.0,12.12,0
24.962445872494,93.23778806279536,131.0,13.48,0
24.23,93.09,929.0,18.73,1
24.73279670781815,93.04497611144112,32.0,2.56,0
23.056424,92.772983,973.0,34.2,1
25.292285116389127,94.63735905475248,1653.0,28.92,0
25.549961,91.341175,1564.0,21.23,1
27.1794750501273,92.79912611542152,284.0,19.38,0
26.724268440886235,94.5019626883391,152.0,2.45,0
23.28388,92.857468,835.0,32.0,1
25.26078909340628,94.74777779126796,1587.0,25.97,0
25.416483,94.079214,1517.0,42.36,1
27.01377276646901,88.12039987216721,1908.0,27.9,0
26.101333,92.440556,331.0,9.25,1
27.118187070929007,93.5293695674527,1061.0,22.2,0
23.41919218450451,92.6279565526449,721.0,27.73,0
27.45379481680675,88.41395942267057,3550.0,20.86,0
22.64,92.66,322.0,23.81,1
25.15512443623175,92.57612260906345,1129.0,24.05,0
26.45238917370558,91.69955289896824,63.0,2.15,0
26.21475,95.010667,1568.0,32.0,1
23.202224,92.736123,741.0,23.85,1
24.95922527089418,92.3942790665678,22.0,1.38,0
28.7683865733257,95.70361899315964,2817.0,17.59,0
25.04077248174056,93.7750943557991,1306.0,12.26,0
25.45645139071079,94.21980172650764,1364.0,24.91,0
25.847444,94.056361,951.0,19.96,1
25.952722,94.430278,1297.0,35.91,1
25.321019,94.067142,1073.0,31.37,1
24.70364,92.64681,48.0,12.12,1
28.871556,95.852732,1450.0,37.69,1
25.23416,91.690216,624.0,19.3,1
26.14118423055003,92.35248217171704,57.0,1.39,0
26.588806,95.017667,558.0,16.64,1
27.386736283162453,92.48691894172975,2015.0,36.8,0
24.955872142942702,93.2696281271012,242.0,17.36,0
24.364861,94.174139,1153.0,29.1,1
24.4349,92.249371,54.0,7.8,1
26.73100553129409,95.4178590513822,2142.0,32.04,0
25.261617,94.079422,1196.0,37.68,1
26.659963912424388,94.84932553719818,1299.0,14.01,0
26.71125,95.016722,716.0,25.4,1
25.51,93.72,1205.0,17.2,1
25.15736111,93.01608333,641.0,26.99,1
27.517809423957527,89.08187798273147,4679.0,29.54,0
24.890035406399523,92.66884197638856,23.0,3.28,0
25.338556,94.158806,1525.0,27.62,1
23.61138889,92.80333333,451.0,30.03,1
24.91475,94.464944,1885.0,29.23,1
27.538778,92.988139,712.0,31.93,1
25.503248112679323,90.50426100911858,394.0,4.7,0
27.47940651846069,88.43606213361879,1967.0,34.61,0
23.13114,92.687469,925.0,23.34,1
25.961444,92.341333,555.0,7.73,1
24.25,94.08,1179.0,30.5,1
26.566973246782148,95.18238505949748,1715.0,36.72,0
25.113278,94.352722,1653.0,29.72,1
24.2625,92.69166667,480.0,33.29,1
27.269917,88.077111,2042.0,34.14,1
27.868667,94.787083,331.0,49.63,1
24.37,92.78,46.0,2.56,1
25.2842285,92.11314877,1036.0,8.42,1
24.937973836969864,93.87098879673262,820.0,1.8,0
23.953233050275426,93.5032845297415,866.0,13.49,0
28.53026326216758,96.04165167819777,3663.0,35.48,0
24.285722,94.128222,1284.0,36.05,1
25.521032192629573,93.39533910887508,451.0,18.59,0
22.33283287855389,92.48438198228396,120.0,8.37,0
25.434569091113417,90.96357511301562,442.0,7.37,0
27.020026070366715,93.7200578869303,121.0,1.48,0
27.257194,88.305444,661.0,33.99,1
23.60722222,92.72505556,854.0,30.44,1
23.83639011110485,94.18336972818106,169.0,2.66,0
23.40515691593885,92.58480432624144,383.0,32.6,0
27.041316356062264,93.41846077630272,245.0,28.3,0
22.74694444,92.69583333,153.0,8.48,1
27.103069,93.641778,384.0,17.98,1
25.930591730819533,94.9837777247238,1615.0,29.22,0
25.706,94.466,1362.0,32.39,1
27.21396499374756,93.3789563239069,1034.0,7.05,0
23.73583333,92.79888889,355.0,30.0,1
28.489492,95.845459,773.0,33.19,1
24.29,92.82,574.0,47.31,1
25.386470893261283,93.94358407841348,1081.0,22.3,0
22.98079659007824,93.11445987582788,1103.0,37.32,0
25.028721822545226,92.97217095013518,693.0,21.45,0
23.188245,92.734327,812.0,26.46,1
25.143408,93.02995,460.0,20.09,1
24.86503196311292,93.18712605293275,92.0,7.89,0
25.637274,91.844234,1251.0,29.71,1
22.487,92.964996,687.0,29.22,1
24.57257,92.70357,65.0,9.52,1
26.94147553910313,88.49879274070935,1234.0,34.08,0
27.222917,88.281972,1506.0,24.57,1
24.760777685901708,94.28716112817244,507.0,21.9,0
24.090025,93.54191667,705.0,18.85,1
27.91886,96.33156,1309.0,31.14,1
25.760583,94.064583,1022.0,5.39,1
25.28422636,92.11294194,1036.0,8.42,1
23.385161526651515,92.507833505974,437.0,10.94,0
26.62625,95.120139,1059.0,17.48,1
24.162021,92.797605,752.0,24.88,1
25.252362144017187,94.18353716029948,1736.0,35.7,0
28.46174085880405,95.59774547104227,2666.0,36.94,0
23.36805556,92.76638889,1096.0,40.62,1
23.53111111,92.73361111,1043.0,34.25,1
27.375806,88.625278,1850.0,29.88,1
26.431639,95.048417,1564.0,24.47,1
24.696072846705068,93.797998625134,776.0,2.22,0
22.885626576801865,93.00641640877508,1020.0,41.16,0
24.097858,92.918738,789.0,33.74,1
28.779408,94.859327,754.0,34.6,1
26.200056,94.81905,1873.0,36.25,1
26.50442463840818,94.58851278477093,246.0,5.66,0
27.347917,93.012194,860.0,16.37,1
23.99,94.0,1314.0,34.65,1
24.841611,93.498556,310.0,26.32,1
23.30122251184573,92.96536190269974,1250.0,36.96,0
22.865692,92.825745,1014.0,19.96,1
24.9714750353036,93.27833317522382,305.0,16.94,0
26.63032570815805,94.0713461073589,96.0,1.39,0
28.53386219764815,95.740843429369,742.0,24.97,0
28.206808864816875,94.5573809967106,1117.0,18.98,0
26.94677000928925,95.11127046673604,120.0,3.13,0
23.731,92.70644444,891.0,25.99,1
23.631219,93.118033,670.0,7.06,1
23.291103,92.864843,976.0,33.35,1
25.883108,94.919106,1252.0,22.43,1
24.225691,92.805445,611.0,20.24,1
23.155456,92.744778,867.0,26.16,1
27.320611,88.219611,1199.0,40.62,1
25.67275,94.21136111,792.0,13.01,1
24.81425,94.552028,1030.0,28.83,1
22.290088585084348,92.93527130471288,321.0,19.29,0
25.436706,91.051053,633.0,4.4,1
25.32096201810673,91.12538744461096,357.0,7.79,0
24.599333,93.689722,957.0,26.27,1
25.25904267300068,92.00444954098036,820.0,15.78,0
26.239444,95.0655,1168.0,22.64,1
26.096722,92.43875,346.0,23.59,1
25.441757,92.907383,574.0,14.4,1
27.277417,92.425278,2555.0,19.3,1
25.747,94.075,1155.0,12.53,1
25.286944,94.531361,1192.0,29.65,1
23.118336,92.741035,844.0,11.16,1
23.85,93.048164,1030.0,23.83,1
26.68795523737588,94.9078967894098,922.0,9.31,0
23.53805556,92.71861111,888.0,17.19,1
26.16519586056157,91.47044583915893,44.0,0.0,0
25.383298,91.87473,1525.0,31.53,1
24.13888724122748,94.21548763161114,485.0,21.89,0
22.827406,92.975822,1221.0,46.08,1
25.350764,94.222161,1706.0,14.15,1
25.997033,91.86235,317.0,21.26,1
27.31558104422248,93.71765548187,1689.0,24.42,0
22.34,92.68,187.0,25.97,1
24.47057070791128,94.08106135157432,908.0,12.22,0
25.899767,94.640067,2176.0,41.93,1
24.025477977950462,93.41189081255278,1105.0,25.69,0
24.48717128555172,93.00502602164524,231.0,10.52,0
25.69925,94.761833,1353.0,36.8,1
26.637222,94.981389,339.0,13.54,1
25.328450313254187,92.45321877070666,989.0,3.9,0
27.250972,88.659833,1423.0,25.68,1
25.700112185647296,92.59248729431592,612.0,7.58,0
24.10470693543049,91.91758588422672,125.0,13.96,0
25.157139,93.017194,651.0,33.82,1
25.763201280542145,91.76092243479192,651.0,9.24,0
28.493405185737902,95.2978730632886,1351.0,18.79,0
26.191306,94.569611,1708.0,14.3,1
25.91286,92.49797,325.0,29.95,1
24.102048879186807,92.63487064719374,201.0,6.91,0
26.34448709259316,91.89370194896424,51.0,0.81,0
25.155,93.067,515.0,20.54,1
23.53888889,92.65888889,545.0,18.23,1
27.726417768878616,92.21528516270284,4069.0,25.35,0
24.73133333,93.92738889,788.0,11.54,1
25.376884687263622,93.93758248923436,1207.0,34.44,0
26.962675301573963,88.67112645662526,389.0,18.45,0
27.23873064365915,95.56167194448588,295.0,15.4,0
24.17555556,92.57222222,68.0,12.75,1
28.722039198976404,95.96612407012604,3015.0,49.32,0
25.09626592750008,91.99127741690778,13.0,3.58,0
24.37077778,92.71769444,185.0,27.56,1
23.74247,92.705587,938.0,34.45,1
25.588322875082955,91.5714276968438,1680.0,16.16,0
25.44226043071033,90.07661576502164,106.0,8.42,0
25.43480556,91.85952778,1805.0,32.07,1
23.59194444,92.82833333,593.0,35.22,1
26.236336,94.212222,390.0,17.98,1
25.745945261979465,91.41293004942554,784.0,14.16,0
24.862444,93.610639,380.0,8.52,1
25.45511586194485,93.21164803809836,255.0,12.48,0
23.562444,92.577806,983.0,24.08,1
25.45857771913332,93.9000308323264,1957.0,27.01,0
25.349742,91.893423,1550.0,29.24,1
25.73425,94.00119444,931.0,30.31,1
26.916824544584216,88.2422313917568,965.0,21.8,0
27.870361,94.817861,374.0,24.32,1
27.251417,88.3845,2054.0,16.54,1
25.623,94.354,1825.0,20.54,1
26.511528691140946,91.70771653947936,66.0,1.94,0
23.993778,93.004524,422.0,29.0,1
27.98269190409721,93.67663683111758,2104.0,33.52,0
23.18219491313661,93.45832485832172,1817.0,7.25,0
25.119,93.017,724.0,20.21,1
23.938928585773706,92.59305524135164,640.0,21.57,0
25.65489939020034,90.90835022036909,596.0,8.4,0
26.747806,95.062,821.0,30.34,1
25.5286009374121,94.05113269216338,2572.0,21.49,0
27.535806,92.930667,876.0,37.24,1
26.81732350710765,92.7318991713634,93.0,0.74,0
26.7585211363011,92.90394966363252,75.0,1.39,0
27.19907355339649,92.92591044237018,872.0,32.03,0
24.09118185752746,93.21646044213765,547.0,45.75,0
25.21779129341408,93.55336757880836,1011.0,26.59,0
23.193432523528195,93.50523174122702,2110.0,30.78,0
27.532361336719035,88.80841011722173,4621.0,34.72,0
25.229972,92.223278,419.0,36.71,1
25.04741316764244,93.70961607347972,838.0,21.1,0
27.8305,94.157444,1245.0,24.3,1
25.257449,91.87187,982.0,20.7,1
22.15172000011513,93.17289082235034,1047.0,27.35,0
25.07499885611537,91.97423908269842,13.0,3.02,0
25.597361951173426,92.14135390160692,1059.0,6.1,0
27.06766659904984,88.65998782583388,1892.0,23.67,0
25.325443284323544,93.77581487940948,1489.0,16.47,0
24.788889,93.441889,1032.0,35.95,1
25.602511,94.891208,1020.0,38.51,1
22.98586056201953,92.46563702288456,86.0,9.56,0
25.81363410350165,91.92679486409008,831.0,15.61,0
25.11472070458996,94.20160671074612,1163.0,24.48,0
27.046252,95.592084,787.0,21.39,1
27.28949495764336,93.92273066321918,208.0,18.49,0
28.265563,95.563438,475.0,26.4,1
27.191025985252704,88.80939306527523,2360.0,25.21,0
23.470794,92.741413,1345.0,31.5,1
25.155194,94.461278,1919.0,28.66,1
28.35493649841116,95.69667908019052,1746.0,33.0,0
28.464159089831945,95.0174571009451,2003.0,23.16,0
24.298027100182004,94.36108488918512,186.0,2.37,0
26.688831,94.546019,461.0,17.99,1
27.583042245361533,94.63792178890964,108.0,2.37,0
26.641111,94.990278,510.0,24.79,1
26.57937120943697,94.87524490462364,444.0,22.32,0
25.566242,93.716698,992.0,20.58,1
23.70305556,92.72055556,879.0,41.33,1
23.49102709855688,92.499051994665,548.0,31.79,0
25.077765932054465,93.11485446712844,717.0,24.22,0
28.53257845165044,95.88506163076268,2396.0,29.51,0
25.03336257303753,93.7010221537421,907.0,16.46,0
25.211746868240915,94.23213598118296,978.0,5.85,0
27.622973,93.841316,1654.0,31.47,1
27.88654704739991,88.5062895928324,4667.0,46.45,0
27.67921818555886,96.4505930241594,1633.0,34.85,0
27.52950626741888,88.90419736943083,3660.0,37.17,0
22.29492898235989,92.95911902535788,435.0,32.81,0
23.00638889,92.67691667,402.0,30.01,1
25.979897,94.152281,451.0,34.84,1
28.532378549380912,94.766501026409,2315.0,30.33,0
25.39466,90.69083,629.0,16.16,1
25.520356,91.537764,1593.0,20.88,1
26.761743672869635,95.18767677038144,931.0,13.47,0
23.422583,93.166,1053.0,9.05,1
25.32763120834256,90.43337100810544,42.0,4.16,0
26.134722,94.631639,1246.0,24.73,1
26.85899166091788,94.87416901760382,295.0,20.88,0
27.19757938834492,93.41777191734823,1511.0,19.43,0
25.472327366630303,93.6037891419731,1321.0,26.25,0
25.216805,91.709405,540.0,35.82,1
25.62103440604182,93.201325693542,324.0,24.25,0
27.957306,94.68625,648.0,19.81,1
24.36763030190346,92.52756844857288,101.0,17.65,0
27.314501123831693,92.6255522868893,988.0,27.84,0
28.388295876646502,95.08362766546762,658.0,28.94,0
25.59740606158471,91.41638295318565,1499.0,33.22,0
25.17,93.36,1165.0,54.1,1
25.55917452261188,93.40317160117922,318.0,6.41,0
27.86237548701324,94.97218848944424,398.0,34.39,0
23.961,93.028969,960.0,25.26,1
24.45203739989956,92.34785365915384,46.0,6.4,0
23.457530208384085,93.44524049368644,1032.0,4.46,0
25.021427165167182,91.78631400684176,10.0,2.22,0
23.017822,92.920723,769.0,26.29,1
26.043267,92.055531,247.0,13.95,1
26.95117085176836,95.2097775505856,379.0,19.35,0
25.00078945213744,94.72905139759384,1858.0,26.65,0
26.22633333,94.81302778,1676.0,12.52,1
25.150694,93.025833,672.0,16.09,1
25.158083,93.684944,1016.0,31.11,1
25.773306,94.084861,1351.0,19.88,1
25.063472,92.807796,189.0,36.35,1
28.465098274580008,95.72292364838177,2027.0,41.06,0
24.432369948550186,93.90787238381031,772.0,4.4,0
25.674944,94.762694,1652.0,22.59,1
25.19341465499381,94.61904710868984,2498.0,31.88,0
27.29605465181744,88.98330457183543,3497.0,45.89,0
25.01344291401936,93.3344389291055,254.0,17.82,0
26.320861,94.559278,1056.0,12.12,1
22.93007614875122,93.3331014043152,1666.0,15.14,0
28.21483,96.53911,1601.0,29.39,1
25.623364,94.819272,638.0,28.8,1
23.487102,92.606156,906.0,19.19,1
25.696,94.426,1800.0,52.25,1
22.90175,92.83233,749.0,33.62,1
25.94570203888541,94.27451715875156,743.0,34.81,0
26.114861,95.052417,1891.0,38.09,1
25.788389,94.434111,1132.0,27.72,1
25.133238742922483,92.5839520196437,370.0,24.78,0
25.036999292591155,93.82308012369168,1600.0,39.23,0
25.316519,92.692311,945.0,28.09,1
23.86159891856081,94.06928310743687,778.0,16.23,0
28.635971842394856,95.795270519563,1837.0,21.26,0
27.367111,88.776028,3909.0,21.7,1
26.91859379733957,88.36018884996089,1412.0,35.99,0
26.848103219297933,95.23427517704413,971.0,9.89,0
22.914276,92.753403,1156.0,41.64,1
27.6387,93.8551,1796.0,11.85,1
24.39255556,93.65468611,1561.0,43.76,1
27.47051236027987,88.79536970056577,4445.0,49.33,0
24.140399571916127,93.64934743158892,990.0,30.09,0
27.619722,88.618861,1779.0,36.4,1
25.561,94.143,1676.0,12.4,1
24.0,93.97,1603.0,37.77,1
27.092874407666457,93.3523018426465,732.0,38.8,0
23.583574,93.09659,791.0,29.04,1
28.289254,95.785468,596.0,34.89,1
22.72647229036442,93.08423776419744,775.0,32.21,0
28.380363797740447,95.71382545252062,600.0,40.75,0
25.91443721216997,91.10476700028012,60.0,0.74,0
23.588417,92.600889,929.0,52.58,1
27.01824093694613,92.737377099669,113.0,2.66,0
25.444722,94.0414,1367.0,39.01,1
23.90577750078449,93.3991275012826,876.0,16.32,0
27.33208,88.50902,1534.0,25.53,1
28.199389,95.230278,396.0,39.47,1
25.480600243277017,94.81785358005128,2058.0,34.89,0
24.50987467807353,93.43962377985967,598.0,27.44,0
28.215206,95.793704,977.0,28.69,1
24.55883003068355,94.56355833244154,273.0,18.3,0
23.132516,92.746085,824.0,41.62,1
25.19115166234928,93.48723007393434,1089.0,40.08,0
23.266258452376693,93.42533538074494,1098.0,26.81,0
23.065772,92.767979,874.0,31.32,1
25.94532739310157,94.3608354192546,798.0,25.78,0
23.40214628255521,92.57504676357568,231.0,10.36,0
28.003861,94.201944,262.0,22.55,1
24.9851947765538,92.20847895403956,15.0,1.12,0
23.242306,92.640587,769.0,19.44,1
23.883944,93.247528,1443.0,26.98,1
25.212078544986564,92.30254907069558,691.0,3.84,0
24.8745,94.235833,1210.0,26.8,1
28.481108,95.838317,815.0,34.19,1
25.785943590527115,92.62462552693913,342.0,4.61,0
25.668,94.464,1374.0,25.52,1
24.18,93.9,806.0,6.03,1
25.196980449712672,94.40570724526222,1363.0,28.12,0
23.9886642741335,92.5414085434332,127.0,10.99,0
28.325789267623893,95.48858852752312,730.0,44.87,0
25.98534434195773,94.98899871765585,961.0,17.19,0
25.397722,91.769417,1800.0,11.1,1
25.881489,94.962525,1937.0,20.37,1
25.625142,90.791675,441.0,7.09,1
26.303472,94.617528,1047.0,13.03,1
25.61197691426738,90.74097929960114,335.0,2.25,0
24.9174531746937,92.17939537426597,17.0,1.3,0
24.901861,94.341944,1386.0,23.77,1
24.50870764942722,94.0376895890268,1022.0,27.44,0
28.29240690049946,95.4652094649684,2130.0,48.77,0
25.72561,93.13075,160.0,17.97,1
27.623885,93.841824,1655.0,32.85,1
26.090262788324114,93.79454416199764,134.0,4.84,0
22.40534493201682,92.44764605966913,137.0,9.72,0
23.74388889,92.71222222,824.0,30.36,1
23.198136,93.166988,663.0,27.78,1
22.64028732737193,92.79239700972823,724.0,11.06,0
24.98025,94.613972,1515.0,23.96,1
27.002943698364657,93.81115212367932,85.0,1.95,0
27.22075,93.581167,714.0,32.68,1
25.742,94.245,678.0,16.56,1
24.595760299275728,94.45018400452722,382.0,30.34,0
24.20242362057968,93.47529951354856,601.0,14.49,0
25.726,94.076,1162.0,18.7,1
25.727464821720464,92.35492501517706,796.0,9.8,0
24.70656,92.65008,49.0,3.17,1
25.707,94.466,1353.0,24.18,1
28.301694,95.195361,654.0,21.63,1
25.924920548652537,93.96192837323328,176.0,2.61,0
23.150972,92.747402,906.0,18.22,1
28.425173436015108,96.40362927162184,4326.0,18.99,0
26.212861,94.235889,348.0,13.87,1
27.28408,88.54611,1530.0,27.8,1
25.93572542061725,93.82820710305964,142.0,0.81,0
22.14,92.88,532.0,10.4,1
25.92853825851905,92.7457328496574,74.0,2.26,0
23.887333,92.851111,526.0,24.6,1
27.02027804455149,88.16911705582226,1599.0,30.9,0
23.590139,92.607333,983.0,12.02,1
24.720704326285784,92.59779825299768,25.0,1.38,0
27.14524148326065,93.5404873901186,1252.0,38.23,0
24.0,93.56,723.0,3.49,1
24.165583,92.268389,190.0,12.24,1
27.70342599661893,91.83035123098853,4143.0,19.75,0
28.261147,95.567331,474.0,20.29,1
24.13,93.48,718.0,2.77,1
27.70542124223442,92.82361179599933,2912.0,7.47,0
27.30781478390448,88.95433792322534,4045.0,17.44,0
27.105972,88.444556,780.0,26.61,1
26.925934540967045,94.97417762956752,137.0,1.32,0
25.16728855961556,93.57361705040115,312.0,15.36,0
25.915092,94.844003,987.0,38.12,1
23.038607,92.795174,927.0,30.82,1
24.71825658798505,92.58083618502968,23.0,3.15,0
24.83795521671245,92.26258376143872,31.0,3.02,0
25.679,94.108,1411.0,16.33,1
25.09663990406152,93.84772394722016,1280.0,17.45,0
25.069306,94.536528,1566.0,35.4,1
26.735977803513705,92.90939827085514,75.0,2.34,0
27.07841890715886,88.19734114716472,949.0,27.47,0
24.12715278,93.53351389,633.0,17.31,1
26.084806,94.263083,1391.0,22.88,1
28.583422632432026,95.94726680805329,2281.0,21.6,0
28.29728317557913,96.6730061319958,3647.0,41.35,0
25.631833,94.750139,2056.0,42.88,1
27.237917,88.30475,852.0,32.86,1
27.866337327313342,94.55941133781016,1353.0,35.18,0
28.263468,95.570661,491.0,28.8,1
24.37,93.26,347.0,22.79,1
25.566,94.168,1253.0,28.38,1
25.91406,92.49897,361.0,35.83,1
26.42449288537404,94.2053307518066,280.0,14.85,0
25.56938335811097,93.52306764406802,308.0,2.41,0
27.285,88.197583,1770.0,27.61,1
25.265048,91.591553,1162.0,23.79,1
23.358110345375096,92.58165019841154,479.0,24.26,0
25.549789,91.645033,1699.0,18.59,1
23.318723623396185,93.1997932429137,620.0,31.64,0
27.944389,95.117586,333.0,14.27,1
27.084722,88.443833,278.0,27.37,1
25.20006,92.9972,465.0,18.97,1
25.620164,94.207204,910.0,24.43,1
25.24416667,91.79397222,522.0,32.24,1
28.13171707058835,96.66012613500617,1669.0,47.09,0
28.421890588448168,95.6399079741482,1402.0,35.72,0
25.58266658385109,93.02432100558438,180.0,3.85,0
26.189614461536426,92.09657810129094,55.0,2.15,0
28.28439413761324,96.03539765829392,1342.0,15.35,0
24.813648,93.073009,47.0,18.14,1
25.219787,91.710947,552.0,33.28,1
28.171187,95.833166,450.0,27.45,1
26.180029777095577,92.45848432267138,60.0,1.03,0
27.04117096552711,88.2694513668566,2017.0,27.97,0
28.22987695127278,96.32467335670728,2450.0,44.55,0
23.366333,93.380028,836.0,23.84,1
25.055139,93.603778,961.0,22.76,1
23.141408,93.338272,1345.0,31.76,1
25.43014646536628,94.9406113227061,936.0,20.34,0
27.313917,88.557583,1275.0,27.56,1
25.822935379987992,91.72324436076627,687.0,20.9,0
23.88147222,92.84263889,432.0,34.03,1
27.19149991883787,95.57203867469386,506.0,35.56,0
27.340556,92.274944,1562.0,48.99,1
26.176735311869443,93.03899183199889,80.0,2.66,0
23.76055556,92.73194444,1133.0,43.91,1
25.696,93.924,971.0,20.85,1
23.336229,92.787113,676.0,44.51,1
28.39841388182286,95.68236718464266,673.0,36.11,0
22.233325851603865,92.79241586359576,746.0,9.25,0
23.755925,92.726753,1006.0,41.33,1
27.128694,88.141639,1566.0,33.32,1
24.970167,94.618,1378.0,8.89,1
28.415975090283865,95.04719083812596,915.0,22.69,0
25.963,94.614097,1485.0,24.56,1
25.0855797812052,91.92334652448348,12.0,0.69,0
25.50669,93.10536,210.0,1.39,1
25.612004232575167,91.66710470636004,1599.0,13.51,0
23.849590746408143,93.97830614486077,864.0,23.64,0
23.132082,92.746268,858.0,20.27,1
28.11309541318327,94.93940410791689,1596.0,17.01,0
23.38852092314748,92.56832091280089,416.0,13.65,0
27.97679618512691,95.60147721016848,146.0,3.78,0
23.42024186110015,92.62708180091988,590.0,40.16,0
25.41616,92.778653,962.0,6.58,1
23.219631,92.563324,922.0,25.19,1
26.3733,90.5499,59.0,12.45,1
26.35694469027457,94.77508774033218,1081.0,31.8,0
23.7775,92.84833333,686.0,37.39,1
27.372278,88.688944,2990.0,30.8,1
22.5396225756906,93.18369919845576,996.0,35.44,0
23.50942113936288,93.51826499258252,1494.0,16.6,0
27.36473056,88.23727778,2017.0,34.95,1
26.231694,94.941056,1540.0,20.03,1
25.788911,94.855664,617.0,27.06,1
25.1644,92.994643,492.0,16.9,1
25.672,94.218,849.0,25.4,1
24.176289374177188,93.14666606775228,392.0,25.81,0
26.166185,91.7147,113.0,18.96,1
28.429448453496185,94.94406371662411,1241.0,30.51,0
25.1775,93.026222,484.0,16.29,1
27.050732641588745,95.45254054351742,472.0,8.26,0
26.418333,94.968056,716.0,36.95,1
27.418667,88.616778,1403.0,27.86,1
24.120973553674183,92.6543049239309,99.0,13.16,0
23.83108774770437,94.07636170747767,699.0,22.05,0
27.430355942631564,88.2073252449505,3186.0,50.14,0
26.232722,94.130806,578.0,20.1,1
22.857729,92.704483,469.0,27.35,1
26.731576764985668,94.4314863354342,112.0,1.06,0
24.714343,94.360864,1215.0,36.64,1
24.746029250127503,94.47961123146511,748.0,28.5,0
27.53325549688901,88.35993178672175,4036.0,31.76,0
28.958196658446315,95.87920101283488,2649.0,21.73,0
23.712312875043214,93.5623083252404,1186.0,17.56,0
25.912848014594868,92.11356688563028,769.0,5.75,0
26.006,90.595,53.0,1.55,1
25.05950040457798,93.09755122035904,280.0,27.19,0
23.383745,92.845792,939.0,25.29,1
23.354778,93.300556,1174.0,33.36,1
25.420843509332464,94.38358979710516,828.0,9.07,0
25.87477001105944,92.25651487906411,845.0,15.07,0
24.272905269566245,92.75307454660508,75.0,14.18,0
27.196097903812817,88.0395704593699,2854.0,24.66,0
26.82399221049456,95.15579508526258,656.0,24.08,0
27.287361,88.102611,1710.0,42.53,1
26.966148643770577,94.96463458032616,204.0,6.74,0
25.062025,92.386975,44.0,14.03,1
24.11,92.39,281.0,5.56,1
25.67032222,91.90487222,1008.0,13.33,1
24.09322935045264,94.32660977505584,143.0,3.77,0
27.81717633684148,94.51418915542948,744.0,27.8,0
23.750676,92.679635,833.0,16.83,1
23.474056,93.225889,1030.0,27.15,1
27.258556,93.778167,342.0,25.8,1
26.110056,91.908944,101.0,11.84,1
26.697111,95.077083,700.0,25.31,1
25.346111,92.00675,860.0,42.32,1
24.45671282096828,92.03920486990832,31.0,2.54,0
26.102667,92.441639,302.0,22.45,1
27.71178045786896,94.94492767482237,114.0,2.77,0
24.609724986206064,94.42963170098147,493.0,15.74,0
23.40041667,92.75269444,1195.0,21.14,1
25.20528327609197,93.40213273148068,1128.0,23.64,0
23.713131,92.798942,217.0,40.23,1
24.890228517392966,94.81356730842823,195.0,4.43,0
22.9,92.46,195.0,12.24,1
23.25229444,91.48825,30.0,9.99,1
23.23,92.919724,530.0,23.79,1
26.16724462274284,93.693713818408,182.0,1.39,0
25.623,94.113,1653.0,26.49,1
27.788194,94.724194,850.0,35.51,1
23.733981858291944,93.57136059088758,1434.0,31.66,0
25.92143799569529,92.12235774039158,769.0,18.68,0
27.871921378005894,95.16571898481058,233.0,26.55,0
25.61092,94.20064,1244.0,38.6,1
25.996495472039488,91.67962976429835,348.0,10.38,0
27.150127,95.780208,581.0,28.9,1
25.828703,94.726789,1385.0,30.77,1
24.022094816698257,92.16183518878408,129.0,12.22,0
27.235694,88.6025,1217.0,31.42,1
28.81276867821885,95.74855175269262,2588.0,20.65,0
27.496628575686543,88.29413067010698,4716.0,33.4,0
25.110917,93.622361,1183.0,40.43,1
25.946611,92.305361,572.0,14.87,1
24.611160872377976,94.49078328447648,785.0,29.25,0
23.498881,92.703251,937.0,29.79,1
25.160389,93.688167,1005.0,40.4,1
24.14608076571412,92.86895700901836,198.0,6.23,0
25.120444,93.653778,1215.0,33.91,1
23.49861111,92.70388889,951.0,37.26,1
23.725778,91.645694,78.0,2.11,1
22.937474728794783,92.9800372245114,272.0,39.72,0
23.076319,92.69873,961.0,26.3,1
28.312795,95.97654,911.0,31.46,1
28.831279465766805,95.10657223512548,1686.0,38.81,0
25.417312,94.080514,1545.0,38.12,1
24.39686996106281,92.60059250416802,42.0,9.33,0
23.31252572219828,92.57798884689645,277.0,2.74,0
25.12250298567169,91.224125797462,10.0,2.66,0
25.964283,94.619592,1428.0,25.28,1
27.758806,93.609167,998.0,35.12,1
27.412772380653728,93.95962400928292,795.0,19.17,0
23.79190726800957,93.24523021678002,1871.0,27.5,0
25.95230796876081,95.10309550792344,2771.0,15.26,0
28.207699,95.809197,924.0,39.45,1
25.08948842765947,93.72135123615392,1790.0,16.34,0
25.401917518798168,93.72796663703258,795.0,16.46,0
27.2340388549901,95.40195686144548,128.0,1.64,0
25.049917,92.799667,105.0,23.31,1
25.74504158358801,92.59939955152944,784.0,19.12,0
25.169,93.156,956.0,7.55,1
26.46057110112765,93.44675662940718,483.0,14.81,0
26.777056,95.069361,1005.0,31.73,1
25.862127385892222,93.92471196498808,345.0,14.07,0
23.199961,92.488796,725.0,12.6,1
25.105693032957447,91.7660397753626,12.0,1.46,0
24.09818685845501,92.1625280971117,101.0,13.46,0
25.527,93.953,1705.0,28.71,1
25.362612,93.216888,496.0,23.05,1
28.138811,95.254821,621.0,15.35,1
28.07257541741036,95.8016222420246,207.0,1.49,0
24.52,93.08,252.0,12.22,1
25.582836,91.183972,1228.0,18.98,1
25.66980534396004,92.445031193344,853.0,10.92,0
28.26029101573312,95.3424518376664,2148.0,48.61,0
23.966249,93.041115,1126.0,27.37,1
23.37673631459104,92.4823595814108,444.0,25.26,0
25.4410087588697,93.8967487824274,2270.0,8.67,0
25.874293,92.018322,763.0,7.84,1
26.99774499385133,88.52732526908058,1304.0,48.46,0
24.761056,93.255167,636.0,31.27,1
24.87685042117551,92.67310234794088,22.0,4.93,0
24.2,93.53,1027.0,16.76,1
25.49620757053697,94.80047404652784,2613.0,25.71,0
25.594639,94.842444,1248.0,31.84,1
23.308202,92.731268,552.0,17.12,1
25.99021522049248,91.2250056763666,47.0,2.26,0
28.92233539961461,95.7707958768371,2485.0,35.6,0
25.628,94.211,940.0,19.35,1
27.423722,93.007583,434.0,29.49,1
25.43110260084408,95.01653008454136,870.0,44.56,0
24.33,93.16,829.0,35.59,1
25.632286,91.162786,1257.0,16.04,1
25.10941667,92.88075,282.0,14.61,1
23.17411,92.608917,752.0,13.77,1
25.679007455038143,91.4424886813485,1021.0,18.96,0
25.4637708234086,94.71410679568962,2339.0,30.57,0
23.40722761993325,92.39659642037668,138.0,15.05,0
25.618994,91.185681,1159.0,16.98,1
27.251639,88.531361,523.0,15.26,1
25.188444,92.074139,78.0,23.4,1
26.09599708373939,92.32315350651356,114.0,17.84,0
26.095487191187736,93.83349044240866,132.0,1.73,0
25.148722,93.031917,451.0,27.65,1
23.802567,92.564045,859.0,10.37,1
28.121656770763373,95.80682159955028,281.0,5.89,0
25.457260064310937,93.5504105822179,744.0,20.47,0
25.008235192007835,92.31151509624232,20.0,0.34,0
28.05989,96.46281,555.0,25.51,1
23.73361111,92.69388889,900.0,24.22,1
25.48726426035224,94.95841999769672,917.0,33.0,0
25.88889861335966,90.42681470349208,98.0,8.46,0
23.73876596709677,93.43974186224143,1602.0,47.03,0
23.32928322471441,92.5685018424715,356.0,43.18,0
22.93586173529432,93.21008463250446,964.0,33.23,0
23.974147775209364,92.6042171604257,530.0,14.2,0
23.029404970297485,92.46575698301712,96.0,10.23,0
25.37381089500128,94.8077249076628,1796.0,38.02,0
27.35501644122759,96.25216083636352,380.0,3.48,0
27.441028,93.020389,481.0,31.67,1
25.216078,91.738387,906.0,19.55,1
25.950480932717813,94.92771524913414,683.0,20.15,0
24.348252606407364,94.30994214130403,377.0,26.7,0
28.423214246155283,95.44268455291068,2030.0,41.25,0
27.268973,96.037707,283.0,25.34,1
24.767,93.458139,489.0,38.09,1
27.229356,93.800968,366.0,21.07,1
25.93369202992519,90.92347959901244,316.0,5.94,0
26.34368515381037,91.67879420039748,53.0,3.61,0
26.831889,95.077944,280.0,8.58,1
23.77022222,92.76,1129.0,35.48,1
23.62020616103532,93.51136853597411,1293.0,21.38,0
23.41777778,92.76944444,1187.0,20.02,1
28.01477411955642,96.32698512412033,619.0,30.72,0
27.153056,92.56175,1634.0,17.8,1
27.549920265586007,96.39751811974264,472.0,16.33,0
24.094248,92.917745,785.0,31.37,1
27.34165637340318,93.62332874188957,2332.0,17.86,0
23.478556,93.311722,1618.0,28.47,1
27.283639,88.189944,1748.0,35.73,1
26.126694636833733,94.69523987854076,2188.0,21.98,0
25.10430933115516,91.55660735057552,13.0,0.69,0
23.800556,93.15889,460.0,25.02,1
27.07105649713334,88.27205952879346,1362.0,25.25,0
24.078422,92.792189,919.0,39.09,1
25.65382157529929,94.8903432498605,1817.0,25.66,0
25.165472,93.695528,991.0,37.85,1
25.651528,94.52225,1128.0,46.27,1
26.5235,93.28166,108.0,26.34,1
25.576847,91.753423,1706.0,19.75,1
25.99875,94.026203,465.0,38.16,1
22.967715,92.925677,773.0,18.42,1
23.476845583252803,93.57287783771916,995.0,29.24,0
25.14522470039894,94.20813947987,1034.0,17.78,0
25.19470191453104,92.29045206831556,712.0,15.16,0
22.687567477377023,93.0533317833062,1325.0,32.7,0
23.848083,93.076691,680.0,15.79,1
23.816611,92.662306,133.0,14.79,1
22.802805,93.004639,1245.0,37.38,1
27.822092003947084,95.27746286738164,126.0,1.33,0
26.06258373951826,93.46702590082552,640.0,22.53,0
23.113126,92.74564,833.0,21.82,1
25.575,93.777,1445.0,17.57,1
23.196638,92.679802,1015.0,9.1,1
27.646395113079773,96.22312860192922,330.0,3.48,0
23.225227,92.912496,734.0,40.76,1
22.07793401777209,92.7803153672311,129.0,13.34,0
23.71111111,92.72861111,785.0,36.08,1
25.8465035843478,90.81757981181136,80.0,5.79,0
26.400017559725505,95.12157427476156,1891.0,33.11,0
27.33787,88.609377,1578.0,24.96,1
26.59412193916588,95.23904764083396,846.0,25.06,0
25.167806,93.749222,693.0,29.97,1
24.1,93.9,981.0,23.55,1
23.950417,93.037109,1067.0,24.07,1
23.44608,92.861819,784.0,22.3,1
23.74194444,92.71305556,902.0,22.67,1
24.917611,94.576556,1121.0,33.33,1
27.4784768929461,93.81444437702508,1699.0,26.55,0
23.502513,92.697754,742.0,28.42,1
26.898504264071107,88.15410008718328,1501.0,22.21,0
25.17438590903064,93.43874278178332,783.0,48.22,0
28.448428,95.855303,849.0,32.57,1
27.758786960586747,91.88850052165964,4159.0,14.78,0
25.570995156643736,91.0757508265965,936.0,10.34,0
25.37129167,91.48003056,1567.0,8.53,1
25.226833588416664,93.69243238412508,1157.0,37.46,0
27.48264729562573,88.16168437904909,4039.0,8.84,0
24.48318497183415,94.024623565088,889.0,24.75,0
25.416778,94.577472,1507.0,25.82,1
23.88432186382242,93.56970177529712,1029.0,25.8,0
24.798042,93.722439,953.0,33.46,1
26.353046377215065,92.01378345330616,51.0,4.91,0
23.74066667,92.69336111,927.0,13.9,1
23.204282,92.576174,770.0,26.57,1
26.48598594448749,95.14510685450904,1702.0,33.74,0
26.183889,94.265472,1080.0,12.39,1
23.993632,91.858355,80.0,19.88,1
23.30244378060092,93.44258074623768,1382.0,18.72,0
24.97714,93.03344,176.0,12.86,1
23.361979,93.299909,1196.0,29.52,1
25.493506363142945,93.82027593051367,926.0,29.25,0
24.39592258826138,93.5972455431048,1328.0,17.27,0
24.821028,94.50425,1289.0,19.84,1
25.755206,94.179975,755.0,30.46,1
27.701965893861622,94.94051693032507,113.0,2.51,0
25.746806,92.107806,913.0,22.34,1
27.435901063876333,88.84020931689521,4442.0,10.1,0
25.120527235822163,94.74399563564202,2208.0,25.82,0
26.03155993736012,92.56885390413248,73.0,0.0,0
27.36181355553913,95.75091432669696,141.0,4.86,0
27.37024759623129,91.70365629632867,1534.0,19.7,0
23.31310502944568,93.53423125938755,1376.0,17.24,0
26.79595333553356,95.17138206590656,748.0,30.24,0
28.113846,95.273389,369.0,29.18,1
27.42207070278631,88.13709961384512,3419.0,37.47,0
25.611361,91.022019,938.0,15.13,1
27.379923534350947,96.48326308185828,1504.0,29.59,0
24.91048099578545,92.68711177014242,19.0,1.45,0
26.47080050620837,95.1146718284115,1948.0,10.94,0
26.26181975715209,92.6847994135282,60.0,1.73,0
25.323412583015912,91.13004884281496,406.0,4.4,0
25.215028,92.075167,670.0,14.74,1
26.193056,94.2465,510.0,17.38,1
25.84021,94.435083,1758.0,20.56,1
25.996934853827828,94.38122726296766,661.0,25.57,0
26.394222,94.553472,1021.0,11.26,1
25.10549239962772,91.80191231807495,16.0,1.8,0
25.065056,94.544583,1679.0,38.26,1
25.378626766370488,92.70965738305192,808.0,14.14,0
27.363833,93.025139,795.0,15.44,1
24.97135817306304,93.31595153010824,203.0,33.17,0
26.07280826209626,94.718792524159,1625.0,18.53,0
25.712031,94.089791,1446.0,22.71,1
26.826194,95.075917,373.0,6.47,1
26.94332582796505,94.8368077679891,96.0,1.85,0
28.639389,95.033639,445.0,21.86,1
26.211210668837136,94.3608789966988,810.0,16.79,0
26.417222,94.960833,759.0,24.22,1
27.08640482117727,93.4457528224425,881.0,36.31,0
23.882055,93.041222,876.0,43.03,1
25.822458,92.546381,481.0,11.88,1
25.548089,91.647706,1717.0,4.7,1
25.383311651109167,93.94297497942016,1102.0,23.72,0
26.19622222,91.76336111,90.0,4.12,1
25.407917,91.998889,1522.0,9.2,1
22.99169936243388,92.3878449580874,42.0,0.34,0
24.044715092162985,94.33700400763018,168.0,2.23,0
25.171007985075384,93.54232652836016,494.0,27.12,0
22.29595897458357,92.8319262748656,178.0,38.81,0
24.85849742431964,93.03869765481429,35.0,1.12,0
25.613,94.745889,1968.0,27.55,1
28.77891819469612,94.57713735344616,1643.0,41.67,0
26.47506584957311,95.22023725465642,1651.0,19.04,0
24.95247568931104,93.900670163122,1025.0,24.64,0
24.629861,93.695278,1367.0,33.92,1
27.2453850416544,96.22812649556523,994.0,10.83,0
22.17,92.99,1278.0,12.01,1
26.379167,94.44625,885.0,21.49,1
28.69438037970464,95.87877599940524,1983.0,41.77,0
23.270139,93.293333,1304.0,38.46,1
25.913997,91.578903,414.0,17.76,1
25.825742959271413,92.0782422453058,1113.0,11.69,0
23.646848,93.068776,859.0,35.9,1
26.580985208124552,93.76359700415584,85.0,0.81,0
26.275167,94.770472,1948.0,38.74,1
27.59400289079629,94.10793752355738,1838.0,60.26,0
28.243595401167333,95.71304582900945,240.0,3.14,0
28.427393,94.674582,562.0,9.42,1
22.68,92.66,606.0,5.01,1
25.331877430883782,92.91150479637562,722.0,10.24,0
27.44938782858969,88.41662040240278,3587.0,31.84,0
26.841937607990875,93.51578955670578,81.0,1.74,0
26.0073,93.9983,657.0,31.65,1
25.17175,93.00726,728.0,17.83,1
27.264694,88.792667,3589.0,41.35,1
25.30318679193288,93.92226347454788,1583.0,25.38,0
25.82528,92.54775,465.0,11.0,1
23.59027778,92.71583333,788.0,33.93,1
27.73842272395327,88.63414886037366,3569.0,34.93,0
27.90557680553672,96.27188031621176,263.0,1.85,0
27.48819649999517,91.94495488752888,3147.0,11.59,0
22.440001,92.879997,585.0,32.09,1
23.141589,92.751435,887.0,22.76,1
23.700889,92.878361,495.0,33.84,1
25.77561389,93.80086111,314.0,21.14,1
28.681380331725176,96.04467365924914,1742.0,30.65,0
23.099615,92.752199,780.0,7.8,1
23.83972583548883,92.18523226807277,146.0,13.85,0
26.18841667,91.85125,96.0,28.28,1
26.97214905472029,88.67561937918117,376.0,25.77,0
23.199167,92.683334,1017.0,27.87,1
25.75832168451881,90.94168690452383,568.0,9.6,0
27.342,88.223722,1229.0,33.38,1
25.91919822147148,92.10946531011533,794.0,14.64,0
26.77118534454937,94.55612862088184,108.0,1.06,0
25.757752,91.252285,769.0,18.45,1
24.86999304284692,93.35116446574736,477.0,31.03,0
26.214165336032355,91.59834178783724,49.0,0.69,0
23.075564030815688,92.3080914712631,192.0,32.53,0
28.782426,94.810546,494.0,44.93,1
26.86407888635789,95.65125525102064,1835.0,19.22,0
24.19,92.33,70.0,8.35,1
25.465055338765268,93.23430034306314,288.0,10.64,0
26.925975128594807,92.91207295688488,107.0,1.8,0
24.896421947542017,93.00676489556588,45.0,9.22,0
25.998899130085125,92.76872318123874,70.0,5.94,0
25.01172580975345,93.43391760710574,287.0,18.56,0
25.188,93.066,714.0,7.57,1
24.45143884767875,94.00374960477043,787.0,3.1,0
25.264278,94.543611,1259.0,26.87,1
25.582061,91.185611,1224.0,14.12,1
24.628,93.603944,944.0,25.45,1
25.241454785144747,93.77344305523522,1889.0,28.45,0
23.58694444,92.7175,957.0,16.29,1
28.1120822862006,95.83292400612692,294.0,3.71,0
24.986333,93.494361,1085.0,16.2,1
23.3000152893385,93.0023529842026,643.0,35.68,0
27.172333,88.381444,1600.0,32.1,1
26.020603,94.50632,1425.0,34.12,1
23.99333333,92.68055556,520.0,26.25,1
23.97,93.95,1586.0,28.21,1
26.087986182391496,94.94536277591013,807.0,23.97,0
27.2115,88.58775,1416.0,43.07,1
23.54277778,92.70333333,908.0,33.94,1
27.507063103342524,88.77403237076705,4635.0,28.05,0
25.64551335192324,91.37033258927664,1728.0,10.81,0
25.334555649024576,93.86990868245752,2371.0,13.53,0
24.439195280968875,92.866329656136,137.0,9.95,0
25.19972904656625,91.91989024926832,450.0,4.13,0
26.59041,93.47616,124.0,10.4,1
23.308186403566868,93.56695733217926,1262.0,25.48,0
26.17672,91.76525,87.0,18.7,1
27.57620188091403,88.79851357252998,4857.0,10.46,0
23.906917,92.271944,732.0,25.98,1
24.22199605491721,94.32467520323654,159.0,3.9,0
23.32925688337168,92.5659956024013,308.0,37.13,0
25.326063,91.931808,989.0,37.94,1
26.174472,95.027972,884.0,18.9,1
23.54972222,92.70361111,812.0,19.19,1
24.487165839348897,94.3307183036234,815.0,20.01,0
26.33266333866201,95.20581400222318,866.0,21.12,0
27.71225722417795,96.1660457427882,242.0,3.77,0
25.993164,94.034803,652.0,34.72,1
27.844444,93.973944,638.0,36.22,1
26.241140570257656,93.86060205440528,117.0,2.08,0
27.44256654154876,88.73676466678398,3672.0,37.28,0
25.543,94.357,1663.0,24.35,1
22.43052025556912,93.24639448532685,1344.0,8.8,0
23.58777778,92.71277778,802.0,21.78,1
25.391274742086264,94.40045095317814,1594.0,40.56,0
25.345611,91.895,1577.0,4.19,1
27.91998798649879,93.23199205008558,1845.0,19.47,0
23.717028,92.692389,798.0,36.88,1
25.150557480366185,94.06543386948528,863.0,3.89,0
25.930611,94.112139,763.0,10.5,1
28.07224485016441,95.82043775115378,219.0,1.64,0
23.406236,93.356052,1293.0,9.52,1
25.3673559345802,90.91014497337528,513.0,3.11,0
23.413501,92.725781,1095.0,30.39,1
24.972450100266364,94.3052569362506,904.0,23.62,0
27.33879899148155,93.70005787058255,1738.0,11.41,0
28.18321650782079,95.103178793604,1745.0,25.65,0
28.255261,95.582613,441.0,21.02,1
27.54903557511649,88.4031306225254,2331.0,39.22,0
25.724044006068567,91.79230518392394,770.0,7.69,0
26.073194,94.482139,1254.0,43.66,1
26.994958872530475,88.49184025724372,627.0,46.53,0
22.309944,92.768059,244.0,15.99,1
27.702833103524927,92.77642845380107,2501.0,50.07,0
23.7249396986344,92.3008921766386,197.0,13.0,0
28.251608406761665,95.98683100510456,2881.0,33.36,0
28.18843540137833,96.40232656192924,3437.0,43.34,0
24.330595325106064,92.29385566205563,36.0,1.72,0
27.42652573812587,88.06935321546908,4301.0,12.62,0
28.242969,95.537549,601.0,28.2,1
23.876185065891395,93.86147929290934,1692.0,28.91,0
23.109405785318057,93.4919868296622,1228.0,27.85,0
24.833944,94.08125,827.0,4.32,1
27.057472613173644,95.07915357154675,106.0,1.47,0
23.669278,92.592278,1011.0,13.04,1
25.27325,94.555417,1588.0,24.6,1
25.09712421582034,91.7086451482218,8.0,1.12,0
23.174558,92.612556,771.0,4.43,1
25.549,94.286,1876.0,25.83,1
27.882056,93.444333,786.0,32.49,1
24.819722,93.459972,692.0,21.63,1
27.293417,88.294917,744.0,45.34,1
27.172083,88.090333,2327.0,17.42,1
24.7825,93.19944,191.0,25.61,1
25.45891817394805,94.76164377718749,2161.0,29.83,0
27.528722,88.600833,1491.0,45.42,1
23.607124,93.088782,1118.0,30.06,1
25.42439661965493,91.18204164093824,1061.0,23.2,0
23.30622,93.294554,1464.0,33.29,1
25.070648013161847,92.57137377811932,447.0,52.73,0
26.813674493991712,88.45091228021559,178.0,1.39,0
27.361583,88.839306,3836.0,30.38,1
22.973735,92.725975,545.0,8.7,1
28.330756825107542,95.66498727057837,1168.0,39.78,0
24.737410922083708,93.81276546408591,781.0,3.49,0
23.760466,92.848969,829.0,14.63,1
25.633896,91.891833,1231.0,16.95,1
25.471302062813088,91.98680634464915,1602.0,8.88,0
25.78080576711009,91.52468217897815,712.0,17.93,0
25.2595481366268,94.21050140275938,1219.0,14.79,0
25.214783,91.590875,761.0,21.6,1
22.499497881060325,92.56289180273583,82.0,11.67,0
27.438778,88.527444,1291.0,27.48,1
23.88952362648864,93.87062252428794,1347.0,16.26,0
25.669,94.192,985.0,17.59,1
26.0591,92.236,71.0,12.25,1
25.814822,94.950353,2074.0,28.51,1
28.79489852927145,94.6431007444446,1697.0,35.94,0
27.21331568413635,89.01052347863285,2272.0,38.58,0
25.32877760251632,93.7824451789225,1333.0,25.61,0
25.613583,91.871778,1317.0,17.34,1
27.52827902303269,93.59807010807154,1588.0,8.94,0
27.68436140435253,88.46496768266685,3610.0,13.65,0
28.568957478333544,94.68029599681836,1191.0,28.98,0
27.91716246736416,94.13837505438188,778.0,30.24,0
25.600152113930584,92.13720774532806,1030.0,8.0,0
25.634075920741296,92.23815984451032,1087.0,6.24,0
24.985,93.52113889,1043.0,19.85,1
24.982388167668987,94.07445022003652,960.0,28.37,0
25.496367,91.163575,1187.0,16.79,1
27.588873987221344,88.28331197997176,3360.0,15.19,0
27.204636408524404,94.03939787917676,95.0,1.95,0
26.154917,94.250194,1010.0,36.28,1
26.249,94.819778,1387.0,27.38,1
26.178889,94.638139,1613.0,30.58,1
23.181667,92.736374,820.0,15.12,1
25.159778,93.7065,855.0,35.63,1
26.272028,94.585056,951.0,18.81,1
23.619791,93.33801,1580.0,26.83,1
26.65758260386734,95.31095724030706,1652.0,25.08,0
25.486445075677903,94.3203811274665,2041.0,26.76,0
26.165605888604897,93.30449775326672,464.0,14.95,0
23.311335,92.858026,1056.0,21.75,1
26.049285,94.635198,1963.0,36.5,1
25.546456,91.235733,1329.0,20.15,1
28.36767001607503,95.6288632827116,1747.0,46.62,0
28.74180373101108,95.66190664158512,2221.0,22.07,0
28.742911369398843,96.01080542475908,3409.0,21.96,0
27.70830830006182,88.46601317707162,4504.0,21.24,0
26.63664717476901,95.499687257904,2229.0,25.19,0
25.375806,92.609725,1049.0,8.93,1
27.0680031865292,88.21868155618435,790.0,14.64,0
23.793444,91.552056,144.0,16.4,1
25.6,94.841389,1283.0,23.45,1
27.11849431132154,88.63193132349627,1273.0,41.72,0
27.05762228884828,88.25759798701996,1933.0,30.99,0
25.156694,93.017667,616.0,29.12,1
24.59635709076353,94.41216140926475,699.0,5.91,0
25.19,93.191,800.0,11.2,1
25.206686,91.73898,662.0,31.97,1
24.796944,93.737583,1158.0,26.36,1
25.52,93.73,1282.0,22.65,1
24.77812420451702,92.78164808528082,23.0,1.53,0
25.440174861360497,93.0485749183151,244.0,12.53,0
24.10743611,93.09532222,421.0,39.78,1
25.64977014329932,92.32412814482016,1000.0,23.8,0
23.92994684165288,92.51972653167552,118.0,12.12,0
25.94875556721536,93.79718327106684,139.0,1.04,0
25.66365046028569,94.93134809424768,2690.0,24.68,0
26.78758719840889,94.88028218682436,237.0,1.74,0
26.0046308000408,93.56946278680395,256.0,17.06,0
25.585875,91.777328,1692.0,21.24,1
25.4700096603272,94.74640181455908,2029.0,32.61,0
26.438845700860607,94.2875735523644,281.0,11.73,0
23.26147646327742,93.41394877297024,1540.0,25.87,0
25.118083,93.649472,1218.0,20.04,1
23.62443581570532,92.52943384235292,405.0,27.37,0
24.291542327280563,92.39311297550844,53.0,0.51,0
27.2195,88.210222,1797.0,28.36,1
28.21728500593197,95.34355568031502,983.0,19.46,0
26.8433390759888,92.51814277765529,111.0,1.73,0
25.77308611,93.91128889,650.0,21.21,1
25.62444082757958,90.89646966604586,582.0,11.87,0
23.862638,93.204025,996.0,22.03,1
27.153306,88.3135,1225.0,31.22,1
23.644962,93.076363,864.0,17.54,1
23.382772,92.845187,928.0,26.77,1
24.10710778,93.11535444,1001.0,36.08,1
25.42125412980752,94.89489103918191,1095.0,42.56,0
26.768667,95.086222,993.0,30.57,1
24.6343477034164,93.95158771926252,772.0,3.99,0
25.227183,91.690972,479.0,22.5,1
26.102333,92.4415,313.0,17.32,1
25.62970318788016,93.78930230402706,664.0,17.53,0
22.9782007971186,93.3495585096071,944.0,27.29,0
26.3604176221396,91.73567104453564,60.0,1.81,0
26.580667,95.093056,1444.0,32.46,1
27.485498140319528,88.68714027748388,3673.0,44.54,0
26.08167977781104,93.75642862824178,142.0,2.37,0
27.15954282088592,93.9699239316573,92.0,1.06,0
25.557263430798017,94.00405471651747,2435.0,51.68,0
27.13207310569928,93.48092678815986,1064.0,20.48,0
24.682833,94.269306,1409.0,3.91,1
25.17702778,93.02088889,571.0,10.22,1
23.72083333,92.86472222,826.0,34.49,1
28.473396628396696,94.92041800117418,1086.0,25.58,0
25.86758157234675,93.79962487765592,160.0,1.38,0
25.5448579568868,94.0675413344796,2525.0,19.5,0
24.036893,92.771278,945.0,28.25,1
24.982611,93.52,1242.0,26.61,1
24.190369,92.94432,496.0,35.64,1
27.256,88.706167,1161.0,29.71,1
27.53909191550601,88.38498442707183,3253.0,42.38,0
24.954887,94.493465,1578.0,35.77,1
26.031528,92.472778,259.0,23.02,1
26.0075,94.021444,443.0,20.49,1
23.74361111,92.85416667,823.0,29.35,1
26.084935262489065,91.53616595933954,80.0,19.28,0
27.449138034667502,88.85378272732459,4130.0,35.84,0
28.46806300907041,95.69350035566104,1367.0,37.23,0
25.955255983643827,92.74398892408382,72.0,0.93,0
27.968,96.39822,439.0,26.97,1
25.294561358059493,92.97166640186124,437.0,12.12,0
25.786692,94.829933,878.0,33.49,1
23.43611111,92.76111111,1511.0,26.34,1
23.026566573890133,92.53289196918954,476.0,31.36,0
27.163556,93.752306,148.0,9.76,1
27.130930103841425,93.40436934847556,1190.0,35.62,0
26.576417,95.092972,1422.0,33.74,1
23.73111111,92.84944444,792.0,29.0,1
28.31085,95.979868,1028.0,35.05,1
28.21119620187651,95.70323882220823,224.0,1.64,0
24.14083333,92.92527778,657.0,12.53,1
23.325028,93.092333,1101.0,30.98,1
22.11,92.88,386.0,29.16,1
24.19265,92.944583,538.0,37.35,1
26.391361,94.620083,1329.0,9.2,1
26.107667,92.44003,243.0,14.52,1
27.14476683372424,92.46900569108072,2502.0,43.03,0
23.91916667,92.7375,886.0,31.37,1
25.642,94.201,1034.0,14.75,1
24.522224870293268,93.32450141713032,996.0,23.16,0
26.50584599508033,94.9886919188629,1749.0,24.06,0
25.556662238657506,90.62847478580228,516.0,5.38,0
28.36737063479992,95.6436304776478,2150.0,29.85,0
24.81867,93.54819,432.0,24.01,1
24.850441615586472,92.51178717158368,26.0,5.13,0
27.259256419946585,95.65774335638017,196.0,2.37,0
25.302639,94.014617,1415.0,10.67,1
23.897556,92.282889,405.0,32.66,1
23.025462491642408,92.58898050225758,117.0,5.35,0
27.021297805931013,88.47546966509077,340.0,35.24,0
23.627698342562443,93.45015880440262,1305.0,29.36,0
23.816656076832075,94.03101519797973,389.0,8.05,0
25.011892169230144,93.78181141754892,1878.0,30.91,0
25.21143573242228,92.2906915848978,809.0,2.78,0
23.69805556,92.72277778,858.0,31.09,1
26.182611,94.264861,1058.0,13.17,1
26.58,94.35,217.0,19.33,1
23.284565,92.857096,830.0,31.94,1
25.099269801419968,91.28797371147785,7.0,0.8,0
24.021514,92.673778,677.0,37.09,1
23.28170403689824,93.0003641632484,757.0,32.18,0
25.21043467430319,92.85079990885583,869.0,4.94,0
24.237872,92.798117,466.0,25.65,1
28.28683733887252,95.65821114257156,370.0,9.76,0
25.83206747029937,95.06320034190654,1731.0,19.22,0
25.714,94.086,1367.0,21.89,1
27.609056,88.652028,1663.0,33.87,1
25.602208,94.823292,1264.0,29.67,1
27.97754893458811,95.17181538574516,340.0,17.88,0
23.132685,92.798332,858.0,33.75,1
29.053604900995342,95.72402851225104,3001.0,52.62,0
25.438694,93.362583,373.0,15.06,1
25.439897653628776,93.93848952294816,1206.0,27.08,0
27.295444,88.094583,2097.0,39.84,1
23.73944444,92.82638889,428.0,16.26,1
22.96168537795078,92.59058698530868,99.0,10.94,0
24.77888944646197,94.2683162889182,677.0,17.65,0
26.959978534821435,93.36645103745622,259.0,16.46,0
23.545796,93.136912,864.0,26.63,1
25.46278766476804,91.2507749438246,1354.0,4.64,0
28.308943,95.966462,832.0,43.27,1
25.43827513808492,94.20781807830832,1262.0,4.5,0
27.23719,93.80556,269.0,20.94,1
25.742178,94.842917,554.0,37.61,1
23.59682696748198,91.84810419100914,123.0,6.5,0
27.51312444392253,92.87297927428256,1530.0,21.72,0
27.63194286730064,88.5552066982353,4043.0,17.85,0
25.211722,92.065389,619.0,26.02,1
25.115111,93.642361,1265.0,28.61,1
22.27,92.63,162.0,22.88,1
27.32116772137876,93.7256129938162,1519.0,37.87,0
26.923660127359472,94.85329819154684,100.0,4.16,0
23.706667,92.714694,1033.0,46.44,1
28.1873379015821,95.33662884925926,1369.0,35.11,0
25.206911301160687,93.49898535443546,1330.0,11.05,0
25.289806,94.525639,1122.0,30.59,1
27.241467999330844,96.43379760308493,1318.0,24.75,0
25.37146270170442,91.31202986726232,1424.0,8.91,0
25.57086,94.17047,1182.0,12.59,1
25.223152038998123,93.74446809476146,1664.0,26.18,0
24.14384803299321,93.6749167972107,1103.0,17.5,0
26.34961930057056,91.91046669924285,57.0,3.73,0
25.162389,93.010222,591.0,17.55,1
26.320639,94.398806,925.0,38.52,1
28.033278,95.235383,646.0,34.02,1
25.463778,92.04425,1465.0,12.64,1
27.60737516100553,92.1128771756612,4404.0,15.81,0
24.415470615585384,92.410408437423,35.0,3.48,0
28.53917319126162,95.35112510738897,2322.0,10.99,0
25.65,90.38,500.0,5.95,1
26.006028,94.003194,748.0,9.1,1
26.248989402255347,92.46414597347476,62.0,2.49,0
23.742754,93.094558,1222.0,33.56,1
26.347417,93.2982,309.0,3.1,1
25.006694,93.523444,1036.0,18.86,1
25.85475,94.002778,722.0,27.42,1
28.147806,95.224833,736.0,29.08,1
23.754475,92.722754,1014.0,35.49,1
22.38,93.03,1405.0,29.79,1
23.88888889,91.78888889,146.0,16.94,1
23.636453651674707,93.4022977971042,1284.0,17.04,0
26.091525696945528,93.8701845709658,133.0,2.77,0
22.24263346431136,92.48568061108602,209.0,27.18,0
26.07946877963731,95.27114983374484,2732.0,26.14,0
25.698,94.085,1246.0,21.21,1
25.525,94.146,1565.0,16.95,1
23.304640547048987,92.50667904436864,363.0,25.36,0
25.58136111,91.88338889,1450.0,16.49,1
26.03145,94.595353,1405.0,25.24,1
24.24263,92.212137,75.0,16.72,1
27.134389,88.40425,1809.0,23.75,1
25.16649,93.02289,558.0,18.8,1
25.655,94.438,1571.0,30.1,1
24.88661390714406,92.77185055012336,36.0,6.2,0
23.43417704796961,93.4377234015768,1088.0,14.61,0
25.018044856633413,93.84895821096192,1885.0,30.7,0
24.938656725756672,91.996575286357,22.0,2.37,0
27.399806,88.329139,1941.0,28.45,1
24.821059547463083,93.33209084393714,1067.0,14.87,0
26.936942387399228,93.6290254311306,90.0,1.04,0
23.717111,92.713972,946.0,17.5,1
25.651306900789315,93.35564402147344,308.0,8.96,0
22.0463580209256,92.8968594558396,439.0,35.45,0
25.044056,92.418778,170.0,28.0,1
26.379884245508915,91.6511336973327,61.0,2.76,0
22.850847,92.797028,1203.0,18.53,1
26.196306,94.485694,1085.0,23.25,1
23.708032432165123,91.44298793202935,53.0,6.47,0
25.824713898018786,91.59559544611012,447.0,11.39,0
28.40645302301706,95.62597734027533,872.0,7.06,0
27.713261484511463,92.92272797269256,2337.0,39.71,0
25.558442,91.228547,1302.0,16.83,1
25.33117365994928,94.6337213591754,1681.0,16.9,0
28.036532268993383,95.5341016452479,162.0,3.84,0
25.524931,91.514383,1596.0,22.97,1
25.71775556,94.07246667,1136.0,24.59,1
25.29739,91.46201,1082.0,13.51,1
25.063972,94.336,1574.0,26.85,1
25.117453,92.35705,171.0,27.58,1
25.224213558438,94.39938369227714,1564.0,21.13,0
23.735,92.85666667,770.0,23.62,1
22.533001,92.886002,654.0,25.98,1
25.817657954755965,92.30725889328428,788.0,3.06,0
23.791277,93.156387,665.0,26.06,1
24.677057360454,94.46619696183244,722.0,9.85,0
27.12491895432375,95.26166294284464,119.0,1.39,0
25.687456441404027,90.6835865882069,359.0,14.18,0
23.979927528863577,92.11970456660605,182.0,26.54,0
23.71824,92.72272,975.0,21.63,1
26.117417,92.438667,162.0,2.14,1
24.51123808292324,94.41723935494954,479.0,30.53,0
22.924437494194738,93.0338693415184,632.0,19.98,0
25.52426,94.1365,1723.0,19.52,1
27.13229902567811,88.65605306743782,1383.0,38.26,0
24.23,93.19,941.0,16.81,1
23.206029,92.740123,815.0,24.06,1
22.94661726350096,93.07476726827473,1323.0,32.4,0
24.68810528219548,92.71043316339436,23.0,2.96,0
28.50058750126941,95.57184096477935,2750.0,25.28,0
23.71388889,92.85722222,840.0,34.96,1
24.66788127423569,92.12279074723884,11.0,1.39,0
27.555194,92.966222,832.0,32.29,1
27.513661867071416,94.07813732903954,782.0,41.78,0
25.42315556,91.86329167,1740.0,38.54,1
28.785391,95.892707,1513.0,14.01,1
27.52820822017876,88.76606329291856,3979.0,32.19,0
25.39982565032148,94.37250906405474,1079.0,12.05,0
25.23528953142148,94.49886309864664,1469.0,39.46,0
25.71386578289003,95.07996599779992,2087.0,29.1,0
26.0034,93.9855,506.0,21.32,1
23.90966240124108,91.57250340685424,110.0,6.66,0
24.881815348262915,92.20909909956151,18.0,2.56,0
25.377431532603968,92.20742021632654,1259.0,6.55,0
28.09318930018176,95.07789174518766,1068.0,26.78,0
23.111111,92.789719,804.0,16.49,1
24.663477897132687,93.4324433411576,204.0,17.69,0
23.007032225386112,92.49085604810348,85.0,22.7,0
24.5678906701921,93.00741406623344,750.0,7.79,0
25.040511,92.446119,316.0,27.19,1
23.39895782139583,92.5593276004326,517.0,17.34,0
26.806409830260183,93.55135176547948,82.0,5.8,0
27.262583,88.562389,655.0,29.98,1
25.166266944248143,94.67453330013085,2047.0,28.41,0
26.33781033588095,91.5054587337617,46.0,1.31,0
25.39295833,91.55163333,1415.0,20.43,1
23.716333,92.688639,616.0,18.91,1
26.02547,91.87158,179.0,11.14,1
27.317083,88.178556,1587.0,36.24,1
25.093899951183307,92.46798266992823,460.0,13.42,0
27.465369343980115,92.88632393296962,1517.0,37.79,0
24.974709836336643,92.33486415197376,16.0,1.02,0
28.39695148926025,95.07034706306132,506.0,32.01,0
25.394361,94.628222,2209.0,22.13,1
25.21752142130923,90.9674794981005,208.0,24.5,0
23.62527778,92.78638889,204.0,7.81,1
25.13671085109488,91.9464925215603,16.0,1.79,0
25.14750756767634,91.92190370457196,16.0,1.3,0
26.038755,94.63616,1999.0,26.55,1
25.546783509466035,91.13455049756467,1135.0,13.57,0
23.151444,93.282333,1434.0,38.12,1
26.2971702224382,91.7517645022584,203.0,13.73,0
25.083694,94.502278,1694.0,35.0,1
23.78775,93.386887,1314.0,17.47,1
24.98722,93.50361,1291.0,6.29,1
25.903607662111792,91.31186285226808,262.0,12.3,0
24.836222,93.482111,399.0,27.38,1
24.58702324227965,92.01498086982556,14.0,2.66,0
27.135615441450906,93.26776119416522,1422.0,30.57,0
25.179861,93.070778,512.0,5.55,1
26.326111,94.866111,720.0,14.79,1
27.78281265401918,88.6626647179991,4328.0,15.45,0
24.1532130860268,93.79317201705688,810.0,8.15,0
24.45692337462984,93.41095743448636,581.0,37.44,0
23.191747,92.73459,785.0,18.13,1
25.77895278,93.80219722,265.0,37.89,1
25.606189,91.157706,1170.0,8.58,1
28.223825,95.829105,1408.0,23.97,1
25.898825,94.629367,1904.0,24.42,1
23.787414,92.725278,1244.0,27.1,1
25.444776703169552,94.73967699951096,1496.0,9.24,0
25.523,91.521389,1586.0,13.51,1
26.623977069513128,94.27349893006355,108.0,0.35,0
23.053698,92.772504,1009.0,25.87,1
27.44052669685397,88.74944003079294,4004.0,38.82,0
26.31547106140089,92.21742049126148,53.0,2.74,0
22.69781586918635,93.15312616665922,1056.0,30.29,0
22.800293865498904,92.31716222056151,108.0,22.57,0
27.191639,88.325861,479.0,32.21,1
26.18917,91.80111,80.0,14.54,1
25.28602574052956,92.01591937373168,965.0,23.94,0
25.41805721411168,93.85120561570382,1544.0,20.9,0
29.03898652857041,95.87793485098396,3185.0,16.52,0
27.059755,93.522666,255.0,22.76,1
23.096076686965088,92.2734938120716,76.0,6.79,0
25.840342,94.435119,1758.0,20.56,1
28.45062050260447,95.06528728479068,706.0,34.02,0
28.596044401400725,95.93065658889668,2021.0,27.96,0
26.45278,94.37526,258.0,11.85,1
23.180969,92.488193,773.0,16.65,1
28.3611659742544,95.87628317212298,1781.0,28.72,0
27.979306,94.228528,281.0,28.58,1
25.697,93.916,825.0,30.16,1
24.788159,93.663215,494.0,31.64,1
23.750454,92.69524,765.0,26.96,1
27.2533846,88.5489504,665.0,34.6,1
23.170678,92.899334,869.0,4.86,1
25.53015726181048,93.60162459954788,636.0,10.92,0
23.78,92.84,546.0,15.42,1
28.415028,95.247083,806.0,35.31,1
28.16939,96.52578,1209.0,34.13,1
25.211625,93.00113,321.0,23.62,1
24.264333,94.283806,390.0,18.17,1
24.069556,92.291361,271.0,31.77,1
25.808722,94.138278,1432.0,29.6,1
23.200105,92.584517,705.0,15.6,1
28.08019,96.54483,765.0,44.03,1
27.37501987420561,93.87903675638812,425.0,24.38,0
27.24315501210973,88.89100281692437,2864.0,34.89,0
26.86974994905461,92.64016830117468,101.0,1.62,0
28.219208138142083,95.07986269195408,1625.0,26.97,0
26.441218449015945,95.18395764842002,1321.0,29.44,0
26.213889,94.211111,585.0,33.74,1
25.559211,94.769978,1088.0,19.51,1
25.453528,93.371194,440.0,19.49,1
27.512278,91.875556,3095.0,26.62,1
27.245139,88.524444,481.0,31.38,1
27.093755,95.731806,757.0,22.36,1
22.15942511031802,92.34620073028891,78.0,22.17,0
25.49107609766337,90.96669062867898,639.0,6.17,0
25.920811,94.838889,679.0,56.59,1
23.441529981891467,92.54644528208937,453.0,11.12,0
24.499014,94.154514,1432.0,22.79,1
24.66349886760453,93.9377200810783,777.0,4.47,0
26.977720611317213,88.44564839400189,474.0,26.25,0
25.130361,93.6625,1199.0,23.3,1
26.595447953603724,92.9165809446326,70.0,2.37,0
28.266795,95.607261,473.0,15.48,1
23.61916667,92.7225,830.0,34.45,1
22.528764639615822,92.49287961124952,200.0,34.43,0
27.04154463789823,88.62310327242156,1642.0,9.03,0
23.60472222,92.72055556,794.0,26.98,1
24.48,92.49,56.0,14.81,1
28.45381735263216,95.63529330169035,2408.0,39.3,0
24.4015462783454,92.99761190314064,181.0,8.87,0
23.29267190439596,92.59226407159144,368.0,6.46,0
23.4785,92.7041,981.0,7.66,1
25.571555,91.826228,1281.0,34.08,1
23.664583,92.590111,1114.0,26.01,1
27.33825,88.60911111,1579.0,25.83,1
24.37309509375715,94.40137170505834,175.0,0.8,0
27.25850577187969,93.90891995134017,217.0,10.84,0
28.12902679476144,96.02743625406626,1394.0,33.33,0
27.901066978917434,94.39482978605658,948.0,39.6,0
27.51444444,88.56777778,1463.0,17.33,1
27.206917,88.323278,455.0,27.49,1
23.197752,93.007805,945.0,35.11,1
25.357472,91.229167,1087.0,21.21,1
27.763224945255583,95.0685940363213,119.0,0.74,0
25.164847,93.696828,963.0,31.55,1
27.25225,88.60811111,1136.0,36.76,1
24.081312434783705,92.72182081422902,208.0,26.2,0
28.153215855500047,95.89732082082662,828.0,42.18,0
22.841097,92.792755,1173.0,24.42,1
27.97028812985824,94.930669323654,876.0,28.9,0
26.781767670668245,94.39147240019685,100.0,1.94,0
23.098261,92.751461,756.0,24.1,1
25.536355701996413,90.48858301071348,544.0,10.14,0
27.220306,88.261861,1608.0,37.5,1
27.200389,88.3545,1112.0,38.4,1
25.234097,91.866071,852.0,15.19,1
25.277215,91.865449,1153.0,16.83,1
27.668611,93.63,1104.0,34.53,1
27.18740381133245,95.83612525424202,309.0,13.28,0
26.924683249425936,95.2841155058234,417.0,19.91,0
22.66251623130841,93.15057099436484,1044.0,30.29,0
25.785144533489017,92.350548218775,721.0,8.49,0
27.6446968459414,92.20123489462486,4503.0,21.57,0
27.76780644982089,94.50595623352936,396.0,30.24,0
24.82511279349728,92.83459560617412,28.0,4.0,0
23.870445,93.353859,992.0,28.6,1
23.37501653025601,92.49849457808948,534.0,33.77,0
28.363006661508656,95.1043165108284,1153.0,24.49,0
25.14168889174242,93.20901412813176,1087.0,21.3,0
23.950856934443618,92.48248944286811,613.0,21.77,0
23.647342,93.303877,1731.0,34.3,1
25.2290624248735,90.79489161831172,115.0,18.84,0
23.72949444,92.77544444,696.0,37.0,1
25.59683730131453,93.6168195315866,337.0,6.1,0
24.028399669922784,92.55158651815682,126.0,21.18,0
26.844028,95.080972,280.0,10.58,1
23.125271,92.740646,801.0,24.47,1
24.49816068405576,93.0007718884631,425.0,12.09,0
23.73205618815968,92.41314139097874,275.0,9.6,0
23.7335,92.674472,851.0,36.73,1
26.240556,95.065694,1172.0,29.82,1
25.879889,94.035417,1124.0,44.27,1
27.444733035078524,88.8730360037616,3773.0,19.97,0
27.10134854599012,88.5481906608908,1576.0,25.27,0
23.62361111,92.78888889,235.0,26.46,1
26.148727,94.626957,1516.0,28.34,1
23.068421004444343,93.50790736821148,1255.0,21.17,0
25.594,94.314,2002.0,27.07,1
26.759389,95.108944,898.0,21.51,1
28.773006299834595,94.73643280272114,1645.0,24.84,0
23.315355,92.790619,617.0,31.83,1
24.78725,93.696694,805.0,38.73,1
27.720444,94.721528,338.0,10.91,1
25.80894785629067,92.3228767809305,734.0,20.87,0
25.155183109968945,93.49215590886064,691.0,39.74,0
27.436556,88.526639,1284.0,25.0,1
23.414132982476943,92.57449568962058,231.0,16.45,0
23.47436926478371,92.40956989083725,568.0,21.04,0
28.809244,95.92821,1344.0,44.28,1
27.12689515220608,93.30209834646148,979.0,31.26,0
26.205135,94.811625,1799.0,25.27,1
25.696,94.32,1573.0,25.52,1
27.121444,88.153417,1291.0,26.86,1
25.424,93.0,243.0,23.37,1
25.16341222472195,93.42943639029922,832.0,29.57,0
27.72532236966428,92.81697594391652,2743.0,30.34,0
26.007989608608856,91.22320355903815,47.0,1.39,0
25.781003332335786,95.20540297823356,1109.0,27.49,0
24.75771904429801,93.55944029491825,852.0,28.33,0
23.198272,92.589291,704.0,3.69,1
28.256397,95.550978,603.0,43.64,1
25.98717071902897,94.962098714438,1379.0,29.71,0
25.651328760280403,92.2900212543356,1014.0,4.86,0
26.425346,94.387013,776.0,24.29,1
27.724222,88.552861,2684.0,33.68,1
27.39845359101579,95.97692310876587,258.0,5.37,0
24.091081,92.795582,922.0,20.41,1
25.327296342160952,92.94533157842582,332.0,25.93,0
25.47022820991243,92.30569486673949,1338.0,0.69,0
28.083417,96.461433,884.0,41.84,1
25.163528,93.736222,762.0,26.11,1
26.293218137912927,95.01799179092654,1901.0,25.08,0
23.13732,92.747276,863.0,37.48,1
25.16557349056015,93.8696638926996,2380.0,30.47,0
25.81274354781541,90.93067105420756,430.0,12.05,0
25.783278,94.388306,1816.0,21.86,1
23.72159315445509,92.4436289491887,260.0,6.69,0
27.437444,88.613972,1574.0,27.75,1
27.541345335174075,96.51237707359483,684.0,29.89,0
23.03606235357445,92.306133786358,284.0,16.14,0
24.24722222,92.69333333,400.0,22.66,1
23.043269,92.77264,1058.0,29.5,1
25.65947301089484,90.89140985936008,662.0,10.34,0
24.72878855617544,92.36420447623703,21.0,2.04,0
26.176278,95.009889,1073.0,24.13,1
26.165972,95.021667,1095.0,27.93,1
23.8985,92.64739,99.0,27.25,1
23.88194444,92.88166667,874.0,27.16,1
22.27342992567152,92.8856262317806,227.0,10.53,0
27.034836639001977,88.50446512080221,898.0,35.57,0
26.112806,95.051944,1958.0,34.48,1
25.33020755625701,93.8834435981492,2726.0,14.76,0
27.4805015610341,88.70455356145666,4169.0,26.63,0
25.49038590938445,94.30366401843132,2007.0,36.78,0
23.881056,93.245804,1476.0,29.93,1
23.715,92.85472222,816.0,33.06,1
27.11622470610496,92.83189850857768,928.0,10.84,0
23.31675405693641,92.97922161707258,1278.0,32.69,0
25.169861,93.002528,704.0,24.94,1
25.46390630478558,91.9836149945561,1681.0,3.7,0
27.915545902671795,94.20442553894708,1379.0,34.87,0
24.01,93.97,1307.0,18.2,1
28.07245730629173,95.8650473494542,269.0,2.66,0
28.16206,96.53061,979.0,65.88,1
23.61583333,92.79111111,329.0,33.38,1
28.03399806130209,93.52948614534316,1691.0,29.18,0
24.63875,93.611278,818.0,20.9,1
23.514518306364817,92.28497071553522,204.0,3.13,0
28.626972,95.035722,500.0,25.47,1
24.169769522519413,94.33381222512809,165.0,2.3,0
27.68445278,88.7379,2674.0,53.42,1
25.20206006787076,93.81201018529131,716.0,5.89,0
26.21957751652559,93.93847187697844,117.0,0.74,0
28.208389,94.830667,257.0,26.88,1
22.93,92.49,43.0,10.11,1
26.257028,95.099528,1328.0,16.04,1
23.260038,92.882734,874.0,33.82,1
27.56422109228584,88.42852960085015,1272.0,38.87,0
25.34330069901264,90.75178400472628,517.0,21.63,0
24.735916844814746,94.46375225029256,460.0,24.34,0
26.68490543475376,94.92275490707816,915.0,40.58,0
27.0814197637608,88.07282401159925,2075.0,20.55,0
26.08925933664404,92.72803274667385,64.0,2.59,0
23.50861111,92.69805556,834.0,31.99,1
22.503,92.889,856.0,25.28,1
26.260333,95.104806,1345.0,53.85,1
26.433889,94.864444,762.0,27.24,1
26.14520796178109,93.8927509519707,124.0,2.77,0
25.109731172296765,91.82331094427322,11.0,2.66,0
25.21522561269787,92.69037116284336,1222.0,12.4,0
22.72137844398825,92.91672593788728,201.0,14.47,0
28.314581,95.966345,875.0,33.43,1
25.78017222,93.80064167,243.0,14.02,1
25.013161,93.529758,1070.0,28.2,1
23.462805,92.856093,1054.0,13.18,1
23.821894,92.569325,714.0,29.05,1
24.808874,94.368466,1566.0,30.35,1
24.34,93.66,1058.0,9.69,1
25.64046550858324,92.61131414092164,773.0,8.73,0
28.66437523811272,96.1508731855916,1442.0,30.05,0
25.448389,94.003139,1685.0,34.88,1
25.17365635599421,94.72182181484308,1869.0,22.51,0
25.562,94.168,1276.0,21.84,1
28.43833727277387,95.07974751758898,460.0,37.59,0
22.616112032148703,93.08049274175664,1029.0,26.77,0
23.812167,92.835194,510.0,31.61,1
27.133801881126903,93.19844908337409,1637.0,25.48,0
22.862419,92.706055,473.0,30.59,1
24.279575,94.077164,1344.0,17.17,1
25.49896161087977,94.73469223578364,2507.0,56.43,0
25.455672,93.737492,1548.0,24.0,1
27.293806,93.050139,1226.0,24.89,1
27.84860951491563,94.0453065628189,1808.0,21.5,0
24.23,93.08,754.0,40.9,1
25.052789909874,92.89312493905908,740.0,24.08,0
27.254756,93.801303,288.0,37.53,1
23.54805556,92.70138889,772.0,33.58,1
25.353329920909964,92.16362287334935,1236.0,29.58,0
23.11239,92.745417,838.0,16.91,1
24.861440273232123,93.3070482422367,1004.0,10.46,0
22.872849,92.748711,1008.0,39.0,1
25.821262094554964,91.58941844361532,365.0,16.28,0
23.353803,92.794306,1369.0,26.85,1
25.67228794899583,91.7333544189552,944.0,25.92,0
25.1616420274792,94.03852156231208,1239.0,36.94,0
27.821861,94.104806,1051.0,26.1,1
26.849624,95.320878,1075.0,42.11,1
24.21,93.3,886.0,24.12,1
28.202844,95.811201,876.0,47.86,1
28.35137486380813,95.62811697871288,1175.0,25.34,0
23.08247250244293,92.4766200621994,136.0,20.18,0
26.038499522768696,94.91997678877308,747.0,23.92,0
25.417167,94.578556,1523.0,23.54,1
24.539176245481816,93.000242887306,469.0,16.88,0
27.163388,95.746685,724.0,20.39,1
23.047367,92.772849,1022.0,9.21,1
24.140686450008538,94.2300804659897,290.0,10.53,0
23.41805556,92.77111111,1245.0,21.27,1
21.930538549904256,92.71895506296003,159.0,5.81,0
23.187473,92.734547,840.0,1.58,1
25.831746256033373,91.71701670533922,694.0,10.9,0
25.13208119048144,92.01668569935576,13.0,4.18,0
23.936453560584965,91.51640284853109,144.0,18.17,0
23.60111111,92.7225,699.0,31.06,1
25.47203863827748,94.30372006967612,2234.0,17.6,0
23.919311260810577,93.4663581193141,1317.0,42.84,0
26.169111,95.041361,957.0,33.17,1
26.352454669067026,94.2010715109481,261.0,15.54,0
28.15665172796441,96.61125057619812,2725.0,49.13,0
24.751222,93.459722,466.0,32.96,1
28.2848768811441,95.11410266840768,1550.0,28.64,0
26.8861876088641,95.66892840584728,1739.0,32.22,0
23.720611,92.692722,871.0,24.96,1
28.31297994855944,94.58986485474108,1706.0,39.89,0
24.524125,93.816333,794.0,26.47,1
24.961853870206006,93.24826889290937,114.0,1.72,0
25.03671771346376,92.17506563940516,14.0,0.8,0
24.429599609592685,92.99267884904768,275.0,23.95,0
25.322822,94.088994,1174.0,26.37,1
26.264444,94.815556,1278.0,13.11,1
25.915444,94.119639,1162.0,31.18,1
25.360351,91.974979,1193.0,26.71,1
26.156633,91.938576,109.0,9.12,1
25.52370934808756,91.04562385992726,859.0,13.86,0
25.33576505397006,93.9171102406954,1911.0,21.43,0
28.43029943636993,95.74741417889308,1452.0,43.06,0
28.22537220107824,95.3027678092117,1252.0,31.36,0
24.837576,94.337593,1171.0,35.62,1
28.61212493446194,94.85334008701192,1913.0,24.99,0
25.52165012071677,94.43548099442486,852.0,26.35,0
28.568694,95.143556,1107.0,29.08,1
25.937847191000323,91.16337787911806,56.0,2.14,0
27.70074496289856,92.09362787916623,4605.0,34.63,0
23.391983,93.376078,1167.0,40.37,1
27.546278,92.981472,611.0,29.03,1
27.232639,88.378417,2123.0,24.39,1
25.16525,94.354611,1714.0,13.57,1
27.743842065806803,96.53354780923276,1857.0,39.59,0
25.049444,92.79725,110.0,19.6,1
22.27078419538615,92.96804405476426,450.0,28.77,0
27.82328229628836,96.28677986427184,267.0,3.66,0
28.110196022504336,95.61377452406066,201.0,1.4,0
27.220889,88.652278,1004.0,22.59,1
22.585528417180136,92.77724586617543,413.0,17.36,0
26.097806815881007,95.13182587202525,2476.0,19.92,0
25.165222,93.697722,959.0,25.5,1
27.268944,88.2875,587.0,46.28,1
26.25585149258789,93.10569591156148,91.0,3.39,0
26.850540773853737,94.75398158821795,104.0,0.35,0
25.593057345630967,93.22323906328442,399.0,29.65,0
27.579023396612808,88.39818910546079,1570.0,26.66,0
28.582183676811614,94.76905437177103,1915.0,26.99,0
26.93174770968158,92.88705874003576,105.0,1.92,0
23.687833,92.722444,1018.0,42.02,1
27.07153937729044,95.85291381480612,1205.0,42.74,0
25.27089965496257,94.23089606157616,1075.0,16.83,0
23.69944444,92.71972222,1070.0,12.14,1
23.01392572485792,92.57155823124884,190.0,20.12,0
26.31172901482152,92.40969790375144,59.0,1.31,0
22.414143941227145,92.8112996862926,439.0,19.08,0
22.018072832910143,92.8131925332711,439.0,15.99,0
27.157694,88.522194,598.0,33.82,1
23.20875,92.538361,729.0,29.68,1
24.4455,94.229722,1374.0,30.11,1
23.05437573207052,93.43389383899714,1152.0,17.1,0
25.10945081821301,92.48747583249109,874.0,23.4,0
25.152389,93.712833,824.0,25.59,1
28.36357520011304,95.64176578767253,1841.0,38.96,0
24.57470833,93.13897222,349.0,32.51,1
23.47694444,92.857846,1053.0,16.91,1
25.66806,94.05525,1301.0,8.96,1
24.51622222,92.77669444,148.0,23.41,1
24.7651629489252,92.60424411130124,20.0,1.06,0
26.235678,94.942004,1521.0,30.0,1
28.263228,95.570962,509.0,40.72,1
26.190866870660336,95.12288293199327,2531.0,24.35,0
22.883656,92.715782,611.0,20.84,1
25.64314417733526,91.43095362325673,1237.0,11.91,0
23.97390976568996,94.21150018996728,168.0,6.63,0
24.754685879841205,94.4541563784686,581.0,18.11,0
23.44290757350861,92.45099035623927,177.0,3.43,0
27.324944,88.213861,1597.0,45.87,1
26.806293121474926,94.7731261673088,108.0,0.81,0
25.325194,94.511861,1281.0,31.77,1
25.04235604040564,92.98849571256856,593.0,35.14,0
27.189222,88.391056,1883.0,28.88,1
23.640448,93.343559,1167.0,33.97,1
25.182254,91.618979,95.0,29.26,1
28.092726291725736,95.77491271282835,211.0,3.15,0
24.724406,93.514431,350.0,43.82,1
24.829242428310728,93.31510799163176,794.0,14.89,0
24.36611111,92.71872222,132.0,16.05,1
27.36041934912509,92.8478666174873,802.0,21.61,0
26.212222,94.234,379.0,18.32,1
25.523,93.955,1754.0,34.37,1
26.2851700069919,91.82764189314328,52.0,1.62,0
25.571,94.253,1889.0,24.25,1
26.316056,94.403972,968.0,20.7,1
25.278177904657703,92.03292548627616,997.0,2.66,0
27.242139,88.327389,1317.0,28.74,1
25.42777783288827,94.67817325583285,2267.0,27.6,0
23.7375,92.69444444,979.0,29.11,1
28.89124735639965,96.20542126065376,3823.0,51.7,0
27.288425,92.769407,846.0,46.85,1
23.209857,92.500587,611.0,22.33,1
27.98324456342045,96.3095013456,1624.0,32.14,0
27.519497691288965,92.18508228234644,2921.0,41.0,0
28.204257183501625,96.27597433142232,3409.0,34.2,0
23.652972,92.6985,912.0,32.96,1
26.10725,92.44,256.0,22.06,1
24.808611,93.729078,1092.0,16.41,1
25.732909,93.685619,255.0,19.86,1
22.886652,92.724503,636.0,36.13,1
23.000010501271,93.1643369021024,924.0,30.26,0
26.9774699822307,88.48276082558627,735.0,26.69,0
28.092050752077952,95.86355701435832,307.0,0.35,0
24.985944,93.504944,1260.0,20.77,1
24.37,93.72,819.0,13.0,1
25.042778,92.432472,284.0,35.75,1
24.967587007926607,94.77384775584608,1024.0,30.7,0
26.20892627652081,92.35197524798744,58.0,0.74,0
26.34938,93.78091,235.0,10.66,1
25.994619,91.577214,378.0,9.58,1
26.32693795013894,91.795690132155,58.0,3.52,0
25.743426011578947,92.63131511085824,626.0,11.5,0
27.431596677014745,88.22883967571015,3084.0,31.65,0
28.408670064694302,95.33629439534388,2177.0,35.65,0
23.878169666220884,93.63020540897968,1700.0,23.19,0
24.97442119571065,92.01265956130722,65.0,12.2,0
25.735,94.02,969.0,21.96,1
26.61080361508079,95.26256414240449,840.0,24.72,0
27.18815,88.562083,443.0,31.18,1
28.11445990290903,95.49281715087348,204.0,0.93,0
25.881069215430152,92.32184681816064,571.0,15.79,0
23.160261,92.74337,859.0,13.03,1
25.209053188861727,93.91750536453188,1388.0,20.05,0
23.415614608380565,92.53245072355938,426.0,38.14,0
26.59,94.983056,593.0,16.3,1
23.957307383691727,92.52355163478384,88.0,13.79,0
26.019779246713096,91.67327315793683,403.0,17.25,0
25.88165,94.19023,1399.0,27.22,1
27.55286761811395,94.58768238499366,102.0,0.0,0
27.194111,93.780944,208.0,24.47,1
25.814608512987583,91.29155758313765,365.0,15.63,0
28.27618279256439,95.3401164743482,1660.0,37.9,0
25.674,94.085,1314.0,9.55,1
23.677657472111097,91.6222330000448,44.0,0.79,0
27.160367387575103,88.81566933639148,2226.0,18.92,0
25.258603,92.38555,834.0,10.68,1
25.091361,92.356889,204.0,40.2,1
27.37899437343904,93.7101673099912,1536.0,28.16,0
23.49527778,92.70472222,930.0,43.43,1
25.86462972436548,93.35453294260496,238.0,6.94,0
23.45593320055673,92.51022269907232,880.0,21.92,0
27.465352532577747,93.74667345694996,1124.0,17.35,0
25.467167,94.551528,1229.0,34.5,1
28.082576,96.464869,860.0,31.46,1
25.692947,91.648044,1179.0,23.54,1
24.133306,92.27775,401.0,32.09,1
28.05500678262789,94.9963029889053,1294.0,27.42,0
28.243322,95.921911,2638.0,41.82,1
26.905505832260467,92.56733088519476,113.0,1.48,0
24.826694,93.467944,757.0,9.78,1
27.379527259536868,88.15111892267763,3354.0,26.84,0
26.065972,94.270389,1639.0,18.41,1
25.07191342191418,91.44271579614,11.0,1.02,0
23.94808559558049,92.59176454298186,601.0,20.48,0
26.037847,94.635525,2024.0,26.63,1
28.823766,95.922046,1614.0,26.08,1
26.19257,94.558955,1595.0,28.7,1
25.730058571588124,93.33627872581596,218.0,1.79,0
25.85189,93.56633,249.0,2.83,1
25.075419865884164,92.5705016728445,386.0,25.76,0
24.83970664302228,92.89826022496456,21.0,1.39,0
27.437333,93.029667,944.0,35.13,1
27.827806,93.972167,717.0,28.67,1
25.729,94.083,1362.0,24.04,1
27.6451,93.8706,1672.0,24.54,1
24.61367075047304,94.45290119360348,431.0,32.75,0
22.913624,92.508827,130.0,11.93,1
25.14244980163162,91.86382272200936,15.0,2.4,0
23.663354,93.023297,520.0,22.18,1
27.49892599776096,93.84682850630897,1640.0,6.54,0
28.25815710877348,95.36814814492504,1103.0,36.69,0
25.549139,91.244417,1348.0,15.44,1
25.043914,92.423556,198.0,34.28,1
23.918389,92.923472,1106.0,18.61,1
25.833644,94.518333,816.0,20.58,1
27.662194,94.702667,172.0,16.84,1
23.13506345394033,92.33565100396068,372.0,17.11,0
25.192814441062737,94.80331136097412,1433.0,23.74,0
27.01464104391698,88.38747122917084,974.0,18.11,0
22.26467698123013,93.27832715365258,2019.0,31.47,0
23.742696,93.378058,1350.0,16.37,1
27.0630677931346,96.01708104069608,700.0,23.57,0
28.45723207896269,96.00448096158752,2271.0,25.18,0
24.171459,92.641035,140.0,6.09,1
24.818936,93.688939,636.0,31.65,1
25.063861,94.614972,1012.0,17.74,1
27.47178159815933,88.1526460749874,3536.0,31.84,0
22.455999,92.962997,644.0,26.51,1
23.249056,92.546501,1177.0,27.38,1
27.06930019413725,95.02798965973474,108.0,1.04,0
24.77428925080239,92.9762202492802,27.0,1.8,0
23.397417,93.385722,1041.0,18.82,1
27.26175,88.2945,597.0,35.93,1
28.19794453350021,96.07420366647234,2617.0,25.7,0
24.18055556,92.69555556,713.0,36.44,1
26.19193644829101,92.23432138811084,61.0,3.81,0
22.978535433021296,93.38482752410398,1204.0,24.1,0
26.83840478296809,95.1966059404634,514.0,29.3,0
26.85879851755325,94.86410717642532,517.0,6.98,0
23.228361,92.916832,572.0,31.18,1
25.292417,93.498972,1437.0,27.3,1
23.081569,93.320633,1113.0,41.72,1
23.137565,92.747197,879.0,28.67,1
23.24774,92.671333,927.0,17.63,1
24.42922320758964,93.76485454685036,777.0,1.72,0
23.52944444,92.72944444,989.0,18.68,1
27.254778,88.542444,635.0,40.41,1
24.62,93.17,356.0,26.28,1
24.855966679500145,92.78599875990886,21.0,2.11,0
23.3466,92.854847,897.0,16.78,1
25.552,94.362,1594.0,35.47,1
25.215611,92.077361,685.0,16.58,1
23.189108,92.547783,489.0,15.02,1
25.68667,94.06361,1064.0,13.1,1
25.504325662164103,94.4492915449636,1083.0,22.75,0
27.381465950674805,94.03786110464031,412.0,1.4,0
27.37908253252237,93.1372717306323,1840.0,23.39,0
23.76143011360832,92.9107457687682,803.0,25.61,0
26.253611,94.616639,1594.0,37.02,1
28.319141,95.956918,1242.0,35.59,1
23.51932941618586,92.44623575508452,361.0,11.89,0
25.06255464910966,93.12745094731376,694.0,16.64,0
24.54791057286725,94.02955500110856,776.0,0.34,0
27.083054,95.639328,1025.0,29.48,1
25.10125,94.510806,1536.0,30.32,1
25.565569,90.808153,413.0,6.24,1
25.038781718944897,94.76484511009583,1588.0,4.57,0
26.72875,95.031194,678.0,21.62,1
28.442535934480176,94.98151607031082,2177.0,39.57,0
24.23,93.94,998.0,20.25,1
25.665,94.216,809.0,18.08,1
26.775889,95.072694,1020.0,22.61,1
23.70666667,92.71444444,1029.0,47.62,1
25.156722,93.723889,734.0,30.9,1
27.13285918524633,94.05561607986148,88.0,1.4,0
25.38681216851997,90.43783156264313,445.0,6.94,0
27.552528,88.653528,1406.0,47.88,1
25.652639,94.7705,1945.0,36.83,1
27.3920794248894,89.01865837506331,3375.0,17.88,0
26.961109348992103,93.0295269678856,284.0,11.1,0
24.842778,94.357583,1512.0,32.25,1
25.42025,94.578222,1498.0,17.69,1
22.89644720207972,93.1329531886619,299.0,22.98,0
25.821589,94.708056,1386.0,35.05,1
25.324731,94.086558,1209.0,20.82,1
26.319653468572607,92.41597589883216,63.0,2.53,0
24.954263254023683,91.65092943760624,11.0,2.07,0
25.50099848191989,94.4627553615018,1014.0,30.39,0
25.614912,91.871711,1279.0,32.59,1
25.05250653511697,93.00252047183812,856.0,20.77,0
27.801194,93.541944,916.0,27.81,1
25.057167,94.532194,1572.0,39.28,1
26.836771606753903,94.92464600330898,220.0,10.37,0
25.263279205459533,94.17643112075568,2016.0,13.95,0
24.515944,92.540889,57.0,14.1,1
23.657642,93.349683,1167.0,18.26,1
22.83675,92.79922,1051.0,25.64,1
24.955167,94.157778,1049.0,19.92,1
25.067306,93.604861,993.0,14.65,1
26.97282255814476,88.15505871126913,2046.0,23.12,0
26.33,94.279833,836.0,27.81,1
23.839417,92.910972,1145.0,15.75,1
27.216845218138857,94.04317246000154,94.0,1.4,0
25.62987083171813,92.12083336723212,962.0,25.32,0
25.72194,94.0855,1373.0,15.08,1
23.3761456736928,93.53295555397712,1830.0,4.63,0
24.45131667,93.60013333,729.0,28.7,1
27.340917,88.628389,1983.0,23.66,1
25.45258613978868,94.31553577379503,2001.0,33.34,0
26.51152643835553,95.13964129722729,1348.0,32.83,0
24.834069,93.578039,329.0,34.78,1
25.007917,94.452972,1817.0,30.63,1
25.60440107353613,92.6168727483648,708.0,2.66,0
27.663030841749283,94.01942072248734,1792.0,23.05,0
24.2141454778991,92.09848286455365,44.0,0.93,0
22.497765139679743,92.46080436135414,244.0,14.76,0
24.44,92.56,36.0,0.74,1
26.35192818071512,91.71778253182389,53.0,0.46,0
26.9935685018104,88.35108227450843,1030.0,20.81,0
23.103046,92.8983,693.0,37.5,1
27.06387468000049,88.65096090954383,1637.0,35.26,0
27.93089468137624,94.20726825370912,1330.0,28.57,0
23.61905900006285,93.4426637108396,1096.0,26.09,0
25.588,94.292,2030.0,29.12,1
28.209024848565488,95.35927114197284,481.0,12.13,0
25.81895953069896,93.20796543462016,330.0,7.37,0
28.23823262487516,94.66281699150794,286.0,6.23,0
26.155083,94.250361,1010.0,36.28,1
28.35823733418042,95.65155868172576,1716.0,30.46,0
27.828216111369127,95.2057637352674,132.0,0.93,0
25.99611048632351,91.44045671581478,52.0,1.8,0
23.28503973593677,93.50696261497404,2377.0,33.86,0
25.52,93.958,1889.0,35.45,1
25.13877149003764,94.82643511655704,1310.0,10.87,0
27.66,93.8799,1595.0,36.49,1
25.68894622365672,92.26709021135042,895.0,14.61,0
27.409667,88.543722,1517.0,39.2,1
25.637966313934324,93.04719469450303,248.0,8.95,0
22.89682,92.832611,696.0,42.59,1
23.54600556,93.09247222,791.0,23.31,1
27.48455903047639,88.29703340325133,3948.0,37.69,0
25.426306,92.181278,1359.0,21.23,1
27.260099135440303,92.68608241315629,983.0,20.8,0
26.20020791240667,95.10411375433571,1490.0,22.01,0
26.06097232462619,93.87557699280606,135.0,1.46,0
25.050417,94.551167,1792.0,35.12,1
25.282608,91.867354,1155.0,19.21,1
25.90964565445732,93.58739952019994,178.0,1.19,0
25.083361,92.361083,212.0,11.53,1
26.188227,94.812988,1960.0,35.46,1
23.151417,93.283077,1434.0,26.17,1
26.939877320483085,93.53863158946342,111.0,2.12,0
25.128194,94.440417,1852.0,22.31,1
27.772194,93.59325,810.0,19.58,1
28.35298476162524,95.86218303247009,1876.0,37.06,0
27.96119837712594,94.04760472103035,2103.0,7.81,0
25.100057796817925,93.22882243134109,435.0,21.93,0
28.347912450124053,95.61189731058715,999.0,32.37,0
27.06231661882284,92.34097778641478,1461.0,42.6,0
24.57467222,93.14389722,584.0,26.03,1
23.473611,93.243069,895.0,28.81,1
26.013657023367703,94.71879201518452,1930.0,24.45,0
22.66,92.71,249.0,24.43,1
27.549194,88.583556,1811.0,42.9,1
25.275028,93.616306,1127.0,17.02,1
24.58585,92.70274,53.0,10.73,1
26.404167,94.870278,911.0,27.55,1
22.96171740425433,92.54027297394856,167.0,21.18,0
25.47836033656738,94.3162776035463,2157.0,36.58,0
23.044274075679933,92.26289884903277,49.0,7.46,0
23.940333,92.680833,254.0,26.4,1
23.41888889,92.76777778,1165.0,20.4,1
23.07006,92.764514,793.0,9.54,1
27.378611,88.631083,1816.0,46.14,1
25.97461495782781,94.95601654956442,981.0,30.55,0
28.426360574022027,95.73189584271822,1709.0,9.44,0
24.01598827598925,94.16716306139448,463.0,17.98,0
24.102008,92.791628,896.0,23.68,1
27.62655902579648,93.2085616164896,2054.0,9.97,0
22.68,92.69,320.0,17.03,1
26.834556,95.081111,289.0,10.62,1
23.73944444,92.81333333,438.0,23.59,1
26.222329361279662,92.51416028905436,61.0,2.66,0
24.652556,94.389194,696.0,37.32,1
24.772806,93.457417,527.0,25.3,1
25.1992693901264,93.50125842432443,1137.0,19.96,0
27.413171284321336,93.66632970953042,1001.0,13.93,0
27.327749958534923,96.290457779033,497.0,7.01,0
24.806417,94.505778,1118.0,31.1,1
28.429931,94.6778,544.0,14.05,1
24.629934708235616,92.91593718864604,35.0,2.39,0
28.081759963956923,95.0702526886746,1476.0,44.73,0
23.48375,93.212611,1039.0,36.66,1
23.538538,93.158251,1051.0,18.18,1
27.712758909480893,93.717459366933,1346.0,2.62,0
23.696577,92.967198,1115.0,25.52,1
22.11,92.86,414.0,26.3,1
27.83635144029861,96.45384803408736,1290.0,21.07,0
28.59842877097928,95.7564858036451,1190.0,44.07,0
26.760718666237207,94.36049028678428,102.0,2.12,0
25.569569,93.788068,1528.0,16.11,1
23.74055556,92.71222222,872.0,23.42,1
26.158639,91.921889,119.0,2.14,1
24.007681118630728,92.01639568005226,94.0,3.55,0
25.60709228741001,91.98692030577224,1298.0,7.2,0
24.835611,94.519722,1380.0,22.47,1
27.20683333,88.48930556,348.0,28.67,1
22.826787136094943,92.42682804194052,88.0,8.95,0
25.462978947033434,93.89343346211884,1987.0,31.07,0
28.09132021971028,93.8610953100704,1903.0,22.24,0
23.430917,93.171889,918.0,21.88,1
22.60817265635508,92.46409521072069,160.0,7.27,0
24.07,94.03,1017.0,29.07,1
28.404482168460355,96.23272398258987,3311.0,43.98,0
26.2016852518136,95.1677994646404,2203.0,30.78,0
25.527489,92.415139,1248.0,19.79,1
28.25736,95.55087,623.0,22.39,1
24.44857778,93.15738611,75.0,19.79,1
24.450125,93.35963889,328.0,7.92,1
28.26053,95.904556,2490.0,36.04,1
28.229114,95.780019,888.0,34.89,1
22.763573030561567,92.77484028825032,438.0,15.87,0
28.269062,95.610767,470.0,24.25,1
23.914278,93.178864,988.0,24.47,1
26.297306,93.211833,151.0,19.5,1
25.508,91.225694,1378.0,18.14,1
26.28000319856984,95.17328160853862,1169.0,20.8,0
26.390417,94.617556,1361.0,13.33,1
25.566518,91.914509,1540.0,5.61,1
27.98747,96.41133,401.0,33.88,1
24.726457208692327,93.5752812118172,682.0,21.14,0
23.458778,93.263222,835.0,41.92,1
25.77360556,93.80462222,249.0,17.88,1
27.175778,88.402417,1942.0,30.25,1
25.896511,94.646325,2016.0,22.3,1
25.267278165684097,94.75318252511296,1491.0,25.53,0
23.146333,93.30675,1609.0,27.74,1
25.2071,91.741225,693.0,32.33,1
25.461542474449388,93.05858119843036,206.0,7.53,0
27.270347362791256,96.50608389943436,1273.0,16.33,0
25.893986568896874,93.93727173032568,198.0,1.46,0
24.641369,93.623008,516.0,18.05,1
23.805779,93.027115,722.0,28.55,1
28.105233035544625,95.54932118926315,207.0,1.4,0
26.048611,92.432194,438.0,15.33,1
25.24,93.28,959.0,15.2,1
25.63,90.33,650.0,4.89,1
25.531,93.762,791.0,17.57,1
25.700506,94.775633,1418.0,48.62,1
27.91178774925264,88.41300986653695,4700.0,24.23,0
24.99761662024936,92.19368475588108,12.0,1.3,0
24.22166667,93.00305556,377.0,16.4,1
24.14,93.42,693.0,26.58,1
27.29976,96.012691,293.0,29.6,1
25.696,94.079,1189.0,11.52,1
27.162781,88.484864,1160.0,25.73,1
25.645,93.992,2043.0,16.74,1
25.428597,93.312597,370.0,6.64,1
26.94256613622191,93.70377177024965,89.0,3.88,0
23.41111764093972,92.63575124939518,794.0,26.01,0
28.20463440026871,96.60533880035126,3180.0,49.22,0
25.168574810276528,94.71627078832324,2018.0,23.22,0
25.3763,91.874028,1512.0,28.23,1
24.982694,93.507,1305.0,22.62,1
23.98147370789575,91.71579019201296,90.0,10.2,0
26.24354692966701,92.47334496619288,62.0,3.61,0
23.88059733682188,92.07928741009356,116.0,8.93,0
22.186750205018583,92.51184877124795,201.0,11.68,0
22.73967174154572,92.46045545639495,69.0,5.01,0
27.4521763858106,92.2046408349746,2090.0,28.14,0
24.9252,94.3371,1490.0,34.83,1
22.538,92.857002,909.0,27.4,1
27.253889,88.210028,1406.0,35.91,1
27.839817,94.778642,493.0,24.05,1
27.127194,88.308306,331.0,37.02,1
26.247056,94.479694,1008.0,20.16,1
25.207515,91.746839,536.0,39.98,1
23.514479,93.369982,1359.0,19.99,1
26.84057702640984,93.69906892290756,78.0,6.06,0
25.767167,94.078556,1290.0,17.98,1
23.64733744291821,92.38315706032922,273.0,6.15,0
24.95757519239476,94.74667750775056,832.0,40.68,0
22.822599,92.624512,177.0,32.48,1
23.83959947129226,92.45245565097412,354.0,19.82,0
28.342551,94.987136,450.0,40.32,1
26.938834987108297,94.88134878871828,115.0,4.24,0
27.031436354214343,92.3797931567083,708.0,40.26,0
24.90232303658093,92.35044276479488,19.0,1.8,0
24.769192290031395,94.86563110396057,123.0,0.34,0
24.96274585101853,94.2864952726195,978.0,20.94,0
26.641979119417112,95.4327486973955,2016.0,39.93,0
25.722,94.082,1310.0,16.91,1
25.148083,92.180639,163.0,28.81,1
24.525623494060994,93.3008016447677,376.0,18.39,0
25.382898,91.757906,1775.0,27.02,1
24.90077492558765,92.3770943694656,17.0,3.58,0
27.351372179231515,92.01017508298088,4283.0,30.14,0
22.67,92.69,223.0,17.1,1
23.01787324995861,92.51367126107672,236.0,17.09,0
25.431361,94.560861,1292.0,9.54,1
24.34966667,92.75888889,62.0,17.3,1
24.34,92.66,43.0,1.45,1
28.577176400456683,95.7567847667622,1927.0,30.89,0
23.467005,93.315107,1390.0,10.19,1
27.1215,88.142222,1245.0,37.23,1
26.090960454505986,90.11278563626507,29.0,5.91,0
25.624778,91.16775,1239.0,13.42,1
27.380806,88.726,3597.0,36.94,1
26.03837270804373,92.68803118834693,67.0,2.53,0
25.158138,93.024778,543.0,7.47,1
23.40692873922529,92.58491815393673,458.0,3.29,0
25.313929,93.10485,434.0,16.66,1
25.20128804745581,94.19596562113227,1002.0,19.4,0
25.471854,93.726986,1530.0,43.18,1
23.88113889,92.87755556,928.0,18.58,1
24.8587,93.61439,383.0,29.5,1
24.969479,94.483082,1586.0,38.3,1
23.201614,92.734453,763.0,30.28,1
25.209703,91.646662,611.0,23.82,1
26.97713715124787,95.92177603187272,1421.0,26.68,0
25.750978,94.483064,742.0,26.22,1
25.64558576656264,94.65740336331125,1026.0,17.21,0
27.72363119858185,96.25437431419708,274.0,5.28,0
24.46373401241509,93.95913017372378,776.0,5.4,0
23.182417,93.246498,1507.0,35.84,1
26.6035342810092,95.18906459799796,1371.0,19.05,0
23.636699,93.083183,1130.0,36.52,1
25.651,94.121,1252.0,23.4,1
27.131129,95.689613,659.0,21.77,1
22.394558999280285,92.536429799931,153.0,2.76,0
25.45272042045644,94.21970602600636,1235.0,6.92,0
26.45576577370208,95.18838960250724,1688.0,28.64,0
27.786833,94.720111,814.0,37.35,1
23.66027778,92.72694444,859.0,35.76,1
23.545766,93.147931,946.0,30.89,1
26.33536760834033,93.60101397054682,621.0,30.56,0
25.466083,94.552889,1265.0,31.53,1
22.804358,92.816559,832.0,27.67,1
25.221572,91.185833,480.0,26.89,1
27.062217457123808,93.7332931771878,254.0,30.7,0
23.53861111,92.65916667,547.0,18.36,1
24.015858,92.797666,620.0,42.5,1
23.88950850588174,93.52691118646408,817.0,6.47,0
25.765701882115984,90.91091128397464,513.0,19.56,0
28.02607799334768,95.96190979936964,269.0,1.64,0
25.680167,94.837944,927.0,18.78,1
25.552,94.149,1478.0,9.31,1
27.86763792854676,94.07925340079169,1874.0,26.07,0
23.64166667,92.71833333,559.0,21.25,1
23.15338954282177,93.48035695942106,1764.0,28.3,0
22.89,92.46,114.0,18.89,1
27.453919110084207,91.87155172664524,3385.0,40.73,0
22.58340096208887,93.11615567547612,1025.0,35.1,0
26.633776912638773,95.32400229019032,1696.0,35.69,0
28.30084759143112,95.35921098921418,2816.0,36.76,0
24.243567,92.645801,73.0,12.56,1
24.433611,94.250611,1299.0,30.58,1
25.864300183958072,93.92498051916924,269.0,24.71,0
22.586,92.870003,971.0,48.64,1
28.355548291512434,95.63431166581783,1494.0,38.68,0
25.35465,92.5735,1001.0,11.78,1
24.441683,94.179211,1454.0,25.32,1
25.479069,90.807167,324.0,18.61,1
27.216278,93.655639,481.0,30.09,1
27.86775,93.465861,888.0,50.77,1
22.16,92.62,169.0,12.0,1
24.54197004261456,94.3095854436015,745.0,26.17,0
25.78,93.8,252.0,34.03,1
26.981191071072622,92.80927970446172,115.0,2.08,0
23.44596553960483,92.4966020869496,643.0,21.42,0
27.317569005262985,88.72795965855467,2044.0,50.89,0
25.440645318533115,93.80306979723518,1391.0,30.86,0
22.998728051745832,92.57928254953612,224.0,13.17,0
27.168167,88.384556,1526.0,35.86,1
27.240696209074045,93.30194186833565,1456.0,32.1,0
26.492925662576035,94.12102596374966,91.0,0.0,0
25.47133850214991,94.28993718088124,1869.0,31.9,0
25.62,94.332,1800.0,21.34,1
22.60703844840033,92.74144984250414,346.0,16.14,0
25.618664012545413,90.95898430951009,881.0,11.69,0
26.80179357218275,92.81921695731198,76.0,1.74,0
24.951444,94.179278,929.0,23.44,1
24.245649,92.681551,505.0,24.74,1
22.914797,92.928406,433.0,32.92,1
27.637611,93.637722,1717.0,24.76,1
27.3148075616859,88.70932155792921,2804.0,29.75,0
25.0,92.43,22.0,5.97,1
25.4095,93.476639,694.0,24.23,1
25.537046020231426,93.40706971755338,632.0,31.69,0
27.01860578380202,88.03765584774712,2480.0,20.54,0
24.182669,92.950748,454.0,30.55,1
23.460697,92.747293,1465.0,8.15,1
25.104417,92.365028,339.0,29.47,1
25.878525,94.947372,1839.0,35.94,1
25.829,94.075278,778.0,27.83,1
28.175079,95.469602,375.0,29.84,1
25.44455636509669,90.4757879715682,786.0,35.22,0
28.148024482804384,94.19160007467828,623.0,26.36,0
25.97502615598765,93.84277955927756,138.0,0.46,0
23.427418,93.335544,1287.0,33.18,1
25.49372953172872,93.31587603146215,585.0,15.36,0
23.26095875224202,92.36957117614249,93.0,31.86,0
27.482583,88.529528,967.0,21.51,1
27.04592810412652,95.91687364094214,1623.0,10.8,0
27.255373643702693,88.96102177639166,3915.0,37.28,0
25.45748554922323,94.31042987178944,2403.0,28.89,0
25.108877,92.929125,260.0,10.09,1
28.261999,95.56626,485.0,24.47,1
28.102005,96.448473,1377.0,39.41,1
23.67305556,92.72333333,908.0,45.91,1
26.82164705776156,95.18784906717946,926.0,20.25,0
25.597167,94.842028,1241.0,43.45,1
25.439889,92.181083,1309.0,24.58,1
27.282333319314976,92.2162088852664,3310.0,31.22,0
25.085736718668723,93.54633351916532,1349.0,2.56,0
23.54194444,92.7,800.0,22.82,1
25.1464658978697,92.73934648080905,1538.0,23.87,0
23.63797,93.078826,926.0,25.66,1
27.032617520781265,88.21789769810533,1510.0,21.82,0
22.88392,92.74256,941.0,29.41,1
25.613472,94.583333,953.0,26.23,1
25.191435412787783,92.85211312968558,860.0,15.8,0
22.15185511804852,93.10208897989928,1232.0,30.44,0
27.437312164978355,93.75467277762957,1134.0,15.54,0
25.560844,94.773214,1073.0,36.5,1
22.883036,92.557152,179.0,15.28,1
25.421111,94.077,1501.0,25.71,1
24.62669984721535,93.91224600151416,772.0,1.12,0
25.95,91.28,68.0,7.17,1
23.92425,92.925222,1117.0,27.13,1
27.03134180544672,92.5233791585977,882.0,2.22,0
24.227548351378488,93.4853722663198,1038.0,21.52,0
27.237253873095245,92.88244844354509,887.0,24.24,0
25.130722,93.663583,1193.0,21.62,1
28.646753146412227,95.99647029787214,1058.0,17.23,0
25.47542,90.698611,329.0,19.19,1
24.09,92.4,379.0,14.72,1
24.24,93.19,1038.0,28.43,1
23.52555556,92.65333333,377.0,29.95,1
24.65836610379758,94.5663060317072,228.0,10.0,0
27.640473477160555,92.01718110039684,3345.0,51.19,0
22.17,93.0,1257.0,26.48,1
24.34,93.32,318.0,16.25,1
25.39799,90.69972,556.0,18.28,1
22.15,92.63,163.0,4.13,1
23.8975,92.92,1090.0,33.8,1
25.052961489543268,94.7189710392298,826.0,2.07,0
28.74396266185021,95.1469794465223,3564.0,44.29,0
24.06266961395348,92.72030262258298,90.0,2.53,0
27.995273844824432,95.55114127165656,145.0,2.63,0
27.418472,88.616083,1385.0,22.23,1
28.85641,95.859872,1392.0,23.09,1
25.078485137455967,93.12023768937144,549.0,18.82,0
26.85907175399433,88.37911312341093,425.0,33.0,0
27.236361,88.50875,425.0,35.7,1
23.982639,93.011055,677.0,27.28,1
22.838875,92.792801,1156.0,29.16,1
27.027123432412186,95.0293737374628,109.0,1.47,0
24.31991667,92.99033333,767.0,9.86,1
23.959278,93.020859,852.0,35.43,1
23.761734,92.573908,497.0,26.51,1
24.497622,94.180403,1409.0,32.36,1
28.205003,95.813193,887.0,37.32,1
23.983694,93.044418,1070.0,13.03,1
28.28558668178213,95.67114962215922,344.0,3.11,0
27.72140656572445,93.67160104288637,1197.0,18.19,0
22.36,92.61,231.0,13.59,1
26.302778,94.505528,1194.0,23.84,1
25.59953006478321,90.9462391269331,812.0,16.44,0
25.229161,91.693249,451.0,24.42,1
22.983683,93.038437,717.0,22.94,1
23.491004,92.696873,651.0,41.41,1
28.00196161430149,93.23581808557566,1753.0,42.67,0
23.56078149575964,92.52417195723092,409.0,7.44,0
27.978853328266617,95.98991600475264,217.0,7.71,0
25.382563,91.757675,1760.0,34.15,1
24.369233824963047,92.42040690229,54.0,4.83,0
26.719056,94.657528,214.0,11.88,1
28.104107160727423,95.02440917569226,855.0,39.92,0
24.437327820314582,94.02287291791026,823.0,4.46,0
22.57651949884388,93.0610228433695,575.0,39.62,0
27.375194,88.54275,1818.0,47.72,1
22.959173,92.708145,749.0,34.14,1
27.4825262465198,92.24410685046712,2567.0,26.16,0
26.30362857382105,95.13742752026305,1157.0,12.24,0
23.59507883807627,93.5510066385032,2067.0,24.45,0
24.06333333,92.59277778,55.0,13.17,1
27.7181190465832,93.0423377086218,1467.0,42.88,0
23.4675,92.74083333,1307.0,45.51,1
25.83986,94.15528,1470.0,15.21,1
25.61958693156818,94.95081539981533,2449.0,34.87,0
26.1755,91.76175,62.0,5.32,1
24.645417,93.005361,359.0,30.77,1
22.98105946974057,92.5420070940839,255.0,12.45,0
27.214639,88.392417,1548.0,33.06,1
25.64575,92.071167,859.0,16.04,1
24.94924004515332,92.33518393305756,17.0,2.55,0
26.904294,95.549313,1526.0,39.21,1
24.981073493227942,92.26110089722329,16.0,2.66,0
28.340483107472338,95.85157004936347,2431.0,42.7,0
24.664707,94.29025,1243.0,34.87,1
25.13737595295848,94.61235635335451,2428.0,25.05,0
25.347389926023503,91.3786330315664,1555.0,17.97,0
28.216530361649266,94.55076914650986,1259.0,40.96,0
23.183268,92.736695,826.0,32.0,1
27.562917,92.983139,538.0,31.93,1
25.08922545893383,93.8401884775991,1254.0,20.04,0
24.920056,94.568778,1169.0,34.04,1
24.04925546793316,93.63769175472532,1064.0,20.32,0
25.493218,93.657921,1237.0,14.14,1
22.61,92.64,79.0,2.55,1
26.0905,94.204583,1092.0,44.0,1
22.906245386842475,92.64820606528204,453.0,17.43,0
26.195917,94.486528,1073.0,15.99,1
25.663,94.113,1381.0,10.26,1
27.178111,88.430556,1624.0,29.17,1
25.33147142391412,90.53953964514086,158.0,11.78,0
25.788344938281448,91.71265969273595,769.0,6.52,0
23.863417,93.201279,932.0,25.11,1
27.260222,93.7895,362.0,24.37,1
27.36815888412517,96.00364575145736,229.0,8.7,0
23.32349917261617,93.1987354081036,783.0,22.87,0
25.31488,91.44913,1378.0,24.86,1
24.19388889,92.94455556,536.0,34.81,1
23.030508258860472,92.61900875628577,429.0,6.0,0
25.049417,92.796722,111.0,19.72,1
26.91658532073341,88.52160792945894,499.0,28.24,0
27.187767,95.732008,758.0,19.06,1
24.19116667,92.94330556,533.0,32.69,1
25.519463216494,93.3222202200287,371.0,16.58,0
27.287855,95.977914,421.0,14.67,1
28.01984740831865,96.26048987196788,1188.0,36.24,0
26.388713513430925,94.28799970161556,241.0,11.67,0
28.24468334587924,95.66423954618944,291.0,2.67,0
28.165684,95.462909,404.0,10.73,1
25.65421339953279,93.75971068581448,505.0,8.7,0
26.08764704256213,92.51367890012024,94.0,13.49,0
27.600596970712807,94.83510257915512,109.0,3.52,0
25.68255468934569,95.0063138487114,1602.0,21.33,0
28.220880970318287,94.66811840913778,837.0,36.41,0
24.812017,94.356051,1616.0,21.99,1
23.4195,93.331917,1310.0,19.53,1
25.66679306681075,91.53037571953162,1209.0,26.07,0
24.582207974060623,94.48462940118772,272.0,3.48,0
27.3699335,88.4859279,807.0,35.28,1
24.16005148373173,94.25462324167106,283.0,19.27,0
25.309936329708563,92.92983685549804,603.0,20.87,0
23.577835413093617,92.4198267801598,429.0,26.14,0
24.957303,94.473342,1877.0,30.13,1
27.167417153511884,93.85458886778864,159.0,1.32,0
24.81170388277529,94.7004829169413,712.0,18.87,0
28.471819831371583,95.6171033435238,2268.0,25.54,0
23.53916667,92.66444444,589.0,15.56,1
23.06533,92.768329,882.0,28.52,1
29.018671279516816,95.95533343099464,2702.0,31.81,0
24.818,93.45,590.0,32.08,1
27.0985942984759,88.78064304396017,2164.0,26.78,0
23.610611,92.977722,1374.0,20.11,1
23.35737358679141,93.5667755969416,1433.0,12.49,0
24.642722,93.602083,1037.0,31.26,1
22.877565432069545,92.63037179148957,116.0,14.35,0
28.26868287476228,94.33627992484388,2334.0,25.03,0
22.89,92.49,313.0,12.88,1
24.11987828869045,93.71168418451572,1567.0,27.25,0
28.51058937109864,94.98458236755523,1567.0,38.8,0
27.57060521894335,88.76249314316662,5033.0,43.71,0
23.46718,93.311778,1363.0,22.59,1
23.089822,92.751916,736.0,22.04,1
25.65530869211128,93.75031490279405,493.0,6.83,0
28.21554824702952,95.3194777277033,1383.0,47.43,0
24.60372222,93.37223056,815.0,31.18,1
26.223,95.033417,1343.0,28.18,1
23.412845,93.33833,1307.0,35.05,1
25.301167,91.929306,1116.0,8.52,1
25.84144722928708,91.80972975800996,668.0,18.52,0
25.77409868519498,95.22432280873072,1030.0,37.66,0
28.203456718699623,96.4374487238859,2285.0,29.4,0
27.26544444,88.72252778,1677.0,16.76,1
25.03483394098325,91.8971751343514,14.0,1.85,0
24.991059213590177,91.71822198559298,11.0,2.78,0
27.9922539808315,96.61733113792424,1163.0,36.23,0
25.680917,94.792014,2309.0,34.99,1
28.40881081481305,95.655699634629,1180.0,41.7,0
24.577475,93.19105,129.0,11.82,1
24.49700113008236,94.00283921895804,781.0,3.56,0
25.21789104194292,92.52633210851305,628.0,9.21,0
27.22040672475046,92.95991400845396,624.0,44.76,0
22.27,92.68,168.0,17.19,1
25.545083,92.103175,1283.0,17.52,1
28.029848,94.616455,862.0,31.08,1
22.789657560917483,92.38241003857338,57.0,12.07,0
23.90452528271616,92.56229207876297,347.0,34.34,0
24.32,93.16,728.0,30.15,1
25.611028,94.747167,1933.0,8.59,1
25.055278,94.567861,1691.0,35.36,1
23.57166667,92.71083333,871.0,31.25,1
25.275775678489264,92.91881149441124,667.0,5.48,0
25.400606395381203,93.62430236511292,1022.0,25.38,0
25.14098399648656,92.74449702041832,1640.0,6.21,0
24.075270478829992,93.67539926665086,1328.0,21.44,0
23.05209722,93.12644167,585.0,21.74,1
25.380092056868307,91.17620518397736,949.0,5.7,0
27.41337436405217,88.13233420909279,3804.0,23.61,0
23.73947222,92.69666667,1033.0,24.41,1
25.98312220824103,91.64262114218658,352.0,13.69,0
25.16996795109602,94.59795206500137,2443.0,18.39,0
27.10736,93.64975,298.0,12.44,1
25.289889,94.525306,1129.0,31.32,1
26.6768370735028,93.23353417955065,62.0,0.0,0
25.990561900931564,92.16313035353876,477.0,20.66,0
25.804972,94.241086,1019.0,17.04,1
24.129750472051835,93.69493078196096,1189.0,12.14,0
25.538,94.135,1737.0,16.4,1
25.568106,91.737919,1710.0,11.51,1
23.51361111,92.69833333,780.0,34.45,1
25.21273889,90.63216111,44.0,25.37,1
27.133806,88.342778,1199.0,27.53,1
25.124917,93.657333,1198.0,25.13,1
26.04612666218084,92.71548724681692,63.0,1.61,0
26.10071940509727,95.13553411535896,2352.0,23.27,0
28.087209006747123,95.4775749745587,172.0,2.45,0
22.958177470220864,92.64138534454948,503.0,13.56,0
28.609493997467663,95.41425391478404,3171.0,38.23,0
27.328611,93.056583,635.0,29.25,1
26.17096948796397,92.50936634103871,60.0,2.07,0
27.304291,93.052835,1051.0,33.81,1
26.591991058897204,92.82570374758618,57.0,11.72,0
23.964981779093964,93.4832011703321,979.0,23.95,0
22.580290657409783,93.07729777150642,1134.0,13.92,0
25.18688889,91.39855556,77.0,17.34,1
23.22002748121483,93.46177658217675,1851.0,35.02,0
27.479550471315747,93.54920707480268,1256.0,21.7,0
27.03386091724936,88.31205115020715,1637.0,43.28,0
26.12495650625359,93.9085764482374,126.0,0.81,0
25.888959,92.61669,458.0,19.23,1
25.316069,92.685461,906.0,13.34,1
26.24054598941405,94.3188606836466,584.0,22.81,0
23.5425,92.71666667,883.0,27.56,1
25.748668982708303,95.029095506973,3467.0,31.25,0
24.958833,94.618917,1328.0,15.23,1
27.271026405880512,92.60203672635156,1927.0,36.94,0
24.47635339138163,93.97617351403052,829.0,14.03,0
24.24038766183224,91.98350283074691,57.0,4.13,0
23.98388889,92.68305556,436.0,20.59,1
25.854278,94.432472,1777.0,38.1,1
23.48555556,92.70305556,979.0,9.7,1
25.28300890304059,90.86376262819824,461.0,21.36,0
25.556220007155147,91.10090829170096,1070.0,17.38,0
24.36,93.27,461.0,36.17,1
26.427222,95.052389,1578.0,35.4,1
26.571417,95.0985,1414.0,32.24,1
25.138306,93.669028,1142.0,30.64,1
26.37034907967747,91.70709334955548,54.0,1.04,0
27.325861,93.055472,654.0,35.7,1
25.845861,94.19025,1416.0,20.17,1
25.654517943968216,90.9313914841578,719.0,5.82,0
27.999234250773263,95.59961357667144,148.0,2.17,0
28.38919722,95.92776111,605.0,37.49,1
26.29890713343,92.07440690775056,56.0,0.81,0
26.220449,94.898329,2035.0,20.1,1
22.641087,92.867635,1049.0,29.55,1
25.244957837753848,93.55159191125745,1467.0,25.35,0
25.25592886533328,93.9561126433328,2101.0,16.29,0
27.121136,93.762164,166.0,4.91,1
25.979244,91.860578,307.0,17.39,1
25.385535,91.988473,1362.0,17.22,1
27.192865,93.781908,232.0,35.02,1
25.047194,92.404806,84.0,11.9,1
22.25857551842447,92.85696145077094,458.0,18.7,0
23.129629,92.809196,930.0,26.31,1
26.17233574957189,93.35164200187828,658.0,7.07,0
28.706748,94.985298,548.0,28.61,1
26.08654403166886,93.32972626125888,435.0,15.2,0
26.222306,94.214056,575.0,17.27,1
27.566981307433306,88.44835385605766,2038.0,42.23,0
27.482969011876992,92.9088551728456,883.0,29.91,0
23.75024,92.736662,1095.0,22.9,1
23.360199,92.632911,724.0,18.7,1
25.688667,94.097333,1382.0,13.32,1
24.919052062510403,93.21951400806972,143.0,10.24,0
23.85075,93.115608,399.0,30.61,1
24.884389,94.601306,554.0,29.91,1
28.03774364798938,93.53032343987113,1612.0,35.16,0
25.22946978786439,94.3954258023285,1758.0,13.83,0
27.11181511829968,88.05265308689015,2273.0,10.83,0
23.999444107742008,94.25134402264216,164.0,0.8,0
26.131917,94.323611,942.0,38.28,1
25.159386,93.720417,759.0,22.58,1
24.309993,92.22714,86.0,2.66,1
27.173861,88.092111,2334.0,15.73,1
25.90376227225371,90.33782666628908,97.0,14.08,0
27.11955556,88.32275,357.0,26.94,1
25.205,93.008,386.0,15.18,1
25.34508889,91.60050278,1679.0,36.42,1
25.755936,94.846033,1089.0,30.73,1
26.93855,92.70336,136.0,9.55,1
27.843388080578155,96.51387796698413,2426.0,37.21,0
27.228511,93.799206,370.0,22.88,1
25.8465,93.687,172.0,14.47,1
23.62194444,92.78972222,266.0,18.37,1
23.893106362991315,91.63436850682793,37.0,1.29,0
22.97573241492931,92.62659676493628,253.0,28.43,0
26.38891489968808,94.3244918767312,277.0,12.12,0
25.668317,91.114858,1019.0,12.72,1
24.462958,94.233667,1342.0,37.64,1
24.994278,94.205917,1579.0,34.84,1
24.046499,93.04422,1217.0,16.94,1
23.293453,92.858089,892.0,23.79,1
23.777472,93.009163,536.0,27.24,1
22.99491762557613,93.09889539362354,982.0,24.96,0
25.170194,93.007389,700.0,15.03,1
24.313111,94.230444,514.0,16.32,1
23.5266,93.192968,1187.0,30.17,1
23.411942,93.154836,1089.0,28.05,1
22.72655385348809,92.79152778779232,216.0,17.08,0
28.774623,95.89086,1284.0,37.63,1
25.264575,92.381497,887.0,24.51,1
25.6125,94.1272,1424.0,14.97,1
27.057191,95.716883,1018.0,32.38,1
27.288444,88.102667,1771.0,40.51,1
23.00965602966058,92.8618690190953,651.0,24.47,0
24.85643760372112,92.34019293225624,17.0,3.17,0
24.98325677548731,94.77215196571274,774.0,24.87,0
23.98918325740173,93.4608970909193,970.0,26.42,0
24.769333,93.653722,914.0,19.38,1
27.875315497843506,94.95768194859993,678.0,19.92,0
25.45333285155888,94.2762926863053,2260.0,17.64,0
27.162194,88.510611,1001.0,31.22,1
24.401685105058185,93.21407746969804,156.0,7.21,0
25.88494,93.45792,194.0,2.37,1
23.094528,92.695808,913.0,12.73,1
26.98055052213016,95.04446958200894,111.0,1.4,0
24.61234629404049,93.79803607321205,773.0,0.69,0
25.443972,93.422778,410.0,26.18,1
26.254752403713088,94.3189621564609,845.0,21.87,0
24.69,93.12,172.0,17.62,1
25.968941542104,91.79086167264894,440.0,3.18,0
24.17,93.93,1508.0,26.83,1
27.8055408740976,94.3900281294594,1048.0,51.58,0
26.299569275297667,91.40437500704168,52.0,1.73,0
23.173716,92.739754,787.0,16.65,1
25.084650811485098,92.50900806750204,503.0,27.99,0
24.468667782881955,92.84133131507237,52.0,3.38,0
23.701575,93.177726,1413.0,29.75,1
28.782248300131467,95.28392024756978,2150.0,24.62,0
25.696,94.08,1191.0,12.77,1
27.53015397418985,94.80677292832898,102.0,1.33,0
26.080130320071127,92.36916551004845,290.0,9.63,0
25.340603920022453,90.74505662545046,630.0,5.31,0
23.68743333,92.72129167,1098.0,19.54,1
22.037426901096087,92.83657440573832,480.0,41.68,0
23.73241667,92.71480556,999.0,22.64,1
25.383363401431016,92.32413178931309,1276.0,5.84,0
23.447093,92.863082,787.0,20.82,1
24.883638034398896,94.0923509972027,799.0,3.83,0
27.04805515767368,93.9985549203098,82.0,1.39,0
27.51094092070345,91.98946369397744,4034.0,13.77,0
23.597919,93.207362,1073.0,23.81,1
22.39,92.61,246.0,18.79,1
25.365411497484228,93.9572937653118,1181.0,29.11,0
25.44122470499188,91.94415309477688,1370.0,51.19,0
27.91864717350717,96.51567434850212,960.0,25.3,0
25.79835556,94.00099444,501.0,17.98,1
27.528456347082344,95.13130959716776,112.0,0.74,0
25.554167,94.760944,1160.0,8.28,1
23.365353538925227,93.52252531326774,1779.0,30.54,0
25.789856,94.95825,1880.0,19.1,1
26.4838282092206,94.6103260148944,483.0,21.13,0
27.34829487028473,93.92313136795931,447.0,21.3,0
23.368361,93.379667,831.0,9.2,1
25.822324374268785,91.97353014583756,801.0,9.12,0
27.015824413390085,88.35552301733739,1172.0,30.8,0
25.679,94.458,1552.0,17.94,1
23.222778,92.943611,416.0,38.52,1
25.748488723602453,95.04809432935733,3257.0,27.33,0
25.167917,93.749083,705.0,37.4,1
23.189242,92.734475,793.0,21.52,1
25.22925353717707,92.2927029493924,774.0,8.9,0
27.103111,93.634019,415.0,18.44,1
25.379878,94.214606,1701.0,13.87,1
25.4836973931366,92.31906159477836,1311.0,2.56,0
25.681,94.285,1671.0,26.27,1
23.85417,91.34361,16.0,2.53,1
28.219976,95.799065,1145.0,36.18,1
25.028456,94.015522,816.0,11.7,1
22.957235,92.929703,746.0,37.31,1
25.262239317889893,93.67867938948312,889.0,5.7,0
27.99533734073801,95.34353421173122,146.0,5.23,0
25.33602421867588,94.79133987390472,1463.0,20.11,0
23.24015181374522,93.51221281155654,2090.0,29.35,0
23.891722,92.84925,576.0,25.22,1
28.894390216639984,96.1531119905006,4366.0,14.31,0
25.630652,91.87886,1148.0,24.81,1
25.038186,92.440725,310.0,31.37,1
25.49520942519156,94.96220418825122,740.0,26.83,0
28.063759349638108,95.62123919436266,180.0,2.37,0
24.777667,93.782806,917.0,4.45,1
25.708426,91.896406,891.0,20.64,1
25.561389,94.783889,1045.0,35.99,1
25.52315970958479,93.32883070823578,349.0,14.93,0
23.70277778,92.8775,554.0,27.97,1
23.440711,92.864298,795.0,15.44,1
25.051961588018507,92.06615065880278,15.0,2.24,0
23.63341,93.033595,553.0,33.68,1
24.9179,94.0,842.0,19.46,1
25.81220731584281,91.51484509707532,412.0,23.73,0
25.19308333,93.12041667,657.0,12.68,1
28.474093,95.847423,850.0,33.45,1
25.839778,94.150333,1420.0,27.54,1
23.51232334220107,93.60900005046176,1387.0,27.67,0
25.53699489683658,91.04767455240088,933.0,14.03,0
25.935694,94.111472,707.0,26.19,1
22.841801,92.951385,1240.0,29.4,1
27.126306,88.378667,1128.0,45.67,1
24.05554343100884,92.45991150310556,133.0,14.09,0
25.0565,94.551528,1789.0,27.2,1
23.53777778,92.69833333,826.0,30.29,1
25.57,89.98,53.0,11.19,1
23.93444444,92.66416667,158.0,19.52,1
24.267481710842045,92.7551998504942,115.0,9.54,0
23.078611,92.760002,784.0,18.12,1
24.86331093422617,94.0077242929055,792.0,3.43,0
27.318084890989606,93.25384991032432,2021.0,24.58,0
25.940439,91.563069,454.0,18.69,1
25.708,94.04,1027.0,4.23,1
23.474639,93.314167,1544.0,24.37,1
28.04573692832073,94.33905138242308,799.0,28.3,0
28.364417651602768,95.31717143911038,2428.0,12.86,0
26.03228,94.591907,1468.0,23.43,1
27.82925,93.911194,662.0,29.34,1
28.16559997199824,96.71368970485156,3120.0,33.51,0
23.893254960869587,94.01477661204464,1106.0,15.33,0
23.02994316010324,93.56701022256274,1437.0,25.13,0
26.18971,94.549818,1555.0,29.78,1
26.74177938241065,95.35492962011683,1196.0,10.62,0
24.272667,94.075083,1459.0,23.55,1
24.867694,93.625858,420.0,32.3,1
26.42496161921309,91.87226878129,57.0,2.78,0
25.129991394971487,92.03788481779225,11.0,1.64,0
25.95134335892776,94.89387060378944,868.0,24.42,0
23.74717350240904,93.24849527929592,970.0,24.75,0
24.023861,93.248192,594.0,25.01,1
25.533183,91.205647,1350.0,16.1,1
28.227703,95.781369,888.0,25.33,1
29.05601951541085,95.93513335212856,3859.0,52.41,0
25.218821,91.581584,796.0,12.1,1
23.4761,92.7066,975.0,24.4,1
25.388977,93.121008,295.0,17.48,1
27.4718579956988,96.04081804007986,182.0,1.33,0
28.199641,95.811903,846.0,41.04,1
23.735,92.82194444,441.0,23.93,1
23.957556,93.026558,928.0,32.09,1
25.84,91.35,79.0,17.14,1
25.070840150875068,93.0697243486747,1063.0,18.64,0
26.95653542462468,95.88045184780547,875.0,33.14,0
24.667778,93.676944,1393.0,28.53,1
25.551667,91.2325,1318.0,19.13,1
27.14235503464216,92.92906323810352,881.0,31.44,0
27.424565758554525,88.88451903882189,3637.0,33.09,0
25.97906077292791,93.6282792370804,175.0,2.12,0
25.00721737098444,93.88933979038973,1052.0,5.46,0
23.690722,92.570139,972.0,22.11,1
28.54491185108729,95.63368068234008,1031.0,30.21,0
26.232861,94.472361,979.0,14.84,1
23.39722222,92.75722222,1253.0,27.45,1
24.52889018903749,93.47572035576928,578.0,22.14,0
25.60999127245981,89.90948006399701,23.0,1.06,0
24.17250230671164,91.93400335323123,121.0,7.85,0
25.249381050446097,94.22705501092646,1107.0,20.09,0
25.683,94.099,1349.0,19.65,1
24.12428889,93.318525,606.0,11.52,1
23.888799228829185,94.01410269657876,989.0,27.36,0
25.40837,92.82826,895.0,20.71,1
26.948576189394057,88.41848987589864,774.0,11.17,0
27.2575411,93.7963965,294.0,27.05,1
24.73117,92.64739,39.0,11.21,1
22.901201381899902,92.6383840072742,216.0,29.73,0
26.210043,94.683989,1811.0,31.69,1
27.421139,93.017611,719.0,29.4,1
25.65167,93.12083,357.0,14.8,1
22.23512261049278,92.8792072896048,537.0,12.96,0
23.771296901583646,93.31442799702091,1395.0,9.9,0
27.729684144508845,91.96613158154774,4515.0,39.89,0
28.85363013878794,95.254561950156,3474.0,31.04,0
23.454081,92.857453,1023.0,38.06,1
27.44630489545795,96.03316731322435,185.0,1.4,0
27.517306,88.542889,1321.0,34.26,1
25.940317,94.650583,2009.0,35.76,1
24.59950965881917,94.4998005342126,364.0,9.83,0
26.110991848000616,95.29331867575948,1620.0,12.88,0
25.394111,93.410417,509.0,19.53,1
23.249727,92.796631,869.0,24.27,1
25.472217,93.726992,1544.0,40.9,1
23.72055556,92.80055556,176.0,22.24,1
26.18842,91.85125,96.0,28.28,1
23.10184722,93.20138889,1202.0,21.79,1
27.087945936878004,88.00477871173318,2637.0,18.41,0
25.003130323126687,92.3517925459302,19.0,1.72,0
23.801399,93.168648,565.0,17.0,1
26.160167,94.873417,2117.0,24.91,1
23.359579,93.298884,1180.0,31.46,1
28.550694,95.158333,980.0,12.93,1
28.45134240616883,96.43800236708547,3579.0,44.36,0
24.21925209877862,93.46737886441451,594.0,12.79,0
25.937,91.87553,561.0,13.68,1
23.369857,93.296657,1202.0,20.13,1
25.1283742046348,91.24103132273936,12.0,2.12,0
22.11686275709742,93.17231125442392,702.0,32.64,0
23.74055556,92.81388889,425.0,26.99,1
27.460308065620044,88.71419271704494,3233.0,28.31,0
27.300611,93.093417,759.0,11.7,1
22.688,92.842003,883.0,33.61,1
28.47966581385048,95.13407529500856,1190.0,16.57,0
27.01249369554652,88.17497325537951,2087.0,29.84,0
24.72195217594919,94.08594917985704,826.0,2.77,0
25.059361,94.586361,1559.0,32.43,1
27.670101863302257,92.12530954790634,3683.0,41.04,0
22.744099589150167,92.76848112583204,304.0,11.18,0
25.177877619858634,93.550200796671,823.0,2.76,0
28.9660649838717,95.0244701917468,1334.0,32.08,0
28.464936,95.852312,935.0,43.82,1
24.920441345379484,92.515058011294,16.0,1.85,0
24.1,93.51,921.0,8.38,1
23.7175,92.70666667,900.0,24.25,1
25.31488,91.33367,1141.0,42.73,1
23.286735,92.85703,882.0,34.68,1
25.95386,92.60367,308.0,21.27,1
26.56692083304629,95.15585234495944,1868.0,20.6,0
26.22904084349018,94.0217556323662,118.0,1.64,0
26.860939580139167,88.42245122891455,669.0,22.66,0
27.592606792347425,88.51712777734028,3225.0,33.87,0
25.692933,91.647703,1196.0,30.25,1
24.934205860558023,94.79411061874904,314.0,44.96,0
24.49500709461702,92.0127787000977,24.0,0.69,0
25.786433,94.519583,1364.0,30.46,1
25.673,94.239,1143.0,24.13,1
27.330917,88.450528,1119.0,22.97,1
23.60972222,92.79972222,397.0,37.51,1
24.41985901283895,93.47616566165306,1278.0,50.86,0
26.694917,95.07275,714.0,26.66,1
27.43612051164363,96.27407056241633,902.0,21.06,0
25.51532393823185,93.569143763736,721.0,24.25,0
27.245972,88.185278,1727.0,23.01,1
25.90711602468426,91.50036939742832,82.0,1.73,0
25.593472,94.596944,1077.0,16.62,1
23.32832592579426,92.5020237781374,557.0,40.48,0
26.3275,94.917222,974.0,33.14,1
25.654,94.122,1354.0,30.23,1
26.92795506386881,88.60280447193838,520.0,25.18,0
28.457441284438463,95.73127432996417,1423.0,29.52,0
24.682167,94.138111,856.0,29.68,1
22.537416,92.885002,665.0,20.57,1
26.101907,94.537237,1567.0,33.41,1
25.635869166392165,93.45971404472644,228.0,7.19,0
25.90340712765941,93.79567619642272,140.0,1.54,0
25.635556,90.807778,444.0,11.88,1
26.260556,94.809444,1106.0,23.86,1
27.0247961910626,88.39468010649102,757.0,29.14,0
25.67005556,94.113,1350.0,13.45,1
23.69159,93.190067,1128.0,28.95,1
23.280947,92.8367,621.0,36.74,1
25.391935723430592,93.82590759247869,1061.0,26.56,0
27.55704444,88.57932222,1929.0,25.23,1
24.48338333,93.58848056,862.0,18.36,1
23.797306,92.120417,174.0,1.9,1
27.12769914815342,88.62944422833968,1092.0,29.09,0
24.27705,94.070089,1177.0,15.4,1
27.304028,88.178806,1610.0,20.71,1
23.665806,92.969556,1091.0,18.68,1
27.46057837768741,88.70028779829913,2741.0,35.8,0
25.544906,91.268575,1379.0,26.74,1
25.10727778,92.88313889,323.0,18.58,1
27.76288550161061,88.71910244018702,3383.0,2.1,0
23.293769,92.871451,837.0,6.23,1
27.01195786899813,93.78021778246496,99.0,1.83,0
25.326694,91.933972,971.0,24.76,1
25.046444,92.789667,107.0,28.88,1
22.39,92.59,217.0,17.54,1
24.649492,93.679522,1045.0,23.74,1
22.28,92.63,120.0,6.8,1
26.412308350399787,94.7751165189278,1044.0,25.53,0
25.82522,93.4243,190.0,7.06,1
26.94265054769451,88.30301392134996,2149.0,13.07,0
23.279667,93.232917,1231.0,27.87,1
25.951139,94.024194,496.0,28.01,1
24.444764477914,93.54622632255824,758.0,16.58,0
25.83472003590225,91.96508058136172,767.0,1.03,0
25.013619309317107,92.8619555673985,217.0,3.5,0
28.05259675086772,94.76622610514002,918.0,19.12,0
24.41984346475696,92.64193099279451,73.0,5.2,0
27.66189281442053,88.79592276631989,4138.0,23.29,0
24.35,93.51,942.0,22.03,1
27.685023398685868,93.5196037783758,1935.0,14.5,0
23.60666667,92.76861111,431.0,26.83,1
27.28577778,88.5535,1571.0,64.49,1
28.62330991405263,95.26295940018414,1691.0,29.82,0
25.16460394288816,92.51627899389764,369.0,18.25,0
25.3163403644681,94.66462707832488,1230.0,25.75,0
24.081381,92.793089,911.0,18.55,1
24.217097,92.632545,187.0,4.44,1
26.1625,91.71444,71.0,12.05,1
27.3955,88.306889,1646.0,39.46,1
26.027028,91.88175,87.0,22.81,1
26.6157908729562,94.91124094826762,453.0,29.61,0
27.20825,88.387667,1604.0,26.48,1
22.352175233825434,92.4178585304233,72.0,17.23,0
25.23449751729955,93.6738386099601,785.0,13.83,0
25.578244,93.804478,1566.0,31.95,1
23.454817,92.858696,1023.0,34.35,1
25.224278,93.222861,619.0,9.73,1
27.412184251651915,93.73265347163988,791.0,20.38,0
23.834240428672057,93.94600537512837,827.0,16.06,0
22.851028,92.694972,571.0,25.21,1
27.263278,88.786667,3372.0,45.74,1
25.55256111,91.61870278,1657.0,16.61,1
28.18314929100012,95.6580408944462,236.0,3.11,0
25.238611,94.009189,1109.0,8.35,1
26.263889,94.812222,1188.0,37.82,1
28.73384077516943,95.95104716370167,2840.0,42.43,0
23.143007,92.91124,626.0,15.54,1
23.37194444,92.75527778,1209.0,31.78,1
25.107,93.002,604.0,26.53,1
26.750028,95.064417,843.0,29.64,1
26.907168388631955,88.38605288693134,1085.0,33.55,0
25.67341667,91.06625,950.0,19.63,1
23.653812,93.029927,469.0,26.37,1
23.091619,92.752299,759.0,20.73,1
24.86385945852016,93.32765814017888,616.0,33.61,0
26.418333,94.967778,724.0,37.44,1
24.93898913029064,93.38374035069177,364.0,29.13,0
22.742707112604418,92.35017426513178,198.0,11.55,0
23.76494444,92.73427778,1165.0,37.97,1
27.467508961793257,88.74143535006023,4076.0,46.39,0
23.62027778,92.72611111,771.0,31.58,1
23.3957969266204,92.5367394422963,551.0,32.7,0
23.189917,92.54953,550.0,32.71,1
26.895122599548664,93.78384786070272,79.0,2.96,0
28.893874813655383,94.81640490811542,1421.0,38.48,0
28.237361,94.954808,325.0,36.16,1
23.02274452912354,92.58557355813396,102.0,4.57,0
26.28817121060005,92.01774941779394,46.0,0.0,0
27.23995,93.806589,267.0,24.43,1
26.68926536613049,94.39063127983223,119.0,2.78,0
27.77197287338725,93.8085546991753,827.0,38.09,0
28.322889,95.203694,709.0,32.15,1
26.149444,91.748,136.0,23.25,1
27.318329915107885,93.2586971739944,2092.0,17.36,0
23.71416667,92.8575,865.0,31.39,1
25.350925601435325,92.89876123107116,623.0,11.25,0
27.40891000716783,88.89329697810626,3499.0,29.26,0
25.150600514573203,94.07688549448312,975.0,29.53,0
25.50085450324429,91.04006639166803,741.0,12.92,0
25.677,94.081,1300.0,13.58,1
27.16744023895859,92.6856530710258,353.0,11.09,0
25.302027718310825,92.93986318111746,600.0,11.07,0
25.65431403448587,91.52256758643892,1142.0,16.84,0
27.949214861847903,96.5348919989885,2192.0,35.61,0
22.041098434732906,93.15842340149533,1883.0,4.12,0
23.74416667,92.85555556,833.0,27.21,1
26.237861,94.205028,345.0,27.43,1
25.97158134669252,93.87539043288572,145.0,1.03,0
25.34163852406031,94.44293179563836,1334.0,3.83,0
27.663842378782213,88.40372594506704,4360.0,22.88,0
23.3030711518587,92.96580653235648,1234.0,35.32,0
25.52210683201483,92.9164720371188,433.0,17.22,0
26.80169789060721,94.90974437992644,242.0,8.1,0
28.20729832790198,94.63769836913362,356.0,18.03,0
27.021513320157847,88.36319416045093,1253.0,32.96,0
28.09450087688657,93.27848906288764,1466.0,41.71,0
25.586,94.288,1963.0,25.11,1
21.95015926973404,92.71595058790771,81.0,17.27,0
24.824366299295463,92.63209228828012,19.0,0.34,0
25.228755,91.963018,703.0,6.17,1
24.50117618233725,93.46753274314506,645.0,23.42,0
25.85098638193821,91.7205057509597,386.0,9.12,0
28.480859881163944,96.17988828420228,2927.0,33.96,0
25.176389,93.116139,564.0,15.44,1
25.51869024241742,93.56774337619386,866.0,28.66,0
27.769653101985057,92.00302186089166,4322.0,36.83,0
25.82769,92.55658,466.0,14.68,1
23.243479,92.904846,712.0,28.29,1
27.236889,88.235917,1569.0,42.11,1
25.616510620576744,92.14505470158156,1001.0,3.8,0
27.252384806059613,93.21567096216437,2188.0,37.42,0
28.235361,94.933333,373.0,57.36,1
26.043583,92.440528,444.0,31.48,1
27.162745847089088,92.44977679118053,2742.0,14.01,0
23.447697,92.861729,763.0,28.04,1
25.366255,92.823037,959.0,16.28,1
25.16497,93.02275,590.0,33.06,1
26.009146334237776,91.6901407599192,368.0,14.46,0
26.45190540069164,95.11135134572056,1998.0,27.76,0
26.51925,93.47147,158.0,14.54,1
25.5025816776482,90.85897884702672,482.0,18.44,0
28.434963396292613,96.67277957104068,3280.0,33.27,0
23.32141116700179,92.97447882616116,1345.0,21.71,0
26.890781394701776,92.61638763728632,109.0,1.04,0
23.275305,92.850377,737.0,26.03,1
23.980333,91.475278,82.0,10.87,1
25.6625403,94.1437783,1204.0,14.37,1
25.116833,93.645889,1223.0,23.03,1
25.162583,93.703972,876.0,23.18,1
27.911359990921447,88.72016137226986,4744.0,14.64,0
23.260922566517607,92.31285741182889,144.0,6.53,0
25.64616069940714,92.22345094306318,1056.0,6.65,0
27.553911930711653,92.77719854984755,1098.0,50.52,0
25.28775,94.527667,1151.0,18.36,1
25.569,93.872,1402.0,20.91,1
24.87728859327722,93.12251905401146,34.0,4.55,0
24.13,94.12,881.0,26.04,1
27.55620924460908,88.85836673261038,4251.0,32.22,0
25.404,93.132,275.0,21.32,1
25.819579974118856,94.652320405858,1282.0,37.22,0
25.100793879036043,91.46830547187888,8.0,2.12,0
26.981323138772314,88.08212653117633,2095.0,32.51,0
25.84967,92.69042,461.0,18.75,1
26.83881845096817,94.89418968314996,154.0,6.02,0
25.1813910995952,91.90743550241866,102.0,29.02,0
25.470111107501307,93.14321633222842,198.0,6.77,0
26.84197136628593,95.236787293359,1259.0,26.06,0
25.2192302699938,94.2100018828926,957.0,14.74,0
27.6838476647652,88.41939236931002,3980.0,20.65,0
25.1651151966973,92.7935075440963,1290.0,20.15,0
25.305047,91.075778,292.0,32.27,1
23.91408309928922,92.57146648909055,466.0,33.0,0
25.695,94.108,1385.0,16.31,1
26.36245,94.562862,1409.0,2.85,1
28.06921645385493,95.44996485817369,151.0,1.05,0
25.889361,94.200583,1416.0,30.92,1
23.10463587359025,92.42483513670368,180.0,21.13,0
28.253453,95.908055,2565.0,38.54,1
22.938546471926088,93.18406517928491,1350.0,15.28,0
26.4242282,94.3924136,853.0,39.36,1
26.229662058649776,92.5441368621732,62.0,0.93,0
27.20282670331083,92.9952825352398,1314.0,25.31,0
23.639484,93.032189,484.0,30.58,1
23.578815550931623,93.5874990387064,1375.0,23.32,0
26.775667,95.072917,1023.0,20.22,1
25.648,94.124,1279.0,12.02,1
24.938361,94.549556,1513.0,37.11,1
25.319389,94.50425,1340.0,29.84,1
22.892426,92.822937,777.0,32.03,1
24.8852,94.313301,1309.0,33.21,1
25.23156524935928,94.41986994709498,1278.0,27.18,0
23.87777778,92.84083333,374.0,41.22,1
25.66942383400966,90.75078689137814,368.0,8.99,0
25.12850117232718,92.06919499651642,13.0,5.4,0
25.657,94.439,1523.0,15.26,1
23.917831611685035,92.57656996485896,534.0,18.71,0
25.449564054580176,91.26324303412396,1381.0,5.44,0
22.691999,92.841003,920.0,36.31,1
25.265934418630994,93.55365298481726,1189.0,8.73,0
25.115139268121588,92.65244947651816,1401.0,7.7,0
24.978605800081663,94.3626315924458,977.0,23.44,0
28.119277483274075,95.5371456998158,219.0,3.82,0
23.865694,92.932639,1315.0,28.85,1
24.70591136627071,94.6320704285354,743.0,10.05,0
27.097833,88.3785,291.0,30.73,1
26.941447292814534,93.61472699088095,100.0,1.06,0
25.003,93.164,211.0,19.51,1
27.099256626402283,88.54525023719458,1522.0,21.66,0
25.42295998220771,93.69501820218204,521.0,27.32,0
27.43736845377561,88.76238296338752,4276.0,23.29,0
25.614537,91.87005,1285.0,23.75,1
23.74555556,92.79444444,360.0,25.43,1
24.408672,94.245139,728.0,28.85,1
25.41089934822994,94.98215761644528,711.0,16.85,0
27.54523249715303,92.83972732413022,1451.0,37.67,0
25.466611,94.537861,814.0,15.51,1
27.084222,88.446083,274.0,40.37,1
23.100785,92.751508,780.0,13.07,1
28.418658322774025,96.19016728622984,2011.0,34.76,0
24.672569,93.6973,939.0,18.68,1
28.084477667165817,95.17941672877228,1136.0,27.42,0
26.981319851197856,93.69487383259286,111.0,1.39,0
27.72894153003326,88.41315817571984,4602.0,29.8,0
24.43009773300329,93.7380003004468,787.0,1.03,0
28.058270668616327,95.84947758788849,227.0,4.19,0
26.807365015979936,94.74216132832724,102.0,3.28,0
28.744230299779897,95.0240043666942,2092.0,35.68,0
23.231653,92.673714,868.0,8.52,1
27.154722,88.443056,1375.0,33.59,1
26.292841806381443,91.79493141150188,49.0,1.03,0
26.44406911708561,94.16750907380568,108.0,2.45,0
26.84726655425633,88.326588805587,787.0,26.26,0
28.420595003752297,95.57841531617063,1819.0,32.81,0
24.42344209201966,93.55492661155368,1037.0,17.15,0
27.14926069081948,93.56671845245651,874.0,35.12,0
24.56771111,93.14291667,461.0,10.18,1
27.169028,88.486333,1237.0,36.04,1
26.165417,95.020444,1065.0,22.08,1
28.152164505453232,95.9329151827617,1864.0,37.02,0
25.784145296178327,91.60093177321086,554.0,3.78,0
26.22461448732067,93.8226161719171,142.0,0.81,0
27.99215799430089,95.75778991652564,166.0,2.97,0
25.789933,94.849811,705.0,34.18,1
25.860335,94.450277,1681.0,31.0,1
25.39807675267155,93.68236892992644,883.0,34.27,0
27.17055242891656,93.01953503441082,1084.0,11.56,0
24.871861,93.778111,1196.0,34.62,1
26.28,94.13,475.0,9.83,1
27.135833,88.391111,1807.0,31.7,1
23.286141,92.868152,985.0,36.02,1
22.11067415667352,92.5816795237114,469.0,24.62,0
22.426633824433623,92.80330322239227,461.0,20.06,0
25.66156667,91.13485278,1145.0,10.16,1
25.43233350288037,90.56150508524664,813.0,8.24,0
24.870806,94.591111,811.0,24.9,1
27.93237494666476,96.58518474194072,2457.0,30.59,0
24.143244474144023,93.64160482740496,919.0,19.9,0
24.29331974833337,93.23117018035072,487.0,12.25,0
24.937848146817288,94.8728043779221,184.0,2.13,0
28.00622528123384,95.62479902859477,157.0,0.35,0
23.99122233453194,92.5590213365499,231.0,12.64,0
28.229809,95.779855,910.0,33.3,1
24.90764847872902,93.34202635795596,810.0,30.27,0
26.027111,94.847806,731.0,43.57,1
23.133902,92.623497,530.0,25.86,1
28.177104036205687,94.3320677593373,2676.0,22.72,0
25.39109286737849,92.0975286478552,1352.0,7.87,0
28.3677177147298,95.5348675954372,1556.0,41.44,0
24.80831,93.24264,179.0,29.86,1
26.190833,94.813722,1970.0,37.93,1
25.209568,91.745894,599.0,21.96,1
26.33132410399455,95.16008621746276,1268.0,29.71,0
27.257361,88.165333,1502.0,27.78,1
25.484178,92.510928,1120.0,6.08,1
27.294433612427344,96.5238320614214,1618.0,20.86,0
23.074255,92.76222,771.0,21.79,1
25.16841695449562,94.06534721368524,946.0,27.15,0
28.386806,95.240111,659.0,29.75,1
23.26603699057937,92.3673867989459,103.0,22.6,0
25.046777101027025,93.13537471089276,813.0,34.05,0
26.86646707669643,88.10654358496558,1052.0,25.45,0
26.963156716474312,88.43973101277949,311.0,50.85,0
23.7375,92.79277778,442.0,16.6,1
26.6435,95.075444,886.0,31.77,1
24.18,93.6,1093.0,10.95,1
23.306305298009764,92.97444378572445,974.0,13.11,0
27.012643471575625,88.30083756617633,2062.0,34.01,0
24.635389,93.719194,1370.0,22.06,1
26.368946610639977,92.04339568018428,47.0,8.26,0
22.38,92.59,199.0,22.75,1
26.96986643813507,95.81676521993266,1997.0,23.5,0
25.78,93.92,632.0,17.3,1
25.98635738274712,91.66872727244484,397.0,25.38,0
27.03583832885021,95.92315812902692,1496.0,22.72,0
25.7580654592778,91.34736618497806,827.0,11.61,0
22.850562468025068,93.2150515449099,879.0,23.75,0
25.75174532784964,91.9368360740128,850.0,1.39,0
23.417482,92.770557,1209.0,28.17,1
23.494398069269185,92.4979696173905,704.0,23.38,0
24.17938620370824,93.08158977445844,777.0,19.77,0
23.427713,93.33564,1302.0,30.1,1
23.375634,93.384499,894.0,36.99,1
25.13960958538396,93.42457180839746,516.0,39.06,0
25.62135091204229,90.7408243423315,341.0,5.61,0
27.257603,93.796335,294.0,27.05,1
25.594,94.166,1078.0,18.31,1
28.34805174197454,95.32101909277633,1523.0,49.95,0
27.149972,88.184222,1082.0,27.59,1
25.69523333,91.64426944,1225.0,27.1,1
25.10211257937077,92.0123572036598,8.0,1.46,0
22.688069090365367,93.18518864436837,1323.0,35.19,0
26.11247452469853,94.68855959810456,2172.0,12.21,0
25.343028,92.0625,1250.0,19.49,1
25.1508246659005,91.937908488846,19.0,2.4,0
25.444322,94.046858,1414.0,24.13,1
25.23,93.34,1303.0,25.88,1
24.49394960274476,94.292132529684,619.0,32.19,0
23.379812,93.384813,924.0,35.43,1
26.67787192823991,94.3118845533764,107.0,1.48,0
27.27575,88.084972,2074.0,44.23,1
27.523822679278457,96.50323888322283,550.0,10.35,0
25.914745371728813,92.20767115736074,668.0,6.81,0
24.70713449708383,94.47617089848852,923.0,31.46,0
25.747333,92.117333,866.0,14.64,1
25.12159111711506,94.80733029434914,1568.0,15.23,0
23.304779550057194,92.55957203450524,570.0,43.99,0
25.69517778,91.64123611,1302.0,14.98,1
26.777056,95.020361,632.0,22.53,1
25.241831406671885,93.92974761308804,1787.0,21.56,0
28.505630823430906,95.50150796758636,2000.0,15.17,0
28.26814,96.55728,1595.0,43.19,1
28.245016,95.77363,800.0,27.16,1
23.3118724235208,92.94817566348765,803.0,26.69,0
25.544028,91.215472,1364.0,10.76,1
23.788032,92.729443,1164.0,35.37,1
23.587917,92.598056,886.0,24.67,1
25.756972,94.476694,772.0,36.51,1
28.26522,96.57889,1444.0,25.12,1
25.7983954682458,92.25211460444488,945.0,13.72,0
25.303445492468192,94.7877111942828,902.0,27.66,0
28.787937,94.820098,556.0,57.54,1
27.165528,88.496556,1252.0,30.9,1
26.0511465726665,94.72457170347045,1596.0,21.48,0
22.749848872967444,92.42582132678268,78.0,22.73,0
26.067054072032985,94.69397390811312,2129.0,26.82,0
27.23021442631352,92.20709996303262,2752.0,31.72,0
27.706233287265345,94.08883908251008,2151.0,27.27,0
24.97065139382967,92.33846363989,19.0,3.84,0
28.27378,96.57031,1680.0,49.88,1
25.45984666243485,90.64837853458084,382.0,9.41,0
24.9373410821856,93.31031795115258,161.0,8.13,0
28.510528,95.177722,715.0,34.37,1
24.676514114139625,94.050686659346,792.0,3.02,0
25.425403,92.982053,281.0,22.71,1
25.67009167,94.22525278,874.0,22.96,1
24.6583726572176,94.49960565836012,738.0,17.31,0
25.280042717452503,90.72572315866336,229.0,33.42,0
24.6525,93.676,1280.0,27.35,1
22.88,92.46,42.0,3.54,1
25.212554,91.747962,598.0,42.53,1
23.58555556,92.71583333,924.0,29.07,1
26.039194,92.4595,314.0,25.32,1
26.20251412824616,92.42102595373706,63.0,1.19,0
24.846509,93.573533,383.0,43.97,1
22.259701380533976,92.51835573935094,369.0,22.7,0
24.83125,94.339194,1425.0,19.91,1
27.91856564992933,96.70324383965225,1877.0,36.24,0
23.017494,92.920425,764.0,26.45,1
23.214001,92.588608,599.0,15.56,1
27.78781985634708,94.82649364143325,723.0,36.61,0
25.713,94.088,1394.0,21.77,1
25.07064360233889,93.51500277002462,902.0,2.31,0
25.57337313819877,92.39163540664588,1129.0,2.58,0
28.21393120888908,96.47223458795284,1879.0,30.61,0
27.192138757750783,93.38486063017544,1357.0,11.53,0
23.79101893098549,93.4944310534634,1159.0,32.48,0
25.976625,94.579939,1806.0,45.78,1
27.01805427046036,88.30320007370717,2047.0,29.94,0
23.697056,92.877944,436.0,33.5,1
26.59922752484685,94.85476291592612,555.0,7.87,0
24.13,94.13,586.0,11.16,1
28.24475198854501,95.15278915459072,948.0,22.87,0
26.965697681857925,88.22513316667441,1366.0,18.13,0
24.18,93.56,693.0,16.22,1
22.969582,92.925917,758.0,28.95,1
23.721334294846454,93.24139168152072,1007.0,27.16,0
23.32361111,92.78944444,620.0,29.88,1
25.401957729930583,92.0780146932746,1397.0,33.76,0
23.63302506409548,92.4698657178306,693.0,19.48,0
25.371889611031712,93.71140857912046,591.0,22.93,0
25.83,91.05,110.0,4.81,1
27.156791072456283,88.00874555990367,3239.0,22.29,0
23.219648416698693,93.50666169155808,1987.0,22.08,0
24.354658,92.925511,689.0,13.58,1
25.129537811343493,91.76160483789889,22.0,3.16,0
27.82566001971265,88.63512727341673,5373.0,40.81,0
22.7,92.66,619.0,20.44,1
26.680442378507426,94.8997575391637,758.0,28.97,0
28.070895507800003,94.95639923329034,815.0,24.58,0
26.841222,95.079556,271.0,19.54,1
26.89076006715776,94.79061169242584,97.0,2.27,0
27.105748,95.654176,1033.0,39.8,1
24.978444,93.5,1247.0,8.56,1
26.107909952642963,94.93657506152256,1374.0,24.25,0
26.972293804432752,88.28386231072201,2253.0,8.48,0
23.11499054177816,92.49154549914174,284.0,7.65,0
24.568668762858923,94.0098792063097,772.0,0.34,0
23.082149,92.758285,768.0,4.53,1
27.00072584565993,95.65959110797994,1602.0,25.39,0
25.614664,91.870266,1282.0,24.75,1
25.643066580796432,93.78690169569911,525.0,13.64,0
26.34017733158701,91.91080689331142,55.0,0.0,0
23.172659,92.611828,800.0,17.91,1
25.922767,94.565056,1953.0,25.46,1
25.984717127531265,92.79008847142632,71.0,3.12,0
27.24297222,88.47055556,494.0,33.9,1
27.42850691505136,93.7910219667118,1022.0,29.35,0
26.29699905439473,94.68784477621068,1222.0,27.58,0
25.10434803122645,91.44088749173534,8.0,0.74,0
24.618157,94.309379,1217.0,36.13,1
27.7621,94.0563,728.0,38.26,1
23.699611,92.874917,431.0,9.35,1
28.11594,96.54689,847.0,40.53,1
27.337194,88.621833,1779.0,16.49,1
27.00762282584014,94.85706637077898,101.0,3.82,0
22.72821608906472,92.3742191167306,157.0,20.27,0
26.859750883978208,94.92679151952544,139.0,1.4,0
25.127556,94.338583,1664.0,13.67,1
25.581572,91.181611,1232.0,19.34,1
25.684,94.246,1029.0,23.4,1
26.248441631717807,92.5666262041089,60.0,1.13,0
25.425140951039563,94.38225264536555,900.0,15.62,0
27.125767,95.745585,387.0,20.24,1
25.436861,93.404583,385.0,17.12,1
24.075736311521908,93.37872168739165,942.0,26.37,0
25.206573,91.738428,661.0,35.76,1
25.216341482569764,92.43858204846148,486.0,17.44,0
28.41459295561642,95.75661661844308,1911.0,31.59,0
23.500803,93.201572,1062.0,32.87,1
23.822086,92.826497,448.0,32.38,1
25.24736,91.451647,735.0,24.25,1
23.678583,92.571583,914.0,19.39,1
25.319343885119057,91.1643607470732,524.0,11.13,0
23.985653459655342,92.566027808705,536.0,26.06,0
25.63,94.259,1213.0,27.82,1
26.198627391359008,94.34597968013809,479.0,9.13,0
26.0501791833439,94.74282592726,1746.0,47.02,0
25.576444,94.785556,1001.0,33.03,1
26.92933159079045,95.13191049824422,152.0,2.42,0
28.106321,96.447245,1427.0,32.61,1
22.903567,92.758702,1199.0,33.5,1
25.44878603416216,93.83066294669392,1041.0,24.97,0
26.395139,94.451194,748.0,25.77,1
28.738306679078704,95.98810455297428,2657.0,17.49,0
22.604530846216544,92.76014149315212,444.0,13.95,0
24.268736412910183,92.40323082913584,188.0,8.84,0
26.035269064428466,93.83855394928916,142.0,0.46,0
26.98244387667229,95.30385919178993,578.0,20.54,0
24.991965550971003,94.7461137182014,1694.0,24.25,0
25.67286,94.08883,1234.0,12.07,1
24.783806,93.455556,547.0,24.62,1
28.048411651511703,96.3945900206682,2624.0,26.24,0
22.450001,92.870003,459.0,29.24,1
25.723040217470547,95.00404916873016,2600.0,39.7,0
27.623829,93.841776,1670.0,25.79,1
25.92154834690406,90.89088192894084,77.0,6.48,0
24.30711944,93.59375833,905.0,23.49,1
26.832037932939112,95.60381357407992,1938.0,22.57,0
25.601,94.31,1905.0,19.74,1
24.238745,92.681538,554.0,9.11,1
25.682,94.131,1323.0,12.16,1
22.45,92.7,856.0,19.79,1
28.302352564854303,96.3377992843498,2894.0,60.48,0
25.77,93.81,269.0,18.43,1
25.68536626256564,91.76134146881286,928.0,13.16,0
26.113333,94.338611,989.0,32.28,1
25.637026,91.844464,1273.0,25.46,1
22.56252200151389,93.18522761842118,956.0,30.74,0
27.773556,93.969778,462.0,34.54,1
23.61861111,92.79,314.0,10.13,1
27.236306,93.807167,335.0,27.1,1
26.8607541115067,92.76673454046136,88.0,3.59,0
24.71475,94.217917,1563.0,33.46,1
26.87131404873981,92.72269435268063,87.0,2.86,0
23.96,94.06,1133.0,27.45,1
24.51,92.77,254.0,23.6,1
23.943241,92.933604,1266.0,27.71,1
28.531528,95.050417,475.0,21.28,1
25.616913660926933,92.78128115642411,367.0,4.37,0
22.97986985154731,92.37657321837078,36.0,0.74,0
23.861805,93.364944,610.0,18.96,1
24.99552495099673,92.06607395038186,14.0,3.4,0
24.879445271193347,94.66577737956004,435.0,9.86,0
28.023491,96.440972,646.0,55.12,1
25.008,93.04,194.0,12.98,1
26.997731581445294,95.2166813744832,309.0,24.78,0
25.128417,94.440639,1851.0,25.36,1
25.6032619,94.1122188,1620.0,26.34,1
24.2733754978999,93.2466223571084,293.0,3.31,0
25.40846962501523,90.98655658740344,289.0,29.98,0
25.97175,94.504619,1793.0,24.93,1
24.18987265270231,94.32106673764967,172.0,1.79,0
28.169611,95.240639,249.0,30.3,1
27.648148729680347,92.83331757473084,1630.0,8.94,0
27.30101807541714,96.45244217759412,1390.0,13.94,0
26.1980756313293,93.96932945841482,109.0,3.74,0
28.823558,95.882966,1659.0,24.37,1
25.331143699226203,90.47966244694904,74.0,4.16,0
28.38420577541265,94.80723123710602,907.0,20.88,0
25.6702,94.456,1424.0,33.56,1
25.16485,93.697303,957.0,28.02,1
27.66526346167721,88.445018013448,3151.0,63.28,0
25.091290343312107,93.1613178254092,1199.0,20.52,0
25.6387,94.10979,1475.0,24.13,1
25.312452603187573,93.73518407348408,1556.0,14.79,0
23.61611111,92.79944444,396.0,31.02,1
25.14525,93.02916667,542.0,29.23,1
26.211028,94.241389,354.0,26.74,1
22.29126187839761,92.90528979189878,312.0,27.21,0
25.9545,94.040083,640.0,28.78,1
23.687423792621345,93.50761670533603,1694.0,10.34,0
25.181722,94.504917,1788.0,28.42,1
28.20746107777256,95.35208139411402,675.0,45.09,0
27.077309442442075,92.8455412503998,850.0,40.94,0
26.016528,94.171056,1175.0,21.64,1
27.436089975676943,91.85448820615174,2944.0,8.59,0
25.21754094697495,92.5505588896508,686.0,18.93,0
23.60888889,92.8075,457.0,21.18,1
25.45619004003774,94.84149495606208,2086.0,25.15,0
26.11902453276073,93.6515616807922,493.0,10.15,0
25.58235861096469,93.98333432122924,2369.0,36.34,0
26.15805556,91.71258333,85.0,18.59,1
24.86654852048181,93.08731383473491,57.0,8.65,0
25.666028,91.091167,946.0,21.44,1
26.812389,95.076444,580.0,16.44,1
27.030454108822003,88.34993953632204,1521.0,36.08,0
22.609229195793663,92.76673971741084,361.0,34.57,0
25.629683,91.163172,1239.0,15.51,1
27.157861,88.090194,2181.0,24.31,1
25.68176111,94.06811944,1161.0,24.7,1
25.171889,93.003944,741.0,11.94,1
25.049,94.551028,1787.0,8.08,1
25.315861,94.504139,1377.0,18.54,1
26.197444,94.856955,1993.0,35.5,1
26.61,94.5,508.0,25.6,1
28.122964634076272,96.72690392808448,2973.0,16.42,0
23.00142479416888,93.40849003766289,1024.0,22.87,0
23.304227712754862,92.9313803830828,815.0,24.04,0
27.45237622909693,88.22937360605941,4048.0,36.85,0
27.02544464091764,88.31727951717197,2016.0,11.34,0
28.099376,95.27268,261.0,17.74,1
27.90814,96.36028,1084.0,51.25,1
22.43262539320009,92.42814290615792,157.0,15.52,0
28.239330423760624,95.6782747759468,259.0,6.6,0
25.72707289321368,93.84948663383626,362.0,1.79,0
23.283042632009963,93.40469991628488,1043.0,24.63,0
23.85756984466443,93.7642213035024,1097.0,28.27,0
23.99504992704101,94.1524635714516,340.0,20.16,0
23.183856,92.735346,835.0,17.68,1
27.111424922215804,93.27033623870528,1190.0,30.95,0
28.215014,95.799764,965.0,29.75,1
27.13600280150864,96.0562515824687,938.0,8.59,0
25.27898,93.241092,784.0,21.11,1
25.276848122989065,92.86273047549204,779.0,14.29,0
23.874056,93.244469,1223.0,24.89,1
25.40178897414924,93.63510474848272,1406.0,5.2,0
24.387658,94.151683,1322.0,27.38,1
25.153722,94.461917,1921.0,26.65,1
25.51815035112246,90.9294408589432,664.0,10.57,0
25.15556,93.021583,610.0,10.52,1
25.086247322471245,92.67849955755948,447.0,15.49,0
23.203107,92.577972,749.0,21.03,1
27.279972,88.804278,3691.0,35.67,1
25.112647957310543,91.92716664253273,13.0,0.74,0
28.209062,95.806755,928.0,38.55,1
24.26311111,92.96041667,789.0,18.55,1
27.97755989167267,95.37165952290096,144.0,3.31,0
23.73794444,92.78613889,546.0,42.31,1
23.351772,92.781701,905.0,48.3,1
25.487066812601743,93.23089562138014,349.0,10.83,0
25.182306,94.523333,1343.0,21.47,1
23.527592,92.984969,1342.0,26.8,1
25.29401125120794,94.63594153042878,1751.0,29.17,0
25.450653,94.046667,1328.0,33.46,1
23.741851,93.377004,1315.0,25.74,1
25.48716667,91.81936111,1724.0,7.51,1
25.473756811085963,93.88689544504749,1246.0,23.36,0
27.01714964374771,88.40708906013178,870.0,15.5,0
22.6,92.67,391.0,18.81,1
25.51591667,94.13652778,1701.0,10.1,1
26.687043898991668,94.8771421104539,905.0,14.54,0
23.1077,93.19878056,1179.0,17.5,1
22.823893,93.036804,1363.0,37.12,1
26.97030656221106,92.96418836840988,370.0,11.89,0
27.080365471569507,93.03513995123912,710.0,29.26,0
23.266744730027003,93.44893937377591,1197.0,26.43,0
27.527917,88.60225,1473.0,41.33,1
27.035278,92.610556,155.0,11.07,1
22.77451049892298,92.74149367061489,502.0,33.42,0
25.32562109685967,93.8180134711439,1555.0,27.73,0
28.267526,95.561048,528.0,43.68,1
27.000447765502127,93.66342118414954,201.0,22.07,0
25.03207368119709,93.84083356342134,1945.0,15.5,0
25.04670203080327,91.35929786217729,9.0,1.45,0
26.088722,94.349833,988.0,44.28,1
28.169389,95.235722,299.0,47.38,1
22.899151,92.935677,424.0,27.62,1
28.225583,94.889167,293.0,38.76,1
24.869889,93.779444,1159.0,25.86,1
28.0033304788226,95.792387842563,155.0,1.15,0
23.85972222,92.89694444,1052.0,18.84,1
26.97322271758489,88.4148631476081,399.0,38.9,0
26.105583,94.257778,1382.0,19.73,1
25.050356439876488,92.89288556571027,569.0,40.73,0
22.770902962484257,92.44471524617704,129.0,13.06,0
25.90741772185798,93.856684696975,159.0,3.8,0
28.550472,95.06325,740.0,21.61,1
25.407413225239104,94.82958125324248,1320.0,23.94,0
22.89,92.48,109.0,11.32,1
26.939232,95.520994,1619.0,34.63,1
27.105083,92.555222,863.0,36.31,1
26.96285790643533,92.54168176154788,156.0,5.91,0
25.56718668255933,92.95184078908407,201.0,11.54,0
27.45408979629648,88.39267935383158,2954.0,32.57,0
26.9723716470644,93.6789120292848,99.0,2.44,0
25.413,94.541333,898.0,20.67,1
27.430861865645287,92.2663073455808,1893.0,8.06,0
25.39605546456429,92.1173934630602,1385.0,7.8,0
27.48502036902907,88.06628321548787,4736.0,19.11,0
22.51998653190965,92.49088993752255,300.0,11.1,0
24.711498914112987,93.58433555581554,390.0,24.05,0
24.08882454154077,93.19759719098282,1380.0,17.82,0
25.151189,92.191308,171.0,33.34,1
27.64182548591977,95.1861323530125,107.0,0.0,0
23.459786,92.855821,1052.0,24.13,1
23.71583333,92.72,1081.0,22.72,1
23.168777,92.90097,846.0,28.91,1
25.20155206971766,92.72847652712714,1242.0,20.21,0
24.81778,93.51583,460.0,28.42,1
27.317819396636978,92.5365989311314,1351.0,23.04,0
28.92801554554453,94.78194714242495,430.0,27.38,0
28.24517985819571,95.9868426707375,3179.0,30.48,0
26.906409897403787,95.12129122029695,266.0,5.91,0
26.022353111371103,93.88765432613674,140.0,1.93,0
25.079969070402704,93.18060519831978,667.0,31.66,0
24.57296389,93.17700556,301.0,26.4,1
27.42045911650481,88.21412934434423,3198.0,40.26,0
23.381167,93.112917,1184.0,23.5,1
22.19,92.61,194.0,14.09,1
25.11667974790332,93.4542989869732,634.0,21.35,0
23.31119909765248,92.40542386124262,101.0,21.77,0
28.51474272086609,94.99300779748876,1487.0,40.04,0
27.04727906947584,88.23716422790538,1266.0,35.99,0
27.554505831020084,88.83209583320702,3985.0,31.34,0
23.42989098259446,92.50617035769952,674.0,25.43,0
24.11,93.91,1215.0,23.06,1
25.46536845515858,94.28582549760378,1923.0,30.75,0
23.32628378149134,92.5166858545274,554.0,26.45,0
25.54276366536326,94.42630906955642,1149.0,24.84,0
23.89797007542253,93.43751758376642,1439.0,20.02,0
28.34799071572664,95.34336689773812,1818.0,9.86,0
22.462999,92.969002,386.0,29.78,1
24.043187,92.77542,977.0,31.08,1
25.32060721969796,92.89265981911124,542.0,1.73,0
25.92985195079751,93.6477456735837,208.0,2.41,0
25.38376601299582,93.65136339527092,679.0,20.35,0
25.135,93.04,622.0,14.48,1
27.202956271482936,92.76846988550945,587.0,32.19,0
22.513,92.793999,509.0,16.91,1
28.015567447305404,94.76820653919152,1380.0,22.49,0
26.314847,93.256125,386.0,10.25,1
28.19665003302543,95.6032330734364,291.0,2.78,0
22.87,92.49,143.0,20.77,1
24.08,92.39,551.0,12.47,1
25.60655065589429,91.98152903315771,1321.0,2.66,0
27.144784548088584,93.43260713481776,1092.0,35.54,0
24.167642938501373,93.75807998814145,889.0,12.86,0
26.809385914099828,94.76720138782515,111.0,2.12,0
23.74027778,92.69722222,1039.0,17.98,1
28.763652582680464,96.0157249566779,3506.0,16.05,0
26.244103598512226,94.33186574171287,567.0,3.87,0
26.336667,94.9275,1138.0,26.18,1
23.29556069793992,92.5034031892333,285.0,27.24,0
25.44403929670665,94.23217949228932,1668.0,32.49,0
27.276866955303547,92.52506030875604,1984.0,23.34,0
27.247111,88.225222,1664.0,36.67,1
27.160722,88.505889,1051.0,28.4,1
23.1915,93.011024,875.0,39.87,1
25.18846,93.003768,742.0,21.92,1
23.840334,93.071945,703.0,23.09,1
25.953314905899656,94.88841703804376,1215.0,28.39,0
26.01228463253916,93.8558941504009,138.0,1.92,0
23.150818,93.286358,1445.0,34.07,1
23.61,92.75055556,728.0,34.2,1
23.4912,92.7055,987.0,49.72,1
27.417306,88.622361,1381.0,25.48,1
24.943778,93.706472,1470.0,13.8,1
23.95,94.06,1265.0,23.88,1
25.05714768706176,93.8628089132652,2295.0,12.9,0
23.54542014949353,92.93236167426154,1454.0,29.66,0
28.60302180977293,95.21208832448396,1768.0,33.16,0
23.025167054192064,92.4788247872153,87.0,18.23,0
25.628758,91.164169,1251.0,18.51,1
26.326783228618947,91.8301760965779,53.0,2.12,0
25.494341180122888,92.34069056133924,1326.0,20.6,0
27.646905834901293,96.31713072931078,573.0,11.08,0
25.1568056,93.019722,638.0,25.35,1
24.52,92.53,68.0,4.85,1
27.29414711694303,95.77408161564614,146.0,20.24,0
23.43277778,92.76111111,1503.0,17.29,1
23.719472,92.676444,499.0,21.3,1
25.151417,93.672833,1060.0,11.91,1
23.059168,92.771186,975.0,32.4,1
25.53,89.98,69.0,7.66,1
25.61092,93.09178,238.0,1.64,1
27.157694,88.092833,2250.0,16.75,1
27.571111,92.965556,585.0,10.41,1
24.80425,93.732861,1165.0,28.35,1
27.327977,88.152281,1578.0,15.58,1
24.28,93.11,747.0,30.55,1
25.95478,92.51386,269.0,32.49,1
22.891706,92.950081,547.0,38.33,1
25.243671,91.866854,912.0,23.3,1
25.388039,91.8773,1458.0,34.68,1
27.51931785674112,88.7926470573478,4624.0,28.04,0
27.470103845181047,94.03667871379812,1111.0,20.93,0
27.5335,92.964861,1133.0,29.88,1
28.07104056050129,96.38368820108715,2471.0,38.0,0
26.0325,94.256,1425.0,29.78,1
25.32916645941492,94.39816492524258,1152.0,16.62,0
25.14722,93.03128,461.0,30.54,1
25.84575,94.055083,951.0,21.77,1
24.728917,93.256389,918.0,23.55,1
25.63203990937589,91.46661475639404,1252.0,11.97,0
23.69777778,92.71944444,984.0,34.49,1
24.444011,94.173489,1500.0,32.19,1
22.89236481958553,93.12190933902755,575.0,30.74,0
25.37927690647791,93.93976269275907,1162.0,35.94,0
22.39655981312944,92.4874618289136,295.0,19.79,0
23.631956,93.033971,566.0,19.59,1
25.640693377217925,91.7364580034388,1004.0,10.98,0
23.470198,92.693264,391.0,20.6,1
25.5925,94.628472,1509.0,34.45,1
27.25846023650674,92.56682115025872,2123.0,20.02,0
25.029708,92.463967,89.0,27.64,1
25.591833,94.595278,1063.0,13.22,1
23.719694,92.868053,738.0,37.72,1
27.62225,93.840778,1638.0,25.35,1
25.40670451717609,94.8854810239206,1085.0,19.0,0
22.9479117073112,93.12572073227471,753.0,29.32,0
25.02204472681837,93.73201362446436,949.0,21.52,0
26.97398741167233,92.97447387057215,288.0,13.67,0
24.1,94.03,1413.0,31.18,1
23.663361,92.015111,313.0,20.89,1
25.39601797986089,90.94696825496275,405.0,12.29,0
25.79114102754952,94.57640117865998,2393.0,15.3,0
28.17945649798472,96.37529203208784,2251.0,54.47,0
27.318647,92.77855,617.0,38.89,1
26.49998337015921,95.03278418186532,1615.0,20.44,0
27.34119359050544,95.79291170134348,148.0,4.5,0
25.325889,91.935222,952.0,21.49,1
22.26951665819407,92.81603757565128,357.0,23.45,0
23.938028,93.121277,1526.0,26.08,1
25.843571657998137,93.18875737983562,157.0,1.61,0
25.092033,94.640664,1074.0,20.39,1
27.063378473210488,93.78951248253722,133.0,2.44,0
25.365230339130715,92.35893161908828,1200.0,4.32,0
23.52666667,92.70083333,784.0,29.74,1
25.67790666102087,94.6497367219704,693.0,18.65,0
23.983558257181745,92.177153519979,110.0,7.12,0
23.73,92.75833333,910.0,35.6,1
27.215944,93.069222,1048.0,36.98,1
25.097738390607947,90.95398892853804,8.0,0.46,0
26.706028,95.078361,640.0,20.08,1
27.897606252975024,96.48913756740946,946.0,32.43,0
25.930969649721423,91.0088972740352,56.0,1.46,0
25.666,94.244,1319.0,34.41,1
29.12103766089992,95.95173970097969,3528.0,40.37,0
25.729606078450647,92.73489685489332,259.0,10.56,0
23.04042412567571,92.22535165836412,34.0,1.37,0
25.284402598209194,94.72600176736134,1920.0,23.92,0
26.207833,95.001083,1562.0,28.25,1
27.58006,91.97728,2275.0,24.97,1
27.6340386082954,88.4348638552743,3926.0,42.4,0
25.465167,91.824944,1690.0,14.34,1
24.26,92.65,51.0,7.16,1
25.446771870028,94.2691852542417,2233.0,18.11,0
23.61861111,92.72611111,793.0,28.43,1
24.784556,93.777972,1008.0,25.73,1
23.65527778,92.72694444,811.0,22.1,1
25.083083,93.613583,1092.0,9.61,1
25.04180268685049,93.82652038425866,1447.0,41.67,0
28.11484977878984,95.6326076666065,210.0,2.23,0
26.67999033248432,94.2662956179454,108.0,0.81,0
24.61888193201841,93.86759495308766,773.0,0.34,0
26.152532760210217,92.19345418826973,55.0,0.93,0
25.188444,93.019667,522.0,26.45,1
28.07771060911723,95.5847094866675,190.0,2.97,0
25.25454782727593,94.38028504814024,1860.0,22.62,0
24.14347496412458,93.22234630678643,989.0,17.92,0
25.46353588644921,90.01827561536616,108.0,21.23,0
27.2773414488936,91.96896662470036,3262.0,10.39,0
27.13934240578068,88.58328426926194,1793.0,18.5,0
25.87925306206965,91.6585304952218,340.0,24.01,0
27.462159408522336,93.8189034687455,1131.0,2.54,0
23.902111,92.922556,1138.0,10.45,1
27.301139,93.091889,768.0,20.29,1
25.107290102834423,91.51179955177624,10.0,2.25,0
25.865472,94.049944,944.0,33.34,1
25.507378,91.223883,1363.0,22.58,1
23.727472,92.85265,780.0,26.65,1
23.584417,92.622917,868.0,16.92,1
26.39330942634468,94.25634142915168,208.0,19.57,0
28.06356,96.50075,525.0,17.18,1
23.855092,92.666553,407.0,27.16,1
22.920202,92.927345,471.0,24.82,1
23.00461111,92.67744444,444.0,19.67,1
24.664694,93.532361,727.0,23.09,1
27.844197710047936,94.58008867505634,1398.0,39.11,0
24.993964384077863,92.18985369952637,15.0,3.5,0
27.223833,88.491833,362.0,32.79,1
26.57463,93.11297,93.0,23.75,1
24.686417,94.153333,864.0,26.45,1
25.750944,94.199444,986.0,29.37,1
24.97368429532494,93.10161855408798,204.0,26.02,0
24.842444,93.499333,305.0,19.16,1
24.027079684828458,92.04084926265313,73.0,9.52,0
23.53218748967311,92.40697117124178,655.0,22.1,0
27.063526230838058,92.80987798894128,221.0,17.42,0
24.499217638913017,94.42393797958704,282.0,10.52,0
25.462361,93.384306,425.0,22.38,1
25.660333,91.635083,1396.0,10.28,1
25.14048137843573,94.80201521309358,954.0,18.42,0
22.34,92.6,146.0,3.99,1
24.027859672488624,92.51217961635872,715.0,16.81,0
25.1880735461268,94.01161040393816,1057.0,7.93,0
27.040034143861025,88.15220318416797,1353.0,26.99,0
26.166583,91.714806,128.0,23.41,1
25.18996462943608,93.8745509066459,1313.0,19.24,0
25.696556,92.109694,839.0,4.44,1
23.098848446916573,93.6204456534084,1290.0,19.05,0
23.785380512195257,93.47490793798175,1495.0,17.14,0
23.213055,92.58889,592.0,22.37,1
22.62321630794728,93.1180901134307,386.0,25.58,0
26.728167,95.029889,706.0,28.58,1
25.01205589114386,91.73432738413086,11.0,2.1,0
26.144961775655418,93.31438764886155,603.0,13.93,0
26.4846112169963,94.9602739871652,1070.0,27.32,0
28.24701800365156,95.31701703799266,2016.0,31.4,0
27.616360684774733,88.2862599020296,4252.0,36.61,0
27.03846818091733,88.64829622878,1536.0,24.61,0
22.523798451824423,92.42195873465243,95.0,11.04,0
24.641444,93.691639,1266.0,24.44,1
25.26200048721259,92.7220766047268,1041.0,20.38,0
24.12,93.29,1145.0,25.26,1
25.9138364657303,93.92715012602568,168.0,0.74,0
24.57235,92.70536,66.0,8.58,1
27.158976523305387,93.5599325631004,1197.0,10.67,0
25.364931626630625,92.22952561047212,1296.0,8.52,0
27.460995482979808,88.17789172292754,3667.0,18.35,0
22.23,92.62,172.0,8.15,1
27.7306,93.9767,520.0,45.67,1
23.64828952957024,92.22764255233332,349.0,15.01,0
23.304123,92.671521,574.0,31.88,1
25.080556669699565,92.482343531689,307.0,15.84,0
25.273144059388752,93.70635451394786,580.0,24.2,0
24.95321097350398,94.79751692683416,489.0,23.44,0
24.82058,94.137,889.0,15.21,1
26.841139,95.079694,280.0,20.98,1
27.638694,88.711694,2280.0,19.3,1
24.240244,92.694292,495.0,19.42,1
27.370083,88.67925,2569.0,41.58,1
28.12494648464348,95.58908242099815,229.0,2.78,0
25.03452821230557,93.9174466374988,1016.0,8.65,0
26.383648,94.440751,994.0,13.05,1
25.311820972217102,94.61700860000634,1958.0,22.79,0
25.472781,93.727319,1535.0,32.42,1
25.415583,94.558778,1182.0,21.21,1
27.19736609305885,88.95441237765446,2578.0,10.22,0
27.59152778,91.88044444,2767.0,21.97,1
25.91316533970693,92.42386621570098,652.0,19.22,0
25.998217,94.504756,1784.0,23.2,1
24.861317670557312,92.21767075040056,13.0,1.03,0
24.284789954486875,92.75695560823732,60.0,2.75,0
25.559,94.284,1747.0,9.24,1
23.212919,92.558022,863.0,13.89,1
27.526360989162207,93.91471651914264,2377.0,24.1,0
27.637167,88.712028,2255.0,26.81,1
25.157,93.062,514.0,11.67,1
27.516444,88.587361,1460.0,19.39,1
27.4696144096594,88.92244046344543,3258.0,24.65,0
24.18,93.99,924.0,16.71,1
27.115246,95.670965,835.0,28.0,1
25.657994507054028,94.66349125835204,714.0,22.91,0
24.16940721360712,92.15776184996092,74.0,9.09,0
23.026818,93.26673,1410.0,51.76,1
23.69305556,92.86055556,907.0,18.6,1
24.595541959244034,92.63322893430455,27.0,2.13,0
25.18846495910672,91.32123826143308,19.0,3.24,0
28.070621484830323,95.56994230585222,187.0,3.02,0
23.66416667,92.72055556,1046.0,52.05,1
23.36852778,92.76538889,1136.0,34.39,1
24.894017702250707,93.8347075974668,815.0,3.1,0
22.85258,92.70186,432.0,21.09,1
25.64146698730099,90.95730905154502,790.0,6.88,0
24.35,92.85,382.0,27.13,1
27.394085432274288,93.7970683532794,1188.0,17.14,0
26.975732435680005,88.78859133531897,446.0,1.92,0
24.26411111,92.69188889,510.0,41.64,1
25.970917,94.214028,1467.0,28.03,1
26.321313642783625,95.25304424117142,1820.0,14.29,0
25.78512107740367,94.58580325018433,1734.0,49.54,0
25.275083,93.616306,1127.0,17.02,1
24.18,93.59,1130.0,19.67,1
28.67017000602389,94.780874276757,1476.0,21.23,0
25.538688973678063,93.34625382915128,338.0,5.17,0
26.13775368688893,95.20234583692378,2080.0,22.81,0
23.73305556,92.80972222,355.0,34.74,1
25.42941188600494,92.42859962062276,1128.0,4.5,0
23.73333333,92.70527778,949.0,11.8,1
24.45948087808955,93.46107217501448,662.0,20.89,0
23.747943,93.374597,1221.0,23.45,1
25.993981,94.474467,1568.0,33.29,1
22.681,92.884003,725.0,54.48,1
24.4165,94.176944,1341.0,12.94,1
23.34055556,92.77722222,766.0,34.56,1
28.202667,94.828417,255.0,40.89,1
23.30087960408313,92.96677551939533,1207.0,26.22,0
23.39817685831612,92.49965980168116,510.0,34.39,0
23.54027778,92.70138889,883.0,30.56,1
26.301228004127776,91.91434897874376,52.0,2.12,0
23.467679,93.250636,881.0,30.54,1
26.84060432996533,88.37873609350015,264.0,19.59,0
24.7396140446434,94.55999107005384,267.0,4.91,0
23.08121961159442,91.34585301432584,10.0,1.89,0
25.945639,94.016417,437.0,12.25,1
24.815361,93.441528,347.0,8.09,1
25.20552778,93.02013889,346.0,17.37,1
27.023357492571765,95.31566732732333,285.0,16.0,0
23.7557432613221,93.6474227015716,1618.0,24.66,0
25.073,92.368778,115.0,17.59,1
26.39936,94.94553,645.0,28.83,1
23.24123256541562,93.4006518458484,1006.0,27.89,0
24.72,93.14,108.0,18.32,1
25.583236,91.237317,1318.0,16.9,1
22.837809,92.798653,1161.0,47.12,1
27.311571,93.046703,945.0,26.41,1
25.92829227329062,93.541034352197,182.0,6.73,0
24.31925,92.99080556,775.0,9.65,1
24.994631836315385,94.67882552589896,711.0,23.5,0
25.333749872743265,92.9552454312078,399.0,25.18,0
25.499542,94.552992,899.0,24.58,1
26.56111,93.04925,114.0,26.13,1
25.581806,94.784833,975.0,48.5,1
25.568837,91.833286,1469.0,21.62,1
24.9968616453546,93.23562081812852,179.0,8.1,0
25.14556647444132,94.730973532595,2007.0,13.67,0
25.69192136538192,91.76413917037088,889.0,10.58,0
25.054475177869328,90.82304498081136,13.0,0.69,0
24.437066,92.249961,55.0,12.4,1
25.1402301702118,93.4888292900884,326.0,19.82,0
26.175889,95.030472,837.0,26.82,1
28.5213075735296,96.06370522080611,3425.0,44.95,0
28.582334700410968,94.826842934048,2263.0,44.29,0
27.106472,93.663889,208.0,8.88,1
27.02357873724281,95.8093130094358,2053.0,31.9,0
26.02110923021233,91.66080788734796,451.0,5.48,0
24.15210459747044,94.25468619475986,296.0,6.76,0
25.795444,91.662111,763.0,14.74,1
24.371200296619246,94.3443522297878,302.0,14.15,0
25.51402,92.765435,486.0,12.36,1
26.773583,95.077389,997.0,15.52,1
26.390972,94.438111,659.0,24.64,1
25.737989098382016,90.531018423161,246.0,6.18,0
25.805102210755845,91.7465837830944,643.0,24.51,0
23.281103,92.857654,770.0,26.59,1
22.954797964411675,92.56193314754236,503.0,27.04,0
28.400549565383127,95.79716679012664,893.0,36.39,0
27.631,93.8465,1725.0,24.51,1
22.512819442605625,92.47377778970971,350.0,29.55,0
27.16375,88.406417,1563.0,20.34,1
26.943525198577465,95.61347302380388,1062.0,32.83,0
23.220695308746187,93.45370179834138,1676.0,18.77,0
24.17,92.53,117.0,34.34,1
28.35210432020322,95.311757270967,1522.0,22.36,0
23.254946,92.634239,802.0,24.68,1
25.76085556,93.94696111,849.0,26.86,1
23.932846564594783,91.94454191337924,172.0,16.11,0
24.031139,92.2535,132.0,3.9,1
25.46307925,92.25426106,1376.0,3.25,1
27.05592640292297,93.7467316017334,168.0,15.18,0
23.848,93.041885,1010.0,28.33,1
25.423438,92.985022,256.0,20.72,1
23.62683746536089,92.4824558424182,457.0,21.84,0
26.420167,95.053833,1599.0,26.66,1
27.456278,92.109556,3038.0,35.03,1
28.13967445263924,94.89820349279162,959.0,33.52,0
23.54138889,92.69944444,765.0,29.66,1
22.52,92.72,511.0,29.09,1
28.144078044541867,95.54379690379356,244.0,0.82,0
25.48666324554536,94.80110486486532,2715.0,16.94,0
23.89305556,92.84722222,573.0,22.86,1
24.662584450991364,94.61070140528528,829.0,29.9,0
22.25513491563849,92.75926328357772,92.0,3.92,0
23.74081473496512,91.71045541141048,101.0,9.79,0
26.59011,93.57466,129.0,8.64,1
24.734233,93.293194,308.0,25.05,1
28.43437390981906,94.5975342017168,998.0,45.73,0
22.577,92.892998,754.0,18.28,1
25.064639,94.534,1567.0,29.17,1
24.595876889250583,94.62066655205116,515.0,16.66,0
24.501367,94.192292,1143.0,26.44,1
23.476694,93.238556,915.0,35.69,1
24.212361,92.258111,80.0,9.94,1
26.326944,94.896667,1040.0,10.32,1
25.66754722,94.08075278,1523.0,19.74,1
28.487904,95.84071,752.0,36.45,1
25.671706556312632,90.93074391051888,571.0,13.62,0
24.775917,93.432611,867.0,24.76,1
23.59861111,92.8225,342.0,28.45,1
25.998183,94.5975,1905.0,15.95,1
24.74539903087604,92.25857229105492,55.0,3.74,0
25.4770044510522,94.43878769547364,1254.0,21.47,0
28.080633267767386,96.3879787145064,2413.0,40.14,0
25.467169,94.54755,1216.0,51.84,1
25.6658090296376,93.5273665479592,216.0,0.69,0
25.71014366688087,94.68073137899452,966.0,17.78,0
25.63110167804846,92.5266692508722,931.0,16.11,0
25.380133862371096,94.6896966234086,2093.0,19.11,0
23.41277778,92.73077778,1165.0,14.18,1
26.888495268441943,95.20599805172148,722.0,29.86,0
27.46902087708987,88.18930268393314,3431.0,35.06,0
23.243855,92.905242,745.0,32.83,1
25.263806,92.203,684.0,20.93,1
23.7195,92.675528,491.0,24.1,1
25.44693056,91.74096667,1734.0,20.16,1
24.15,92.41,153.0,17.77,1
25.058833,93.604028,973.0,18.8,1
28.9407,95.82058,1429.0,28.64,1
23.03447131204734,92.2172091192172,33.0,3.39,0
22.97149224384549,93.40185174594174,853.0,25.69,0
25.09917295144001,93.12763187174984,1068.0,36.01,0
28.08427488840353,96.6315756398587,1923.0,37.46,0
23.67972222,92.72333333,892.0,35.53,1
22.68269736714509,93.1203831563882,959.0,33.82,0
26.819856825137048,93.52468939935969,78.0,1.92,0
23.01840751062901,92.5552501958023,459.0,25.21,0
25.15658333,93.01961111,624.0,24.04,1
28.315484,95.982181,964.0,32.3,1
24.8415,94.361167,1674.0,23.96,1
28.69857378911073,95.84569012637232,1061.0,43.03,0
25.78882042452916,95.08553936467466,1890.0,22.67,0
25.31290910043728,91.15220936652337,378.0,0.69,0
24.09,94.04,1126.0,23.99,1
26.179226,94.557166,1703.0,14.12,1
25.435167,92.185006,1259.0,14.15,1
25.13402120314436,94.17167552604614,894.0,20.14,0
25.700053,91.644486,1254.0,34.43,1
25.06773346239749,93.87931289900033,2033.0,26.5,0
28.26330424791049,95.41315345382765,1230.0,25.84,0
23.54286944,93.08539722,916.0,22.84,1
28.490727,95.833473,780.0,32.05,1
23.712611,92.560444,999.0,27.12,1
24.005278,92.677083,615.0,35.03,1
27.559944349090664,88.4368306102895,1252.0,43.98,0
24.729944,93.485833,304.0,11.16,1
26.172472,95.048583,1030.0,28.59,1
25.052236,92.399047,68.0,11.08,1
22.961365719423103,93.22127589139622,692.0,16.96,0
25.026517773373048,92.92776091568476,167.0,21.01,0
25.675017,94.229397,957.0,23.1,1
27.11605328372736,95.0483826966132,105.0,0.0,0
26.112667,91.853889,188.0,25.44,1
26.907080665203527,95.69775548053089,1964.0,28.65,0
27.242917,93.757222,353.0,38.04,1
25.965731,92.59267,115.0,18.16,1
27.036111,92.603333,232.0,10.77,1
26.10591667,91.62283333,64.0,18.97,1
26.952256188862385,95.14350447379702,179.0,3.28,0
26.93766668437465,92.5528781293914,119.0,0.7,0
24.85536111,93.62402778,379.0,25.82,1
28.42150265313978,95.31581404998408,2019.0,30.43,0
27.21875,88.233694,1284.0,32.93,1
26.01867530056924,93.91658828971504,139.0,1.61,0
25.042189,92.441964,285.0,32.05,1
28.42815038270325,95.54708159164166,1379.0,37.63,0
23.61555556,92.79972222,365.0,29.62,1
27.19527473292172,88.85589913900228,2030.0,18.26,0
26.030632,94.593978,1435.0,25.42,1
25.65073762751489,91.77322411931132,990.0,7.69,0
24.658206,93.625503,389.0,19.62,1
25.19421854434241,93.79178921877964,989.0,34.12,0
22.897387,92.889938,580.0,30.71,1
25.157528,93.68425,1027.0,35.29,1
25.52574648628048,90.95748326996704,761.0,3.4,0
25.83982013220749,93.88299476464948,407.0,31.22,0
25.271717571783217,92.4636929681594,775.0,5.17,0
25.490475,92.069278,1225.0,20.05,1
27.673366744140903,92.19736610625776,3789.0,36.25,0
27.14081165764109,95.29618343240682,119.0,0.35,0
26.079173722347893,94.70282486113663,1979.0,24.23,0
25.95317,92.51353,267.0,33.21,1
23.273513,92.65731,906.0,7.5,1
27.6394,93.8708,1733.0,23.6,1
22.64,92.67,591.0,14.08,1
25.091204587447123,94.71464684417268,1333.0,10.9,0
23.518162,93.366956,1391.0,25.5,1
25.56530267572801,93.574447887475,278.0,6.66,0
25.657,94.102,1474.0,15.44,1
24.965053,93.731514,1824.0,36.44,1
25.744,94.337,1581.0,26.3,1
24.60096012539564,94.4190398023422,633.0,19.36,0
26.013556,94.255139,1229.0,24.79,1
25.995220303594728,95.0490032026883,2155.0,11.67,0
27.967069443257618,96.48655669733812,2650.0,22.23,0
27.145056,88.370778,1265.0,32.63,1
25.83405177215793,95.14367647155622,2262.0,30.42,0
25.636913,91.843235,1256.0,22.35,1
27.336667,93.820722,999.0,34.29,1
26.02883,94.863993,911.0,25.06,1
25.58783063487013,91.9715343440052,1279.0,34.73,0
24.66587493995285,93.44911471199832,601.0,38.72,0
26.769408719773555,94.46342108522184,102.0,2.5,0
25.28513814045708,93.76512681847996,1708.0,7.39,0
27.542292511999413,94.8085544722494,104.0,1.4,0
25.76988148734625,93.2618842646683,156.0,6.94,0
22.482,92.877998,629.0,22.25,1
27.45213306980505,91.62232064661175,1668.0,37.63,0
27.158837,95.750303,603.0,12.71,1
28.896365864637342,94.681778971973,2587.0,49.77,0
24.00865635123716,92.5789451530074,291.0,6.23,0
24.62595,93.692953,1357.0,28.75,1
26.26,94.15,471.0,14.32,1
23.62418333,93.14208611,1381.0,27.41,1
23.657444,92.963889,1164.0,35.01,1
25.313791,93.10552,438.0,22.1,1
27.375028,88.728278,3380.0,28.84,1
25.629003,91.037664,938.0,25.5,1
27.28713882527607,93.97236499241704,189.0,5.61,0
25.7578,94.7058,658.0,20.9,1
27.550730816731097,93.76967179102093,1482.0,25.12,0
23.56363611,93.12608056,754.0,24.1,1
28.459267,94.680108,423.0,35.02,1
23.798611,93.16378,606.0,35.69,1
23.4012325436976,92.9864381637428,1082.0,21.8,0
26.247230445985,91.63996439089831,49.0,1.03,0
27.47263687784456,92.50300860299,1567.0,18.73,0
27.2495,93.507833,979.0,3.9,1
27.73282781617448,88.64558354636135,3856.0,35.44,0
27.703209796492832,96.29978027964442,388.0,2.1,0
26.94140290139257,92.54836041234078,120.0,1.06,0
23.054573,92.772578,978.0,43.71,1
24.80375556,92.733375,18.0,0.8,1
24.10246,92.811355,737.0,33.02,1
27.00160905613427,88.08320549525757,2504.0,25.79,0
23.620538235753425,93.45233715999191,1139.0,23.66,0
24.48171630361673,93.42448900131066,595.0,16.12,0
23.031231,92.773987,1140.0,25.76,1
27.130444,88.340222,1170.0,28.53,1
28.9166023242522,94.68167047965888,2351.0,40.16,0
25.54930833,91.91161389,1638.0,21.34,1
25.65866218547196,93.40179521133943,274.0,7.38,0
25.30620628126571,94.60135949871616,2159.0,37.48,0
27.179,88.53313889,370.0,42.36,1
22.36326167646457,92.43837482739556,145.0,9.51,0
23.118272,92.742799,848.0,6.45,1
25.086841325464576,92.5128757203616,497.0,40.76,0
27.397083,88.519167,765.0,32.98,1
28.07723103985794,95.85417759403931,268.0,1.49,0
26.85245728516308,95.21584598975616,571.0,10.94,0
25.07297177879479,93.85606404738968,2219.0,28.47,0
23.769029061672523,91.91475459244155,145.0,10.22,0
24.733256,93.701856,1309.0,21.5,1
25.15523751295283,93.55947104869732,399.0,20.04,0
28.26786,96.55781,1655.0,37.65,1
23.74460253588905,93.47893383576093,985.0,30.31,0
24.685056,93.669,1295.0,31.89,1
26.390833,94.437417,641.0,24.98,1
27.36043316849201,88.94184158410859,3637.0,31.74,0
22.839445,92.95668,1182.0,30.68,1
25.549861,91.295706,1483.0,10.87,1
23.73472222,92.81333333,428.0,32.77,1
23.19917,93.000199,768.0,36.04,1
25.247518,91.450545,795.0,38.37,1
25.46713577131449,93.89863988995276,1352.0,32.93,0
25.044783072626497,93.8603536560294,2257.0,14.16,0
27.332031864946103,88.9647212699568,3296.0,22.55,0
28.568877014240385,95.98961042109056,3589.0,33.07,0
27.217667,88.233472,1203.0,29.2,1
25.829636186745883,92.04648748226316,794.0,4.17,0
28.68336126090017,95.24317580002904,2217.0,36.16,0
23.976602947679545,93.43287521407788,1188.0,20.38,0
25.829728,94.792592,636.0,35.87,1
26.135380987640712,92.2812607724675,84.0,7.26,0
23.051673,93.306394,1202.0,51.86,1
23.534307,93.168479,1138.0,19.09,1
24.004186,92.904111,894.0,36.98,1
23.672069,92.7099293,1000.0,18.16,1
27.14793701135039,93.98295979195984,89.0,2.16,0
23.626194,92.962111,1248.0,19.82,1
26.169301590142545,94.7623595767514,1520.0,19.45,0
25.67,94.211,797.0,24.21,1
24.942548520287364,92.5528496808632,20.0,2.1,0
22.9,92.47,73.0,8.18,1
25.359281,91.035939,535.0,6.5,1
26.11575,94.33075,1073.0,20.67,1
25.27832017392168,94.68717599290974,1759.0,15.84,0
23.126631,93.064946,1382.0,22.33,1
27.9646950008578,93.56585715711766,1116.0,26.29,0
25.19854451963589,92.55890002763572,444.0,17.4,0
23.149815,92.749076,912.0,17.5,1
25.488660440161382,93.16628681636811,190.0,7.92,0
25.067476535929867,93.6926294553852,1168.0,35.04,0
26.00441965495554,91.7828118982478,427.0,24.89,0
23.197704,93.163019,546.0,31.58,1
25.03804821365215,91.79603147992192,14.0,1.48,0
22.76314418800767,92.47549817162516,45.0,0.46,0
26.24325,95.073167,1135.0,32.3,1
27.545861,88.585194,1690.0,43.96,1
25.430137123522734,94.1973370420713,1397.0,24.63,0
27.533722,88.609278,1429.0,58.28,1
26.180639,94.101028,578.0,37.78,1
27.80815652679564,93.23480687278062,2219.0,32.64,0
26.050882827013258,91.46621165814751,48.0,1.73,0
24.663889,93.679056,1369.0,41.31,1
25.061861,93.605361,982.0,13.95,1
23.37083333,92.75861111,1202.0,26.84,1
25.512573906528218,94.94837995180194,571.0,19.8,0
28.254050735139984,96.22650643331944,3095.0,11.1,0
23.10299444,93.18323889,974.0,21.27,1
27.158056,88.141528,2021.0,34.86,1
27.106694,88.449389,777.0,27.36,1
24.785889,93.736861,1126.0,26.15,1
26.033528,94.257306,1421.0,34.14,1
27.30140833,88.3916,1803.0,46.02,1
25.1922786669252,93.54652580547692,951.0,22.84,0
27.54485588520876,96.51870194464796,620.0,11.34,0
22.385,92.858002,430.0,18.71,1
25.12911108558144,93.20718601424068,914.0,36.44,0
25.604444,94.76,1804.0,30.36,1
27.52791067025533,88.19949364189509,4490.0,32.95,0
25.56030284758409,94.00327015830725,2321.0,36.78,0
28.101862456704552,95.8320421889596,277.0,5.13,0
27.153083,88.412056,1581.0,40.69,1
23.49666667,92.70416667,924.0,39.62,1
28.214901927403748,96.34977407064726,2723.0,42.92,0
23.908806,93.177391,1020.0,22.05,1
27.553611,92.975583,585.0,36.6,1
26.38992139952009,91.79241769296482,59.0,2.53,0
24.44003333,93.16011944,173.0,19.18,1
25.49487256155901,94.91639665125037,830.0,20.0,0
23.535,92.69694444,819.0,39.28,1
28.25925406381419,96.4563112353959,2593.0,28.91,0
25.63984813858946,93.52498128132524,227.0,1.13,0
26.01408154030524,91.2004769781392,45.0,2.41,0
28.355501,94.679544,342.0,28.97,1
26.786972,95.071222,876.0,38.31,1
27.41456975075987,93.1470784943282,1695.0,23.96,0
25.692222,94.584722,985.0,32.7,1
26.418126849767628,91.95004876581692,63.0,1.39,0
27.607750170551626,94.71372445656372,119.0,0.52,0
22.24715895753297,92.7614402326704,201.0,16.59,0
25.455639,91.082944,725.0,22.68,1
23.72722222,92.75944444,961.0,26.64,1
25.61275,94.21517,979.0,23.97,1
24.053275,92.77647,979.0,31.69,1
25.439367,94.025864,1414.0,16.55,1
26.191667,91.803611,84.0,14.63,1
28.2646,95.571519,510.0,29.89,1
26.41940732183735,94.75701851407231,970.0,34.28,0
25.248348662564176,94.73905340872184,2064.0,27.83,0
25.878183,94.946942,1897.0,35.36,1
27.206670766382626,95.48846650750428,178.0,3.88,0
26.182056,94.409639,930.0,17.99,1
26.29410131565238,93.95974551824489,105.0,1.13,0
28.37748694610207,95.07562011264228,330.0,34.59,0
23.695528,92.884167,358.0,26.33,1
28.762661,94.860138,625.0,37.06,1
26.378222,95.009,1396.0,22.86,1
25.99350413295737,91.77204066480512,272.0,8.75,0
24.763740652468503,93.84525179651486,782.0,3.11,0
25.05013768232729,92.02609003290192,13.0,1.03,0
24.70837016592235,93.5893598572648,336.0,25.86,0
25.66,94.096,1468.0,15.12,1
26.675790457370265,94.79894409248016,388.0,14.51,0
27.115694,92.763028,407.0,18.09,1
26.92088,92.75933,140.0,11.53,1
27.47329202029427,92.2303231680849,2391.0,28.75,0
26.150343,94.603363,1736.0,27.47,1
27.109872680334377,88.05945446506774,2482.0,41.95,0
25.09468167897767,93.08501149550406,865.0,35.27,0
22.965527,92.731926,700.0,26.99,1
28.73657812452322,96.05767535974238,2952.0,30.99,0
27.34109944091208,88.02485297790173,2629.0,30.64,0
27.625209255478563,93.95652922216304,1716.0,21.47,0
24.02,93.57,716.0,3.1,1
22.446679062093853,93.2172472146058,1062.0,18.7,0
22.14,93.0,928.0,14.77,1
27.417389,88.621222,1406.0,49.51,1
24.317833,94.144667,1262.0,27.18,1
25.563,94.147,1656.0,6.14,1
27.268684,96.040751,275.0,4.84,1
27.54723933539499,93.24777147352694,1709.0,31.3,0
28.14519873116144,96.34139077394774,1952.0,39.87,0
23.463765,93.018316,1456.0,21.67,1
24.630312110137726,94.50032282109368,588.0,25.07,0
24.70062586407161,93.77328402563764,809.0,3.24,0
28.35149345384407,95.86212223686172,1838.0,36.05,0
27.262941676762704,93.86625485669796,321.0,19.86,0
26.35622,93.77941,193.0,15.16,1
26.37338518504073,94.02141732013372,107.0,1.13,0
25.786425,94.796303,920.0,25.65,1
25.697,94.464,1494.0,23.91,1
27.079176,95.638023,1018.0,28.8,1
22.47749430069388,93.1696810007191,969.0,14.13,0
25.449406550741205,94.94937290085804,1390.0,29.75,0
27.28609434202693,88.9026515630869,3830.0,8.09,0
22.874741,92.730354,697.0,39.8,1
22.904324,92.546265,171.0,15.46,1
26.57968852986956,93.24673373351756,74.0,1.92,0
25.23575,93.033317,601.0,36.66,1
26.91573639856317,93.52532344998151,103.0,3.51,0
26.15801028243882,91.48443166917646,51.0,0.69,0
22.87506,92.75136,1140.0,20.76,1
22.81904119931784,92.50990215298933,309.0,14.1,0
23.73333333,92.80888889,344.0,31.31,1
27.561111,92.965278,679.0,27.35,1
24.1,92.37,110.0,12.49,1
25.4497135705246,94.20511655942248,1364.0,17.52,0
24.048556,92.314306,92.0,15.77,1
23.470964,92.692902,395.0,23.68,1
22.238592079554945,92.52020733464306,199.0,17.31,0
23.248526,92.63958,732.0,4.76,1
28.787001,94.81686,580.0,23.46,1
22.806564,92.812057,882.0,33.51,1
27.72484495245946,92.91230340815784,1979.0,25.37,0
27.18175,88.395778,1881.0,41.77,1
26.95627475165615,93.56016130429953,122.0,1.19,0
26.57719,93.10008,75.0,1.47,1
28.136244,95.245136,532.0,32.13,1
25.124306,92.904278,283.0,22.34,1
24.98516867343869,91.384508353683,10.0,2.13,0
27.82532111265249,88.49598414123884,4945.0,44.66,0
24.921104160170813,93.2995202678382,186.0,12.66,0
27.086102,93.596625,270.0,5.37,1
24.65448780662261,94.09271836186512,812.0,1.38,0
26.292549904549343,92.15468325071332,55.0,0.74,0
25.53127027133618,94.45046340640022,939.0,34.55,0
26.22518080724988,92.03430556860276,57.0,2.85,0
24.42106578187691,93.26361454477032,273.0,14.71,0
25.71711111,94.08561111,1361.0,20.19,1
23.396093591047567,92.98290582391428,1159.0,23.12,0
27.762380657610887,92.0085669702856,4353.0,29.33,0
23.73583333,92.69777778,993.0,15.32,1
25.292734975719,94.36423986163828,1052.0,14.58,0
24.94715523648997,94.078135589891,1089.0,25.27,0
27.024963110322226,88.3774946688259,757.0,32.12,0
25.599722,94.612972,1281.0,27.41,1
27.24867,92.737685,1404.0,39.1,1
27.434374296689302,88.79630429464788,4447.0,18.65,0
24.06916667,92.78638889,996.0,33.84,1
26.963422691393315,93.612865631774,106.0,3.57,0
27.199039535259526,88.81136115931322,1909.0,26.41,0
27.652167,93.632417,1271.0,21.39,1
25.155861,93.677306,1039.0,31.15,1
25.400194,92.015731,1221.0,49.48,1
24.725255291370075,94.78006526761234,122.0,2.71,0
27.284139,88.264889,1049.0,34.3,1
25.443861,93.426222,429.0,24.22,1
25.16579,93.00948,581.0,17.0,1
22.615,92.916,1287.0,11.77,1
25.409139,94.592139,1662.0,20.44,1
23.49055556,92.70583333,1053.0,33.5,1
27.06169906125291,88.73063588269048,1918.0,35.22,0
25.430167,91.866528,1604.0,31.28,1
25.40519104256085,91.2812291515104,1390.0,10.28,0
24.34,94.22444,670.0,25.93,1
24.11256822687256,92.98957554219122,225.0,25.04,0
23.193237,92.734819,793.0,25.84,1
27.47436588381166,88.2717647536779,4043.0,41.2,0
25.159814921424104,91.8226855758388,15.0,1.3,0
25.723438712670813,93.43933353243366,274.0,2.42,0
28.08683420583213,95.59847463605728,191.0,1.4,0
28.496621324813862,96.01830791397106,3871.0,9.76,0
26.885870240346275,94.8643398184396,132.0,4.17,0
24.997180581355053,93.79382287618604,2183.0,14.61,0
25.58564007618141,90.21609787907028,407.0,8.24,0
24.125996,92.805874,699.0,16.06,1
26.78584726022268,94.89232862800414,266.0,13.26,0
24.17444034299532,92.1215633959031,60.0,2.12,0
23.185555,92.736061,844.0,34.14,1
26.12813505790263,93.8961917462245,123.0,1.64,0
27.287194,88.369444,1949.0,31.64,1
28.135043070142384,96.6623619264848,1370.0,39.81,0
27.16284810246396,88.88233922607621,1757.0,35.38,0
25.189,93.192,802.0,13.36,1
26.39425,94.444333,708.0,27.41,1
25.08124693177296,92.51861319531774,726.0,12.88,0
23.55006688450018,92.92469076144872,1469.0,48.53,0
25.582167,92.058333,1169.0,12.17,1
27.10207850297068,94.00018206189642,85.0,1.32,0
28.134238,94.620133,861.0,43.16,1
25.07966834766823,92.69763802686936,364.0,24.79,0
27.98971300021892,94.7842274626264,1194.0,15.99,0
27.147579286211343,92.92838353144678,782.0,28.92,0
26.452045530221323,95.18756072115406,1599.0,40.15,0
27.22575,88.49325,379.0,49.51,1
27.396425953856312,96.37843576927388,1365.0,14.41,0
27.604799301381576,93.43580620883878,2286.0,26.46,0
27.76262565390932,93.77783847620697,903.0,34.38,0
26.122167,94.131528,624.0,35.43,1
26.39094,94.94406,547.0,24.0,1
23.2920592084227,92.40848197414545,86.0,12.07,0
27.700791580511776,94.03589969906636,1506.0,29.54,0
28.41773124631081,94.73103374100818,1397.0,38.15,0
27.17328079663335,88.89634937761187,1705.0,27.35,0
23.55944444,92.70833333,763.0,14.72,1
22.444376,92.947323,469.0,41.21,1
24.70785814156761,93.80138864051276,786.0,2.44,0
24.646139367870948,92.54715317132192,25.0,1.29,0
25.090556,94.387389,1742.0,32.58,1
26.37540078887176,95.09441893479055,2332.0,31.03,0
27.03605518949705,88.18248392771002,1214.0,25.56,0
23.60972222,92.80916667,536.0,25.43,1
26.506111,94.794167,1147.0,36.15,1
24.968042134402825,93.84329423929216,1187.0,18.4,0
24.381906,94.213136,914.0,25.77,1
27.520590940992847,88.34978317800334,4336.0,28.46,0
24.89365379506573,92.32997329873145,23.0,4.79,0
27.00925865827492,93.09464658438014,363.0,4.01,0
24.773472,94.078972,896.0,28.58,1
26.174028,95.029722,894.0,27.42,1
23.997222,92.681722,548.0,28.42,1
26.36388377217144,91.95587769214556,54.0,2.79,0
24.71330577318246,94.5882867369022,250.0,4.45,0
23.288276,92.830821,550.0,25.26,1
24.815833,93.740194,1254.0,27.95,1
23.44333333,92.68527778,837.0,22.96,1
26.012139,94.523667,1811.0,6.93,1
28.335249,95.788465,777.0,39.89,1
24.660863887625226,93.810959773129,772.0,0.34,0
25.386583,91.874694,1527.0,32.77,1
25.8804473450176,92.33660716699866,576.0,16.58,0
24.825889,94.348861,1483.0,36.14,1
26.881881,95.333027,786.0,32.37,1
28.37980284145518,94.81943031524916,844.0,36.16,0
25.627204623565635,90.9644755112061,847.0,9.46,0
26.223528,95.03275,1341.0,23.52,1
28.24654236690991,94.78619373005468,843.0,14.72,0
25.09718503398602,92.58129697599291,924.0,28.06,0
25.63,94.103,1476.0,19.88,1
24.17068652299913,93.81728455608624,782.0,28.92,0
28.813905,95.920439,1567.0,28.93,1
27.56440977554749,93.21745337852776,1978.0,23.37,0
25.156419,92.141353,37.0,17.88,1
26.061,92.241,72.0,19.83,1
25.175,93.01967,646.0,26.29,1
25.230407132021504,92.68645525578808,1124.0,12.52,0
25.61987652291096,93.5846268473362,319.0,13.19,0
25.70247222,94.04666667,1000.0,18.04,1
23.139244,93.289294,1435.0,31.08,1
24.1110159475191,94.25849181979392,210.0,1.37,0
25.410278,94.600389,1685.0,20.81,1
28.619917,95.057583,838.0,34.78,1
23.398905585429144,92.4726005122857,319.0,38.31,0
26.451547766734617,93.47015854195392,398.0,22.86,0
29.12360625496468,95.80380686992994,4032.0,31.06,0
25.779437489538925,92.3588486908719,701.0,10.94,0
28.300146833149206,95.0477444208214,932.0,18.04,0
26.940914652181043,95.71753903946052,1079.0,26.74,0
23.562355984576666,92.0555448623625,160.0,9.04,0
22.920001907624943,93.20601418549496,1016.0,32.03,0
24.96,92.92,40.0,4.18,1
25.68616667,94.04130556,998.0,20.22,1
23.048967,92.907501,792.0,15.47,1
23.246131741578264,93.5515300542958,1607.0,17.22,0
26.15995041776412,95.26214469238856,1069.0,18.8,0
25.155704568438324,93.5896269263406,1187.0,41.24,0
22.86834334538684,93.38505394599574,1027.0,30.47,0
28.4676112960952,96.62432442152718,3935.0,50.01,0
27.106939,92.573544,502.0,57.09,1
23.54388889,92.72222222,760.0,24.05,1
27.663121767136023,88.48303351116091,3893.0,31.24,0
26.87428718451141,95.63389441021064,2363.0,16.33,0
28.280246,94.953896,277.0,45.15,1
24.30105517189453,93.48852749070616,890.0,29.09,0
27.139944,88.368167,1187.0,31.62,1
27.261778,88.197194,1368.0,40.75,1
24.607528,93.713778,1185.0,39.53,1
24.99146553243663,91.98857181558256,18.0,0.93,0
27.251806,93.504278,919.0,26.1,1
25.55335663695832,91.08719491768858,1048.0,7.52,0
25.36925,91.879611,1354.0,41.31,1
23.9584345592768,93.39373703912852,1001.0,10.89,0
28.47136691602953,94.3571910564554,2518.0,31.77,0
26.32259781136352,91.97460351078558,58.0,3.02,0
27.622972,93.841361,1654.0,31.47,1
27.297775,96.002314,368.0,17.81,1
25.091778,92.354694,159.0,30.17,1
25.67294936440451,91.4616050784512,751.0,30.39,0
25.574134855281507,93.24474421584972,429.0,16.83,0
25.42772211583991,93.80266931762203,1455.0,19.26,0
24.720167,93.496944,190.0,23.89,1
23.54305556,92.66638889,564.0,29.53,1
22.518,92.811996,696.0,20.97,1
28.10316650077082,95.58316071351572,214.0,1.58,0
23.497375848555546,92.51125412709862,588.0,14.38,0
25.18743416057487,92.58436848776545,752.0,29.56,0
23.461083,93.205278,1287.0,28.29,1
27.218611,93.695278,480.0,34.42,1
25.82689660114429,91.99454363092627,935.0,16.72,0
23.08280463319793,92.45390727417151,162.0,23.81,0
23.673104,93.349412,1289.0,23.97,1
27.527722,88.607972,1529.0,51.73,1
27.00262204526044,92.89057880349236,189.0,13.97,0
23.2759311243013,92.97647285917924,696.0,38.69,0
23.619583,92.634417,951.0,40.89,1
28.28254952037001,94.48988938677972,1471.0,27.29,0
25.81044,93.58616,200.0,3.71,1
26.982930897903053,93.78488769649806,87.0,1.19,0
23.418275009643818,92.4569193117262,319.0,38.17,0
25.71092,94.09306,1414.0,14.54,1
25.373652255705192,94.74025657711084,1296.0,19.51,0
28.29856779864188,94.76244503035848,1012.0,27.22,0
24.04046663186348,93.3648054498131,906.0,34.2,0
24.02205833,93.29369167,1201.0,27.16,1
23.883766893785417,94.1954552060434,173.0,3.48,0
25.44741667,92.20138889,1371.0,18.41,1
24.12461235816757,92.0547606518799,94.0,6.49,0
27.217333,93.064833,1028.0,27.63,1
26.11909042517354,92.5950043153355,58.0,6.56,0
26.9852633907412,88.45230502364696,740.0,13.24,0
22.98786233674452,92.61438653696084,193.0,22.56,0
23.32184745544517,92.98637318037352,910.0,10.48,0
23.310611,93.312,1504.0,30.02,1
23.381685222909272,92.49090673661016,259.0,17.6,0
24.65854205194728,94.08306820198496,813.0,20.0,0
25.776087,92.03754,930.0,19.69,1
25.59470638687832,93.3928028219782,241.0,5.49,0
27.65397828751239,94.75600717302184,117.0,1.19,0
25.02552337161424,93.10220280050063,485.0,16.78,0
28.03094286862101,96.69428233503508,2370.0,26.47,0
27.434861995464185,88.03220138685005,3824.0,30.23,0
25.67186944,94.23065278,928.0,23.64,1
23.67444444,92.71472222,1000.0,21.23,1
23.209055,92.540611,674.0,32.79,1
26.596868500401776,93.82949284802277,90.0,2.27,0
26.097893087972324,94.97118895777992,1017.0,23.98,0
23.320197,93.285718,1264.0,24.18,1
25.751456,94.850217,1081.0,28.44,1
24.79847,93.21583,281.0,20.02,1
26.423608464890503,94.77631623478985,883.0,31.83,0
22.745387,92.841543,624.0,16.06,1
26.242944,95.048417,1266.0,6.93,1
24.39775213249256,94.3186439310147,528.0,21.29,0
25.108806,92.975139,367.0,17.3,1
25.83911397637375,91.76410517439407,559.0,5.82,0
27.366944,88.449806,1694.0,28.32,1
24.884385781353952,93.33035876546737,853.0,24.72,0
25.6,90.29,601.0,19.34,1
25.844236840981083,93.75674192154447,200.0,5.5,0
26.82787702441565,94.9596397325532,215.0,26.91,0
23.73488889,92.75177778,912.0,28.54,1
25.678067163186068,90.51211211269238,367.0,22.63,0
25.27371450223242,93.72542808482868,849.0,24.46,0
25.843528,94.011806,1111.0,37.55,1
23.148273,92.75016,894.0,23.65,1
25.42450510472261,91.1331804670701,840.0,7.79,0
27.23575,88.602389,1233.0,32.16,1
25.02323327762507,93.75628311794358,1125.0,33.62,0
25.07,93.29,335.0,12.17,1
27.08217002508692,95.42542497629242,262.0,3.13,0
25.75056944,94.08058889,1263.0,19.23,1
24.834921,94.365211,1569.0,31.17,1
24.36201317386775,94.43852067170516,166.0,1.03,0
25.22895441745811,92.61334080083589,1364.0,12.43,0
27.472454817042205,88.70866944924724,3764.0,51.26,0
28.204143835224382,95.32358645476695,1091.0,34.03,0
26.077390082183964,95.23553753125022,2711.0,27.28,0
23.689282,93.039041,705.0,27.1,1
25.87208140181076,92.3830149308436,677.0,19.74,0
23.73277778,92.79722222,256.0,14.98,1
27.389222,88.310972,1429.0,43.27,1
27.39159212814285,88.07304894053334,3456.0,21.84,0
23.6975,92.72527778,744.0,15.63,1
26.190598,94.549514,1534.0,33.71,1
25.659134651539105,90.45629554192227,345.0,19.52,0
22.844219,92.955048,1098.0,19.97,1
23.96640342642852,93.73361880113094,1074.0,3.1,0
25.669,94.104,1429.0,18.81,1
25.79939,92.52653,622.0,16.17,1
26.90637308582433,88.22694813293408,670.0,44.88,0
25.660913,94.053659,1346.0,35.04,1
23.824586,92.825019,457.0,16.51,1
23.635122,93.065289,844.0,17.0,1
25.57660566683007,91.43016959086796,1597.0,16.8,0
23.480549,93.040585,1209.0,25.42,1
25.73740895150461,92.7220674325822,431.0,1.73,0
25.81806,92.74872,245.0,21.04,1
26.317778,94.849722,962.0,22.88,1
25.172194,94.3485,1730.0,35.23,1
27.236,88.75722222,1649.0,8.7,1
25.45475,94.552583,1445.0,31.73,1
25.16427,92.99788,497.0,23.3,1
23.60830556,92.85058333,1111.0,31.37,1
26.956595881162634,93.94520194213578,83.0,3.15,0
27.115986318124406,88.7991374598579,1404.0,19.31,0
25.07722938436861,93.83821739874897,1657.0,31.2,0
24.06,92.39,564.0,23.88,1
24.917444706586146,92.24564750088,17.0,1.72,0
23.51241612911741,92.41255438954218,887.0,35.67,0
26.399188881581853,94.30093681823423,252.0,9.53,0
27.395028,88.307389,1620.0,39.24,1
23.044463502553,93.42543857051636,1538.0,11.51,0
27.97656613449604,95.39204841511106,132.0,0.46,0
23.446892078006087,92.53060083142915,581.0,41.44,0
28.088347378987848,95.74708239871552,191.0,1.64,0
23.197283,92.632661,591.0,23.49,1
24.528778,94.156667,904.0,22.36,1
25.049744,92.400678,75.0,10.65,1
22.893368211957835,93.29584130916597,1006.0,23.87,0
23.53388889,92.69833333,888.0,37.62,1
25.588389,94.78825,969.0,23.82,1
24.025506,92.915628,1033.0,40.14,1
25.18285061746347,92.32482119853888,475.0,37.26,0
27.874667,93.452917,783.0,27.21,1
24.633221160303727,93.93169112169262,779.0,5.17,0
25.95578470221774,95.2259122689987,1328.0,23.6,0
25.18848356312913,92.75617846737208,1168.0,30.11,0
26.273058215226,92.58714627092654,61.0,0.46,0
23.945055,93.313698,1463.0,36.62,1
25.02493343672494,92.84742537930065,553.0,21.27,0
25.00308041341828,93.4150603873087,602.0,32.72,0
23.681778,92.602611,1068.0,33.16,1
27.809031251426468,88.44534690930185,4824.0,16.36,0
24.97692,93.033,184.0,18.46,1
25.889897,94.811111,694.0,26.0,1
25.061847,92.79345,354.0,50.83,1
25.711,94.069,1171.0,19.86,1
23.7705783461152,93.28029929250548,1128.0,23.64,0
25.04222222,92.44127778,276.0,24.4,1
25.65253889,94.11867222,1364.0,20.17,1
25.467680123054684,93.20397831766594,412.0,30.12,0
25.23394411450505,92.85691319624904,836.0,4.63,0
23.307089,92.854209,1006.0,21.23,1
23.649563248779884,93.54537585202546,1278.0,10.25,0
25.941056,94.651019,2024.0,37.0,1
27.364583,88.787333,3863.0,23.49,1
25.706839437513647,93.85017785591884,361.0,2.06,0
28.402640851353045,95.14779428217514,1365.0,36.34,0
26.166868973787683,93.78591736774624,132.0,0.35,0
25.565,94.138,1691.0,22.21,1
26.20192657115045,91.62908877704515,46.0,3.93,0
26.639167,94.989444,432.0,23.24,1
25.632,94.25,1095.0,24.12,1
25.416456,90.802981,135.0,9.57,1
23.63208849192524,92.52318360083557,348.0,3.85,0
22.31263749795509,92.87961599950144,604.0,4.46,0
27.435944,88.515167,775.0,50.46,1
24.831028,94.334833,1408.0,26.01,1
27.554986286799103,88.80005619364992,4791.0,32.19,0
27.103810743484075,88.5260834689034,1194.0,27.32,0
27.34222222,88.60722222,1576.0,26.94,1
22.33,92.72,313.0,17.84,1
25.880908,94.653542,1910.0,36.5,1
27.89714820736914,94.17889273256064,1642.0,36.7,0
23.9395,92.927889,1221.0,34.19,1
26.184028,94.431361,767.0,11.39,1
25.688,94.137,1324.0,27.04,1
23.9706550919031,92.58086053080694,688.0,31.81,0
23.95055556,92.785,934.0,29.45,1
25.156528050658043,94.70936734017688,2012.0,13.16,0
25.44564614878443,94.4587173755126,1292.0,14.58,0
25.29906253988621,94.39494534372578,1460.0,18.11,0
23.185396,92.736019,844.0,33.38,1
27.57602882442811,88.8881983387478,4210.0,25.85,0
25.16736,93.00953,630.0,18.26,1
25.271393459694977,93.69146595818064,962.0,16.12,0
26.1085,94.386342,372.0,28.52,1
23.33472222,92.78083333,720.0,36.39,1
23.451505,92.900845,817.0,23.38,1
25.678935159391685,90.9478955519542,767.0,12.68,0
27.08275,88.434778,340.0,23.83,1
23.675722,92.598639,1074.0,39.68,1
25.019029,92.770549,92.0,23.71,1
23.00598224140881,92.61295224734512,366.0,12.35,0
22.98171963561433,93.1952189598302,1408.0,31.45,0
22.791958,92.833511,667.0,22.3,1
27.220806,88.237361,1297.0,21.62,1
26.257572522956107,94.28730488882438,314.0,5.17,0
27.95897706189413,96.19550826160253,297.0,1.8,0
23.682274,93.350321,1271.0,25.54,1
27.1645,88.228444,1421.0,29.77,1
25.69101063762505,92.9156329218564,153.0,1.73,0
25.29198283776673,92.92068353960768,790.0,6.38,0
27.570693273091027,93.90634062877024,2149.0,20.54,0
25.00262570262529,93.96083118640824,1475.0,28.42,0
26.02611111,91.86827778,111.0,12.76,1
25.121111,93.654694,1218.0,33.21,1
25.830563277090327,90.48425501762269,188.0,16.75,0
24.95163244398897,94.70937204347167,1446.0,30.11,0
27.08629674692052,88.52810581630709,1303.0,16.29,0
27.684244884398183,93.13913123211826,1523.0,33.45,0
25.599817,91.176394,1096.0,14.69,1
25.29385318476812,92.96901083209706,483.0,14.34,0
28.14175513757672,95.95840490560929,1519.0,24.84,0
26.824798661942182,95.19438041542688,730.0,25.0,0
28.38050278324041,95.37899067795848,1943.0,35.8,0
27.420028,88.515944,650.0,52.55,1
25.112806,92.350194,249.0,41.25,1
23.88361111,92.85305556,658.0,31.02,1
25.42770699145941,93.81585733761084,1089.0,2.41,0
26.35663446814031,94.35100434499076,458.0,6.14,0
24.8849762802635,94.77779498422888,342.0,6.49,0
28.20737,95.81005,932.0,27.83,1
27.3758495370793,93.49043020522768,2029.0,20.17,0
23.162899,92.744032,842.0,18.68,1
26.680599237986605,92.89298069768866,65.0,1.64,0
25.69308639592013,91.79049102876492,836.0,18.32,0
27.454998519541583,88.26071243403901,3287.0,45.39,0
25.13447222,93.01897222,757.0,13.55,1
23.222853,92.941536,402.0,36.11,1
24.62,92.83,35.0,5.16,1
24.84255219792304,92.62238087838836,18.0,3.1,0
26.30721922564788,90.71374565665432,39.0,2.83,0
27.485691873823,91.7295764570324,1901.0,37.43,0
25.145583,94.320444,1630.0,31.08,1
24.14,93.45,1291.0,21.62,1
25.157092,93.682686,1043.0,32.69,1
26.39089583820279,94.28381106766656,277.0,18.22,0
24.014332,92.924018,1076.0,32.26,1
22.863268030257547,92.40832615840807,129.0,12.03,0
23.71194444,92.86888889,686.0,35.16,1
23.64638889,92.72638889,797.0,27.35,1
25.586389,94.858222,1235.0,36.82,1
25.638,94.109,1475.0,20.47,1
27.481083,88.530667,1031.0,30.89,1
23.545,92.7025,805.0,26.48,1
27.325278,92.373722,1622.0,16.24,1
25.419455532509264,94.80124520935668,2018.0,17.85,0
27.793540962698025,88.61037465180775,4746.0,36.58,0
28.165346309230216,96.30293862689088,2477.0,35.59,0
25.11297,92.95433,360.0,14.57,1
23.33611111,92.78388889,718.0,25.73,1
25.8549806,94.1569166,1460.0,19.99,1
25.930386,91.571822,510.0,28.5,1
23.14788,93.323791,1548.0,20.86,1
25.839667,94.149222,1444.0,36.81,1
26.419656474040124,94.78005518407753,835.0,21.82,0
27.468167417355502,89.05423879385097,4465.0,27.72,0
25.397287,91.872324,1574.0,17.92,1
23.744972,92.702889,818.0,20.02,1
22.302040338925543,92.92368373432352,304.0,10.46,0
22.56938391020014,92.81768141039268,264.0,17.19,0
28.617667,95.056444,755.0,25.15,1
23.253228782367128,92.38749470061016,143.0,14.72,0
23.170205,92.73929,763.0,13.58,1
25.251211,91.454514,798.0,34.69,1
25.060281713727225,93.70581967242346,1377.0,37.59,0
25.076706069875243,91.60644158702496,13.0,0.51,0
25.214153,92.045428,591.0,12.21,1
28.18381855187868,95.89390166266412,1270.0,49.02,0
25.32278306566132,90.1418369469439,92.0,7.9,0
23.180345,92.900082,791.0,34.11,1
27.051645357498955,88.54920214867136,921.0,18.91,0
24.64518424390049,93.7963404353098,768.0,0.0,0
24.27,92.81,544.0,16.97,1
27.289861,88.084389,2079.0,30.36,1
27.361012262288387,96.4728791609673,1334.0,10.95,0
24.48,92.76,118.0,10.32,1
27.46631968477229,88.20612203836939,3750.0,34.54,0
24.46946664275469,93.8932486902366,766.0,3.19,0
25.2859973023984,90.27801125928576,153.0,3.79,0
28.740576,94.867317,451.0,28.35,1
25.46053845382939,94.83214459057726,2084.0,21.43,0
28.07583087151861,95.1856845809468,1192.0,39.25,0
25.37539167,92.431275,1112.0,11.23,1
23.292616571358373,92.58601876282368,336.0,14.37,0
27.690988975056623,94.79427871102192,133.0,2.46,0
25.62154,94.1122,1728.0,25.7,1
23.760222,92.848167,802.0,30.3,1
26.998414607266305,88.42997268684219,311.0,21.09,0
23.32853337484868,92.50273135308602,596.0,34.26,0
23.140694,92.551529,387.0,26.89,1
27.198928,88.66095,1045.0,39.81,1
25.38707,91.988294,1360.0,30.12,1
23.71697222,92.70817222,909.0,26.09,1
28.17476842663598,96.85498492051792,3896.0,37.6,0
23.32600758063792,93.2062501207998,595.0,16.35,0
28.21285182571684,95.70609216075732,224.0,1.74,0
23.00716229265542,92.50973843534398,121.0,31.29,0
27.233389,88.5015,390.0,21.52,1
27.05021619033715,93.9933427876233,83.0,0.52,0
25.54831,94.19192,1089.0,25.48,1
25.34327632676812,93.6830540005755,375.0,22.69,0
25.1565,93.0151,589.0,14.37,1
23.737328770977367,91.87209478455082,125.0,9.14,0
26.93577689801668,88.2984495669329,1837.0,23.79,0
26.02116156919742,95.34193119818104,1111.0,28.8,0
25.109944,93.626528,1171.0,27.69,1
25.410694,94.500056,1812.0,13.53,1
26.413056,95.048278,1651.0,34.86,1
24.978389,93.502278,1302.0,16.04,1
24.85225,93.449639,1115.0,35.9,1
22.969294,92.729332,629.0,18.73,1
25.82734229325718,91.7356678293508,648.0,24.26,0
24.672406,93.696858,936.0,20.6,1
25.451628763460217,93.59695954607125,1032.0,16.91,0
27.95599324011173,95.2889523408122,156.0,2.86,0
27.48032394299728,88.15062095712429,3824.0,36.25,0
23.53333333,92.69722222,821.0,36.35,1
26.084444,94.09,739.0,32.98,1
23.63472222,92.85527778,1044.0,16.66,1
28.133963,94.611953,940.0,36.59,1
28.39902606397048,95.61485486211996,1268.0,32.24,0
22.42327252728017,92.50948999528109,408.0,39.48,0
26.192972,94.283222,1006.0,5.91,1
24.056205,92.916817,864.0,21.24,1
25.13109,93.97215,1037.0,21.36,1
24.93085730164766,92.60218371105756,23.0,0.69,0
25.223708,91.76661,502.0,28.34,1
27.36734093613149,93.72757946246172,859.0,31.74,0
26.25493383147368,92.48572195772662,61.0,1.94,0
23.573051,93.102716,651.0,25.52,1
28.025611,95.271179,234.0,19.92,1
25.887303,94.788144,1142.0,25.1,1
23.73472222,92.83055556,584.0,35.18,1
22.60014680748161,92.7485864613059,404.0,15.6,0
23.808528,92.595222,371.0,21.63,1
25.947583,94.023861,503.0,29.62,1
28.269497,94.982531,327.0,35.21,1
25.876778,94.462028,1796.0,22.32,1
23.68305556,92.8575,960.0,26.35,1
25.065889,94.632139,1283.0,26.84,1
25.316056,94.504306,1363.0,16.29,1
26.93906180165162,92.58481290348467,129.0,1.83,0
25.97256,91.86242,338.0,10.67,1
23.361804158606805,92.43401207984274,800.0,40.17,0
23.62738888582709,92.51148092306568,204.0,11.23,0
24.96282957193157,92.23800242925698,21.0,1.79,0
26.85498637008029,95.4167570224544,810.0,21.23,0
27.715081,94.692035,268.0,21.59,1
22.870546,92.752853,1093.0,46.54,1
22.85444027412432,93.18994007740766,972.0,2.78,0
27.56010781798636,94.59001190640436,103.0,1.4,0
27.394306,92.157333,1840.0,39.46,1
25.234952,91.689803,636.0,19.63,1
25.64780374593717,91.74122086954736,1004.0,9.75,0
24.782139,93.777611,976.0,27.36,1
24.595972,93.721889,949.0,23.89,1
27.840972,94.771167,424.0,14.57,1
27.979036780763845,88.64923924033639,5734.0,56.39,0
25.583694,94.785639,969.0,25.8,1
24.987986,93.671258,1176.0,39.62,1
25.134944,93.666667,1150.0,24.98,1
22.92089023566886,93.17312034079129,687.0,26.01,0
25.339653026271645,90.92685137858348,450.0,9.12,0
26.117583,95.049806,1968.0,33.28,1
28.41506474391834,95.68145963909669,1471.0,38.27,0
23.135416,92.616661,689.0,29.48,1
27.002720821141946,88.3464884896132,686.0,27.72,0
25.84875,92.68328,460.0,27.25,1
24.53,93.08,85.0,12.53,1
24.27,92.65,64.0,16.58,1
23.694139,92.013278,213.0,27.63,1
23.73416667,92.78861111,495.0,27.76,1
26.43685980469929,95.10436632162872,2118.0,16.74,0
23.798861,92.642417,138.0,7.15,1
23.018612,92.920555,795.0,30.49,1
26.1125,94.347556,933.0,43.72,1
28.19597,96.53733,1192.0,25.9,1
25.8,93.8,226.0,6.25,1
28.343428422760454,95.06206394742694,507.0,26.44,0
27.48479836808893,94.00406288866505,1808.0,41.35,0
25.95942829119033,95.1697723521384,2079.0,21.69,0
26.371611,94.709194,1295.0,29.35,1
24.58928889,93.31006944,624.0,28.07,1
25.42,93.002,277.0,2.37,1
24.08927222,93.12408611,983.0,20.64,1
27.255278,88.543611,621.0,43.38,1
22.309944,92.768333,254.0,21.62,1
25.26113540867808,93.08948672210616,636.0,11.39,0
25.107546,92.885543,279.0,10.46,1
25.289055,91.533039,942.0,34.75,1
23.59194444,92.84972222,1165.0,32.44,1
26.077844,92.035022,217.0,8.23,1
23.97272222,92.68366667,344.0,26.47,1
22.963952188531565,92.6395485409016,562.0,1.01,0
24.256640257083216,94.44542194823062,235.0,13.83,0
25.683018004829208,91.44811937710286,1030.0,3.44,0
27.31892,88.16222,1427.0,16.53,1
27.43557134779789,91.9370290737995,3677.0,28.63,0
26.119,94.637639,1199.0,35.25,1
28.42008949893352,95.73234758523934,1782.0,28.38,0
22.466166,92.92083,704.0,33.62,1
26.050752856888494,91.67699449627828,359.0,22.77,0
27.4343922902776,88.20823185515599,3242.0,43.63,0
27.113024,93.606339,302.0,13.38,1
22.82104167,92.63873333,94.0,16.45,1
26.656324430471106,94.80183517556452,546.0,18.68,0
24.706327314258395,92.36103813950818,23.0,2.47,0
24.92097,93.07306,61.0,15.32,1
27.45857805706743,93.22486259645346,1633.0,41.33,0
27.98070339538468,96.5638416631169,1792.0,19.96,0
25.25726047984396,94.36798581011692,1675.0,25.15,0
26.45361105863688,91.88074184886742,58.0,1.39,0
24.999838951923163,93.77146978190078,1545.0,34.21,0
25.103528,94.531722,1552.0,12.2,1
25.42048564439937,93.05520174140727,197.0,8.95,0
26.770088233664858,94.8872411925659,217.0,5.32,0
25.181759,91.573658,76.0,23.92,1
25.023111,94.449361,1915.0,28.64,1
26.13984235067273,93.1319782446498,89.0,2.11,0
26.866213671892133,95.81446643517548,814.0,23.2,0
22.405001,92.950996,192.0,32.39,1
23.68143611,92.72144167,1036.0,32.83,1
27.184921,93.782324,179.0,7.01,1
25.314183988759325,93.76887403965344,1548.0,24.26,0
25.452164,91.819054,1773.0,14.94,1
24.915806,94.578222,1134.0,18.86,1
25.852020642984783,93.8757598287496,170.0,1.19,0
23.58388889,92.71166667,812.0,25.69,1
26.077653,91.982292,190.0,19.26,1
25.595083,94.857778,1236.0,21.33,1
23.62027778,92.72555556,790.0,22.55,1
23.78568416867803,92.05067881752448,121.0,15.12,0
25.11585825265182,92.73804839092608,1286.0,30.19,0
23.150924,93.28563,1428.0,29.83,1
23.237077,92.910043,670.0,10.24,1
26.325708592869287,95.22415664669832,1427.0,24.32,0
23.73472222,92.695,917.0,24.91,1
25.04109245602633,91.88943002831452,13.0,1.39,0
23.846056,93.371971,760.0,18.68,1
27.27927566025658,88.88741304321634,3662.0,20.24,0
25.666,94.098,1446.0,20.34,1
27.99722998355024,96.50906834204356,2530.0,38.48,0
26.923490195334928,95.8678873430816,641.0,13.37,0
28.763514,95.868872,1318.0,32.46,1
24.79489,92.55506,45.0,8.52,1
25.505833,94.653806,1561.0,33.72,1
25.672167,91.066028,971.0,14.97,1
25.598533268559947,90.93350932734774,814.0,9.53,0
28.246304,95.889037,2266.0,30.07,1
24.63960833,93.30401111,752.0,5.88,1
23.70416667,92.72,880.0,38.35,1
28.183523494524803,95.63773208568864,257.0,2.1,0
27.357389758583007,93.7510932844838,1050.0,32.26,0
24.97987109105162,93.34921508897274,257.0,11.72,0
25.278028,91.348931,1072.0,19.3,1
27.1023531842096,92.70264679605732,1014.0,24.54,0
27.52483612033237,88.0460225889576,4948.0,26.46,0
27.351164670091123,93.24114834530228,1797.0,39.48,0
23.722222,92.682278,699.0,21.94,1
26.18724132155581,91.491413009423,48.0,0.46,0
25.46832556086282,95.03775457688587,661.0,30.38,0
26.349242968064832,90.1156035582072,38.0,3.87,0
23.73694444,92.81361111,407.0,37.22,1
23.146113983215383,93.54012807662444,1729.0,26.63,0
25.895879542359086,91.95721748070012,583.0,5.16,0
25.20315922254755,91.3188764778563,44.0,5.37,0
28.560139,95.149472,1070.0,19.14,1
27.388671637599803,93.78647868053592,1395.0,24.51,0
25.96793054066676,93.83513029746464,143.0,1.03,0
25.55731648126692,93.29416521434447,394.0,8.28,0
24.09210556,93.29866667,923.0,15.93,1
25.542871575920767,94.04436648010208,2559.0,13.21,0
27.054457262917666,88.81268294196794,1763.0,12.31,0
25.571256,91.825464,1277.0,27.78,1
25.274,92.373944,875.0,11.23,1
25.53458,92.11539,1238.0,9.56,1
23.93561815349215,93.8706468392526,2129.0,27.35,0
24.863924,93.617853,382.0,36.47,1
24.90538504285392,92.9726946070278,100.0,0.46,0
24.799689,93.706336,903.0,41.5,1
22.591,92.917,1206.0,36.6,1
25.827608,94.783028,703.0,31.64,1
22.795282,92.813881,783.0,25.84,1
27.883442748522487,96.62280163497604,2905.0,29.69,0
23.73722222,92.7425,874.0,27.61,1
25.24010502206863,94.63499140047166,2164.0,26.71,0
26.44378027304116,95.2527564641111,1922.0,16.82,0
25.16046067320501,92.55310217364573,647.0,21.05,0
27.328940753148554,94.04133947262945,128.0,4.29,0
28.810126,94.785508,654.0,18.54,1
23.103680738666743,92.46700160981024,201.0,12.76,0
27.29596085491825,93.16932071253744,1275.0,22.38,0
27.91862009739151,95.2304755655825,263.0,5.54,0
27.549791529276536,92.45251657994044,3331.0,32.45,0
28.484056,95.207056,806.0,20.2,1
26.3,94.11,303.0,10.31,1
23.201335,92.734857,774.0,25.19,1
26.034833,94.458,925.0,3.59,1
23.60666667,92.72305556,925.0,21.11,1
26.38046500546421,94.25628586586916,188.0,2.12,0
23.751155,92.571589,790.0,32.48,1
28.815122423785503,95.6305132912256,2847.0,20.72,0
24.90351419558284,92.3454816404053,20.0,3.6,0
24.92561662858218,94.84928392388366,291.0,12.22,0
23.239797,92.744214,779.0,12.37,1
27.001616764407974,88.41620320727421,770.0,37.03,0
24.662039008968083,93.43984449116331,370.0,22.23,0
27.824889,94.739556,695.0,26.57,1
23.54305556,92.70055556,824.0,37.88,1
24.54249068096933,94.32572009765128,521.0,34.26,0
23.72713889,92.7405,752.0,30.68,1
27.187098270028137,92.15725946134742,2885.0,30.52,0
25.83720161034464,91.61379632623252,480.0,23.15,0
26.29325,94.251806,954.0,23.45,1
27.06570607325582,88.08638437757973,1819.0,31.91,0
22.89,92.47,60.0,9.89,1
24.634278,93.719639,1354.0,16.91,1
23.52277778,92.70277778,787.0,17.24,1
25.18422462069644,92.76877944608113,1298.0,6.81,0
25.683139333209805,93.46781773414708,256.0,2.73,0
26.221083,95.030139,1371.0,29.22,1
25.962689,94.816972,1153.0,34.04,1
26.896254754809288,94.76650381468583,100.0,3.25,0
29.118116440529345,95.9075665984146,3080.0,43.95,0
25.728,94.098,1301.0,24.57,1
27.83275,93.504417,813.0,38.42,1
24.0775,92.79055556,943.0,33.68,1
26.232944,94.130639,577.0,27.09,1
25.14616649562018,92.8044110179416,1079.0,18.87,0
28.57967102933654,94.54775818556742,1848.0,32.46,0
24.532998376464885,94.38650665515983,651.0,25.78,0
24.982917,94.162639,1232.0,12.73,1
27.03025048201831,88.02227129915207,2502.0,33.62,0
24.01,93.99,1242.0,30.8,1
25.187728213533628,94.4081054034876,1205.0,8.98,0
25.433903,93.328944,423.0,17.01,1
23.89647864954513,93.8875540953868,1774.0,27.03,0
23.2066,93.148665,830.0,33.02,1
24.943833,93.488917,1043.0,16.5,1
23.826259375251333,92.43801583231809,208.0,6.21,0
24.646969,93.672364,977.0,26.65,1
26.45720064993529,95.16094956068136,1787.0,36.68,0
24.543675186007828,94.3927837330714,746.0,29.13,0
24.628721724400243,94.43596817477408,303.0,19.75,0
25.69422222,94.04538889,998.0,18.61,1
25.646,93.843,761.0,17.71,1
27.78578925221704,96.5856389861166,2755.0,45.03,0
25.50092946849161,94.83114832146028,1742.0,27.82,0
25.79,91.24,781.0,2.61,1
28.240442,95.774201,830.0,41.09,1
28.192217,94.713927,324.0,29.97,1
27.99131250225465,96.68789831643404,2506.0,33.69,0
25.541571381250915,94.7075295215288,1461.0,31.74,0
28.082618,96.465189,855.0,28.99,1
26.19113889,91.82961111,116.0,16.44,1
28.82197991646725,95.7583507293094,2491.0,10.06,0
27.666556,93.891861,1473.0,25.54,1
27.362394008168547,88.3972605357048,2500.0,18.94,0
27.124444,93.742222,153.0,19.12,1
24.509909071138303,93.95371920035709,775.0,3.08,0
25.948401819865648,93.58743193935663,176.0,6.32,0
22.469737,93.100868,1116.0,10.27,1
25.092178,92.353564,140.0,29.33,1
23.935917,93.345642,805.0,28.55,1
25.59789175920174,90.90793960200506,714.0,3.59,0
25.97687979790636,93.80481332122652,143.0,1.8,0
27.794583,93.597306,1080.0,43.05,1
27.1183661526426,92.17173791390258,2305.0,30.17,0
24.423039885498053,92.30703877619548,35.0,2.12,0
27.00756398026286,88.2662492388064,2165.0,31.67,0
27.296028,88.10175,2001.0,19.19,1
25.357772264700536,93.8086090278324,1625.0,19.32,0
25.70363000144209,92.53749307788028,812.0,10.56,0
28.06704733396596,95.45662353252676,152.0,1.19,0
26.048562678018666,92.52637654341956,239.0,10.77,0
27.90475,96.34811,900.0,26.29,1
23.12214246270649,92.47252717352588,140.0,10.72,0
27.37320839952524,93.89026774569128,603.0,33.87,0
27.590028840310328,88.7550954892625,4763.0,12.91,0
27.438389,88.514389,776.0,27.36,1
25.07372478808988,94.72521433472886,1164.0,8.69,0
25.582,94.141,1549.0,9.09,1
23.47958336886579,92.34005106897573,128.0,6.73,0
28.18790832235433,96.41960646111312,3259.0,42.46,0
26.972889,92.632833,134.0,6.89,1
27.302949,96.154621,271.0,22.05,1
23.719389,92.675083,488.0,20.26,1
28.518931045441583,96.01663805504188,3825.0,39.48,0
25.4370737651594,93.07007448678524,311.0,18.59,0
24.1421660073908,92.86102784745168,184.0,10.55,0
23.72888889,92.85388889,795.0,22.61,1
25.35861111,91.97208333,1166.0,22.39,1
22.57476443795721,92.75087351182997,313.0,7.79,0
27.17048401880208,93.29812532486804,1735.0,24.67,0
23.43722222,92.70333333,787.0,42.55,1
26.68224811756592,94.43884626234954,127.0,5.62,0
27.53240249770289,92.31541031544344,2866.0,31.64,0
25.128035819158978,93.48084994474746,238.0,5.16,0
23.695083,92.570639,950.0,34.72,1
23.17884,92.736546,785.0,18.45,1
27.823139,94.732972,635.0,14.62,1
23.356048992312125,93.53040376913464,1462.0,22.1,0
25.886965344606285,93.91980299643556,178.0,2.91,0
24.42,93.84,771.0,3.38,1
25.80048026174593,94.62766207050362,1651.0,26.18,0
27.991496329998284,93.90006382684082,2396.0,34.34,0
23.801708581520188,93.23265019242604,1073.0,36.78,0
27.37123055317109,88.06638871956851,3034.0,46.43,0
24.12202955009576,92.59342958036504,121.0,11.5,0
22.32927720257097,92.31862148862116,146.0,21.29,0
25.66292865434142,91.44972004106764,977.0,25.73,0
27.4497754739992,92.82085278561462,1360.0,41.29,0
24.167738031200543,92.871139319441,164.0,9.9,0
24.492503525833385,93.943544346356,771.0,0.34,0
28.3941892182123,96.10276290812108,3467.0,31.43,0
23.73416667,92.69805556,940.0,19.22,1
22.369862,92.934998,402.0,30.19,1
28.467234697123704,95.03776987613,1494.0,14.85,0
23.68277778,92.8575,946.0,33.12,1
25.7179491,94.0917724,1349.0,26.51,1
25.96383715844081,93.91914328399328,158.0,0.0,0
28.265759477898783,95.3778279752897,1111.0,30.03,0
24.67916,94.252632,1046.0,52.27,1
25.46650443534584,94.75044018098392,1858.0,5.96,0
28.45484550108511,95.937639611165,2733.0,44.14,0
25.81651222164796,94.60727216206284,2097.0,40.42,0
23.403402,92.750288,1198.0,26.68,1
28.148417,95.277964,199.0,31.74,1
25.4255,93.363944,384.0,12.19,1
25.77,93.94,805.0,29.56,1
25.93745882280553,93.87928487026362,149.0,0.0,0
26.950735089027216,88.52884711081587,474.0,30.3,0
25.972151287524053,93.83025062830674,145.0,2.06,0
27.655413633991923,93.2904946702708,2761.0,5.09,0
26.001503330074986,93.90908024956023,147.0,1.06,0
23.71595,92.70879444,895.0,30.8,1
25.9645,94.632583,1216.0,29.76,1
25.532,93.927,1806.0,20.78,1
25.197689990829605,92.48063094134592,793.0,17.88,0
23.242757883414207,92.404812211927,66.0,3.64,0
25.995333,94.031361,581.0,37.56,1
28.15292,96.53858,870.0,45.81,1
22.836382560392742,92.40962945482376,53.0,1.77,0
25.63,94.014,1880.0,23.42,1
27.993152737210487,96.61432724101748,1184.0,16.86,0
22.64,92.61,144.0,5.3,1
23.298928,92.857435,941.0,20.76,1
24.232551,92.81525,494.0,31.82,1
24.014668255258044,93.87642532699113,1390.0,29.93,0
25.968233,94.684364,1866.0,29.49,1
23.124249138307285,92.96672060669644,636.0,23.57,0
24.79529924994633,92.889340572424,21.0,1.19,0
25.01,92.73,100.0,27.58,1
25.08153618417447,93.1008053395828,416.0,31.19,0
27.189449673069493,93.9491749352862,104.0,1.4,0
27.48785841892168,88.6685372567921,3279.0,45.21,0
24.09176,92.803968,654.0,20.32,1
25.23250651007245,94.43889959366255,1354.0,16.74,0
25.020361,94.4095,1785.0,16.83,1
27.82930459731834,88.41426928636258,5146.0,27.59,0
26.12260626329592,95.1777493469956,2182.0,21.51,0
23.208017,92.676277,948.0,31.77,1
25.30127778,91.92198889,1192.0,26.78,1
23.91011,93.177193,1016.0,18.17,1
27.248833,88.117194,2019.0,29.64,1
27.376861,88.766167,3786.0,25.69,1
23.54777778,92.70416667,883.0,26.77,1
23.205193,92.574684,774.0,35.5,1
28.140915,95.266966,515.0,35.49,1
27.92531466964505,95.72005548226768,143.0,1.06,0
25.945985783362573,95.23844878115392,774.0,25.67,0
26.04365244763291,94.76930004417548,2237.0,25.47,0
25.649,94.441,1499.0,44.92,1
23.70333333,92.87638889,566.0,2.11,1
25.23211111,91.37252778,418.0,15.06,1
28.321143,95.779346,776.0,34.02,1
25.032989,92.462214,82.0,35.34,1
27.105253,93.825399,172.0,29.32,1
25.18833,93.104922,576.0,12.76,1
26.82689005196488,88.33367477660248,417.0,25.39,0
27.897722,93.406306,878.0,27.34,1
27.142878160719743,88.77421639723794,2315.0,39.09,0
25.858168155123867,92.07845943547277,713.0,2.96,0
24.092702060160605,93.73245202316076,1110.0,33.4,0
27.6784,93.9026,1291.0,32.14,1
28.747226523492312,95.9736652807236,3215.0,37.42,0
26.76768218295646,92.54129061110396,83.0,0.81,0
27.544955045334085,96.62144354825912,1442.0,37.53,0
25.738,94.008,992.0,7.6,1
24.79727778,93.73777778,1165.0,21.57,1
23.45129964521012,92.53308421658798,563.0,35.72,0
27.160194,88.415056,1552.0,29.39,1
23.14953,93.287758,1437.0,22.72,1
25.00675830111748,93.22126394474856,213.0,16.44,0
25.56667,91.90194,1545.0,3.1,1
24.833103851086136,92.25758023983352,17.0,2.1,0
24.112840615360685,92.68107978527318,598.0,15.7,0
25.045179895591104,92.88721185963288,615.0,24.79,0
23.81,92.5,610.0,24.69,1
23.95249482204312,92.546629266685,117.0,21.94,0
25.539611,92.001556,1542.0,21.34,1
25.51973,91.28443,1449.0,1.38,1
23.630554074722564,92.45231048470212,501.0,20.14,0
27.24922056208717,96.20333162471222,1137.0,10.96,0
27.530556,92.959167,1089.0,35.99,1
25.68255833,91.90111389,960.0,9.56,1
24.675641129048653,93.79072242375145,775.0,4.79,0
25.29228503125481,93.71341822432886,1105.0,18.88,0
24.027950748268672,93.40275738559522,1226.0,16.89,0
26.11032588606623,91.0765069678938,41.0,1.31,0
25.188578,94.139278,1279.0,38.15,1
28.093514,95.272526,489.0,26.22,1
27.68223202859187,93.7806035574998,1534.0,27.8,0
23.202247,92.57903,736.0,24.34,1
25.145861,93.024194,704.0,18.37,1
24.100401,92.915441,817.0,14.48,1
25.14775,92.375528,264.0,16.62,1
27.23781680955454,88.00848421088199,3047.0,35.03,0
23.63703333,93.14361389,1161.0,14.06,1
23.965889,92.682278,300.0,23.18,1
23.73285896710756,91.9624659274677,176.0,7.6,0
25.54875524998694,91.05399861384106,803.0,27.13,0
22.65989536591276,92.76628604758426,312.0,25.93,0
26.95014774447312,94.9798411224331,131.0,3.82,0
28.102473209499657,95.57109165678756,209.0,1.74,0
28.858358,95.858469,1393.0,43.12,1
27.163472,88.143083,2073.0,17.31,1
25.670083,91.094806,986.0,28.09,1
23.31277591205379,93.46709188183738,2038.0,42.07,0
25.66874167,94.22856389,890.0,16.11,1
27.291171156317827,95.73470022798888,149.0,1.8,0
23.86,92.35,282.0,9.12,1
27.333333,88.212972,1405.0,39.35,1
25.45491725693592,91.9724563894687,1667.0,2.85,0
24.754028229482625,94.50059457144788,1076.0,11.82,0
27.345556,92.266389,1581.0,30.15,1
28.40784002698686,96.4816395766412,3428.0,38.49,0
25.41733333,93.12908333,387.0,3.05,1
25.24422862328065,93.55090296903327,1508.0,26.39,0
28.234833,94.972278,275.0,41.03,1
26.44911341929695,94.17435839892713,113.0,2.34,0
23.750139,93.098167,1412.0,20.37,1
23.246555,92.554054,1022.0,32.32,1
24.05902513808765,93.4172167940416,762.0,8.79,0
26.843440937994988,94.63969248106255,101.0,4.91,0
24.652787551529688,93.78758669863484,770.0,1.03,0
26.93404722389452,88.40757701346999,1250.0,39.32,0
25.52545643686593,90.4838576674768,619.0,15.67,0
25.24612,93.028292,609.0,18.19,1
25.566,94.162,1302.0,18.44,1
27.383900100371186,96.69636341776204,1950.0,37.79,0
27.562990065938,94.11706743529273,1000.0,28.05,0
23.35416667,92.77027778,941.0,37.53,1
25.047417,92.793389,118.0,37.7,1
23.49933333,92.70225,928.0,7.17,1
23.44061361910588,92.46794548853627,364.0,18.2,0
26.085389,94.258,1295.0,28.95,1
27.234917,93.536139,839.0,25.36,1
26.026389,94.331722,1086.0,17.09,1
23.86277778,92.8825,992.0,33.51,1
23.913445,93.023941,1101.0,40.98,1
27.63392820186314,88.46577210576247,2373.0,12.26,0
23.35958611,93.04477222,595.0,30.25,1
27.42770680830267,93.71192175788384,829.0,10.66,0
23.03094946520538,92.6099031193027,255.0,26.49,0
25.534486,91.205492,1359.0,25.46,1
25.65341111,91.89819444,1038.0,17.74,1
25.400317978215,94.39720972472628,1295.0,28.73,0
25.579093239063493,93.42397548517334,273.0,13.77,0
22.29,93.09,1276.0,30.1,1
28.335376,94.956509,289.0,48.88,1
23.57361111,92.71222222,874.0,30.61,1
23.423972,93.165944,1046.0,29.55,1
22.447001,92.882004,577.0,39.48,1
24.90271432412468,92.77862817728308,34.0,5.46,0
24.105809125692154,93.6855409155873,1102.0,19.82,0
26.98600804387168,88.39050786727788,496.0,19.71,0
27.38590963131455,93.62213610832391,1353.0,2.13,0
27.55560640945196,91.66795412229564,2375.0,17.77,0
28.157394110425845,96.6389584944056,1704.0,56.89,0
25.298806,91.923167,1233.0,5.28,1
27.840167,93.980861,625.0,34.55,1
22.892199,92.822884,796.0,36.72,1
27.35373901767525,91.97161492682176,4256.0,16.31,0
23.01689167,93.283175,885.0,30.62,1
26.024535691073247,92.6714216051286,66.0,3.09,0
27.449463011055588,95.8055520812395,160.0,3.4,0
25.427275612887065,95.01656247135314,908.0,42.98,0
25.44835,91.59150278,1649.0,13.83,1
25.69172222,94.10319444,1355.0,13.63,1
25.61,90.3,692.0,11.89,1
25.865722,94.048806,962.0,27.45,1
26.96984194208158,88.34759013417532,1751.0,32.14,0
27.177138,92.576909,1476.0,31.13,1
25.57121833401865,93.60452596930628,473.0,24.47,0
23.223594,92.914767,760.0,26.41,1
27.48290914459162,93.68814834269682,1084.0,23.75,0
23.02562549718296,92.54061311994178,628.0,20.54,0
24.834145867751243,92.65541154320172,14.0,0.0,0
25.671411970968617,94.89563192456582,1445.0,22.48,0
24.808619,93.651094,421.0,24.55,1
25.268687870492013,94.45370621044016,1438.0,11.16,0
25.672,94.111,1378.0,9.71,1
23.54972222,92.70305556,791.0,25.95,1
26.220028,95.034417,1308.0,41.35,1
25.17188889,93.02061111,575.0,44.63,1
27.98470462909569,94.90860144063647,839.0,32.46,0
26.096722,94.253694,1346.0,11.43,1
27.542639,92.954417,1275.0,27.88,1
27.903389,93.370361,880.0,25.11,1
24.146606,92.796528,702.0,33.21,1
25.739551108904912,91.50244122016008,606.0,15.99,0
23.194007,92.734654,778.0,29.49,1
24.640639,93.620311,565.0,28.85,1
28.137762,94.62431,772.0,19.41,1
26.76743529292642,92.96781459078994,71.0,2.09,0
24.478972,92.682861,65.0,12.91,1
28.825119864409167,95.77996812761668,3031.0,24.18,0
27.273999,95.975506,415.0,22.92,1
25.232397622855107,93.68204127797613,1142.0,44.08,0
26.032028,91.989528,237.0,19.88,1
24.452008190197503,93.02043894969071,95.0,4.87,0
27.420867080246367,93.77943257036448,1199.0,21.72,0
24.73,93.19,269.0,15.21,1
25.449056,93.370861,427.0,19.38,1
27.084417,92.586622,211.0,37.04,1
22.522148480322628,93.0981039028385,763.0,27.26,0
25.397248875554524,94.91090390206782,638.0,19.89,0
23.77677865302161,92.42072835211894,264.0,6.32,0
28.460215226444472,95.14007258638256,942.0,16.98,0
28.24687044485005,96.18464373402648,3734.0,51.21,0
27.566131,92.973072,623.0,29.71,1
23.735,92.695111,919.0,26.03,1
24.597735131560707,93.77700055421704,772.0,1.64,0
27.51574304398396,93.62796562623105,1407.0,22.42,0
28.18923534232176,95.33232910610796,1197.0,32.75,0
25.638019615254088,90.94195715555745,749.0,13.98,0
24.49827988256175,94.05962670509548,947.0,20.49,0
26.007601051390434,95.0215680948948,1393.0,29.41,0
25.218961,91.707094,546.0,33.9,1
25.2745958928475,94.43442132145852,1521.0,17.83,0
25.379208033065844,92.22239895275504,1263.0,18.4,0
27.048166406297423,88.62817052578255,1608.0,22.93,0
27.33075,88.216333,1456.0,37.09,1
24.4421679246786,92.86116717373407,150.0,6.24,0
27.23772,88.51384,434.0,35.58,1
26.275851908274458,93.71364186220764,370.0,22.59,0
24.27155756811465,92.11681427079664,76.0,8.06,0
27.435670724918555,95.90275559904764,159.0,0.46,0
28.728768035066853,95.05128204138674,1383.0,41.55,0
25.810964,94.527417,1318.0,35.78,1
27.87671942425886,94.56315106627,1138.0,41.57,0
26.190389,91.809944,94.0,20.42,1
27.493156578089053,88.38815761137185,3243.0,40.63,0
27.19558889,88.62802778,584.0,42.91,1
25.676,92.157917,838.0,14.22,1
25.661920562194915,93.7695758529502,428.0,2.41,0
25.182916916717847,94.61453773954784,2650.0,25.39,0
25.883168878559253,93.85051569132106,154.0,1.13,0
27.04823984940037,93.01954727067694,672.0,19.11,0
25.398728737997203,93.88697747703894,2186.0,46.96,0
25.97539070134902,93.79863962874995,137.0,2.56,0
25.17597222,93.02016667,590.0,28.43,1
24.911194,94.242111,1380.0,28.12,1
28.775779,95.890362,1233.0,35.34,1
24.50756827360908,94.37274574709024,238.0,12.15,0
28.529939822299266,95.76911717331562,1066.0,34.9,0
23.462667,93.317472,1333.0,1.19,1
23.619352961030096,93.44730113731468,1217.0,21.01,0
26.298389,93.21625,193.0,18.44,1
25.935833,91.56525,486.0,30.4,1
26.1902037429522,95.17404820878257,1953.0,20.64,0
28.179262,95.477068,358.0,15.47,1
28.34416157496552,96.13639870202582,1298.0,5.07,0
28.1164824455652,95.98257476052572,1619.0,31.81,0
25.553794,91.231139,1304.0,18.84,1
24.615083,93.696844,1468.0,25.91,1
25.039808648973302,93.33814829439709,370.0,23.49,0
25.28119570595297,94.37244863759751,1204.0,30.63,0
26.6,94.49,600.0,11.54,1
26.113639,92.441222,203.0,14.83,1
26.0037,93.9862,514.0,15.01,1
25.17691667,93.02655556,452.0,23.36,1
26.481217205410783,94.17854512650896,102.0,1.31,0
25.66741778193182,91.7936486989421,1026.0,2.58,0
25.64053600272532,91.23988887509483,1326.0,29.85,0
23.710194,92.741167,613.0,28.55,1
28.21267,95.803194,1025.0,46.38,1
25.20331517648645,94.65962618178892,2116.0,17.69,0
23.341333,93.080056,1060.0,28.75,1
27.032995562000263,88.5630889495803,1291.0,24.0,0
25.320833,91.9275,1099.0,21.52,1
24.39720647601036,93.38757576444004,298.0,11.54,0
25.318433,93.115767,433.0,19.45,1
24.64385397031496,93.91509608614896,773.0,2.89,0
27.04305138171368,88.7695542220952,1457.0,45.97,0
28.4367442106358,96.61430915316475,4107.0,25.86,0
25.510867625625863,91.03939877016649,740.0,27.79,0
26.053200911043284,94.75948657285916,1805.0,33.98,0
23.23806727339332,92.40913416312416,56.0,5.74,0
28.090087,96.454067,1010.0,49.78,1
23.03830550678228,92.59565314446732,111.0,3.0,0
27.163861,88.141361,2149.0,21.84,1
26.18435779793781,93.0953469291028,86.0,4.43,0
24.36527778,92.93,581.0,31.68,1
26.60275,93.48408,114.0,1.39,1
26.216861,95.002889,1600.0,21.37,1
29.123373294407955,95.7210106456464,2998.0,34.3,0
24.040703,92.774277,941.0,12.96,1
25.21694444,93.01136111,484.0,34.12,1
27.3346449982892,92.06384900458208,3499.0,33.33,0
24.308857515375568,91.95639860715964,40.0,3.24,0
24.346028,93.954583,1232.0,15.38,1
25.168028,93.748972,692.0,28.7,1
24.905144725717506,92.63619659231152,18.0,1.92,0
27.509883651130068,93.05332546846962,805.0,34.58,0
27.51491667,88.56313889,1416.0,28.15,1
27.64360207527973,88.78322116134008,4404.0,45.87,0
27.141,88.211194,676.0,29.29,1
26.48736108770736,94.9078478119668,559.0,15.59,0
27.227449,93.798727,353.0,27.53,1
27.86690964699351,94.5234712443845,1414.0,34.18,0
23.96020358252873,92.43428173658658,180.0,24.46,0
27.24677825044456,93.9157932890437,212.0,12.39,0
25.129639,93.661806,1199.0,26.52,1
24.250722,94.073861,1353.0,29.47,1
27.86157311126734,88.92182861078369,5155.0,26.45,0
23.68436980761589,91.94767897889858,172.0,14.89,0
23.76972222,92.76,1166.0,42.48,1
25.44465,91.34622,1471.0,12.96,1
23.359075241028503,92.57379627448807,493.0,14.54,0
24.09,93.91,1163.0,10.84,1
24.9130945583506,93.21011056531444,107.0,25.63,0
23.455367,93.362276,1368.0,25.42,1
25.14392043252873,94.17716983684495,896.0,17.94,0
23.38075,93.13075,1299.0,26.59,1
25.66264,94.11353,1380.0,12.56,1
25.66977,94.11269,1357.0,13.7,1
27.380266560979265,93.87075351544102,628.0,33.91,0
22.97032,92.70697,725.0,17.86,1
22.799189427211623,93.14292238428568,506.0,6.22,0
28.592047894826536,95.9481716485812,2119.0,28.79,0
23.653791678235443,93.43723671572089,1070.0,16.81,0
25.79148889,94.01525556,548.0,24.88,1
25.101972,94.5125,1528.0,23.33,1
25.205651,91.599771,493.0,25.97,1
25.363190795274768,94.6941878858786,1645.0,28.48,0
25.214300256217413,94.6111271791595,2243.0,36.04,0
24.74758494039998,92.9925223789697,30.0,1.06,0
27.540917,92.949333,1266.0,28.83,1
27.99579963401519,95.39011105476698,144.0,4.51,0
25.056022,92.394119,82.0,8.81,1
23.230371,92.673973,848.0,8.06,1
26.12096236466523,92.51486653923916,86.0,7.32,0
26.758906240922084,94.74019756434892,132.0,3.7,0
22.22903511863077,92.74457590126563,226.0,15.81,0
25.02658271212059,93.39903572542816,420.0,22.4,0
22.688472,92.842907,949.0,43.47,1
28.164890289197213,96.4147092794178,3582.0,38.7,0
27.91965259033764,93.70242389863904,1529.0,13.11,0
24.106444,92.276389,559.0,14.21,1
25.719,94.105,1293.0,18.9,1
25.68416553499344,94.9071246712414,1584.0,21.73,0
24.812167,93.423,415.0,27.53,1
25.550992720085667,94.4183414222107,956.0,25.96,0
23.445083,93.223889,1489.0,32.45,1
24.45719020541944,92.97420969563984,253.0,17.62,0
23.191775,92.734778,785.0,18.13,1
26.36083,94.84,2004.0,24.69,1
23.42472222,92.74472222,763.0,14.71,1
28.025768627876747,93.47839292188088,785.0,18.7,0
26.799929,95.309533,1125.0,19.33,1
23.7135613527519,93.25845906278336,898.0,19.97,0
26.102167,92.440472,314.0,13.42,1
25.10639551951257,91.81191248896002,8.0,2.82,0
27.311254863314424,93.73071090837452,1894.0,37.3,0
27.35694444,88.61833333,1715.0,24.22,1
25.81734476643817,92.25262926059249,887.0,11.7,0
24.624252417799333,94.45920116241489,411.0,28.34,0
25.5619651289402,90.94846211175756,772.0,5.49,0
23.41714788876974,93.50907125965176,1316.0,20.71,0
23.184091,92.738895,781.0,27.92,1
25.181639,94.342667,1688.0,37.66,1
28.40302512237,94.7524523066148,1380.0,38.75,0
25.323731,92.80751,1061.0,3.5,1
25.134611,94.460722,1918.0,22.95,1
27.252139,88.176944,1288.0,32.94,1
26.14221585760449,94.71258968595038,2160.0,11.92,0
28.11901264478012,95.70014433495032,186.0,2.66,0
26.88585624661227,95.72195042365487,2079.0,34.5,0
26.57991427381345,94.59941754068817,300.0,16.28,0
23.323423,92.860926,989.0,9.2,1
28.80604505971095,96.04063887305428,3734.0,31.93,0
24.125845917022662,94.25864944829,212.0,9.13,0
25.718018506443865,92.37058029611148,904.0,11.9,0
27.3250091,88.4704442,493.0,25.81,1
24.8994383891,93.87183262088762,799.0,0.74,0
23.435405,92.871814,762.0,27.35,1
26.803226887819832,94.80541854569204,121.0,4.87,0
22.792336546616426,93.14882932030798,889.0,13.33,0
22.766860463493742,93.1225120730018,574.0,19.88,0
28.25341395742685,95.0986224186875,1421.0,30.37,0
25.255931,94.1254,1401.0,31.12,1
23.54194444,92.7175,839.0,28.88,1
23.341022,92.776761,744.0,30.25,1
23.945170366911054,91.96301245987382,105.0,8.27,0
28.674090656689728,96.02109110071908,1961.0,36.55,0
25.603,94.426,841.0,20.25,1
25.770055,93.937873,791.0,26.13,1
23.69305556,92.72111111,954.0,34.75,1
24.615478957836448,94.46967007020729,439.0,30.8,0
27.368278,88.711278,3182.0,16.83,1
26.05506803716171,94.91557193664076,1019.0,6.22,0
25.28247222,91.36413333,973.0,35.48,1
24.639806,93.691333,1280.0,34.08,1
23.96077468196032,92.515845986522,312.0,28.1,0
24.11,94.02,1477.0,10.63,1
23.187762,92.898034,866.0,31.55,1
28.81522537084745,95.7338834063238,2974.0,18.78,0
25.04614036684667,92.85958489624736,619.0,30.15,0
25.72342008485767,90.35559971376462,390.0,10.6,0
25.99632708269021,91.36158908134168,52.0,2.42,0
25.79655997618173,91.75803759741682,653.0,8.56,0
24.129613199155585,94.19379626289712,534.0,23.42,0
25.63017174010885,91.7351404718153,988.0,14.95,0
26.42186,94.3852,767.0,46.46,1
24.794493,93.652745,467.0,26.72,1
27.45072666190517,93.91222994238338,2166.0,32.39,0
24.00260070978387,92.60848144316824,305.0,14.17,0
26.175016361631627,93.9740065763122,118.0,2.11,0
27.134306,88.370528,1116.0,27.12,1
26.14746873085242,92.52216548817056,60.0,2.41,0
24.19755185241822,94.38952832480196,147.0,2.08,0
25.60339,91.856222,1245.0,30.81,1
23.035839,92.795578,876.0,25.54,1
25.328672986190607,94.65871584105986,1651.0,23.86,0
27.798654146012275,94.63568254999134,480.0,24.69,0
25.703,94.137,1346.0,23.75,1
26.1445,91.7362,50.0,2.07,1
23.473778,93.239194,905.0,30.88,1
27.20833,93.794568,220.0,29.12,1
25.14388130597717,92.6117675914362,1237.0,26.2,0
26.06368725265379,94.78383413444196,1836.0,14.63,0
24.687667,94.267306,1452.0,29.37,1
25.651,94.12,1276.0,25.11,1
27.751917,94.023472,327.0,31.31,1
25.571508960035693,94.00513678321992,2315.0,25.84,0
25.67277559896278,92.3386198304937,972.0,7.71,0
24.070285,92.787738,971.0,27.93,1
25.613917,91.868639,1282.0,29.59,1
26.90593466827836,88.41468434233478,700.0,18.7,0
26.19167,91.79028,91.0,14.39,1
23.815,92.8275,548.0,36.59,1
26.3304056399134,95.19062747742628,846.0,22.01,0
26.844545841035355,94.97235882877274,252.0,19.96,0
25.73572,94.08703,1444.0,22.13,1
23.53611111,92.68444444,488.0,22.89,1
26.956619660943684,88.37070401264924,709.0,23.23,0
27.995889,94.525941,456.0,27.91,1
23.308426380711666,93.41785039116304,1333.0,14.33,0
25.429639,94.556472,1223.0,8.06,1
25.44177778,92.19558333,1340.0,5.49,1
25.166833,94.354889,1722.0,28.62,1
25.85585696602273,93.90659531418544,251.0,16.23,0
27.50708000880163,88.75502511748513,4620.0,27.79,0
25.65455655843856,95.01157024548291,1665.0,32.83,0
26.908187722099846,95.02587762359674,343.0,29.83,0
28.140639,95.292122,273.0,29.88,1
23.298413,92.81508,485.0,3.84,1
25.730185322260727,94.9027695397318,1042.0,23.44,0
27.797389,94.735333,821.0,27.92,1
28.24638359017361,95.39551566081184,2085.0,35.6,0
28.472919,95.857932,845.0,41.43,1
26.778444,95.069083,981.0,33.65,1
26.102944,91.862111,151.0,24.45,1
22.959354271551984,93.17165030765514,1153.0,38.47,0
27.424186969167035,96.17897677570345,266.0,9.58,0
24.646197,93.671856,964.0,26.15,1
25.282861,93.296111,754.0,28.36,1
25.135251831264306,94.723394448352,2088.0,14.39,0
25.162472,93.01044,599.0,13.43,1
25.8,91.11,513.0,20.89,1
25.96664,92.51636,221.0,24.02,1
23.61388889,92.80083333,411.0,25.25,1
25.287664,93.488956,1410.0,16.02,1
23.306444,93.303889,1492.0,33.68,1
25.347444,92.007917,1008.0,37.08,1
24.08772093294145,93.77181326943465,794.0,19.55,0
23.737083,92.703889,929.0,23.77,1
26.24139,94.82056,1413.0,25.65,1
26.104528,94.353833,826.0,24.87,1
26.29,94.11,317.0,16.24,1
25.07495548450497,92.00173207087552,9.0,2.37,0
23.70445363437141,91.7643997912212,201.0,5.37,0
23.44805556,92.68333333,874.0,17.49,1
25.670639,91.09525,1004.0,23.8,1
25.88667,94.78639,1176.0,4.2,1
23.532588907651228,92.50556309556944,423.0,46.57,0
23.924278,92.744806,919.0,8.28,1
23.77305556,92.74361111,1002.0,20.04,1
25.55317433962194,94.0732648970533,2537.0,19.41,0
26.39402632232148,94.24697982620845,209.0,16.95,0
24.939167,94.548889,1529.0,35.26,1
28.55204590606649,94.1345308302484,2486.0,15.2,0
28.313528,95.966611,810.0,31.1,1
27.90581,96.35933,1052.0,30.16,1
25.578,93.805,1581.0,30.71,1
26.74789065927729,94.73921927409646,175.0,16.24,0
25.156483,93.018367,614.0,18.17,1
25.928558217453205,92.20145131073554,620.0,2.84,0
27.42303845097152,88.17460723431185,2459.0,27.04,0
23.223555,92.92672,436.0,22.88,1
25.72158491331645,91.84276392642558,756.0,14.38,0
28.38269857196409,96.08769861576748,3313.0,50.96,0
27.5739244711246,88.89674229763209,4194.0,35.4,0
25.15773833921097,93.45115162540456,1719.0,10.57,0
28.44133708182169,94.85531510471796,602.0,32.26,0
27.3477034158184,92.72665953323424,1112.0,15.58,0
25.10658671768624,94.19436743859062,1279.0,31.05,0
23.685602,93.028404,484.0,32.92,1
23.327409051922537,92.53170660826528,777.0,12.7,0
23.057276,92.90416,799.0,22.43,1
22.903807,92.757401,1156.0,35.92,1
27.385960694227148,88.14498147255344,3462.0,42.42,0
28.0898272667917,96.60883805752697,2089.0,37.76,0
24.989944,94.233611,1112.0,27.89,1
25.8,93.81,340.0,21.32,1
26.176691849577225,93.22011427377186,452.0,8.69,0
26.248887476567084,92.256110258796,57.0,1.62,0
27.597762072018423,88.82744693713485,4256.0,41.69,0
22.87851767808471,93.25779655522594,1003.0,17.56,0
22.5,93.01,1216.0,31.58,1
25.169159,91.690014,29.0,17.43,1
23.795778,93.38797,1155.0,29.57,1
24.700278,94.197611,1224.0,22.06,1
26.902804606551147,92.82333755377633,89.0,1.85,0
23.871694,92.919955,1186.0,31.32,1
27.589889,91.881194,2763.0,21.27,1
23.857278,92.646222,163.0,40.13,1
26.260556,94.813333,1276.0,31.49,1
25.735584835031883,95.03774493556088,3571.0,35.43,0
23.9204796588206,93.49989425815215,1144.0,22.3,0
24.41159971877024,92.36926852432462,90.0,8.86,0
24.943258,94.457787,1960.0,36.44,1
24.842944,93.439972,860.0,34.52,1
28.25701,95.551656,585.0,20.9,1
25.72657594107966,90.376397496603,405.0,12.04,0
25.529408,92.455339,1178.0,6.42,1
26.43102989182986,94.0588879087582,98.0,1.31,0
25.44189557119179,93.19709102098174,323.0,17.48,0
26.23746063890228,95.18809855036343,2293.0,22.9,0
24.916072516153783,93.24996148398893,94.0,25.27,0
27.98728,96.41208,387.0,4.16,1
26.24024699946389,95.2195605817536,2232.0,42.36,0
25.49736111,91.77902778,1802.0,4.13,1
25.341306,92.009611,1053.0,31.82,1
23.477778,93.236333,919.0,17.88,1
23.976412,92.683312,386.0,28.07,1
27.057413597260567,93.39581000943328,681.0,31.0,0
27.337028,93.821306,990.0,25.86,1
27.376222,88.799667,3938.0,36.79,1
25.10638889,92.86480556,221.0,21.31,1
25.651,94.097,1605.0,23.12,1
28.50468645086735,94.53581740281687,1869.0,26.66,0
25.824038,94.397945,1859.0,35.83,1
26.96412099527957,95.842394118669,1425.0,34.62,0
26.834194,95.081639,280.0,4.9,1
26.13520289465137,95.2291506641158,1721.0,33.39,0
25.160583,93.7055,868.0,27.03,1
28.216253,95.796393,1081.0,36.28,1
23.083221,92.556969,177.0,16.37,1
27.204694,88.32375,466.0,40.59,1
22.179852238960702,92.38734110846592,111.0,8.5,0
28.162405787594608,95.57366206863568,278.0,3.93,0
27.024319940673788,88.02379345054551,2499.0,29.16,0
25.45408238910044,94.41648815291428,1015.0,30.29,0
27.33426022250992,95.77203343034884,144.0,3.29,0
25.51,93.71,1174.0,30.05,1
24.809917,93.736111,1221.0,23.52,1
25.575066644787256,94.71201777711016,1824.0,8.92,0
28.834352376586835,96.13045049871764,3941.0,47.15,0
27.474408,96.408773,528.0,38.66,1
27.37441667,88.54505556,1631.0,34.12,1
27.59793211919971,93.14196273466187,1917.0,20.4,0
26.02373716990424,95.1930388665224,1731.0,20.37,0
25.55299315985805,91.00455794731286,848.0,4.41,0
27.749081768629924,91.98666327880336,3764.0,39.43,0
26.27953359126634,91.77168492904924,48.0,1.62,0
22.7,92.56,334.0,22.41,1
24.02025,93.243973,558.0,23.87,1
25.84,91.47,359.0,19.53,1
25.63669,94.21986,892.0,32.57,1
23.61,92.72083333,912.0,30.15,1
27.045861717064664,88.12274055351072,2255.0,34.78,0
27.70385607724159,91.94357697004156,4504.0,20.2,0
23.46972222,92.71861111,1081.0,35.57,1
24.85292125834297,94.43978221060296,948.0,25.51,0
24.90367860647829,92.99479741578452,99.0,0.93,0
23.61142860075192,92.4174101426027,507.0,12.85,0
28.192444,94.984917,1032.0,43.43,1
25.100221536489844,92.10735199313712,13.0,1.85,0
22.331149793969875,92.51388003834197,380.0,25.23,0
27.92787794474684,96.5280693417397,1790.0,33.23,0
26.195301688664976,92.12222960843204,56.0,2.37,0
27.092028,92.597028,210.0,36.43,1
22.968879672582016,92.55234082447276,552.0,22.41,0
22.75539556071569,92.93447762229324,438.0,33.36,0
28.27481973092964,95.45149791401394,1579.0,51.31,0
28.38115706775197,95.87590213408292,1213.0,20.68,0
25.33299281360034,93.93048097456682,1700.0,36.79,0
24.404167,94.156667,1256.0,20.52,1
25.73719082300968,92.35892188098435,861.0,8.92,0
25.313,94.50975,1439.0,22.83,1
28.33174825338309,95.28158634691673,1320.0,21.7,0
26.912588362231563,94.95507169451533,132.0,1.92,0
28.2554159837717,95.12531391510412,1706.0,36.97,0
25.10150714090068,90.94216117674958,6.0,2.13,0
27.897361,94.844111,717.0,30.35,1
25.972636,94.511444,1634.0,26.66,1
25.211269,91.208223,322.0,42.88,1
27.65783082420468,93.05016387130664,1072.0,12.76,0
27.439155210676592,93.21505717177136,2313.0,25.71,0
27.06689310706708,88.11904252793506,2666.0,11.38,0
27.322609092701786,88.91303433693493,4433.0,8.3,0
25.409167,94.599278,1667.0,37.58,1
22.683001,92.882004,890.0,22.82,1
27.2535,88.54141667,601.0,27.21,1
27.288125,96.075898,305.0,22.41,1
24.25345772195796,92.56283041744614,190.0,24.33,0
25.57967414087759,94.00403792647435,2321.0,57.21,0
26.46735596862558,94.91623324548392,723.0,28.12,0
25.859444,94.160139,1474.0,26.97,1
23.92294,92.65703,111.0,20.11,1
24.659168332684565,93.44407453696904,396.0,36.68,0
24.175865,92.945618,506.0,28.46,1
25.194357711948072,93.8873782212139,1324.0,25.0,0
25.84847415742924,93.62030448558257,207.0,9.74,0
25.180536,91.576839,157.0,14.81,1
27.2105527720713,93.86297316751522,212.0,24.73,0
25.417333,93.129083,387.0,3.05,1
27.558416803598483,93.16918584614812,1290.0,34.9,0
27.566873939657903,88.45009865019192,2054.0,44.54,0
25.64501,94.032825,1592.0,31.62,1
24.291139,94.276139,594.0,22.73,1
23.990028,93.010582,602.0,28.51,1
23.68361111,92.72277778,924.0,32.49,1
23.186296,92.7356,838.0,30.75,1
28.498405,95.827217,739.0,27.9,1
26.816056,95.074639,554.0,12.07,1
28.366417,95.221194,599.0,43.17,1
26.511843681918343,94.599108776382,430.0,11.34,0
23.297113012624763,92.99973919322991,662.0,32.86,0
27.152066829114723,92.71566437088556,866.0,27.99,0
27.163861,88.52,561.0,31.14,1
24.0,93.82,1191.0,29.64,1
27.04596588189885,93.96856331017808,85.0,1.39,0
27.02155226013354,93.73041100497797,122.0,6.57,0
27.46003508053509,88.35713575222242,2774.0,39.24,0
25.56,94.151,1582.0,4.5,1
25.91936,92.50556,357.0,32.69,1
23.704333,92.7145,1049.0,29.34,1
26.989518651085103,88.42206008198791,205.0,5.37,0
27.79875078484968,88.91803266085755,4828.0,3.19,0
23.114070299764126,92.46941554066738,135.0,19.77,0
25.17543079381281,94.61012018249929,2496.0,28.1,0
27.587878980572583,93.90964728277106,2455.0,19.69,0
25.49397065557344,94.44766337909026,1419.0,22.35,0
24.613545,94.33124,1207.0,31.42,1
26.86103993644332,92.50849389990286,115.0,3.84,0
25.38546576679782,93.91174682071792,2089.0,45.64,0
25.164222,93.736361,758.0,30.26,1
24.84839998834531,94.44430289784157,763.0,39.46,0
23.173606,92.739793,787.0,16.65,1
24.268022,94.120806,1212.0,27.36,1
26.6036209414772,94.91488676640289,328.0,13.0,0
24.553917,94.091167,995.0,22.76,1
28.32643909078981,95.10895556218756,1633.0,29.81,0
25.350061,94.220711,1722.0,20.31,1
23.461739412622787,92.52248657960492,649.0,30.73,0
24.09123,92.795928,923.0,20.11,1
23.140294,93.344976,1111.0,29.16,1
22.865734,92.771561,1143.0,21.1,1
24.821873401211608,92.82518681565573,25.0,2.13,0
25.200934,91.63449,200.0,22.06,1
23.88453580905971,92.57018929059844,624.0,15.99,0
25.248223251314712,94.64045973361488,1753.0,1.79,0
24.638933658305028,94.70941551724312,129.0,4.17,0
24.080938,92.914167,801.0,28.37,1
27.273083,88.389528,1224.0,40.05,1
27.52903750243742,93.9370900134086,2492.0,13.71,0
24.38,92.68,80.0,20.11,1
27.292583,88.820417,3786.0,7.67,1
28.314239676640952,95.6534791919937,675.0,12.26,0
25.1009485856174,91.98653756233853,12.0,0.51,0
25.18844444,93.01966667,522.0,26.45,1
24.071167,92.291694,247.0,29.2,1
24.05138889,92.66833333,708.0,35.67,1
25.440996740608583,94.67380947471916,2177.0,15.61,0
26.77844165483323,94.64851516386182,141.0,5.87,0
24.880418996893976,92.50012877719418,27.0,3.44,0
25.554567715246712,93.4671369394154,465.0,26.89,0
25.021458951654708,94.73295950525672,1684.0,35.21,0
25.337428,94.184525,1665.0,30.57,1
27.57328920928947,93.39302940244374,2134.0,43.95,0
24.790386,93.657044,614.0,32.61,1
23.09954722,93.18600278,913.0,22.45,1
23.867277,93.205643,1047.0,35.48,1
22.686473306245503,92.4495952636262,344.0,21.99,0
27.223667,93.580417,785.0,39.23,1
25.472566,93.727307,1531.0,37.3,1
28.14781720028927,96.33382174345876,1640.0,19.39,0
23.667306,92.978028,1095.0,26.48,1
28.376383445835778,95.07368800960954,272.0,11.97,0
23.44444444,92.79027778,1175.0,31.58,1
24.308163170847248,94.37262047272402,173.0,1.59,0
24.86469444,93.62116667,350.0,10.58,1
22.8363,92.892799,484.0,21.52,1
27.257083,88.696583,1401.0,21.54,1
27.05472253165382,95.03994860828256,104.0,0.35,0
23.51510488099049,92.48880402065456,674.0,30.08,0
24.38500674817454,94.01033588029298,837.0,14.79,0
28.311680100457867,96.7114200689402,3055.0,42.78,0
28.175659,95.470804,374.0,35.19,1
26.34417,94.83333,1746.0,10.92,1
25.354924820542063,92.29886476108206,1236.0,1.79,0
25.625,94.345,1859.0,20.91,1
23.975055257723604,93.40290252877668,1146.0,32.05,0
22.982395929693777,93.1806437875764,1645.0,18.0,0
27.712607668411337,88.6390020675342,4292.0,26.39,0
26.99727128463856,88.56754857515507,1433.0,30.38,0
23.244541,93.099533,1081.0,25.85,1
27.566611,92.967639,567.0,29.51,1
27.6549,93.8759,1591.0,27.6,1
25.1828890793026,94.77336203826016,1525.0,29.96,0
23.290306411247474,92.58377800599403,418.0,12.32,0
23.45173116218056,92.51811198391428,973.0,30.37,0
27.89014558641151,94.90023793241268,345.0,18.9,0
23.825205,92.830469,385.0,24.77,1
26.1505375,91.72798139,76.0,19.14,1
25.424704563713377,90.60023566571252,591.0,31.24,0
23.451972,93.259686,762.0,22.72,1
27.052162227606384,92.47955847979712,1770.0,32.49,0
25.39897,91.993367,1422.0,40.98,1
25.072636,92.794514,469.0,39.1,1
25.181583,94.304444,1412.0,25.18,1
25.652,94.288,1816.0,34.86,1
23.62972222,92.72555556,771.0,27.32,1
23.35516667,92.76991667,968.0,25.45,1
24.841472,93.495917,345.0,17.75,1
25.342269,92.58225,1069.0,22.13,1
25.142185737646106,92.71853946929892,1622.0,11.86,0
24.491667,94.160889,1541.0,33.02,1
25.236428,92.096172,803.0,15.76,1
26.025630284259737,93.79327138478963,132.0,1.85,0
25.94406213462956,93.59646122239482,175.0,5.5,0
23.223957,92.936401,367.0,17.18,1
24.451359704358666,94.4299515836692,187.0,0.74,0
24.7135,94.199417,1393.0,47.9,1
27.200294338520045,93.89979383104016,124.0,7.59,0
27.31323648926028,92.62120454399523,1155.0,22.49,0
25.77810179885452,91.53982306952508,772.0,1.04,0
24.26102228809974,92.41647903924029,132.0,12.85,0
25.161667,93.730361,741.0,18.39,1
22.962684272961827,93.50467788049502,2131.0,16.83,0
28.133525364160302,96.27518419287424,2707.0,38.2,0
28.23559621926967,95.4267695738736,963.0,34.34,0
23.608133,93.201022,972.0,17.02,1
27.49757391852822,88.85058158414896,4636.0,49.85,0
28.327545,95.783923,737.0,28.17,1
25.057194,93.603028,977.0,12.24,1
25.614807,91.871158,1294.0,27.45,1
25.96,91.857,312.0,17.92,1
23.63871998389184,92.53743356025272,735.0,22.99,0
23.392567748311,93.5507843770011,1879.0,12.01,0
25.37220656689755,92.12804445302086,1344.0,5.37,0
25.678,94.109,1435.0,18.38,1
23.54055556,92.71666667,908.0,27.13,1
27.34045047288612,93.59303583121245,2120.0,18.26,0
27.613578303326115,93.78968351806397,1926.0,10.39,0
27.41610823520371,88.04867039069698,4144.0,29.31,0
27.85738995865557,93.74894341928004,1753.0,19.64,0
24.72,93.18,251.0,21.01,1
26.214972,94.812056,1752.0,34.05,1
25.6715,91.095233,989.0,20.24,1
27.51675273071905,92.7603725497887,1641.0,37.01,0
24.823283,94.322722,1368.0,27.81,1
24.689139,94.165472,885.0,16.27,1
26.151483902565136,92.39231595673144,61.0,2.07,0
23.53986111,92.70063889,843.0,21.86,1
27.102359582869727,95.80848004772828,1241.0,30.21,0
23.29631174120085,93.45286615889944,1507.0,20.49,0
27.525829736094863,88.22613675289634,5475.0,34.89,0
23.624751215396355,92.39244176692306,347.0,16.76,0
25.72516111,94.03246944,976.0,16.01,1
28.260612366550934,95.13178122135751,1668.0,21.07,0
23.631054438543217,93.51512921053558,1214.0,21.19,0
23.654025,93.287022,1541.0,31.16,1
26.305833,94.875833,1004.0,24.54,1
26.831417,95.077917,279.0,6.97,1
24.802417,93.699175,642.0,52.35,1
26.87442059400524,94.87880507756252,358.0,14.79,0
25.9545,91.546622,180.0,24.65,1
27.733673045645908,93.809083661788,1538.0,18.5,0
28.38111739035957,95.8179759954632,1455.0,33.71,0
26.077806,92.170389,79.0,8.94,1
25.3728639857326,93.77562683009688,1199.0,24.9,0
23.104166,92.559998,233.0,23.23,1
23.300952910017067,92.54443814373477,804.0,31.63,0
23.727639,92.703083,870.0,30.12,1
24.716225,93.32551389,116.0,16.0,1
23.785988413676936,93.49809142983636,1272.0,22.13,0
25.266067,92.204897,719.0,27.14,1
26.15477778,91.77411111,105.0,11.82,1
28.013916550568155,94.7979397132062,1102.0,17.87,0
22.27,93.09,1149.0,23.19,1
24.64470685905416,93.94862369096388,777.0,1.79,0
25.5651,94.1390034,1669.0,21.24,1
23.807034559464945,92.44573090477289,329.0,16.48,0
25.44254353723852,92.45532729153356,1076.0,2.53,0
28.213028,95.232528,359.0,19.41,1
23.309532187297297,92.9769693134859,1006.0,8.54,0
26.136258085935346,92.31634846977109,57.0,0.0,0
24.220596,92.802961,677.0,19.42,1
25.857991,94.159346,1489.0,41.66,1
23.92355136994388,91.4868196606721,78.0,4.33,0
25.612528,91.870861,1328.0,23.71,1
26.964738463018648,95.63375021757048,1107.0,19.39,0
25.052833,94.551083,1825.0,32.0,1
22.979994,92.726112,486.0,28.92,1
25.58713046482136,93.30406357169122,429.0,16.08,0
28.232472,94.914889,333.0,27.22,1
25.79976703497701,94.5931231880443,2081.0,39.43,0
25.686433611230143,93.52994252378892,209.0,0.74,0
24.58496667,93.31397222,473.0,35.49,1
23.299073,93.057068,1271.0,24.93,1
27.813833,94.134333,1389.0,27.06,1
28.114617,95.273722,382.0,17.45,1
25.446611,94.049511,1392.0,33.06,1
24.779709475072742,92.3687051644118,19.0,3.5,0
25.47390554661172,92.38584076442392,1244.0,12.65,0
27.165806,93.751167,179.0,31.32,1
26.57455,93.11244,117.0,31.48,1
27.65041955724529,93.13977459878848,1539.0,40.55,0
28.752336861505267,95.98611489059044,3226.0,24.84,0
24.387686010989267,93.78171137880015,844.0,9.66,0
28.6464895116264,94.8600897338109,1438.0,24.66,0
27.466653786045367,88.25037890661845,4212.0,36.2,0
24.981031,93.654678,1095.0,56.23,1
27.36733404475034,92.342366049143,2691.0,24.95,0
25.62109288116403,91.36951175803482,1457.0,4.83,0
23.953910070830663,93.47757618350812,962.0,14.32,0
25.652457133671525,90.92046465189458,638.0,28.79,0
24.240415,92.941421,606.0,27.7,1
26.465110602740545,95.15419130980624,2138.0,10.69,0
25.118056,93.648556,1220.0,24.56,1
25.221224710447903,94.3847123542748,1967.0,17.88,0
27.132560895930403,92.70543848781124,546.0,24.01,0
27.160056,88.091806,2177.0,37.75,1
27.769688805536777,93.6641200187756,1413.0,30.25,0
24.012472,93.047249,1238.0,28.8,1
25.245448,93.003937,311.0,19.57,1
23.172571502839062,92.42564832239358,141.0,16.72,0
28.286447,95.920837,2377.0,44.73,1
27.06591378914396,88.51736670112201,987.0,11.53,0
25.2398165479742,94.6086468513694,1619.0,36.88,0
27.05978436647124,93.79619932283292,118.0,3.59,0
23.881728667458585,92.57685497904932,614.0,5.69,0
26.021083,94.040361,302.0,32.76,1
24.932631,94.417417,1305.0,31.05,1
23.914716115976063,92.54337011059506,240.0,22.78,0
28.685862330098264,95.06589551411528,1646.0,31.22,0
25.426145148328715,93.62000035700784,1131.0,15.8,0
25.56771089849806,93.99847562682402,1866.0,15.06,0
25.92046020203122,91.6612540948118,500.0,22.07,0
25.015771419471164,91.23287633038588,10.0,0.51,0
27.418,88.623333,1396.0,33.46,1
26.673639,94.744139,893.0,20.35,1
25.168083,93.024922,485.0,21.7,1
22.39,92.64,100.0,4.2,1
26.31885830718359,93.48162437393763,383.0,12.26,0
25.550608,91.232894,1331.0,23.04,1
22.532,92.862999,857.0,26.08,1
27.384444,88.639611,1635.0,38.24,1
28.47606010516277,94.74682237283272,2007.0,36.53,0
26.07248693745269,93.3486054325941,418.0,19.85,0
22.61,92.67,464.0,26.01,1
24.39697398927028,92.61188118226328,70.0,7.28,0
24.59096449825049,93.54815452885158,1160.0,20.83,0
24.183115,92.949989,460.0,22.28,1
26.0225,94.004444,720.0,14.72,1
25.046038563056047,92.9045926940222,341.0,30.01,0
24.702939014286645,93.8362894540336,771.0,1.92,0
23.172249,93.058052,1003.0,15.97,1
27.337957459270108,93.57394727478356,2130.0,12.41,0
23.735028,92.696028,926.0,30.15,1
25.17531121259422,92.29996319998246,583.0,4.49,0
27.89948050883393,88.74863241998747,5271.0,13.33,0
28.163691,95.458,431.0,13.84,1
25.746661389093635,92.81871969487972,86.0,5.82,0
24.326154350865693,94.35120146813792,195.0,3.78,0
25.181527724381265,94.4108420230062,1225.0,6.63,0
27.662895417350388,92.7282572971073,1933.0,26.42,0
27.708117868587003,94.18052443150847,738.0,44.36,0
24.56703611,93.23536389,399.0,18.32,1
23.49083333,92.70555556,1007.0,51.73,1
23.884083,93.209908,1192.0,23.8,1
23.124045888593344,92.31167812043154,129.0,18.51,0
24.986444,93.494,1074.0,8.65,1
27.09943685857904,96.00961764929914,1325.0,26.12,0
25.324861,91.938389,851.0,13.43,1
25.323556,94.525583,1213.0,20.1,1
26.97100239951573,95.97658098928692,1419.0,42.56,0
25.148747,92.175119,151.0,23.41,1
24.20083333,92.985,244.0,26.36,1
23.852861,93.059998,840.0,37.53,1
26.55237243073997,95.2256675934528,1558.0,27.46,0
24.829333,93.507056,365.0,24.19,1
22.65,92.61,105.0,4.96,1
26.98347588494605,93.76034101171956,95.0,3.51,0
27.649366991410176,93.05244650288704,615.0,27.37,0
23.320815,92.854748,960.0,23.59,1
27.270667,88.142056,1461.0,40.48,1
23.918850832322747,93.39535395304874,692.0,23.9,0
27.059377035687348,88.27345529270737,1677.0,20.71,0
24.925628058717543,93.30490799939624,146.0,12.9,0
26.005917,94.039667,489.0,57.51,1
23.61361111,92.80777778,549.0,25.37,1
25.513112395129205,93.2734728815278,380.0,8.25,0
26.389028,94.434556,647.0,27.57,1
26.76084670523352,93.22846353878838,82.0,2.59,0
22.71980866972078,92.35090795433496,90.0,8.78,0
24.356023,92.225478,67.0,10.55,1
24.777306,94.601889,694.0,13.52,1
27.35747378101708,95.86018973837766,155.0,1.39,0
26.908492485708184,88.68944978658064,237.0,0.81,0
25.061287328615634,93.0647904910211,981.0,29.28,0
22.22,92.95,1002.0,20.26,1
26.257203847839,93.93594074553098,115.0,2.33,0
26.666917,95.203583,1080.0,23.09,1
25.48997525355845,92.30736755784768,1329.0,11.18,0
22.88079475561421,93.03168854397188,332.0,7.43,0
25.65703365583145,91.76275699218078,934.0,6.82,0
27.420367776803097,88.45207960637863,2585.0,25.99,0
25.29899300484011,94.62447122863132,1711.0,31.84,0
23.55426111,93.110175,812.0,7.87,1
22.469,92.876999,632.0,27.73,1
27.326974693639976,91.9545472088224,4158.0,20.24,0
25.15473820587899,92.79070154591663,1510.0,8.8,0
26.32685,93.267639,319.0,10.96,1
27.93883478895812,88.78685889491291,5396.0,13.16,0
26.000117598832144,93.87016891745054,144.0,3.12,0
28.33575193745432,96.0972327782191,945.0,18.44,0
27.328528,93.812528,888.0,36.86,1
23.74472222,92.69277778,974.0,23.12,1
26.695194,94.636194,160.0,18.35,1
25.02245645865208,93.09733446490635,398.0,20.49,0
25.30539659603456,94.4457991337894,1530.0,10.78,0
28.29018991543404,96.34149635819816,3219.0,32.84,0
26.66849270999259,94.80944828763732,648.0,22.23,0
24.02800887378795,93.7544778245076,929.0,29.39,0
25.182861,94.505167,1802.0,28.66,1
27.63368622537204,91.67399461353348,3602.0,22.75,0
26.84392999292196,92.51315982022308,107.0,5.47,0
25.03314162288191,91.53206158017387,14.0,4.87,0
26.860687590362254,94.90999972803294,129.0,1.64,0
25.267553,93.191317,503.0,15.62,1
26.931064087622943,95.0555405105878,112.0,8.09,0
25.913792318361,92.0554583276676,749.0,19.87,0
28.022800355370908,95.46297927691832,146.0,4.25,0
25.560667,91.228028,1307.0,26.5,1
25.6712978,94.1388109,1267.0,19.93,1
25.840228,94.15148,1418.0,29.55,1
25.66005024559645,93.50820056933811,221.0,1.31,0
28.00881121947196,93.5736794627175,567.0,52.99,0
27.05645860476616,88.18334372108284,819.0,4.56,0
25.164674269783035,92.78285624407954,1426.0,18.28,0
26.76602205192656,93.6727384973235,80.0,0.35,0
24.960402904522912,94.0733120656458,867.0,17.3,0
23.980749,93.28653,1427.0,44.64,1
26.844389,95.077667,260.0,21.11,1
25.106472,93.623472,1122.0,34.45,1
25.115281417363462,91.85795800362142,10.0,1.79,0
23.29979705038105,92.99010116666652,997.0,26.68,0
28.233626382108216,94.65889120189703,297.0,4.92,0
23.803085,93.159225,421.0,22.78,1
25.78316276988572,91.76871628976004,737.0,7.26,0
23.18219706274729,92.41939710532752,119.0,19.72,0
26.68,94.534661,501.0,23.78,1
22.91873820432185,93.38877815172584,1023.0,34.65,0
26.596389,94.990833,578.0,20.33,1
23.887251,93.095612,637.0,31.88,1
26.19044,91.77502,109.0,10.49,1
25.627946,91.876487,1164.0,25.09,1
23.810806,93.379028,1074.0,22.88,1
27.08130556,93.61283333,273.0,15.5,1
25.439833,92.181333,1294.0,28.72,1
27.227528,88.219639,1785.0,33.71,1
25.44753266546748,94.40489816938069,815.0,20.53,0
23.174341,92.740855,786.0,24.26,1
28.31853645713561,96.83021795396375,3860.0,52.0,0
26.013806,94.530111,1691.0,16.75,1
24.863272,93.574044,523.0,18.99,1
25.17453296072602,94.62164364544164,2479.0,26.98,0
25.645074,94.032741,1592.0,31.62,1
25.612794,91.173697,1157.0,13.49,1
27.642788589349305,93.79002541680433,1667.0,32.16,0
25.19509,92.9995,469.0,31.63,1
28.160664,95.446755,472.0,17.43,1
27.21387293971473,92.3063449306272,1891.0,21.4,0
25.11602618951004,92.60012507382876,814.0,43.9,0
25.423674,91.721317,1693.0,26.15,1
26.434108321082054,91.95058778604508,59.0,2.08,0
27.1744498807918,92.69085128436572,415.0,15.26,0
25.92516287494212,91.6547934291745,528.0,27.61,0
22.89061,92.73033,683.0,22.84,1
26.016835114084618,94.73041503721444,2135.0,9.56,0
24.838167,94.357139,1546.0,38.1,1
25.40667192482158,90.01216525247462,86.0,10.99,0
28.1125316252337,95.00001844284326,599.0,38.09,0
25.727243012236706,92.1902686967067,788.0,7.93,0
23.64222222,92.855,1013.0,12.64,1
27.53533333,88.49797222,911.0,43.8,1
25.127722,94.449417,1878.0,15.23,1
25.462403139558948,92.5879903846786,746.0,5.12,0
25.615134,91.872232,1292.0,32.27,1
27.91164,96.34269,1274.0,41.46,1
26.692572595572223,95.6296389322212,1238.0,31.42,0
23.73111111,92.70388889,873.0,20.04,1
24.12,94.07,1329.0,32.09,1
25.179448343099374,93.44431537694824,1137.0,15.59,0
26.172552966837497,92.17565110041888,61.0,1.39,0
23.111824,92.745097,835.0,16.15,1
25.67776,94.1390317,1311.0,30.16,1
24.872153,93.623861,591.0,28.2,1
25.23373352400939,92.63781170565288,1414.0,20.51,0
25.031431,92.463231,93.0,42.07,1
23.01197020369364,92.8637814949036,716.0,28.42,0
25.54,93.74,1273.0,11.88,1
27.300667,92.391833,1731.0,39.73,1
25.418177116322635,93.6626905396275,953.0,16.47,0
25.77982778,93.800875,261.0,25.86,1
26.011389,94.022722,446.0,29.27,1
28.07302519658841,95.66416680409677,170.0,0.35,0
27.05409668458855,88.62674948122566,1675.0,26.25,0
26.329798034228432,92.22730013746936,57.0,1.39,0
23.07445421400482,93.38900517294007,1242.0,15.57,0
25.824828,94.397388,1840.0,42.92,1
27.151028,88.309889,1211.0,22.61,1
25.113586,92.370594,98.0,23.98,1
24.797951,93.214998,290.0,29.71,1
27.25177798211352,92.99731781718089,887.0,5.75,0
28.06464157832597,96.37364448418218,2854.0,49.94,0
24.74,93.12,37.0,2.56,1
25.722938257362834,94.98230289003592,2837.0,21.62,0
27.46602083769242,93.57314991221948,1170.0,23.32,0
24.917278,93.471167,1010.0,23.47,1
25.046778,92.790111,110.0,25.93,1
25.711032,91.891803,834.0,13.52,1
25.86575,92.153286,674.0,14.95,1
25.360004,91.8838,1522.0,31.89,1
26.871229529417604,95.81952663205102,968.0,32.22,0
25.683,94.038,1095.0,18.23,1
27.448734396130927,88.22097473713866,3984.0,31.41,0
28.063,96.49914,508.0,2.46,1
27.41475991912341,88.21911109250657,3044.0,45.45,0
27.233194,88.246361,1538.0,22.88,1
25.351377103091423,92.23333547879206,1249.0,2.45,0
24.32,93.14,707.0,26.17,1
27.112694,92.543472,1359.0,42.34,1
28.258144,95.551252,578.0,30.81,1
23.74190833,92.74161389,891.0,24.57,1
28.22328,96.55303,1515.0,34.55,1
25.85444647044479,91.81891650967162,828.0,14.66,0
25.18818302400148,94.65783641312662,1955.0,26.01,0
24.93566105380279,92.36596958311809,16.0,0.74,0
25.6251,91.9118,1355.0,8.22,1
26.93195683360089,88.33215504171056,1748.0,21.49,0
27.092699,92.58314,520.0,29.62,1
25.570222,94.877278,1212.0,36.24,1
22.4,93.13,1359.0,21.61,1
23.52583333,92.63861111,229.0,25.1,1
28.4498594581003,95.02950007742776,1194.0,4.23,0
27.02635673885323,92.97678424023592,992.0,11.38,0
27.61049497980732,92.71828533149076,1882.0,23.83,0
26.132181533106536,91.56234634233336,48.0,1.13,0
23.368386,93.380632,837.0,25.63,1
27.11207582530392,93.98043360138736,89.0,1.64,0
24.66120423184161,93.81134843045729,771.0,1.6,0
25.472137,94.151037,1550.0,18.06,1
25.220023,91.631989,435.0,35.96,1
24.264317,94.096472,1338.0,24.74,1
27.60343456431379,88.4858056142076,3445.0,14.66,0
25.51,93.68,1198.0,21.17,1
27.2779417899931,92.50894795840378,1517.0,24.67,0
23.918917,92.650833,158.0,7.19,1
23.397884,93.384281,1055.0,19.31,1
26.29749741443565,94.6783386257148,988.0,33.13,0
26.383145996982613,93.6979347696884,908.0,9.68,0
25.671125,91.178883,1101.0,15.88,1
25.460705395484613,93.85041253115712,1300.0,34.77,0
25.838644350782143,92.08094105118428,1064.0,22.57,0
25.65485856843824,91.37845373607236,1574.0,16.2,0
25.14264,93.03182,498.0,21.98,1
26.27647222,94.13175,480.0,26.93,1
25.324194,94.520278,1264.0,23.05,1
26.919768976687063,88.14523825601478,1858.0,7.46,0
24.29,92.65,112.0,8.08,1
22.26321168157997,93.18124273320596,843.0,27.02,0
25.488310667962097,92.36906033769384,1230.0,13.68,0
27.688583,94.681,271.0,24.09,1
24.96,92.95,140.0,14.36,1
25.74721299081581,95.04457220054826,3454.0,13.38,0
27.248167,93.765889,333.0,23.69,1
25.69066879719553,91.52365437015224,1132.0,16.73,0
23.615,92.7175,898.0,10.54,1
25.89321351506738,92.42282383616828,586.0,19.55,0
25.095056,94.547722,1655.0,28.0,1
23.586582,93.102493,626.0,15.79,1
28.11457133358224,95.37313390071265,214.0,5.11,0
27.202433,88.656708,747.0,43.02,1
25.859018512850312,91.78611754906764,832.0,11.5,0
22.31,92.63,121.0,2.43,1
27.107417,88.363139,488.0,27.87,1
25.80882059100226,95.0411205858981,2716.0,33.26,0
24.01,93.98,1175.0,33.02,1
23.210028,92.522781,799.0,25.71,1
24.77334070265064,93.97380393589668,781.0,4.32,0
25.22092169397221,94.44052763020817,1810.0,33.12,0
23.431075128996227,92.54724438370368,392.0,38.61,0
28.459400263221923,95.97991736626072,3038.0,41.34,0
23.54722222,92.70361111,898.0,21.89,1
26.262140323935068,92.48901408143836,62.0,2.07,0
27.3746234720533,93.76712793148268,709.0,28.68,0
24.91833109063116,93.29384720971188,182.0,25.12,0
23.201759,92.734328,763.0,30.28,1
28.644794870109017,94.6577993175662,784.0,28.25,0
25.98194291716077,94.89733912331089,1454.0,29.68,0
27.23166667,88.5025,390.0,25.17,1
28.608016,95.854035,815.0,38.67,1
26.907054553778963,95.11400668899424,190.0,4.57,0
25.15227863035413,94.63138146999412,2329.0,11.23,0
26.105667,92.441,275.0,23.7,1
23.262222,93.337667,1351.0,42.78,1
23.237356,92.744978,774.0,8.38,1
28.868037,95.983398,1548.0,34.3,1
27.149722,88.348333,1408.0,45.19,1
27.908413570925216,93.71415782643572,1793.0,18.65,0
27.61936111,88.66131389,1848.0,47.45,1
24.795892,93.045425,125.0,24.18,1
26.114833,94.399222,493.0,24.0,1
26.869258627714967,92.70658226059744,93.0,0.35,0
24.14,92.41,318.0,18.46,1
25.547867,91.292589,1485.0,10.64,1
24.92388583991072,93.25880350504558,193.0,17.0,0
25.40586111,93.11097222,252.0,19.22,1
26.9693,92.634,140.0,11.74,1
27.1185805267654,92.96435084093892,872.0,24.37,0
24.87533968427516,93.37582421488592,251.0,20.2,0
24.655226,94.292756,1129.0,32.62,1
22.998546372806747,93.1956611496592,1168.0,39.29,0
26.178472,94.41275,958.0,28.29,1
23.02591613321412,92.52086500309854,238.0,30.51,0
26.41931,94.97369,686.0,18.38,1
26.619013684927555,93.2785290631041,77.0,1.64,0
26.111389,94.119028,669.0,18.43,1
23.269016607441248,93.00102111493123,826.0,14.32,0
28.492374656746147,95.36976698798468,2908.0,29.04,0
27.038998467442426,88.39181929401215,1419.0,19.71,0
25.720225689470464,95.0514793681532,2492.0,24.58,0
24.07789705460205,92.71406810284476,285.0,12.96,0
25.771028,94.076167,1309.0,22.14,1
23.310074,92.858498,999.0,29.58,1
25.084771062362066,93.15671480592566,1044.0,29.46,0
25.841667,94.436472,1747.0,34.76,1
24.0739021545332,93.6748747012362,1302.0,22.52,0
25.316519,92.692,938.0,26.12,1
28.264888,95.550575,442.0,56.65,1
26.4463824087558,94.19440309068516,161.0,11.06,0
22.24,92.68,199.0,6.36,1
28.02524420246744,93.44252992724252,984.0,22.31,0
27.45752045327613,88.12046561820254,3636.0,28.57,0
25.590458,93.851498,1733.0,33.98,1
22.914071709416778,92.35215903982196,57.0,9.57,0
23.888081,93.026642,958.0,26.37,1
27.10708685936748,95.38658080888354,236.0,6.29,0
25.5667327,91.9146185,1537.0,6.65,1
25.116556,93.645944,1228.0,22.95,1
25.99557305446439,92.9269454618862,77.0,1.13,0
25.749,94.078,1231.0,8.22,1
27.57739592632387,93.966960587342,2511.0,25.29,0
28.440082,94.66913,463.0,32.51,1
25.10988889,92.89316667,282.0,11.47,1
23.20549,92.543278,651.0,23.77,1
23.751694,92.731528,946.0,22.44,1
28.535474,94.597063,927.0,51.94,1
24.58397577107303,93.80270337142116,768.0,0.0,0
25.635164341099287,92.26589452472032,1021.0,13.39,0
27.02030390811155,88.143390812052,1471.0,31.63,0
24.985167,93.508306,1238.0,18.25,1
25.68650217397568,92.56106957847446,593.0,15.06,0
26.111540872527343,92.51634293390222,74.0,3.11,0
25.04435733413585,90.48170264466272,13.0,3.24,0
23.87498174102197,91.95054365875666,359.0,7.6,0
22.93097849100466,93.34244686262107,1353.0,23.47,0
24.4716908670934,94.37882402612549,371.0,16.08,0
26.539694624055308,94.20278459656616,109.0,0.93,0
27.022836413953264,88.49616159940489,759.0,40.93,0
25.621,94.335,1806.0,27.31,1
25.655,94.234,1216.0,28.67,1
25.07849444,94.23608333,1591.0,21.64,1
27.01651696603421,95.07715548173424,107.0,1.95,0
25.98141094869488,94.91955503750869,1272.0,35.98,0
28.348082876309444,95.660215795848,1929.0,11.4,0
27.153826,95.77545,400.0,7.34,1
26.728556,95.032306,682.0,27.18,1
25.045651432838778,91.42596654931484,9.0,2.24,0
25.22548,93.023783,606.0,20.16,1
25.173056,94.136261,1241.0,22.0,1
27.260444,93.7895,365.0,24.83,1
25.10027532171688,93.47252418417646,252.0,44.53,0
22.52042417616764,93.26743782860696,849.0,13.67,0
27.525522588903385,96.15013602984295,233.0,6.58,0
26.86707919580597,95.13978542206742,389.0,27.81,0
26.21242936185991,92.251304204021,189.0,18.44,0
25.580586319526585,90.10136007066708,328.0,19.06,0
25.85985995478449,93.79179619326815,162.0,1.31,0
27.28955556,88.37748333,1496.0,18.7,1
25.447528,93.364417,387.0,31.81,1
25.48565023478693,93.81609246913028,686.0,17.13,0
28.760937,95.865649,1298.0,33.14,1
25.41955556,92.16194444,1393.0,4.23,1
24.52,93.8,774.0,4.15,1
23.395474,93.370459,1192.0,30.09,1
23.783956,92.553695,645.0,36.08,1
23.330488163951497,92.55893561226829,359.0,27.44,0
25.73683333,94.00586111,963.0,8.43,1
24.964150924787727,93.2553311130092,99.0,8.87,0
28.123517531747257,95.39667398866516,224.0,0.93,0
25.018193942854342,91.4027816815297,10.0,1.38,0
27.255861,88.156139,1535.0,34.02,1
23.705705,93.19007,1104.0,31.81,1
23.719972,92.697694,961.0,32.92,1
26.094083,95.043389,1742.0,35.58,1
25.04547473988388,93.7329816050282,1552.0,35.95,0
27.08078568468913,88.53100767750371,1093.0,22.74,0
25.644,94.107,1596.0,32.82,1
26.01476067387143,94.7450462464002,1689.0,34.1,0
25.206426,91.75498,478.0,36.09,1
26.52608277788628,95.17127444131576,1425.0,17.74,0
23.081023,92.897247,749.0,38.68,1
26.80311368335963,94.51888045821278,103.0,3.15,0
25.56551560389036,94.96020532671996,1387.0,19.76,0
24.62604722,93.22583889,128.0,3.77,1
24.852222,94.369333,1452.0,10.51,1
24.827778,93.479167,446.0,22.98,1
26.216778,95.006139,1596.0,21.7,1
24.22472222,92.9775,663.0,11.2,1
25.259722,94.03715,1464.0,22.3,1
25.63943516431205,92.59534308897835,835.0,3.28,0
25.287306,94.539833,1439.0,33.8,1
25.69742692638328,94.8934862574229,1710.0,40.33,0
24.691944,94.250333,1483.0,10.93,1
22.852823,92.815781,1151.0,13.34,1
22.03691935782925,92.9088915323121,118.0,34.46,0
23.682611,92.602028,1082.0,33.2,1
24.68357208740003,93.97317664683388,837.0,17.29,0
23.47471283531572,93.60840976897305,987.0,35.76,0
23.448368,92.899862,790.0,20.1,1
26.510833,94.836944,1134.0,23.78,1
25.87589617666868,92.2988399109196,660.0,33.16,0
25.591228,93.851831,1738.0,22.69,1
26.91277746036958,88.24387747296042,1051.0,15.5,0
25.230153303258216,92.85598561356252,776.0,8.37,0
26.94573457300092,93.5925634721618,100.0,4.65,0
27.289976542410283,95.7302451647817,149.0,6.01,0
25.40167071680989,90.12596260529736,176.0,11.22,0
22.429161547338047,93.19746356798689,686.0,23.85,0
26.272361,94.58425,947.0,26.99,1
24.85363446694237,93.00278727286718,33.0,0.69,0
26.834,95.079806,294.0,10.2,1
26.63175809375197,94.91913086770728,587.0,24.5,0
23.92794310089838,92.51740202903572,117.0,25.41,0
23.439142,93.222581,1595.0,23.8,1
27.188151,93.78308,180.0,26.62,1
28.267726,95.551477,465.0,23.12,1
23.751528,91.604533,88.0,5.84,1
25.30740232642807,92.29449102262632,1079.0,10.55,0
24.983773894710225,93.24700904151682,131.0,12.56,0
25.468035254602647,94.3461141119916,1444.0,18.28,0
24.11,93.58,846.0,4.57,1
26.78545192240456,92.6806596756033,95.0,3.27,0
24.43483336084429,93.4959705680619,1071.0,19.13,0
23.716125,92.866156,704.0,42.22,1
26.19552778,91.78055556,165.0,19.03,1
23.405305,92.851014,915.0,31.62,1
27.190067,88.596483,458.0,37.71,1
25.391254923043828,93.87603530980104,2203.0,42.47,0
23.37083333,92.77333333,1380.0,28.31,1
27.94402745105499,96.47799953461492,1704.0,29.13,0
25.402472,93.390444,462.0,29.35,1
25.61737847077586,90.85495782909167,609.0,6.92,0
26.95646157381365,88.41455416217367,457.0,29.7,0
25.756583,94.363694,1699.0,30.16,1
23.6088,92.80972222,510.0,25.14,1
24.386419050382973,94.50708490034492,249.0,11.6,0
25.109569977528803,93.52820947568436,1783.0,14.48,0
25.02992457283821,93.73712005465356,1188.0,31.17,0
26.523290708082204,94.4851543960046,670.0,25.67,0
22.87056,92.822105,954.0,22.81,1
22.01641640585704,92.99743792796764,997.0,34.91,0
23.414113,93.136272,864.0,20.9,1
23.297759,92.856169,980.0,19.47,1
26.55805866335569,95.15403906238085,1736.0,28.33,0
26.48581624509465,94.18325351597444,102.0,1.8,0
27.144614293375493,88.6399894157536,976.0,19.81,0
24.604772416054203,92.3864919189485,51.0,13.81,0
27.664972,94.693861,209.0,23.75,1
25.537344,91.207542,1333.0,28.47,1
25.423839,91.862729,1749.0,28.85,1
25.18,93.3,880.0,30.31,1
23.75513035269234,93.24945367963704,1275.0,36.02,0
28.02460408911285,94.93841067407838,978.0,33.78,0
22.6334490541995,93.02866180804143,1714.0,34.36,0
24.003417,91.45425,66.0,16.23,1
22.845263,92.674942,371.0,9.69,1
23.300837,92.855693,937.0,36.74,1
28.402715371024723,95.59507332329362,1534.0,23.25,0
23.86,92.37,540.0,28.08,1
28.786868,95.908637,1316.0,24.84,1
26.90782082836736,95.24823834559552,826.0,8.24,0
26.423137,94.382261,526.0,32.22,1
26.022082126970123,94.76039554622685,1328.0,13.24,0
23.927389,93.02803,1071.0,28.68,1
28.70509022859073,94.81340830270216,1142.0,37.22,0
25.712,93.949,1243.0,35.36,1
22.45518629731565,92.4688861672507,237.0,33.82,0
24.958261,94.473862,1869.0,28.93,1
26.936568266812785,88.71295263854043,282.0,3.62,0
28.28547972289501,95.67358058341632,335.0,2.87,0
25.064833,94.643917,1448.0,29.91,1
28.71717933482349,95.71233449316333,2650.0,36.36,0
23.040051,92.773327,1087.0,37.55,1
25.872444,94.950069,1825.0,10.9,1
26.255326015707777,93.9806503942058,112.0,1.39,0
27.821278,94.730278,640.0,14.6,1
26.974964874814617,88.32202001028529,2000.0,27.69,0
22.34,93.04,1159.0,23.03,1
25.578206,92.266856,1250.0,11.64,1
23.84461,93.190277,762.0,31.99,1
25.344389,94.199722,1759.0,15.54,1
25.108,93.003,538.0,11.64,1
24.892071541986105,92.8831421420121,23.0,1.38,0
24.12213302300072,92.7188476914322,182.0,13.66,0
27.816662542101124,88.55543897732598,3598.0,34.46,0
27.170082963417663,92.95608667551498,1340.0,23.14,0
25.450956711896843,94.64909149746477,1680.0,31.1,0
23.777555,93.112473,1261.0,36.86,1
25.74885343642294,91.8123996239204,765.0,3.94,0
25.64887222,91.89692778,1083.0,18.7,1
23.793417,93.387474,1162.0,29.89,1
24.00373741547135,92.4557577209376,100.0,16.96,0
25.902280194829075,92.38425068960652,637.0,22.37,0
27.29078061625927,92.92793799420974,364.0,7.66,0
23.383429951816563,92.52953539403494,730.0,35.2,0
25.64911111,91.899,1091.0,24.88,1
28.44756292610821,95.37351384982034,1629.0,40.65,0
28.2895677852586,95.05819954504756,1052.0,25.96,0
25.64987039256053,91.24387120717518,1614.0,13.03,0
25.93489960202173,94.9244856699272,1097.0,19.61,0
25.99591592985704,92.6528587275013,67.0,1.19,0
27.52000052602062,91.95655715160947,3425.0,27.14,0
23.242828,92.798134,907.0,39.8,1
25.070386895350968,93.19652588156345,269.0,46.92,0
25.916838479905948,90.79832936042816,154.0,20.49,0
23.305600390341247,92.57859853658957,348.0,29.3,0
23.492759946322447,93.4267262683039,1035.0,19.3,0
25.20449518808492,92.457389892379,517.0,12.04,0
27.246111,93.804667,270.0,25.74,1
28.04912713492437,95.62687852797876,173.0,2.23,0
26.086975,91.7831,88.0,15.79,1
25.230063,91.688941,591.0,19.69,1
23.792749,93.116943,1285.0,33.75,1
22.874456,92.901688,663.0,14.42,1
23.504006,92.699247,868.0,33.73,1
22.519716,92.891037,888.0,18.4,1
25.1345,93.666417,1163.0,22.42,1
28.436504139804253,94.78244076165748,1873.0,44.56,0
25.163167,93.735556,745.0,36.25,1
24.15559259810611,94.2653969278585,206.0,2.3,0
23.10172778,93.20231944,1175.0,19.07,1
26.78825,95.068361,825.0,16.51,1
24.94594681792132,91.54283606492643,11.0,0.69,0
23.281219,92.869608,1046.0,47.54,1
24.983722,94.158306,1118.0,18.51,1
23.22082571015841,92.30934399851242,134.0,1.79,0
23.73386111,92.69491667,899.0,26.33,1
25.441019860628536,93.07514183859196,260.0,22.31,0
23.79125,93.384583,1270.0,27.58,1
26.191463,94.549524,1529.0,30.8,1
28.142551,95.287886,180.0,31.1,1
25.11907723409545,92.59532979970533,573.0,26.95,0
25.252898702459152,92.67952409288516,1367.0,7.39,0
25.660644630216336,91.4976810526428,1059.0,28.13,0
22.86428,92.71097,626.0,22.97,1
25.69927509688804,92.74362216208137,345.0,10.56,0
27.227384381418023,88.90025953025028,2175.0,35.79,0
28.04296635746637,94.3882777258584,1435.0,17.6,0
28.378092737762103,94.83549224449024,1092.0,36.39,0
24.950278,93.481917,894.0,35.73,1
24.621488022556623,94.01832465171768,779.0,1.79,0
26.50508598610002,93.02282521594564,260.0,19.86,0
25.905433,94.097386,661.0,26.29,1
28.022667,94.574294,550.0,3.78,1
26.82027528670385,94.8922803807672,203.0,5.18,0
25.96094,92.60122,138.0,18.07,1
27.16,93.739167,216.0,15.49,1
24.80863889,93.73572222,1205.0,26.02,1
26.307972,93.275722,435.0,4.32,1
25.165111529454936,91.29294963181088,12.0,1.06,0
24.714559582719005,94.5388175158814,414.0,13.5,0
25.713284301783297,94.89732582281462,1098.0,31.95,0
23.387194,93.147806,1151.0,24.43,1
25.142184533088383,92.54827148987955,664.0,9.69,0
27.81975,93.945556,664.0,20.91,1
25.54948611,91.91179722,1638.0,21.34,1
25.027557866826506,92.66014772213806,221.0,14.88,0
27.703222,94.67275,266.0,18.51,1
25.110667,93.62275,1142.0,30.57,1
23.019981,92.920921,792.0,10.71,1
28.141514,95.289198,182.0,29.68,1
24.376545136467406,93.448641828014,1533.0,47.57,0
25.420278,93.371306,406.0,10.46,1
25.700944,94.775361,1366.0,45.51,1
25.44771893896368,92.61088188707704,813.0,9.22,0
25.880069,94.628103,1913.0,37.26,1
24.31,92.71,340.0,11.66,1
25.157800762846744,93.42218385039752,565.0,35.21,0
24.452289279651943,93.6758390509063,1313.0,23.39,0
27.83453670983567,93.69450650824004,1923.0,27.04,0
27.74143518116244,96.408313233469,1066.0,46.6,0
25.254327893355924,92.93234265329072,710.0,11.52,0
28.275421351909543,96.3197598670663,2980.0,38.06,0
25.041338740968563,93.83713146187108,1753.0,13.67,0
27.794333,94.73075,797.0,27.29,1
25.93622790552056,93.95171038275464,169.0,2.11,0
27.1794817825178,88.78865900960191,2783.0,18.96,0
25.30202569507744,92.92913263788166,652.0,11.52,0
23.206239,92.491221,645.0,20.57,1
26.84425,95.080278,270.0,13.68,1
27.4370334427336,93.71019745366765,643.0,8.3,0
25.23246241256952,90.86614937019468,388.0,19.86,0
25.593333,94.855194,1207.0,35.98,1
26.189323507053142,91.491957324643,49.0,1.31,0
23.221762,92.975006,979.0,23.36,1
23.82325,92.925222,1128.0,28.12,1
25.860611,94.0555,922.0,20.16,1
25.504083,91.723028,1747.0,10.51,1
24.025676,92.914807,1042.0,39.12,1
23.323873035666114,93.42024018564828,1227.0,22.13,0
26.07545775708695,93.77168809149492,133.0,2.62,0
25.469272268902973,93.05206262593602,214.0,10.92,0
25.563,94.165,1296.0,16.1,1
24.36911111,92.72822222,243.0,24.49,1
27.246203343822074,96.2121735117568,1108.0,4.07,0
26.966106793340863,88.3037377447047,2226.0,21.61,0
23.30287949860155,92.52415239169018,654.0,20.93,0
25.969859993526374,91.38271122026708,51.0,1.8,0
28.094359,96.453058,1117.0,10.52,1
23.127505,92.740257,834.0,22.35,1
25.261117,92.385231,843.0,17.7,1
24.966617555682536,93.3576170654276,285.0,21.77,0
22.815697,92.802696,957.0,34.06,1
22.3,92.59,116.0,6.26,1
25.10435965895569,92.6625338553836,1055.0,30.34,0
25.510393297287244,94.02580968542895,2532.0,17.8,0
25.35093,92.51236,1177.0,7.54,1
26.161955,94.594693,1806.0,27.9,1
23.740306,92.965389,815.0,21.39,1
25.15638889,93.01838889,614.0,18.17,1
28.5211055633312,95.77695606450376,883.0,19.21,0
24.95600319361145,92.09464906647987,10.0,1.06,0
25.587778,94.858722,1269.0,36.64,1
25.706162743483294,93.43808970750808,280.0,3.41,0
27.463069124357908,88.6684199150353,2509.0,30.5,0
23.404207,93.318763,1171.0,29.12,1
23.41421944,93.10569167,1023.0,26.75,1
25.853910528815184,93.89457272182489,211.0,3.71,0
27.46275532632562,88.07783412830837,4032.0,28.96,0
28.84845165854392,94.96896639068348,1957.0,28.89,0
27.909337644042413,94.42318676407464,719.0,17.01,0
24.047916,93.056946,1229.0,44.58,1
27.481619063899853,92.4222965081806,2148.0,31.16,0
24.08369146479744,92.98378401891966,528.0,6.35,0
23.33395237265104,93.19594061840444,928.0,16.12,0
25.292542958864896,94.40091659912964,1559.0,11.38,0
25.769517660132344,92.92109674016518,82.0,4.88,0
27.377953734258647,95.5790466619673,166.0,4.99,0
25.1414630902434,94.5976742238983,2402.0,19.24,0
27.37022151428725,92.7160003021702,1624.0,22.14,0
24.798618025045645,93.13610932028568,35.0,2.96,0
24.49612737596449,94.06882143237218,1004.0,17.35,0
25.063167,94.614389,1001.0,24.58,1
25.459665506250385,90.05413753646928,121.0,9.38,0
28.218539,95.794022,1101.0,48.64,1
25.424318092712085,94.922917092462,516.0,18.38,0
25.51571666533152,94.07749522405808,2126.0,24.68,0
24.280472,94.073833,1419.0,15.14,1
26.81732720378729,95.14159534029233,538.0,30.5,0
28.3105,95.197472,657.0,20.19,1
22.90442,92.72281,752.0,5.96,1
25.18919,93.02118,481.0,7.47,1
23.65138889,92.72694444,789.0,10.83,1
28.223325830928022,96.28481495363968,3331.0,11.24,0
25.22203076271996,93.45101848285393,1078.0,25.09,0
25.699556,94.775583,1419.0,31.58,1
23.60294169449669,92.33438560039336,263.0,20.58,0
26.32680528314769,92.4830358238535,60.0,2.41,0
27.264361,88.558389,636.0,33.58,1
23.306444,93.311639,1500.0,25.08,1
27.00874879614903,88.31527310373926,1593.0,37.56,0
24.897722,94.328472,1348.0,41.67,1
27.064707724931253,88.76650379601635,2124.0,18.61,0
23.812139,92.954167,1335.0,23.73,1
23.603199429278995,92.3197512645832,117.0,18.61,0
25.310863336628906,94.43066267810428,1224.0,17.15,0
24.0865248051306,93.20375802772718,911.0,30.6,0
28.242782,95.922731,2656.0,24.02,1
23.76459425493713,92.92143665845076,658.0,23.79,0
25.180889,94.504611,1780.0,29.08,1
27.587611,91.894167,2383.0,17.67,1
28.09427563673604,96.26456343965071,1127.0,38.04,0
23.88,92.69,609.0,23.14,1
24.72192,92.90381,39.0,10.01,1
24.72074444,93.30899167,372.0,6.48,1
24.10636270245739,94.32198033345102,154.0,2.56,0
24.99653838758236,93.3512749699336,160.0,1.19,0
25.012041420666613,91.6053104734275,15.0,1.19,0
27.203869,88.658333,729.0,19.82,1
26.651389,95.12525,897.0,14.27,1
27.30168693830596,95.65606579959166,141.0,1.05,0
24.35,92.82,485.0,12.14,1
28.266889,95.21425,550.0,25.44,1
27.208083,93.133472,1151.0,19.28,1
27.21151780289838,93.87426425419171,183.0,15.09,0
25.563472,92.329689,1032.0,27.33,1
24.89314452610853,93.38097772039444,201.0,17.75,0
26.10325,95.060361,2025.0,40.05,1
26.17027,91.698,138.0,30.7,1
25.606969,91.176158,1131.0,20.81,1
28.135328579467632,95.51158060468858,236.0,2.09,0
23.604431,93.204251,1040.0,38.36,1
25.038753,94.152236,873.0,10.71,1
22.656334,92.874725,905.0,35.21,1
27.262056,88.4305,637.0,29.59,1
27.39905303706101,91.8684182507937,2597.0,32.24,0
24.85325,93.2449,369.0,15.39,1
28.12728006903182,93.25640586427356,950.0,47.98,0
26.93341650449341,95.0978712774503,127.0,1.81,0
23.657,93.028012,497.0,37.13,1
27.32106967413993,93.96669444729504,209.0,4.14,0
28.830097,94.874715,513.0,45.99,1
28.570209243254315,95.25948163111184,1015.0,13.11,0
23.188273,92.898879,827.0,21.2,1
25.85973,94.425459,1776.0,37.03,1
27.599265644764085,93.75813357637028,2125.0,27.74,0
24.03503889,93.54139444,1012.0,27.41,1
27.234139,93.707861,441.0,34.15,1
24.267194,94.111889,1203.0,13.87,1
22.78022033558629,92.46525797445318,62.0,9.69,0
23.205305,92.585861,499.0,23.78,1
27.135640640489207,96.0941886039455,1121.0,20.04,0
23.186501,92.735632,838.0,30.75,1
28.347856111673,95.33718797068548,1640.0,16.59,0
28.23649096119036,95.09203982172782,1281.0,27.82,0
23.9981457217802,93.45909289592996,1007.0,23.73,0
25.614,94.493,824.0,40.13,1
23.30546337231036,92.57857755769196,348.0,29.3,0
26.05065876427216,91.50933837143076,55.0,3.6,0
25.02600510723984,93.10902167899457,511.0,27.56,0
26.185479,94.577522,1752.0,30.14,1
27.86162917892428,95.24880994180458,133.0,1.57,0
27.12911529381884,88.0336948193742,2778.0,22.75,0
25.39506273711348,90.90329898473496,371.0,3.85,0
26.3754193726624,94.20366023439584,459.0,20.3,0
23.0342012716652,92.47233910276717,119.0,10.33,0
24.142722,92.273583,315.0,19.49,1
25.093167,94.516611,1527.0,37.02,1
22.51,92.886002,714.0,25.88,1
24.72,93.13,55.0,16.73,1
24.65409167,93.204625,134.0,22.47,1
24.60921944,93.30050278,720.0,39.23,1
23.47803,92.861256,1027.0,27.67,1
25.09625373816839,91.38126595657565,11.0,1.04,0
25.686694169244976,92.32385778815228,975.0,7.52,0
28.09773953887774,95.76589227495342,205.0,2.37,0
28.901687835654705,94.69484213047616,2625.0,52.31,0
27.125861,88.14275,1528.0,20.67,1
23.43424977304395,92.43667103539008,510.0,24.71,0
24.84,93.9,934.0,30.8,1
22.30097979963359,92.89822231662244,708.0,12.56,0
24.698690481944546,93.38532191755614,640.0,13.93,0
27.157806,88.230306,1494.0,19.81,1
27.64357030111995,94.91014730979896,108.0,2.78,0
25.198756,94.136078,1301.0,26.86,1
23.43388889,92.76111111,1534.0,29.92,1
24.59323933839694,93.88015397778427,770.0,4.19,0
25.029333,93.586167,818.0,20.56,1
27.015383493617623,88.58638762757164,1126.0,36.47,0
25.756444,94.245333,776.0,28.81,1
23.96084552477249,92.4460577815579,182.0,11.33,0
25.63371134702623,92.70887012696843,606.0,4.29,0
23.636036981939856,93.40287972791252,1268.0,18.91,0
25.037203,92.450339,211.0,41.86,1
25.802601440261288,92.2819594228191,961.0,10.78,0
26.24876801742431,91.54911242659558,49.0,2.53,0
23.75861111,92.73261111,1169.0,28.86,1
25.438130695104785,93.83784763216534,938.0,28.68,0
28.143447021584656,96.7199000387634,2787.0,75.94,0
23.97411111,92.71730556,540.0,17.73,1
23.016111,92.764168,917.0,35.14,1
25.073257867634755,93.1067497062424,886.0,15.42,0
26.604076284428228,95.1849589464983,1543.0,30.17,0
27.281444,88.187833,1746.0,33.83,1
26.355321913943875,95.19496237850906,1149.0,17.77,0
25.063378,92.795536,283.0,17.19,1
23.261944,93.295194,1353.0,27.75,1
27.211203620355374,93.2218366731092,2232.0,22.51,0
24.916444,93.481556,1021.0,12.83,1
24.48458889,93.58781944,817.0,19.11,1
23.59444444,92.82861111,615.0,31.74,1
26.73704249988456,94.52358481003158,165.0,4.24,0
22.860407,92.705795,479.0,26.81,1
23.415775005664745,92.5200563856842,660.0,33.57,0
25.62898007076864,89.81875722396734,27.0,2.05,0
25.05246694656052,93.73812160780416,1752.0,20.68,0
24.660825,93.632156,536.0,27.64,1
26.100597901603983,93.88550068517586,127.0,0.69,0
24.019306,93.181274,1058.0,14.27,1
25.572,94.25,1794.0,25.34,1
25.19355489940947,90.97086036930706,20.0,8.86,0
27.228061,93.797954,361.0,14.99,1
28.531798392792847,94.92330705874733,1581.0,27.6,0
23.721167,92.675056,561.0,34.46,1
25.95608333,91.86413889,409.0,18.31,1
25.696,94.461,1527.0,33.21,1
27.94138133792644,94.58315992036152,698.0,44.51,0
28.36329351796785,95.1654470041132,1540.0,34.96,0
24.32,92.51,81.0,7.92,1
23.79791211169836,93.50139191591316,1389.0,26.64,0
23.337519,93.076258,1122.0,31.53,1
24.940333,94.202556,1018.0,15.29,1
25.346878588451133,91.15092768402808,688.0,14.97,0
24.03359156529294,92.53749566401788,49.0,3.09,0
27.144167,88.311083,1160.0,35.5,1
25.795875,93.99373611,502.0,21.44,1
24.131698609156512,93.81135335826949,1219.0,26.23,0
25.574,94.332,1756.0,41.91,1
25.269014,94.046367,1321.0,21.69,1
27.351194,88.272417,1520.0,31.75,1
25.014788951453628,93.77760698617448,1723.0,23.99,0
24.777333,94.602278,697.0,14.27,1
27.90664,96.35964,1047.0,38.54,1
23.449083,93.206222,1338.0,28.2,1
23.456101,92.859084,1025.0,37.76,1
28.042979266939888,95.72831818648709,169.0,3.14,0
25.89062641341772,95.04764976442311,2013.0,24.24,0
26.0052,93.9927,585.0,22.31,1
25.571,93.871,1475.0,35.66,1
23.56372406130769,92.9388879171417,1437.0,40.72,0
24.62073756598773,94.24005480679324,997.0,30.54,0
25.222221,91.742134,989.0,19.38,1
24.641194,93.594472,1105.0,29.62,1
23.73222222,92.76555556,892.0,37.36,1
24.340028,93.977472,938.0,16.3,1
22.2,92.61,213.0,7.6,1
27.378417,88.697222,3062.0,42.18,1
27.587417,91.886944,2589.0,6.72,1
25.138923714618542,91.84273249439444,13.0,1.38,0
25.81756,93.10886,223.0,9.91,1
27.76594380307317,96.42617594219216,1988.0,29.74,0
27.258778,88.202639,1256.0,31.87,1
25.46299671145404,94.61341545973649,1190.0,30.13,0
25.406269438829263,93.67488894418985,1045.0,10.03,0
25.332489,94.080258,1080.0,35.98,1
23.72327778,92.70222222,928.0,33.32,1
25.115194,93.645,1235.0,27.71,1
23.899294538757992,92.5899644549134,498.0,19.71,0
27.918723911779875,93.1408455757226,1387.0,23.49,0
25.641242,91.894137,1210.0,10.09,1
25.594266047433752,91.68080391703366,1561.0,17.35,0
27.358902423505988,93.10020271923489,1503.0,29.86,0
27.54996300825777,93.82772580632678,1580.0,8.25,0
27.51232802876699,93.7378820954817,1128.0,9.6,0
24.776694,94.599472,675.0,25.16,1
25.308297220736424,92.95853797237804,560.0,16.28,0
24.989697,93.507075,1241.0,29.4,1
25.217502845242176,94.41245140491104,1330.0,24.75,0
24.78121307540036,94.46075532085965,857.0,30.05,0
23.4688,92.7208,1136.0,23.57,1
27.216722,88.274639,1265.0,29.02,1
25.64625464202306,94.64381625380686,604.0,25.03,0
24.35,93.54,1101.0,11.55,1
27.258889,88.145611,1531.0,31.65,1
27.30176915634381,93.3713786373109,1922.0,29.67,0
23.93916667,92.68,268.0,30.09,1
24.2,93.22,1266.0,34.37,1
25.687,94.062,1078.0,20.61,1
25.884419191284177,95.02448096087431,2673.0,7.36,0
23.4855,92.7033,978.0,13.78,1
24.36,92.88,100.0,13.77,1
24.80664722,93.66738056,977.0,26.82,1
23.822054,92.826453,458.0,29.95,1
27.685509587300047,88.66582337103142,3620.0,45.23,0
23.531231014257205,91.84095587798856,100.0,2.74,0
27.20378995959438,96.17054821089953,875.0,3.59,0
26.202186981180127,93.22678085152356,342.0,24.73,0
25.38793404312377,94.83950604465052,886.0,20.39,0
22.22726486817629,92.87005521121988,415.0,32.42,0
23.2034,92.7379,770.0,15.63,1
25.57425,91.214472,1247.0,15.57,1
27.52449399234223,88.72103885512497,3127.0,33.96,0
25.044344596383244,93.8195714844898,1350.0,19.94,0
27.638979217051567,93.50223067140732,2034.0,12.61,0
23.383778,93.115972,1144.0,31.35,1
27.53085217200331,93.98576793304169,2555.0,15.27,0
24.641747,93.640183,515.0,10.67,1
25.852222,91.881361,595.0,8.79,1
24.90828918062404,93.1688535471635,66.0,4.11,0
26.88644377684376,94.81927199856256,102.0,1.14,0
23.7275,92.75777778,887.0,19.23,1
26.56781011221469,93.92936457587714,102.0,3.27,0
24.796722,94.40925,1272.0,38.91,1
23.201447,92.736703,740.0,18.45,1
26.929209871774017,88.21525612083842,1001.0,34.63,0
23.5325,92.69694444,820.0,38.47,1
27.199722,88.641633,625.0,46.13,1
23.315355,92.786906,652.0,28.12,1
26.4175,94.960278,782.0,23.28,1
25.409222,94.589389,1663.0,30.96,1
27.461694,88.523472,930.0,35.58,1
23.36545,93.377907,867.0,16.44,1
23.78565198539122,91.7667028828094,133.0,8.38,0
25.054,94.550972,1797.0,32.89,1
26.93577912829284,94.896326649962,119.0,3.02,0
26.11956,92.052125,72.0,1.8,1
28.555658503484988,94.6825409391104,1620.0,13.16,0
25.480722,94.532861,965.0,30.65,1
25.276491427154063,94.3637259800374,1143.0,25.37,0
22.517724768648133,93.11634921268804,446.0,43.17,0
27.41442714831863,95.72666634847434,188.0,9.5,0
25.589578799704874,93.62482967110924,406.0,17.03,0
27.958658778197787,94.36645250091264,752.0,26.0,0
28.128819016053093,95.5024621643614,227.0,2.83,0
27.77707520387741,88.62194226279256,4554.0,30.44,0
26.89614096946142,94.68668301343054,100.0,3.02,0
24.12,92.38,123.0,19.88,1
23.121323,92.741086,809.0,10.46,1
23.915778,92.742417,1006.0,24.82,1
25.53128,94.16536,1700.0,9.58,1
25.15859,93.01292,586.0,18.1,1
27.282917,88.189556,1752.0,35.12,1
27.094690219138943,88.76107792484406,2471.0,42.74,0
23.70390966969596,92.4205874286544,486.0,11.79,0
27.194333,88.388889,1761.0,30.12,1
25.84992,92.69072,459.0,21.48,1
25.45432249469857,95.02603342423814,1138.0,26.52,0
24.63933690476329,94.05767352837589,781.0,2.24,0
25.650556,94.5095,1255.0,36.48,1
25.485861,94.544528,907.0,19.71,1
24.912510689843472,94.06356157617364,937.0,12.42,0
26.87859,95.35234,667.0,26.95,1
25.158643,91.525222,60.0,19.62,1
25.10814732110273,91.76167464629798,15.0,6.28,0
26.644083,95.075167,891.0,41.19,1
28.128998962096727,95.5896392015054,232.0,1.19,0
25.43139827399944,94.81899291141735,1842.0,29.26,0
23.2741,92.848362,742.0,32.59,1
23.716754437677825,93.2908103234608,1378.0,15.78,0
27.46384022030288,88.34515370064557,3302.0,43.38,0
25.75862316770932,91.37603957472392,740.0,18.03,0
27.16422106497705,88.75737421427988,2764.0,14.74,0
23.96312881687681,94.13016346273125,480.0,22.89,0
25.163722,93.700556,946.0,31.22,1
25.517727496825863,94.9724597512038,423.0,40.14,0
23.103993,92.74869,736.0,24.33,1
23.58166667,92.71027778,696.0,21.23,1
24.93875,94.181861,942.0,21.25,1
23.73416667,92.79861111,296.0,13.95,1
26.93564808591853,88.30533382659834,2001.0,21.41,0
28.26825,95.555457,521.0,33.96,1
23.5425,92.67694444,648.0,15.46,1
25.45061220621904,94.80497946196,2232.0,30.65,0
26.96107716403177,93.60755584076392,107.0,0.52,0
23.73666667,92.79722222,335.0,5.23,1
27.0161567189998,95.25470678055288,412.0,23.33,0
23.182264,92.737099,827.0,27.9,1
27.329472,88.648917,1400.0,26.48,1
25.72901692086928,92.18638788139847,778.0,7.23,0
25.668,94.107,1409.0,16.59,1
28.093970183606103,95.86928146044072,332.0,3.15,0
27.432377209195028,95.53815228793334,138.0,2.09,0
26.022918454367257,92.78536291951964,71.0,2.12,0
24.9682010822222,92.13640608512084,21.0,4.22,0
26.06498087179464,94.9340925587966,912.0,9.44,0
26.27,94.14,467.0,7.53,1
27.373472,88.721944,3264.0,34.8,1
25.68866667,94.09733333,1382.0,13.32,1
24.90644781997863,93.39934514478222,257.0,33.78,0
24.722472,93.492806,189.0,21.38,1
26.090556,94.349083,1028.0,16.24,1
28.56000586453605,94.92397766307138,2267.0,40.95,0
27.949320633553288,88.6612371028157,5309.0,31.71,0
26.371995893060607,95.22605377240404,765.0,16.91,0
26.15378481794804,93.91417087552372,123.0,1.31,0
26.88115178805333,95.0287019443807,513.0,6.88,0
27.58215642774644,93.90867331982297,2364.0,24.43,0
26.5584588279868,95.3995193221935,1169.0,28.15,0
27.301972,88.218778,1798.0,36.01,1
23.56145278,93.10908889,730.0,20.33,1
25.430111,92.182167,1302.0,18.53,1
23.51361111,92.69861111,793.0,34.67,1
27.36798715263208,91.83750349659697,2618.0,34.65,0
28.462314,95.849136,856.0,34.49,1
26.066479570936,94.8043174740797,1398.0,22.45,0
23.654361,92.932389,848.0,16.38,1
28.744715900683445,95.6462991389621,2734.0,19.08,0
27.550389,92.964861,954.0,39.03,1
22.326,92.771004,322.0,20.29,1
24.95207181571492,92.35273672287472,15.0,1.64,0
22.92174319533704,93.14949550362864,421.0,29.86,0
25.180032,91.65815,123.0,16.54,1
25.44281878561956,94.91893585809773,1233.0,21.8,0
28.0267181398704,94.72626645803555,1072.0,25.59,0
23.10040457707028,92.28847685311815,84.0,3.16,0
27.195722,88.387472,1697.0,30.21,1
25.0165886591385,93.8946898953839,1122.0,9.89,0
23.605916390136368,92.51145481175531,125.0,16.53,0
25.70269903571951,92.73071798432711,350.0,7.44,0
23.34778638302846,93.43202601901628,1159.0,28.41,0
24.40639,94.06583,1196.0,18.17,1
22.908807420203004,92.2120623064294,31.0,0.0,0
27.079235584623124,92.67628942164308,366.0,3.83,0
27.438351801995218,88.88459483487664,3800.0,39.52,0
25.181806,94.522556,1346.0,11.88,1
25.96925724879948,94.92305666716862,1090.0,28.17,0
25.632,94.215,827.0,30.79,1
23.91173040286697,93.47814742171929,1058.0,16.1,0
27.28124260325316,95.82277835663568,460.0,3.09,0
23.848917,93.135307,463.0,32.61,1
25.366201,91.767213,1608.0,35.24,1
27.335,88.206722,1453.0,31.05,1
25.07158253783816,92.2379749144044,18.0,0.51,0
24.26,93.1,682.0,26.11,1
24.99439297570866,93.25334243560452,97.0,12.2,0
25.76512222,93.94213889,834.0,39.89,1
25.131889,94.322667,1714.0,16.77,1
24.91414017677162,93.92135874329084,814.0,1.85,0
27.85028094370225,92.94867167923816,3725.0,26.31,0
23.73388889,92.76527778,878.0,33.14,1
22.535999,92.860001,892.0,5.9,1
27.01491485964978,88.02000863597188,2304.0,32.17,0
25.12486085681602,94.8031342817576,1169.0,26.24,0
27.73204190509319,96.49859303045668,1475.0,6.35,0
24.686028,94.145444,846.0,25.96,1
25.61876339840428,93.52904218142427,329.0,14.68,0
27.172228,88.372,1663.0,23.1,1
26.36913264862414,93.84867879785178,116.0,4.75,0
26.110139,92.439333,228.0,24.83,1
27.87366608206186,94.63454182516274,1367.0,36.47,0
22.78953785253066,92.54400641996972,250.0,29.16,0
25.641293506571213,94.93720444963084,2515.0,27.48,0
27.0611,95.721024,1014.0,48.23,1
28.680550213252577,94.75727352957402,1432.0,30.23,0
25.156833,93.703222,900.0,24.25,1
23.09459,92.753733,756.0,9.52,1
24.829225,93.720472,581.0,23.96,1
27.783667,93.600806,1044.0,45.32,1
26.07205351561622,94.9179386959478,788.0,26.0,0
24.83025,93.466972,815.0,24.02,1
25.356306,94.525222,1454.0,13.26,1
23.58638889,92.71388889,801.0,34.64,1
25.653,94.121,1325.0,30.49,1
28.26086296157617,95.6656499849063,308.0,3.74,0
27.124188057075365,93.33462558277284,1071.0,44.51,0
24.139771347196444,93.6800081858773,1152.0,12.54,0
23.67628925384536,91.43158217104974,50.0,4.77,0
24.883194,93.465667,1403.0,23.85,1
26.004557200040104,93.7065611158408,188.0,3.35,0
28.29508313757296,94.59053554796476,1291.0,27.43,0
24.957384063381323,93.30776301306108,228.0,21.67,0
27.51051720894913,88.12689746237534,4273.0,42.31,0
27.53374828004765,91.72152533392588,2170.0,33.5,0
25.39040508968812,93.96952651491397,1685.0,32.79,0
27.949504361604006,93.58207729062175,1506.0,20.34,0
25.42039378967128,92.68610784989524,778.0,9.33,0
26.59591640070715,94.9144502693181,419.0,14.53,0
26.578028,95.028278,475.0,26.88,1
25.70517603274269,91.38355791515842,1116.0,0.35,0
28.11231749556494,95.60204991329972,214.0,1.8,0
26.7094958066836,94.93131146072048,525.0,27.15,0
26.114227,94.338333,990.0,33.41,1
25.289944,94.525111,1122.0,26.37,1
27.38107778,88.64063333,1706.0,28.96,1
26.36402777494425,93.59273835144973,938.0,16.93,0
26.20536,91.86497,69.0,15.83,1
25.95514,93.72997,176.0,5.57,1
23.167397195960984,92.27010471591328,136.0,10.13,0
26.238016,91.945953,85.0,2.83,1
24.19533333,92.99544444,160.0,33.08,1
25.28907147665996,94.37846304673852,1370.0,22.53,0
26.308509209230653,95.2556379042886,2056.0,13.23,0
24.6449759312316,92.27251503292598,31.0,5.49,0
28.254136812063567,95.71183861476824,244.0,2.63,0
25.342472,94.161667,1482.0,28.8,1
27.429570070544862,88.78599148256735,4341.0,23.28,0
27.106722,93.660111,238.0,22.36,1
27.46256592327309,88.39422185872053,2788.0,28.05,0
24.85490510357313,92.96137768395783,35.0,4.94,0
24.16,93.3,1065.0,21.67,1
25.106,93.001,677.0,35.09,1
26.12908710768068,92.21224732069388,65.0,3.46,0
24.98402240426785,91.84339307040432,9.0,1.06,0
27.269714,93.802353,417.0,31.51,1
24.33805556,92.73386111,181.0,28.35,1
23.680931,92.859617,1051.0,0.34,1
23.73722222,92.71972222,948.0,19.69,1
25.224654,91.735929,1048.0,19.21,1
25.108759,92.978048,432.0,21.23,1
28.532756401280658,95.997149058401,3982.0,38.51,0
24.29,93.11,570.0,28.04,1
27.455011779528085,91.68341863445532,2619.0,13.95,0
26.10983918560928,94.70359335064964,1687.0,19.41,0
26.234778,94.782333,1668.0,22.06,1
25.18725,93.12055556,650.0,12.14,1
26.502952501103245,92.08119127731678,61.0,1.74,0
23.97884334817428,93.67860528289876,1724.0,28.92,0
27.049661537143702,88.34676963356914,1773.0,24.66,0
25.450353,94.129017,1422.0,25.6,1
26.35942382203883,94.12435857535372,112.0,2.41,0
22.21,92.96,1059.0,28.04,1
25.126584128855672,93.55539491880486,1730.0,23.05,0
24.076035,92.790672,949.0,21.98,1
28.154111,95.181694,474.0,59.37,1
25.42236081979196,90.19600954308304,144.0,11.44,0
24.896685087857843,92.9560284122504,61.0,16.91,0
24.82318815104984,94.72289166390168,392.0,18.86,0
24.28361111,92.9125,768.0,5.89,1
22.861877,92.897736,579.0,26.73,1
24.490133998032064,94.02980274207307,951.0,15.73,0
23.979380524890647,93.87060567742816,1456.0,21.66,0
25.884392,94.040381,1094.0,26.59,1
24.030186,92.673377,731.0,24.42,1
28.404545691828524,95.11895057647682,932.0,32.9,0
24.092622330479035,92.96918318322254,163.0,24.13,0
25.02027891830624,94.80627612755924,849.0,34.04,0
28.09704011350831,96.06529937451027,879.0,8.18,0
27.60403977319135,93.4027667097819,2212.0,32.75,0
23.758901,92.730863,1068.0,25.49,1
25.38625867656516,91.17331425481852,915.0,18.94,0
28.873622,95.850285,1452.0,31.64,1
25.76618333,93.94043611,812.0,30.24,1
22.950378810449187,93.26920082344292,1246.0,21.8,0
25.86008680190294,90.38496533033108,152.0,12.8,0
27.447438447330363,88.78186099516644,4741.0,48.34,0
28.27562505201508,94.63791552844614,576.0,34.96,0
23.326465965037908,92.5644906755403,385.0,26.3,0
27.43405074419952,93.55488597794172,1406.0,7.5,0
28.439444896897776,94.46672170665268,2697.0,47.43,0
24.642513445805168,93.96008095708802,776.0,3.82,0
24.095276868962063,94.3360198890307,137.0,1.03,0
23.36708071119113,92.97997899339826,1510.0,50.96,0
25.116083,93.639889,1239.0,26.56,1
25.708,94.386,2072.0,38.82,1
24.67763318365477,93.76863622210448,804.0,2.81,0
27.32926819841109,88.91762214757082,4536.0,40.85,0
23.447985,92.856607,775.0,25.67,1
27.395113572192447,92.81971107195037,566.0,1.4,0
27.938056,94.700306,894.0,35.07,1
25.95759772017648,91.65518827426088,458.0,21.17,0
27.705754291828832,94.6029153860905,416.0,31.92,0
25.079,92.361667,186.0,31.83,1
25.69814,93.129423,306.0,15.5,1
25.436536164646032,93.65822516169996,1019.0,12.52,0
27.23727286121572,95.8055607677671,347.0,14.73,0
23.040669,92.772823,1111.0,31.7,1
25.415639,94.559361,1189.0,18.99,1
27.627605672804474,88.8153030018899,4547.0,16.43,0
24.801681,93.736408,1290.0,33.74,1
23.3152375319633,92.57549572510196,303.0,36.49,0
23.05517037660245,92.506286139366,168.0,20.61,0
25.71903818723072,93.29595458429496,196.0,7.67,0
25.25470333263313,93.749567902659,1064.0,32.36,0
26.130974771857858,94.93214299138968,1625.0,35.54,0
26.784694,95.072222,889.0,29.3,1
24.192522,92.944635,520.0,32.22,1
28.298003166909364,95.07165915253916,864.0,20.33,0
26.20082326176706,92.54340130737432,69.0,3.72,0
26.135361,94.502167,1358.0,22.55,1
23.41588273619723,92.51678684578825,579.0,24.57,0
22.812199402203653,92.53818494226132,332.0,8.47,0
23.092573,92.896141,762.0,29.89,1
24.180261,92.690737,686.0,31.92,1
27.448738621557023,88.72587428881515,3302.0,46.22,0
27.203167,88.588667,1279.0,32.63,1
25.640056,94.765278,2116.0,40.25,1
23.340389,93.102306,1305.0,16.38,1
24.92448858872392,93.84698999689516,831.0,3.1,0
26.208390497089862,95.15719524897068,1974.0,31.95,0
26.99515016091881,92.4546141807005,649.0,16.29,0
27.89412979074217,95.24154845053287,168.0,0.82,0
27.10373186943575,88.81294746306983,1581.0,22.45,0
27.092205251871235,93.98713905473392,87.0,0.52,0
27.288667,88.816111,3768.0,16.9,1
25.435917,93.455944,468.0,13.24,1
25.427231,94.048914,1456.0,32.69,1
28.973456796088747,96.04264075161448,3849.0,26.91,0
23.60138889,92.71888889,811.0,30.31,1
25.20315760405942,92.85397837603298,886.0,8.54,0
25.646,94.177,1019.0,17.82,1
23.456861,93.006694,1403.0,28.44,1
26.66742433426404,92.6961336514266,67.0,1.04,0
26.1895,91.78716667,70.0,11.67,1
23.732894,92.753033,907.0,29.62,1
25.67546111,91.89726944,1007.0,19.49,1
27.645315635799843,93.0669305787869,683.0,48.94,0
27.43570610364848,88.23019702154055,3067.0,49.92,0
23.341194,93.080389,1050.0,29.15,1
23.836056,93.37664,868.0,18.08,1
24.637924618947928,93.87099587661238,772.0,1.79,0
27.150884193501312,88.75623925836184,2747.0,30.76,0
23.457971,93.263265,820.0,44.43,1
24.416553990246463,93.00060398173468,304.0,14.15,0
26.93586,92.70441,143.0,17.02,1
24.25874300244952,94.34370897975452,173.0,5.82,0
25.346747,94.215264,1736.0,25.91,1
25.551667,92.331806,1192.0,23.74,1
26.70011587842832,94.4272815898824,118.0,0.93,0
24.86979896310941,93.19322349323916,114.0,8.09,0
26.295428338876235,92.08111755985948,57.0,1.13,0
25.886089,94.542711,1491.0,31.56,1
27.00435109880716,88.76727659667782,586.0,14.79,0
25.39625,94.548444,932.0,11.83,1
25.7853,93.8014,237.0,21.69,1
23.147697,92.687386,858.0,33.8,1
25.848958,94.755311,976.0,17.34,1
25.25540452481051,91.11112957988595,486.0,5.21,0
24.25,93.66,860.0,3.7,1
23.37972222,92.75166667,1273.0,30.78,1
23.24500833,93.17587222,559.0,11.11,1
25.240338,91.677786,718.0,13.83,1
23.047222,92.906944,781.0,24.57,1
23.59030633997331,93.466702616803,1177.0,26.19,0
28.511808060032745,95.29386523259048,2799.0,41.45,0
24.155827002254053,94.35317867819958,138.0,1.92,0
25.71165556,91.89512778,854.0,16.01,1
27.653826582505644,88.43379610816922,4049.0,2.46,0
27.293828849829225,88.89105074968033,3416.0,15.85,0
26.236111,94.809694,1497.0,30.07,1
23.62151749829064,92.347602299641,526.0,28.42,0
25.62492269528239,93.172041882065,394.0,2.92,0
25.7943805259452,90.90364247493254,231.0,4.27,0
24.57025,92.685,49.0,5.87,1
25.079361,94.549667,1530.0,33.9,1
27.031668340172367,88.13121988483907,1637.0,32.81,0
27.75690759266956,94.53527754715832,878.0,22.72,0
24.07805556,92.91155556,846.0,19.7,1
24.453937192164297,94.51110676149824,183.0,2.1,0
23.8986565721655,93.46060634962168,1257.0,27.13,0
25.230694991382503,93.71881768958528,1360.0,11.69,0
22.872299,92.815971,906.0,30.38,1
28.20632486371234,96.4218141915637,2661.0,47.63,0
25.101388036762003,94.17138504554929,1094.0,21.65,0
22.98572492363844,93.10557007136752,915.0,13.84,0
25.007979350864463,93.83744336678556,1636.0,25.88,0
25.11146241702092,93.21512437103696,1145.0,36.57,0
25.75115858153702,90.88129536881613,576.0,27.93,0
24.99,92.6,84.0,2.31,1
24.82022222,94.35255556,1593.0,30.36,1
24.4012,92.237233,52.0,2.58,1
24.99694,93.50222,1186.0,13.54,1
26.043583,92.452222,343.0,15.71,1
25.110389,93.624056,1118.0,36.14,1
27.24722222,88.60666667,1281.0,23.23,1
23.88666667,92.91861111,1048.0,25.03,1
23.859282372282937,94.07226263367085,648.0,22.58,0
24.427038374017,92.9946592081198,221.0,27.21,0
23.432163530251216,92.554216158676,346.0,10.19,0
27.20085386995659,88.98106328929164,2605.0,20.57,0
25.43711905104407,94.22177776412802,1446.0,23.98,0
27.692122592660763,93.73036910782211,1634.0,16.7,0
25.214814104755067,92.48957159771534,734.0,11.19,0
25.015219085368983,93.89807174980145,1079.0,6.25,0
23.89247222,92.85047222,573.0,31.69,1
26.124083,94.294694,1233.0,34.68,1
27.61480414841403,88.38318802669464,3219.0,76.12,0
24.03980278,93.29373889,749.0,25.55,1
24.096191696753223,93.73280741758936,1007.0,11.47,0
25.08556637355708,91.38432035173874,8.0,4.95,0
23.730867,92.755639,898.0,31.83,1
25.667461311130825,94.94207741180594,2527.0,23.2,0
24.44301205886283,94.02994651983244,853.0,26.47,0
25.07307130926047,92.54736378368312,479.0,20.55,0
23.55881111,93.10900556,756.0,6.82,1
25.354841089215803,92.95017095861516,571.0,11.01,0
25.444510671205684,94.26891909003598,2315.0,30.25,0
28.77364528845801,95.80322344388593,2503.0,25.63,0
26.55,94.36,171.0,5.54,1
28.615028,95.053306,623.0,14.26,1
22.28,93.09,1234.0,25.07,1
23.64188809769658,91.76573313494492,144.0,9.21,0
25.93963492390228,92.14088248917534,763.0,17.0,0
23.350776,93.296677,1226.0,34.71,1
27.395444,92.164167,1794.0,44.62,1
25.781919,94.171169,1469.0,35.57,1
25.83889,94.15269,1359.0,17.67,1
27.517765654364123,96.5246987228524,602.0,8.02,0
26.42947857594621,95.26873499508407,1246.0,26.59,0
23.86638889,92.88138889,939.0,31.25,1
27.697657610955908,88.68587937340371,3764.0,21.76,0
25.14041667,93.02038889,732.0,27.25,1
27.770645819678887,96.61744682183576,1977.0,17.35,0
26.19530556,91.76563889,85.0,7.01,1
23.728778,92.557833,797.0,26.08,1
23.25840856719533,93.39962150541936,1337.0,22.35,0
28.455769,94.680664,404.0,23.4,1
27.169659,93.756277,310.0,32.26,1
25.03503953438245,92.18695958512431,13.0,1.79,0
25.38501384892217,90.6034082275076,264.0,5.63,0
24.5768,93.106075,119.0,18.92,1
27.172444,88.089528,2340.0,31.77,1
26.27850117045911,95.007623321316,2088.0,9.82,0
23.60277778,92.81444444,536.0,14.67,1
22.962877,92.738541,758.0,23.38,1
23.73361111,92.82388889,493.0,25.68,1
23.89277778,92.85083333,582.0,26.31,1
25.103111,94.532083,1547.0,26.55,1
28.350771323934914,95.15087907849484,1896.0,23.16,0
26.293056,94.839167,814.0,32.27,1
23.57138889,92.70972222,855.0,35.23,1
25.688,93.907,916.0,19.09,1
24.92101781521008,91.69082004372902,13.0,2.44,0
22.896781097182245,93.02575297376777,355.0,40.08,0
25.678,94.122,1433.0,12.19,1
26.78748046493288,92.46221516746128,109.0,1.94,0
24.23775,92.95447222,636.0,18.06,1
26.033098,94.542753,1614.0,37.52,1
27.01014533282729,88.19663407631319,2114.0,32.31,0
25.061417,92.806833,162.0,25.31,1
24.823296,94.358767,1679.0,24.38,1
26.279103697810825,94.69083395725886,1243.0,16.82,0
28.065455651287525,95.1318090635857,1403.0,25.68,0
25.814272,94.968933,1696.0,33.09,1
27.035402100014966,88.4142973048251,868.0,22.57,0
25.60955973437096,90.7186547370707,345.0,1.73,0
22.607280760442784,93.11286241198592,829.0,24.41,0
27.419636556292737,88.21575833947598,3208.0,32.28,0
27.220861,88.657111,1166.0,42.57,1
27.266881944844467,93.91426921731365,168.0,13.34,0
25.945619,91.548883,227.0,29.16,1
25.450628,91.817767,1788.0,18.51,1
22.06812312424192,92.41580967912408,322.0,25.01,0
28.026515,94.590918,631.0,17.09,1
26.45103480616979,94.91762681869724,732.0,23.16,0
25.731035888168755,93.54117255894484,195.0,11.1,0
27.31924554559553,88.75346704932733,3547.0,40.17,0
25.343939,92.5849,1090.0,22.32,1
28.45612007192072,96.01662136837317,2866.0,33.17,0
25.312667,92.130417,1142.0,8.35,1
27.07700634227949,88.07486985630338,1744.0,37.72,0
25.576806,92.242444,1190.0,14.72,1
24.95479818079196,93.35139154429478,476.0,24.54,0
23.10565,92.745979,711.0,17.51,1
26.376148682713087,94.11379862410624,110.0,0.74,0
24.940611,94.1515,1033.0,16.62,1
25.206972,92.208028,680.0,10.86,1
28.00305656930959,93.29114926418428,2839.0,28.66,0
23.69916667,92.87277778,565.0,18.22,1
23.68027778,92.72472222,905.0,31.7,1
26.02202921679996,93.33588145576545,258.0,10.64,0
26.52055522879137,95.21870996198724,1970.0,27.93,0
22.63652592429594,93.19575276722796,1268.0,20.21,0
23.148056,93.055832,953.0,28.34,1
25.215583,92.077639,687.0,16.53,1
27.161307585055976,95.50263646931624,446.0,19.98,0
24.976294663326783,93.88564491154489,885.0,4.47,0
25.203941746436925,92.67548727679134,1248.0,3.9,0
23.54166667,92.66555556,678.0,26.59,1
25.356333,93.566583,835.0,38.25,1
27.152861,88.390361,1229.0,32.37,1
26.99623513865151,88.22385358174121,1908.0,28.26,0
26.7175,95.03125,628.0,34.65,1
26.214389,94.236694,348.0,18.64,1
25.050409844487262,91.8546836460852,14.0,2.78,0
26.988198243932462,88.30072828948887,2433.0,16.99,0
23.977168277915624,92.52572602175748,113.0,21.79,0
24.399887425641687,93.45062088630442,1403.0,4.54,0
27.195511,88.6342,563.0,30.04,1
24.53675888446177,94.29717230840062,932.0,25.4,0
25.05173194265281,93.1342780116293,961.0,42.97,0
27.1025,88.400778,848.0,30.21,1
23.901638,93.278641,1691.0,20.97,1
28.170374208034097,95.64000231881526,238.0,0.82,0
25.091858,94.550786,1595.0,33.54,1
25.585472,94.846833,1181.0,33.61,1
26.4429384213202,95.1228889158322,2039.0,25.42,0
27.158972,88.514611,817.0,28.05,1
23.457083,93.007639,1468.0,37.82,1
27.131444,88.386,1547.0,33.89,1
23.208921,92.541174,669.0,22.49,1
27.479141,96.403435,495.0,30.28,1
24.770622896568646,92.81362671481791,20.0,1.38,0
23.985672012546228,92.18342964378584,100.0,5.85,0
24.134703319542293,94.23446897761396,279.0,9.86,0
22.63,92.64,84.0,5.32,1
28.251139,95.55011,517.0,45.72,1
27.750196286653605,92.03035138997704,4595.0,33.75,0
24.7955,93.736056,1188.0,55.49,1
24.939611964454382,93.31046805086824,167.0,8.66,0
25.431275042124,92.6021870518217,747.0,7.38,0
25.150286,92.213508,55.0,15.25,1
22.35,92.65,123.0,6.76,1
26.999059261232656,88.463454231048,581.0,19.04,0
24.80991667,93.73611111,1221.0,23.52,1
25.64346774118596,94.9889274867886,991.0,29.86,0
22.97870264364544,92.60504949529376,86.0,6.11,0
25.77008505541708,90.20618152698736,219.0,10.19,0
27.968878552240263,94.89594170988376,1327.0,34.67,0
24.553572,93.711317,1085.0,17.99,1
24.689806,93.522583,743.0,23.64,1
27.7463712407222,88.44963640388634,4860.0,24.51,0
27.074065166963724,95.12902742064968,106.0,1.14,0
24.80212141318664,92.94987610829958,27.0,0.8,0
26.087917,94.098056,736.0,26.55,1
27.233667,88.348389,1908.0,32.67,1
25.444194,93.424694,414.0,27.08,1
25.79245323180968,91.80490005797694,674.0,4.47,0
25.38207405246664,92.2565960841741,1277.0,5.69,0
25.20849847449473,90.83032348095698,179.0,18.25,0
25.027333,94.423583,1937.0,29.81,1
27.089595532398143,88.54869558813844,1234.0,17.09,0
24.55170273674501,93.44872114564645,528.0,19.72,0
27.280667,88.190861,1564.0,39.26,1
27.14578073215581,88.75731055231849,2689.0,20.23,0
24.674730377809297,93.85743872244475,773.0,3.36,0
27.82685276616469,93.4218824819242,2040.0,24.47,0
28.61043768976512,95.9533157835435,1498.0,15.32,0
25.77421785537995,95.18242696525787,1990.0,38.0,0
21.90299441919249,92.85919093892622,156.0,21.32,0
26.00872192521577,93.90039240918868,140.0,4.29,0
22.9,92.49,222.0,21.78,1
24.10556705481354,93.7049355099886,1419.0,37.4,0
25.92862653024136,95.05739948884558,2513.0,5.5,0
24.44447225101067,94.35560961900116,296.0,2.53,0
24.113980979062777,92.72627357675356,226.0,20.65,0
24.43797,92.250464,62.0,10.14,1
25.099674580960123,92.6215304747438,1004.0,21.53,0
25.79744444,91.87408611,642.0,22.65,1
27.30675,88.199083,1632.0,31.48,1
22.52,92.867996,702.0,40.34,1
25.96455984417365,93.58190501996717,164.0,2.66,0
23.38138276797904,93.46374695314064,1054.0,5.11,0
26.44163773069145,94.27926027099424,187.0,27.92,0
25.85544,92.57369,443.0,10.56,1
27.52582692330566,88.77520528157493,4468.0,46.26,0
25.96458,92.52081,90.0,32.77,1
22.44,93.1,1502.0,12.38,1
27.074431,95.638118,967.0,23.12,1
23.37361111,92.77611111,1360.0,34.46,1
25.86,93.99,399.0,11.98,1
25.89702257272207,91.967053826024,575.0,9.19,0
26.61138639314591,94.18851415808072,95.0,1.06,0
27.676722,88.597194,2197.0,33.21,1
28.497294,95.827044,716.0,40.02,1
25.32128927641476,92.92791874448535,281.0,33.56,0
26.143053604546,92.5274635684429,60.0,3.12,0
24.683238,94.267283,1432.0,30.13,1
26.47413875340777,93.01525014268624,86.0,6.94,0
27.78218746751936,93.26278533646584,2578.0,37.31,0
25.279389,94.032194,1046.0,25.92,1
27.47888889,88.52861111,877.0,29.67,1
29.00514527985744,95.9095015486742,3591.0,3.48,0
25.10571522818674,92.6682135751988,1289.0,26.91,0
25.230499277541536,91.27675989469432,542.0,21.66,0
25.68162563606839,90.99151091894232,819.0,19.86,0
25.761681402719663,91.42958471852774,346.0,37.01,0
25.75634,92.017832,973.0,28.43,1
27.67693596320268,88.6653676153998,3391.0,3.14,0
25.841372521851586,91.7986896183593,753.0,29.39,0
27.149889,88.096861,2297.0,25.1,1
22.404215,92.951647,198.0,29.99,1
25.671,94.209,858.0,13.13,1
23.19254743602482,93.46396539455208,1876.0,35.79,0
27.238111,88.601528,1216.0,11.12,1
21.95742853141169,92.4538095332732,200.0,8.68,0
24.321048001527167,94.48552589874242,307.0,5.82,0
23.45,92.68166667,872.0,17.6,1
22.069842984503417,93.09961429726307,591.0,25.31,0
24.069857,92.918457,757.0,5.44,1
23.73638889,92.79805556,346.0,21.77,1
25.155917,93.681583,1018.0,31.73,1
27.123139,93.702139,153.0,16.17,1
27.240083,93.745917,411.0,27.22,1
25.593186523388383,91.081222639006,978.0,12.55,0
25.891339344683274,91.93855241808387,604.0,3.6,0
23.99,94.04,1233.0,23.48,1
27.76583613351269,96.47385296739776,1769.0,51.82,0
27.235917,88.645167,1436.0,43.51,1
24.34874462865197,92.16520633817578,32.0,2.89,0
26.017317,94.531348,1815.0,24.28,1
26.22234644594435,94.00854950126964,117.0,1.64,0
25.787211,94.834275,864.0,31.58,1
24.925207005851327,93.3774549748431,424.0,23.14,0
26.030802,94.634987,2034.0,19.22,1
24.899742403557884,93.34736571708882,391.0,30.96,0
28.078008341745047,95.06567991352742,1357.0,33.51,0
23.95871238926662,92.58606574688112,592.0,16.95,0
24.98611,93.50583,1235.0,20.38,1
27.178889,88.533097,370.0,42.36,1
27.71132605549037,88.65279080160116,4428.0,17.16,0
27.311667,88.418611,1229.0,25.2,1
23.25951944,93.15917222,1252.0,16.31,1
23.225357,92.74039,756.0,10.4,1
27.24675,93.765333,323.0,24.97,1
24.5465,93.671667,1053.0,34.41,1
25.338711,91.775111,1432.0,24.74,1
27.75108372718882,93.8700926237878,1068.0,31.91,0
24.958445610289555,93.2298113441448,146.0,4.28,0
25.136,93.04,621.0,9.55,1
27.433083,88.514528,721.0,41.81,1
25.17144,93.005694,698.0,10.14,1
22.719116549796908,93.09082503491204,587.0,27.95,0
27.171083,88.245417,1132.0,32.78,1
25.46102184126445,94.81694852849006,2134.0,34.93,0
23.60972222,92.75611111,663.0,16.91,1
26.036583,92.273056,201.0,14.25,1
27.46166,88.52341,930.0,35.58,1
23.73541667,92.81222222,370.0,33.98,1
26.841667,95.079333,284.0,9.54,1
25.247899105459283,93.7553624357398,1313.0,31.5,0
25.50781,90.68,352.0,6.88,1
28.92593014329333,95.91469000170588,3498.0,41.47,0
25.827397,94.907311,1727.0,39.04,1
25.570361,91.215056,1274.0,8.04,1
26.639872245986687,94.89133567046514,349.0,23.83,0
24.03281987372382,92.47376066534396,93.0,21.44,0
25.695,94.349,1866.0,32.96,1
22.69333009440045,92.42962147705852,109.0,20.76,0
25.278472,93.252972,860.0,24.83,1
24.756528201167068,94.468621617524,578.0,32.21,0
25.6985,91.056611,907.0,8.62,1
25.107009505283827,90.71405988904937,11.0,0.74,0
25.438063112459183,94.41987162414816,1222.0,20.5,0
23.62611111,92.72638889,785.0,21.92,1
22.475,92.964996,389.0,30.83,1
25.877404234777654,93.92290054613426,215.0,11.27,0
25.37958079711752,92.93328330443153,349.0,29.5,0
25.968006,94.574256,1890.0,38.95,1
24.523203020137576,94.03828534802405,812.0,12.45,0
27.650071357252184,96.6271372498039,2367.0,35.91,0
25.74725655356466,95.2317703657671,1177.0,40.9,0
25.40217371364593,93.96031867269534,1102.0,31.36,0
24.43369589266141,94.01139416158708,794.0,1.92,0
27.497551093577982,92.01780733301494,4104.0,8.87,0
23.094999,92.785835,477.0,26.57,1
28.511650491206463,95.90477603219009,1646.0,36.14,0
24.79083333,93.72333333,1053.0,41.28,1
25.147942,92.181586,162.0,22.21,1
25.436306,91.050361,621.0,10.26,1
26.25285718081639,94.28895371231572,343.0,28.92,0
23.432164883875192,92.5301581749502,541.0,42.03,0
23.7025,92.72138889,875.0,33.35,1
25.936440926147032,93.56651538446988,178.0,5.52,0
25.059861,93.604639,973.0,20.02,1
22.824420437733103,92.43433957289491,199.0,2.55,0
25.951106,91.968889,547.0,21.56,1
25.667,94.211,809.0,17.24,1
26.48821990974013,94.29862055813236,193.0,7.78,0
24.742139,94.221333,1710.0,33.44,1
24.63272095565503,92.55571430257244,28.0,1.29,0
23.351115,93.296893,1212.0,32.88,1
27.99825364469098,95.5272326902086,146.0,1.05,0
24.067576,92.893076,1003.0,6.07,1
25.122676504732382,93.54403314479153,1386.0,21.44,0
25.18676,91.396515,104.0,14.46,1
27.17709975686252,92.1978161903788,2143.0,10.05,0
22.85940913769861,93.33564572864977,1207.0,33.33,0
28.42809031929675,95.61737316438756,2039.0,33.45,0
25.018851042210063,91.54669767362364,15.0,0.8,0
23.177311,93.198157,1149.0,17.05,1
24.87935380825472,93.15793398434587,53.0,3.09,0
22.214054152498328,92.83469699000104,89.0,15.92,0
22.808444800448825,93.18740653964414,1456.0,20.02,0
27.589417,91.861444,2884.0,25.34,1
23.53888889,92.70055556,872.0,33.62,1
27.613235133281293,88.89125657828599,4458.0,11.37,0
23.487306,93.192778,1099.0,23.29,1
23.423704306687853,92.5059554579786,655.0,26.06,0
25.662,94.453,1481.0,31.57,1
26.93529,95.37696,428.0,23.4,1
28.41875900021912,95.12702359975673,1021.0,34.07,0
24.853139,94.369875,1451.0,5.78,1
24.900800960520844,93.87092271611496,804.0,4.28,0
26.760330647433555,93.45278669194124,65.0,0.0,0
26.134639,94.049278,541.0,12.2,1
25.289139,94.539417,1397.0,34.08,1
25.22175,91.693006,477.0,23.24,1
27.253528,88.786111,3140.0,31.91,1
25.675145563969764,90.5545992750002,281.0,9.41,0
25.229822,91.693551,448.0,24.03,1
28.946622898996587,96.07433605656348,2645.0,58.93,0
27.623227675112588,94.62488193243688,141.0,3.84,0
25.15670367240377,92.53687700239196,319.0,30.41,0
25.598908,91.175628,1098.0,12.07,1
25.751567,94.48315,755.0,33.63,1
28.101692,95.271861,375.0,44.71,1
23.87075,93.078529,702.0,32.75,1
25.523,94.135,1757.0,14.09,1
22.32607562605359,93.19097885149444,457.0,27.9,0
25.14721273304434,92.57614927382974,1020.0,24.89,0
25.99089592891024,95.08643323425416,2099.0,4.72,0
26.88360092304252,88.30913660764737,1388.0,21.22,0
27.95977682415533,93.52742949701826,768.0,19.68,0
28.625048,95.857251,822.0,34.39,1
27.342139,93.041583,432.0,23.1,1
25.079892038250065,92.0665614109988,15.0,1.06,0
27.17078300017118,96.04538233833613,1407.0,20.35,0
23.32440740499322,93.44299811174386,1193.0,19.73,0
27.42294262882738,88.25261804068475,2615.0,16.89,0
26.191611,94.284361,992.0,6.81,1
23.37222222,92.755,1209.0,33.01,1
27.32199354590509,88.01298397667946,2437.0,32.11,0
25.604389,94.839583,1339.0,42.34,1
25.428903966757083,94.35507802610252,1334.0,16.84,0
28.522806,95.172639,771.0,31.53,1
28.36795837517052,95.59885863534622,1702.0,39.17,0
28.255703,95.55061,648.0,35.79,1
26.159139,91.915583,101.0,15.4,1
26.16616,91.713803,143.0,21.66,1
25.834436,94.795519,597.0,29.83,1
22.486225391213285,92.34275078211788,42.0,7.03,0
25.549667,91.242444,1350.0,14.51,1
26.85437077669116,92.80654718666352,85.0,1.62,0
26.167861,95.026694,1142.0,26.72,1
26.846139,95.077861,246.0,15.66,1
25.124122220557418,91.93010239752296,13.0,0.35,0
24.29,92.96,837.0,35.29,1
25.462231109006275,93.91505651486656,1280.0,44.23,0
27.02531507776932,88.4928748552303,524.0,25.82,0
25.30830005002982,94.72184380217296,1894.0,15.21,0
25.55166586617247,90.5241075526787,326.0,11.78,0
23.481881,93.214835,1045.0,27.94,1
25.51590114186748,95.00665383435766,1214.0,22.31,0
27.020805110906736,88.22640691615669,1739.0,34.4,0
26.008333,94.032333,429.0,32.72,1
26.070831131174725,94.960426748413,1078.0,24.46,0
25.748,94.077,1181.0,21.86,1
25.09022222,92.35805556,151.0,24.08,1
26.206995232531167,95.1122548325731,1661.0,25.71,0
28.11144592733082,96.64954843854662,1779.0,31.51,0
25.982658702372635,93.85999046591118,145.0,1.13,0
27.138607291067647,96.18884097794768,655.0,17.14,0
23.208055,92.795555,979.0,27.92,1
24.51698056,93.57191667,772.0,16.76,1
25.965394,94.571428,1896.0,34.99,1
25.76225510042412,91.16683597320024,807.0,4.37,0
23.302456,92.853533,982.0,33.27,1
25.22784,91.688252,566.0,17.08,1
27.271583,88.430389,505.0,35.45,1
26.375278,94.936389,1288.0,12.35,1
25.0026552980947,92.19485090087196,14.0,2.89,0
24.56,92.94,43.0,6.27,1
25.294601,91.930853,1115.0,13.51,1
25.057361,94.533083,1552.0,37.6,1
28.30881013285953,96.79012850460892,3559.0,23.23,0
25.2712163774164,92.90219107954016,827.0,5.05,0
23.537491,93.159176,1082.0,27.3,1
24.46181046758254,93.474629169523,1062.0,29.67,0
24.89768607752148,92.5736036567716,21.0,3.48,0
25.26676,93.1964,546.0,17.97,1
24.54604515249205,92.22734802040878,73.0,7.03,0
23.319156,92.857722,1038.0,20.02,1
27.10443141070092,88.55010681667751,1671.0,22.76,0
25.852733431973995,92.38089118028942,658.0,17.89,0
23.40169444,92.75025,1200.0,24.71,1
25.066715,94.349728,1826.0,18.2,1
27.75459251683229,94.39221453391356,551.0,17.25,0
26.189447427327693,93.84623163713653,134.0,2.12,0
27.676607366305344,91.66855056758088,3074.0,43.58,0
27.886538506703378,94.93845621750856,294.0,23.34,0
25.702532232293763,91.38364203620677,1056.0,10.88,0
25.945225,91.560703,396.0,18.62,1
22.704,92.985001,1069.0,23.07,1
28.186582,95.471126,406.0,26.73,1
25.862494556769114,92.4938909664896,687.0,23.98,0
25.088698172581832,92.71738100872678,559.0,15.09,0
28.35515399771001,95.71696525937756,1412.0,42.09,0
25.04312260697585,93.79387747384304,1343.0,29.87,0
25.156047910541165,94.03643011085778,1364.0,29.12,0
25.77070918533929,91.8176714866852,698.0,8.17,0
25.839722,94.050333,918.0,14.05,1
25.95381,92.60444,309.0,22.24,1
27.00336156863261,88.44482215307633,186.0,5.5,0
26.89297464161664,94.58978489742172,93.0,4.62,0
27.129,88.441361,643.0,21.09,1
25.74714174853948,91.83221275430384,745.0,4.95,0
25.68133333,94.20877778,818.0,11.21,1
27.574184656182325,88.80110066449065,4800.0,32.98,0
25.698111,91.18275,1105.0,23.22,1
28.54353538730432,95.29447870592185,1963.0,18.08,0
26.69958954871812,94.79060148181362,188.0,14.77,0
23.604544052849715,92.52283320794209,156.0,8.09,0
28.490278,95.203194,942.0,29.28,1
25.05528650187849,93.77819056265008,1110.0,25.21,0
23.40002,92.842404,901.0,30.81,1
25.581983,91.176972,1251.0,24.75,1
24.56917222,93.14073611,355.0,27.78,1
27.47043467283634,88.23041252663153,4303.0,28.43,0
28.831619,95.882949,1610.0,31.31,1
24.11934687645129,92.67502913328688,311.0,30.96,0
24.679639,93.669667,1330.0,26.19,1
28.2823122121186,95.07599948265324,1037.0,20.29,0
25.324889,91.943417,835.0,16.03,1
25.3375,94.52825,1110.0,21.07,1
28.060973431198995,93.59196879318992,1497.0,35.35,0
28.139996,95.259634,568.0,37.31,1
27.60697126641676,96.30900692879028,491.0,6.36,0
25.973993658870512,95.0295778445517,2223.0,28.13,0
28.255967,95.907144,2542.0,39.7,1
28.863017,95.856703,1406.0,39.1,1
25.9255,94.760419,1874.0,6.27,1
27.814806,93.521,943.0,26.75,1
27.73699320330008,88.74817044086475,3383.0,35.6,0
25.875167,94.042953,1063.0,34.62,1
27.261476949083896,93.406506654854,1241.0,27.02,0
24.436492729449423,92.71039087693482,114.0,17.53,0
22.53,92.7,242.0,27.98,1
25.43313171244301,92.72957428290132,961.0,11.71,0
26.30175,94.50675,1234.0,11.95,1
26.758981214792943,95.76482670668324,515.0,15.83,0
24.926384895299527,92.51770113096356,16.0,2.41,0
24.68373379268823,94.51648785024685,384.0,18.56,0
25.389193266929777,93.81188350770228,1615.0,26.44,0
27.96756,96.40214,413.0,20.77,1
25.783939,94.856411,739.0,33.21,1
26.067225481459275,92.3710194266062,361.0,12.38,0
27.03013694143501,88.38763033444182,1039.0,38.01,0
26.212972,94.116583,616.0,25.04,1
22.889872,92.903984,689.0,24.93,1
23.32044,92.643229,718.0,12.22,1
26.204699903768752,92.45952722435251,61.0,0.46,0
25.01961028215657,92.25435465602536,18.0,0.74,0
26.433725231173383,93.92922437010314,105.0,4.65,0
24.75731672181062,94.80500568659808,126.0,2.09,0
27.781792,93.477942,1068.0,35.81,1
28.720187,94.971636,413.0,14.75,1
23.40527204014328,92.57702590129524,290.0,21.52,0
25.14295325381777,93.4545453291151,1256.0,21.0,0
25.13177062514672,93.4563813925385,939.0,11.37,0
27.4151034355604,93.79184630956384,1497.0,24.04,0
25.42486325678839,94.76166462111132,1907.0,18.95,0
26.966366154131315,88.23845632703207,1240.0,21.45,0
26.488279416944003,94.9569448321448,1166.0,8.6,0
26.068111,95.025972,1817.0,39.42,1
27.1638079060632,93.844932071962,152.0,1.04,0
23.69333333,92.72055556,990.0,28.51,1
28.482721106685243,95.99401504179872,3088.0,20.77,0
28.49556524282771,96.06545282419444,3596.0,73.25,0
25.283672,93.301012,660.0,25.28,1
23.6315833,93.13670278,1212.0,11.83,1
23.322363,92.854689,935.0,31.66,1
27.834083,94.768972,538.0,19.1,1
24.51785556,93.55086944,1019.0,12.56,1
27.23616,93.807069,345.0,14.65,1
27.23266894167892,88.03177642414421,3445.0,24.74,0
26.17672222,91.78672222,85.0,26.82,1
29.097845215156344,95.84590139874553,2507.0,10.35,0
24.97924867371773,91.7770281447413,12.0,1.64,0
25.264056,93.409528,861.0,27.49,1
25.621,94.11806,1486.0,20.69,1
26.002679366611307,94.38789737453985,685.0,19.68,0
22.86003,92.75831,885.0,10.55,1
25.453942,94.048881,1325.0,31.51,1
25.418361,94.578528,1511.0,13.58,1
25.56737615932623,91.0924044244222,1058.0,9.68,0
26.95517746236464,88.28845654823076,2052.0,37.03,0
27.12973895544397,96.29699182269124,835.0,40.88,0
24.39092686273576,93.43544969675196,967.0,25.52,0
25.390444,91.883806,1251.0,32.42,1
25.457746272079987,93.800057040842,438.0,6.4,0
23.563275,93.120567,731.0,46.45,1
25.77882882055953,91.18051504883952,655.0,8.67,0
25.756417,94.476083,765.0,28.04,1
25.037771994222933,91.69700549814844,9.0,3.17,0
28.775918,95.874296,1305.0,19.07,1
24.60655909147217,94.23454104884294,1169.0,30.82,0
23.833166,93.305275,1268.0,22.41,1
25.272072885126903,92.64304611030632,1176.0,8.99,0
27.13866854010793,95.44212854271358,243.0,5.56,0
23.127266,93.296204,1530.0,20.17,1
26.971092289389567,88.39715811959492,864.0,27.42,0
28.31731,95.956718,1220.0,34.83,1
25.22,93.35,1173.0,29.19,1
27.44699630731897,93.19205110855756,2084.0,12.67,0
23.621279436326653,92.52509752348357,342.0,13.24,0
25.80725833,91.87509444,612.0,17.06,1
25.260943419846328,92.89127332460656,644.0,19.7,0
23.28985,92.860445,864.0,26.92,1
26.114159,94.338471,990.0,33.41,1
25.911931,94.793292,1066.0,23.54,1
24.32,93.74,902.0,29.06,1
25.168528,94.288333,1642.0,23.36,1
25.740148,91.224044,903.0,7.83,1
25.328139,93.334056,553.0,14.99,1
27.824444888649097,93.74262406345244,1016.0,36.92,0
26.75550063479237,94.901951219174,259.0,16.85,0
28.403180026693207,95.36847187865212,1464.0,42.47,0
25.2185,93.013111,494.0,32.14,1
25.771451,93.907041,631.0,13.86,1
25.789640374451285,91.93839523294317,826.0,8.97,0
23.62800904848968,92.51282453483256,201.0,7.14,0
22.26,92.68,191.0,13.26,1
25.286634854811226,92.9470894573808,561.0,15.73,0
26.053525,94.636107,1948.0,30.62,1
24.730139,93.485389,315.0,6.69,1
24.02555556,92.91944444,1018.0,30.69,1
25.82355977309804,91.92797684355357,786.0,13.25,0
27.505433149274,88.73361914089821,3574.0,31.82,0
27.515566349911527,93.134134970155,1100.0,25.01,0
27.06658,92.59572,330.0,33.54,1
26.41,94.37,529.0,35.88,1
25.667,94.21,811.0,24.69,1
25.2664247606934,92.4821686546622,832.0,5.87,0
26.379798,94.450751,896.0,18.97,1
27.219444,88.391111,1577.0,29.2,1
23.923047,92.656696,107.0,19.06,1
26.5930602629713,94.89212446471336,305.0,6.15,0
24.830325806747314,92.99658140684136,23.0,0.93,0
27.777278,94.715583,649.0,16.1,1
27.2755,88.308056,1571.0,39.26,1
25.25245938036224,93.74905764297591,1055.0,28.88,0
23.88355556,92.84952778,491.0,24.04,1
26.14265165384646,92.34697315954648,62.0,2.43,0
28.099657,95.287831,224.0,56.78,1
24.1,93.29,1241.0,35.7,1
23.626738,93.033627,600.0,17.93,1
22.73214737994352,92.4159556833435,67.0,8.3,0
22.43,92.71,1040.0,22.21,1
24.96486779747482,93.29400796103424,314.0,28.56,0
27.160056,88.423028,1553.0,40.38,1
28.047916471723354,96.0362798015364,391.0,4.74,0
24.806064,93.735478,1199.0,30.69,1
24.95611591712236,92.0603189082578,13.0,1.03,0
24.05823611,93.28901944,585.0,29.82,1
24.72493698679399,92.56358838269448,19.0,6.52,0
27.8160000446498,91.75348739799163,2451.0,31.31,0
25.160333,93.688528,1006.0,38.68,1
23.313996,92.863984,916.0,19.43,1
26.48080437145203,95.180655942982,1814.0,24.14,0
27.3699790161808,95.07090213145646,108.0,0.46,0
22.838051,92.798889,1161.0,43.07,1
22.72826004907685,93.12710494600618,1330.0,32.78,0
25.52901389,91.26188611,1361.0,20.1,1
23.01321650561372,93.39468061864612,1098.0,24.22,0
27.174430989572592,93.44064979458466,1795.0,15.32,0
22.55882996315773,92.76589645179712,461.0,21.43,0
23.67611111,92.71972222,976.0,50.3,1
23.176777,92.738013,784.0,9.15,1
25.667,94.035,1555.0,34.14,1
23.65777778,92.67444444,954.0,10.51,1
25.433231,94.070986,1419.0,33.29,1
24.32,93.28,739.0,24.16,1
26.160139,94.499806,1111.0,37.55,1
25.5454523087324,93.59046582335064,512.0,6.17,0
25.358977,91.973477,1182.0,27.89,1
22.293201523905903,92.82843734074731,221.0,21.98,0
27.662049357552075,94.07029418444895,1783.0,39.07,0
25.253421073843853,94.7888998506783,1515.0,14.37,0
28.705091975587848,95.93674169184396,3353.0,30.36,0
22.88081985781962,93.1192548822462,563.0,27.19,0
25.02484909124758,91.46338175778344,11.0,1.12,0
24.64430469201594,92.34727189283122,23.0,3.17,0
23.18351,92.735641,824.0,11.25,1
27.417778,88.623389,1396.0,33.19,1
27.662444,88.602556,2072.0,23.87,1
27.787077545698352,93.28922194602325,2295.0,28.95,0
27.551191641901493,93.76570181351656,1412.0,11.86,0
27.54310152541785,94.03191897797448,1509.0,38.56,0
26.39513346046963,95.21993119283444,893.0,40.44,0
28.099647,95.28567,210.0,33.81,1
23.700471272053555,93.41635767279182,1017.0,10.28,0
25.54032496799016,91.0200008619784,872.0,7.53,0
27.38013129794668,92.94229444501148,1386.0,14.35,0
25.447674620483543,93.90382936704896,2301.0,22.35,0
22.32236912595056,92.89516632932543,140.0,29.56,0
25.164278,93.691361,1013.0,38.63,1
22.89845058181189,92.6607022024494,530.0,26.86,0
25.416,94.579028,1505.0,20.51,1
27.2615,88.788778,3366.0,44.53,1
26.638861,95.123333,1172.0,12.51,1
23.633569440895865,93.41647031889102,961.0,3.39,0
25.57244,94.17178,1181.0,4.47,1
27.942917,94.694528,822.0,28.09,1
27.378667,88.699611,3088.0,44.53,1
26.774243370916004,94.57865092525358,118.0,3.8,0
25.839361,94.430583,1749.0,34.49,1
28.52083494851833,95.72923176412912,1374.0,37.74,0
22.1943888198771,92.5448512658643,416.0,22.98,0
27.520447489135368,88.73755235187132,3935.0,37.22,0
26.08028983317436,94.9742502491818,1227.0,30.5,0
28.702952341745583,95.6844432492563,2629.0,49.43,0
28.122484780551524,95.62106698719845,213.0,3.18,0
27.145444,88.305694,1135.0,20.7,1
23.153805,92.686775,890.0,34.44,1
25.514327,93.666041,1116.0,22.67,1
23.688638238609173,92.4294640506461,557.0,11.63,0
22.801022,92.81369,805.0,28.57,1
25.05895228592444,93.02910817763195,889.0,17.34,0
24.548053,93.709739,1214.0,31.18,1
28.171861922657342,95.70161706222864,206.0,3.48,0
27.1660201362976,88.73894430060598,2237.0,35.62,0
25.008239571437635,93.4097148909996,656.0,5.21,0
25.9822233232187,95.14031622791614,2282.0,18.32,0
25.970169,94.503803,1776.0,21.02,1
28.141139,94.786583,368.0,20.97,1
25.57236285743385,93.66404961763412,600.0,28.54,0
27.301412,93.051563,1172.0,20.84,1
26.197691584739346,92.223096914931,56.0,1.8,0
25.602689750957005,93.5254239370902,276.0,23.96,0
23.295423899198934,92.97877500664158,1104.0,26.32,0
27.17748333,88.52165833,320.0,27.57,1
27.610074111749423,88.46114660142038,2117.0,16.72,0
28.242389,94.220861,827.0,34.16,1
27.38824939798109,93.83128579902534,1780.0,42.54,0
24.16986389,93.33564167,501.0,10.06,1
23.58818620001462,92.17962666316504,170.0,11.15,0
25.77914650403132,95.05451294318428,2788.0,37.52,0
22.468,92.873001,511.0,18.78,1
28.52093005304552,95.67041840588752,1531.0,30.65,0
25.842742,94.503003,1570.0,22.01,1
23.73583333,92.85194444,711.0,24.53,1
25.22849772827419,90.44091411669694,109.0,16.37,0
23.542899,93.156212,1040.0,35.81,1
22.16,93.0,790.0,16.1,1
25.9409567995616,93.7934915682049,139.0,1.8,0
25.88646890405824,91.7533558491164,526.0,26.8,0
26.3765,95.011139,1403.0,20.47,1
27.703917,88.562306,2420.0,28.69,1
25.73433333,94.01708333,983.0,10.63,1
26.824694,95.076889,386.0,29.01,1
25.591875608641484,95.09019615728955,1432.0,23.0,0
24.96185307155324,93.22567943319552,122.0,5.48,0
23.165872,92.741435,813.0,17.28,1
24.025094,92.769158,870.0,17.97,1
25.948222,94.014361,390.0,25.78,1
25.339339,92.584781,1109.0,14.78,1
27.521083,92.995444,622.0,40.22,1
22.528,92.896004,875.0,14.01,1
25.849308686132613,92.08777756708032,796.0,13.39,0
26.729972,95.018778,578.0,25.18,1
27.94074613139699,95.8034242038772,140.0,1.05,0
25.706,94.468,1263.0,25.1,1
25.4147872942681,93.5622168974616,1367.0,19.3,0
25.74,93.775,359.0,10.55,1
23.72138889,92.79944444,209.0,19.05,1
26.550472,95.101889,1452.0,32.92,1
22.50855468188138,93.13261183214392,629.0,25.13,0
28.395156243052703,95.11931771904392,891.0,32.97,0
27.964798201130552,95.5302394433538,142.0,2.37,0
27.258389,88.246611,1141.0,29.73,1
26.03718732807584,95.1344427213822,2569.0,28.46,0
26.441056,95.046111,1617.0,32.43,1
28.527722,95.173556,795.0,25.09,1
25.18101276119036,91.936580485886,98.0,16.99,0
23.886868399691654,92.00583255701984,63.0,2.44,0
26.97041,92.63436,130.0,3.08,1
25.36353248414669,92.90027902965151,570.0,21.21,0
25.477056,94.534528,941.0,33.27,1
25.61127355906849,91.68869780966688,1498.0,14.17,0
25.891043,94.041031,1087.0,36.34,1
27.144056,88.127361,2315.0,23.27,1
22.226356396857817,92.82758713822236,410.0,14.97,0
25.763833,94.479889,885.0,39.03,1
27.171833,88.160861,1356.0,27.98,1
24.06034123434757,94.30347487764952,151.0,9.17,0
28.30684593482902,95.47796427151248,1609.0,42.35,0
25.63456979904547,90.92829278914516,739.0,2.75,0
22.34902564776977,92.50470182413558,236.0,32.45,0
25.496361508293635,92.33939986098744,1369.0,11.24,0
25.828736,94.728314,1366.0,32.02,1
23.670985532519623,92.40042737435508,403.0,29.45,0
28.67549275530452,95.74009174817994,3049.0,37.51,0
25.66975,91.100222,1029.0,29.73,1
26.864102985283704,93.73225933239796,78.0,1.39,0
23.166357617405644,92.43554188816964,114.0,9.99,0
25.262931,92.203628,666.0,26.19,1
28.310626,94.675637,323.0,22.03,1
22.5,93.02,1629.0,22.76,1
24.800556,93.674222,457.0,23.68,1
25.9272909550716,93.93548415133256,168.0,0.0,0
27.224778,88.372083,2029.0,40.47,1
27.207659,93.615842,590.0,33.89,1
25.12262875573097,92.63923465161204,1018.0,48.13,0
26.039361,92.273806,155.0,16.44,1
25.677061998907504,92.26418910552478,876.0,19.71,0
25.24193687587008,94.4116597629922,1406.0,18.96,0
23.692222,92.015833,244.0,16.94,1
25.132179646305826,91.91379908513026,11.0,2.1,0
27.62677295241678,88.42578476536264,3317.0,40.73,0
25.42142,92.28894,1331.0,9.74,1
27.550917,88.646056,1363.0,40.25,1
27.419081621814342,93.10119202111537,1126.0,24.86,0
25.059556,94.550611,1768.0,32.66,1
27.11236111,88.32455556,370.0,42.98,1
28.53610018881273,95.74296037074603,839.0,20.7,0
23.02345476895972,93.37214334976466,569.0,7.85,0
23.882389,93.248947,1518.0,28.26,1
27.865977611988583,96.44291627999368,1075.0,44.14,0
28.23121214374342,96.70392483165912,2685.0,44.57,0
25.68591944,91.90256667,938.0,22.19,1
24.10379274137024,92.08096585702748,166.0,16.98,0
24.82805614863825,94.63305298344822,391.0,15.49,0
26.21890125312921,92.24236186392356,124.0,0.46,0
27.314694,88.417917,1210.0,25.56,1
27.50867473966061,88.79208463997857,4765.0,42.85,0
26.051561548660807,93.74981208175936,153.0,3.12,0
25.528308,91.395711,1539.0,16.4,1
26.9000662936076,94.8695048487351,155.0,15.31,0
26.336448518024028,94.7686036121037,983.0,34.43,0
24.2,94.2,714.0,18.47,1
26.97788182541288,95.86676499372147,1088.0,33.85,0
23.749722,92.693781,849.0,41.22,1
28.014875692251227,96.31474290285485,950.0,29.04,0
27.9888019870414,95.828941947157,157.0,1.33,0
25.143969,92.217497,110.0,30.05,1
26.385155057312783,92.93308415398528,347.0,8.51,0
27.70429866605824,94.49397604298282,638.0,17.83,0
27.379108410126843,93.70092255120072,1535.0,16.72,0
23.90514579620808,93.4249139451322,933.0,21.9,0
25.631,94.203,987.0,23.53,1
23.181417,93.197586,1011.0,32.28,1
23.300291,92.69577,358.0,26.5,1
28.79942844063073,95.16185135895026,2391.0,46.11,0
26.97422923238057,95.98511463214705,1162.0,27.67,0
25.199617,92.997478,465.0,19.19,1
24.143780155462,93.77891908792265,855.0,23.56,0
25.346641,91.891987,1516.0,31.71,1
24.998950061099126,93.31501053379792,358.0,27.23,0
25.611096,94.216757,999.0,30.71,1
25.8879558625493,93.64723659719763,196.0,5.37,0
27.60899936040086,91.69785027027058,1408.0,16.48,0
27.31470243726132,93.19781038631125,1151.0,22.52,0
26.508186767481835,94.89580175294556,334.0,7.74,0
25.013083,93.530111,1068.0,30.62,1
27.78,93.456231,1139.0,32.56,1
23.05954712269089,93.44165624815882,727.0,4.62,0
22.890068,92.823021,774.0,28.84,1
28.01571207308043,95.04926098467644,1338.0,32.8,0
23.73544311155748,91.48635064317926,67.0,5.04,0
26.23191780411268,95.22226070832244,1787.0,27.45,0
28.05456884444876,95.4879821783368,157.0,4.25,0
26.202969661372776,93.43201434099907,659.0,13.99,0
22.969807,92.729706,622.0,17.53,1
22.34,92.71,449.0,18.95,1
25.78010492599996,95.18157579272555,1726.0,24.57,0
28.378694,95.230667,692.0,43.44,1
25.142318207024925,91.78784278886856,15.0,1.04,0
23.87375984755635,93.42509204019888,1451.0,21.81,0
28.796106027905942,95.7278983208828,2776.0,26.26,0
25.58,89.99,43.0,6.55,1
23.53805556,92.66305556,583.0,21.28,1
27.941458919360564,94.49894324738024,1151.0,33.39,0
27.303083,88.433167,890.0,28.86,1
28.43040691427049,95.98797487880762,2096.0,17.43,0
28.5553134874149,95.91793995935797,2846.0,28.48,0
26.012920740094284,94.95572500811508,1869.0,27.91,0
23.990118133132672,92.58789213335264,332.0,20.15,0
27.1917446992602,88.03019254103864,2998.0,20.17,0
24.7036489633732,94.77071050654112,127.0,1.38,0
26.61775680179401,94.91234248767856,456.0,23.28,0
27.55236944,88.58208333,1842.0,33.36,1
25.17644929730832,93.56577141278702,803.0,50.79,0
27.82755475897219,93.29760569670192,3163.0,25.7,0
25.95603677767639,94.94762823046568,737.0,34.76,0
26.28908333,94.61005556,983.0,20.43,1
25.942549885236147,94.98602374510182,1419.0,40.85,0
27.08961535384642,88.65813114864795,2008.0,36.85,0
25.84008489171401,91.54134938374492,426.0,16.78,0
25.456896,91.826145,1760.0,18.42,1
27.28475,88.106194,1610.0,14.03,1
27.06997317974121,88.53645205267667,699.0,37.56,0
22.54735,92.882032,822.0,35.02,1
23.5087,93.360825,1307.0,43.8,1
27.10215,93.61371,357.0,23.88,1
25.039497064392293,94.75304322125996,1648.0,24.25,0
25.762051,91.658959,796.0,3.85,1
26.373056,94.941389,1142.0,33.94,1
25.588806,94.859428,1266.0,36.44,1
25.17044,93.025325,469.0,21.64,1
25.02069200285848,93.2111611833488,133.0,3.58,0
26.154944,94.614503,1756.0,22.03,1
25.55408,94.23669,1168.0,26.95,1
26.678833,95.19475,908.0,21.62,1
28.96130522192922,96.18099186006454,3296.0,15.53,0
24.43528830569219,92.7227783196469,83.0,6.89,0
27.186361,88.320417,458.0,32.41,1
23.5493170603064,92.92540516367204,1536.0,48.6,0
22.873558,92.755953,1075.0,20.6,1
26.541389,94.946389,1175.0,34.96,1
27.460731,96.41975,610.0,15.77,1
28.585490254336808,94.9645027636578,2250.0,50.98,0
29.00823339026153,95.9937845861014,3209.0,38.1,0
23.54277778,92.67472222,628.0,36.46,1
27.280889,88.084333,2381.0,28.09,1
25.566944,94.773222,1314.0,24.58,1
24.801389,93.469444,542.0,21.81,1
23.74916667,92.69416667,802.0,38.9,1
23.577354,93.102871,693.0,15.61,1
27.360139954052983,93.10493555201556,1679.0,25.49,0
25.58194,94.35,1417.0,17.47,1
24.909623684249613,93.87447290119373,805.0,3.55,0
22.917300844037715,93.09352714429632,944.0,25.22,0
22.654861,92.894722,805.0,51.1,1
27.42244227652296,95.85075906830882,152.0,1.05,0
24.454953,94.225406,1466.0,26.41,1
28.550354582370723,94.9443921222269,1519.0,38.17,0
27.21391667,88.60833333,813.0,24.59,1
25.028284585405963,91.80751145957686,12.0,1.92,0
25.629,94.273,1734.0,25.13,1
27.599,91.876528,2945.0,7.48,1
24.94196760759883,93.28875147862703,193.0,22.11,0
27.14315446486325,88.67931679280342,1504.0,18.39,0
27.497202165874,92.303440522987,2854.0,26.74,0
25.49488149159448,94.8043666300697,2647.0,15.57,0
26.719417,94.660667,211.0,14.87,1
27.922672560668232,88.6890808352432,4735.0,13.63,0
25.76688539951419,91.75770180094078,621.0,3.93,0
23.30265,92.742945,698.0,27.15,1
23.3755334697668,92.53808770817145,520.0,21.05,0
27.03698416418896,88.2394350449927,1330.0,10.66,0
28.97965905309333,95.73181541263516,2718.0,25.27,0
25.853111,91.881583,596.0,0.81,1
23.460968,92.597217,941.0,13.84,1
23.307524,92.857678,960.0,27.67,1
24.81583333,93.74019444,1254.0,27.95,1
24.881577481327675,93.8566691763603,797.0,0.51,0
25.80541365772354,91.40928995135332,185.0,22.01,0
23.246611,92.655112,405.0,19.02,1
25.58611214355031,93.45113261612188,304.0,6.77,0
26.300556,94.844722,935.0,34.29,1
28.244851,95.773499,791.0,30.87,1
27.29268,96.024049,237.0,14.71,1
26.262845743121563,95.18724944808224,1852.0,21.81,0
22.694362346481658,93.11103580968576,654.0,31.8,0
22.60198316777753,93.29955688677488,1204.0,20.59,0
27.87823803655157,96.48427150174332,1633.0,29.48,0
23.189638,92.549889,574.0,33.94,1
26.19052,91.77499,109.0,10.49,1
25.43090073108533,91.94136185139764,1388.0,21.75,0
27.03829423426937,88.48426614875582,744.0,31.01,0
23.05479,92.702461,903.0,9.52,1
25.18625,93.01629,568.0,29.24,1
26.556111,94.783333,1167.0,29.05,1
23.75180174144104,93.29617543207976,1302.0,28.51,0
26.094333,94.493639,1515.0,24.38,1
25.688,94.121,1380.0,24.02,1
28.38945498644092,95.3373235831221,2232.0,29.4,0
23.57138889,92.70888889,834.0,32.25,1
25.82108,92.544,457.0,9.1,1
23.44138889,92.77888889,1331.0,27.73,1
25.870353049862768,92.78859683724588,90.0,2.53,0
26.067889,94.224889,1073.0,27.13,1
25.22,93.34,1295.0,19.89,1
25.86373020607099,93.79657557351813,157.0,2.61,0
26.84711358003656,91.86742521514496,237.0,1.04,0
23.72428333,92.70737778,978.0,26.98,1
28.740874,94.866397,463.0,42.15,1
28.980295757533952,96.04409977267106,3757.0,30.46,0
25.18092,91.570335,49.0,12.56,1
27.075253631877523,91.92051830322438,2584.0,41.06,0
28.153028,95.218294,740.0,40.54,1
27.12737431656187,88.73466161677115,2864.0,10.77,0
25.025472,93.537028,1146.0,21.85,1
24.756089,93.622039,910.0,22.64,1
23.62333333,92.78888889,229.0,22.94,1
22.844894,92.944511,1304.0,36.36,1
25.77368056,94.03548611,613.0,30.74,1
27.812370704897955,94.36208342460228,636.0,7.81,0
26.85941718477488,95.15662698019258,655.0,18.78,0
27.13360070454227,88.57090809085204,1543.0,22.1,0
23.463164,92.854672,1060.0,22.04,1
26.050603,94.634088,1955.0,36.09,1
25.467068457841368,94.2708414391559,1877.0,8.2,0
23.24014966463398,93.52763433015367,1924.0,17.72,0
24.42846289164069,92.996341429295,163.0,17.08,0
29.12540174917162,95.83818476659565,3212.0,23.25,0
28.1128149948262,95.63270672731568,213.0,1.85,0
24.51,92.71,34.0,4.87,1
22.99780025782329,92.57460737386631,185.0,19.64,0
27.018342,92.6356,221.0,12.5,1
27.867081509347862,88.56608163984407,3991.0,37.83,0
22.883429064748302,93.12700386350124,357.0,26.54,0
25.69506,94.11203,1288.0,17.79,1
27.254222,88.3005,566.0,23.55,1
26.13222,91.83972,78.0,4.65,1
25.72871952113025,93.03003594667908,144.0,17.66,0
24.972275091448324,91.3625981618508,9.0,0.74,0
27.235778,88.506306,429.0,39.27,1
25.045386,92.420764,181.0,31.89,1
28.294781221202523,95.08185493474156,1015.0,18.54,0
27.51174789407643,88.29815671110842,4486.0,38.59,0
25.17505556,93.02041667,574.0,25.37,1
27.25748914990653,93.21701055775893,2216.0,12.48,0
27.318968852629087,92.10352932692658,3568.0,22.96,0
25.11415421978757,91.69912930060988,14.0,2.37,0
23.897323698358907,93.96397521147946,1591.0,32.8,0
27.208222,92.55475,1147.0,25.41,1
24.922861,93.633144,1124.0,34.59,1
27.128694,88.442778,646.0,31.8,1
28.21557747029389,94.40723186578718,1816.0,35.57,0
25.22781423114434,94.24441621385483,1162.0,22.19,0
25.0042201901542,93.38802970798793,410.0,27.38,0
24.99058421817349,94.773762933581,976.0,20.97,0
27.04998581956779,88.34851544990472,1835.0,30.37,0
27.295006137633266,95.8327344305189,252.0,25.81,0
24.66555665697988,93.7734742821276,774.0,3.1,0
25.599096,91.859289,1279.0,19.96,1
28.106358,95.268592,413.0,17.52,1
23.125686,92.740507,802.0,24.05,1
25.71281,94.09194,1446.0,19.74,1
25.677,94.08,1285.0,12.28,1
23.71865833,92.72335278,949.0,25.07,1
23.739306,92.743111,919.0,20.22,1
25.247226,91.671435,341.0,38.28,1
23.51980556,92.70066667,773.0,33.15,1
27.44538763676798,93.91911225128848,2062.0,51.02,0
27.45975281840654,88.10936126466268,3672.0,31.25,0
24.08103849190516,91.77984119232308,100.0,15.52,0
25.31143406165837,93.76053481081878,1754.0,12.99,0
24.517319388549605,94.04461440063506,986.0,30.58,0
23.285967,92.856546,854.0,25.33,1
26.98402216857862,88.4133788431136,300.0,25.38,0
27.520111,92.997139,602.0,29.36,1
27.33768013748585,93.6280604251491,2239.0,12.95,0
27.36552778,88.61596667,1672.0,36.32,1
25.335364,94.169247,1664.0,10.26,1
26.85820386731496,94.86419417849513,510.0,15.19,0
28.579489869439147,95.80917938043407,1311.0,32.52,0
25.599247370996075,90.91612029452534,707.0,12.28,0
27.765480382334463,94.63842453186837,854.0,28.36,0
25.82940462395372,92.24800789888658,874.0,16.28,0
23.754493,92.690145,689.0,25.82,1
25.07533333,92.36341667,156.0,23.62,1
25.0365,92.780417,93.0,25.77,1
28.729371,94.92012,446.0,22.71,1
24.816111,93.443917,375.0,40.48,1
26.299872806898748,92.54508487524464,61.0,1.55,0
24.872917,93.779167,1216.0,22.76,1
27.32025,93.053222,683.0,34.15,1
25.83790702257319,91.97173232932002,760.0,4.17,0
28.253915,95.578439,445.0,23.08,1
27.457022696313608,93.11697129239911,866.0,23.19,0
26.94755,93.257521,125.0,14.74,1
25.158667,93.685222,1004.0,36.36,1
25.025147915360595,93.81369444281142,1967.0,39.07,0
27.4550538808094,88.69132223782093,2450.0,41.92,0
22.19,92.69,216.0,10.96,1
23.17824,92.491031,762.0,18.66,1
27.07964636802478,88.81293910064514,2119.0,27.58,0
26.12532441793557,92.5472483549945,61.0,3.44,0
28.69167394459509,95.27345286296833,3147.0,37.53,0
25.078134729084653,93.10385662127604,489.0,39.2,0
28.135056,95.145444,278.0,16.86,1
27.31399555164934,93.9327894968498,305.0,34.65,0
25.29531069029224,90.58233477984146,141.0,11.27,0
28.270641965863923,96.1584266837044,2264.0,25.96,0
23.769697463795943,93.2149613888825,904.0,22.79,0
25.19501048845342,91.32361047217844,150.0,5.4,0
22.46,92.69,1034.0,42.67,1
25.67291111,94.23135278,968.0,24.47,1
27.269595227382485,92.62388461649029,1331.0,29.77,0
25.63,94.25,1026.0,32.09,1
22.895235,92.747812,1010.0,24.98,1
24.729720447909457,93.98593497738636,782.0,3.88,0
23.22966667,91.49532222,51.0,12.33,1
27.803972,93.543083,941.0,26.92,1
25.302544,91.925218,1184.0,13.97,1
26.256833,95.096639,1285.0,13.2,1
25.387488501957503,94.00919341535835,1525.0,20.01,0
27.238515,88.48812389,398.0,32.14,1
22.71338993986546,93.1426647999376,1302.0,27.36,0
24.94591092408327,91.78509945313571,8.0,0.51,0
27.370472,88.686417,2752.0,36.72,1
25.86975974215056,92.80473562744729,90.0,2.61,0
28.61883111643008,95.44062327095487,2378.0,50.41,0
25.514062732295248,93.60254023620224,869.0,29.83,0
26.525823605836013,94.26865779489243,335.0,20.64,0
26.331333,94.280389,864.0,42.75,1
26.323032087951017,94.9849418443049,1947.0,39.32,0
25.78738020094292,91.51876084754912,687.0,14.73,0
24.659389,92.497361,33.0,4.68,1
26.307337813005805,91.9386874152392,56.0,1.31,0
27.171639,88.159333,1401.0,19.02,1
25.21565001855225,92.59798222665212,1321.0,59.49,0
25.85498,93.56638,249.0,22.62,1
27.137694,88.401556,1849.0,46.35,1
25.265578,94.064836,1353.0,32.95,1
27.011413323641843,88.46877101500087,304.0,41.15,0
27.31960050838113,92.06282927116456,3624.0,15.72,0
27.49577289199552,93.81025909381395,1513.0,16.4,0
28.270582525138813,95.0559736860037,1391.0,11.22,0
25.910583,94.206417,1315.0,32.99,1
23.65475,92.690083,860.0,32.44,1
23.55444444,92.70527778,826.0,5.91,1
25.72753347358844,95.0008749252962,2995.0,29.68,0
26.344913292408343,94.19114799780871,242.0,28.83,0
25.243783,91.738698,1091.0,42.68,1
25.759278,91.882861,771.0,10.82,1
27.239333,93.745,410.0,17.75,1
23.70972222,92.72222222,918.0,31.97,1
25.122,93.025,691.0,24.22,1
23.59194444,92.75055556,701.0,25.62,1
25.787,91.876583,736.0,12.94,1
23.603629,93.355925,1373.0,37.46,1
25.81689,92.71744,214.0,15.92,1
22.68,92.59,132.0,16.15,1
25.413086,94.526303,1149.0,20.31,1
24.686651,94.258667,1372.0,42.04,1
23.512147,93.359164,1299.0,36.04,1
24.814333,93.428306,417.0,17.68,1
27.54816682557525,88.73313412231866,3337.0,3.91,0
22.689457529292888,93.0598726752434,1222.0,28.09,0
27.01003331100887,88.6324065576368,1307.0,16.55,0
25.19479460126337,93.44313702840265,900.0,19.52,0
26.47699196815306,92.08454350586304,65.0,6.53,0
24.33,93.67,939.0,8.32,1
22.913414,92.754501,1169.0,46.78,1
23.245819,92.798233,868.0,33.11,1
27.759556,94.712333,455.0,31.49,1
25.52791176033209,90.53488304304616,369.0,5.2,0
25.15764395878256,92.63734844751858,1280.0,14.75,0
22.149567616750097,92.53777134958922,300.0,15.03,0
25.179194,94.526528,1293.0,29.08,1
25.041083,92.783111,91.0,30.2,1
27.179278,88.190972,1969.0,20.86,1
23.59885171510463,93.4307831765234,1032.0,24.4,0
25.331948,91.661011,1546.0,19.55,1
28.69170068675204,95.6894349466702,2856.0,40.89,0
25.887003728852964,93.89634377704508,160.0,1.06,0
27.22031722047677,95.52096472626552,209.0,4.07,0
24.439057442847805,93.30538187492763,419.0,23.91,0
25.18955556,93.09641667,535.0,23.64,1
26.562222,94.773056,1174.0,36.4,1
22.37,92.63,113.0,6.15,1
27.215611,93.123139,1268.0,22.63,1
28.954822129376577,95.91884803294458,3812.0,24.43,0
23.627670462210265,92.4675775998353,685.0,23.61,0
26.52997199535,95.21197376322488,1851.0,20.53,0
23.99845111933057,92.55763763976144,88.0,7.94,0
25.623067,94.114196,1593.0,27.8,1
22.14516914769777,92.5398542142039,287.0,24.58,0
25.44857048527436,94.70351744061972,2177.0,19.57,0
28.252507,95.781741,764.0,37.81,1
22.893372,92.946724,539.0,38.88,1
27.629361,88.695194,2095.0,37.33,1
24.18,92.54,82.0,23.03,1
26.178805151965044,95.1113146640731,2472.0,26.48,0
22.35,92.74,286.0,5.89,1
28.744078,94.86976,468.0,31.25,1
26.47033569451485,94.91239690861109,694.0,11.07,0
27.460656,96.412177,637.0,29.97,1
23.546627,93.381058,1660.0,52.76,1
27.7257,93.9656,537.0,21.02,1
24.83986831349916,94.78971891897696,192.0,12.57,0
24.9770043176136,94.29376945587444,1046.0,14.98,0
25.57159169075814,94.70926121216856,2048.0,34.39,0
26.19244444,91.76422222,101.0,14.16,1
27.61424946875936,91.72880780476734,2400.0,42.81,0
23.58694444,92.8175,633.0,3.89,1
28.100914,96.449162,1304.0,41.29,1
27.859811995753088,93.5683505549482,1259.0,28.96,0
25.330042624294496,93.81531381878057,1598.0,21.66,0
25.412958,93.242826,600.0,13.86,1
23.837251205317003,92.44819085158674,318.0,26.56,0
25.309969,92.69525,1157.0,15.8,1
25.101083,93.620333,1095.0,45.18,1
24.24472222,92.69111111,426.0,39.0,1
27.1273167927971,94.00404971409594,86.0,2.22,0
25.321861,94.523839,1247.0,33.11,1
24.71301175234067,94.45633515275098,705.0,35.78,0
25.09609930561077,91.82249676903766,14.0,1.06,0
27.282,88.415028,1380.0,45.27,1
27.352092155211377,92.67650922334998,2181.0,24.85,0
28.638336,95.856331,897.0,50.47,1
24.768202040937613,92.81681487440548,28.0,3.27,0
28.061030754751528,96.20626869696017,1871.0,55.05,0
25.929976650773565,91.00481140969374,68.0,0.93,0
25.92395642365693,92.10984028993526,823.0,13.95,0
25.126167,94.456278,1876.0,27.59,1
28.09703132137903,95.98146389447152,887.0,38.32,0
23.454924,93.260137,780.0,20.02,1
25.579,93.87,1621.0,34.64,1
25.337547518761387,92.20795303195985,1214.0,3.79,0
27.394,88.62525,1577.0,40.61,1
23.54583333,92.71861111,847.0,23.45,1
27.74842462912835,93.90371719580534,1453.0,50.1,0
23.28621,92.857249,836.0,32.67,1
22.483999,92.954002,511.0,17.08,1
25.61948662067585,94.9938400242858,920.0,35.03,0
24.94445137592866,93.28476694074914,382.0,27.43,0
27.25236891965298,93.86486662482632,227.0,5.47,0
26.93633657127507,88.22952395348761,1089.0,15.68,0
26.081472,95.02625,1836.0,30.7,1
28.25521343589789,96.01819168049664,1966.0,23.04,0
27.504801969702104,88.82215113974267,4425.0,31.06,0
24.57390007974165,94.18104223928702,1140.0,31.66,0
25.682333,94.760111,1598.0,27.91,1
25.631122,94.748497,1997.0,18.21,1
25.956333,91.85725,400.0,10.89,1
25.05664169035246,93.7543327191204,1764.0,46.89,0
22.64602533504901,92.34581207950272,64.0,18.15,0
28.10679002917126,95.36313581811793,188.0,0.35,0
23.615,92.79222222,331.0,29.61,1
25.673472,94.716222,1204.0,15.2,1
27.400278,88.356861,1566.0,20.06,1
25.91422,92.49972,317.0,30.26,1
24.077014,92.790809,933.0,35.09,1
27.330021007810725,92.6640583495988,1780.0,34.66,0
25.68625,94.043194,997.0,18.17,1
22.963326101815216,93.45560524494368,1237.0,33.46,0
23.58611111,92.72944444,610.0,42.11,1
25.19732379271377,92.91506191786692,800.0,4.18,0
25.69150833,91.64160833,1338.0,2.57,1
24.099377712383937,93.02221651638924,112.0,18.08,0
23.57055556,92.70888889,904.0,32.8,1
23.41,92.74944444,1224.0,27.74,1
22.892977,92.947433,536.0,27.54,1
25.68436111,94.20497222,919.0,27.32,1
25.44716111,91.59067778,1635.0,23.91,1
24.55987778,93.12541667,334.0,23.63,1
25.568372,93.733314,1186.0,28.33,1
25.067194,94.632972,1316.0,30.38,1
24.500628551283647,93.49756172616604,592.0,21.96,0
27.221778,88.390861,1589.0,18.25,1
26.73052778,94.83911111,301.0,21.3,1
26.089806,94.349306,1035.0,22.76,1
23.02105264147628,92.51226874236362,214.0,28.58,0
23.730863823082966,92.4569075852704,384.0,22.27,0
25.22194444,91.38422222,240.0,20.49,1
23.152955895856643,93.44034302689128,1448.0,35.7,0
25.266939,91.383208,751.0,11.15,1
24.11,93.53,661.0,17.33,1
25.09509572800219,93.54096599574882,1239.0,27.92,0
25.47016915730909,91.98496020445916,1633.0,10.56,0
26.187773041050715,93.91843047662972,115.0,1.39,0
25.062950617549003,93.95066335945845,1173.0,8.96,0
23.674694,92.597361,1033.0,35.34,1
25.23151478774189,93.53109348128208,1521.0,60.85,0
24.66675760802269,94.51101209439396,501.0,35.25,0
24.301806,94.059917,1316.0,27.58,1
26.13379,94.632141,1236.0,16.0,1
24.894359,94.320541,1306.0,22.22,1
23.82527778,92.8325,400.0,33.05,1
27.379639,88.315361,1516.0,34.86,1
26.461169917372523,95.14601891173656,2003.0,26.48,0
27.82870987724254,93.76652202832835,1689.0,22.41,0
27.164528,88.348472,1099.0,27.94,1
29.003285522753423,96.05239459016812,3649.0,26.96,0
27.041190997272032,93.06056521046548,901.0,32.38,0
27.40031659595395,93.1880073606057,2102.0,37.08,0
23.60805556,92.74083333,808.0,19.46,1
23.802772,91.272189,19.0,5.38,1
26.936043,95.370996,408.0,21.72,1
23.395375,93.369426,1237.0,38.1,1
26.679143022188374,93.2414021058275,62.0,0.0,0
25.65792,93.11811,357.0,8.83,1
24.21,93.21,852.0,30.27,1
27.176,88.429556,1623.0,35.7,1
26.110811619652885,91.56705989511742,49.0,2.45,0
26.42545881651148,95.1989670728862,982.0,17.0,0
23.046442,92.772974,1035.0,14.77,1
27.116194,92.543111,1331.0,41.36,1
27.158944,88.427111,1586.0,40.68,1
28.77363,95.869239,1307.0,36.96,1
27.41829920824,88.41804159583634,2806.0,28.31,0
27.064499004548363,88.63346491749382,1686.0,38.13,0
27.697139,88.57025,2337.0,38.61,1
25.044833,92.429333,248.0,29.58,1
26.202167,95.017889,1492.0,17.6,1
25.450464,92.095806,1078.0,16.09,1
25.053149290331493,93.10229144029996,394.0,27.01,0
23.42127048647147,92.54693608544684,395.0,26.28,0
25.80299116855745,93.6455692511598,166.0,1.04,0
25.72739,94.10103,1234.0,18.24,1
25.768275276258112,90.8618695842079,588.0,9.22,0
25.651,94.514833,1211.0,39.52,1
28.136058558435515,96.11936758285762,2097.0,31.82,0
27.255861673548523,88.87229000195792,3341.0,27.39,0
28.31766058417336,94.00733321129356,2335.0,34.74,0
23.900770382246343,93.49625638319662,932.0,21.65,0
24.722227995760704,93.86429145004314,773.0,2.47,0
23.931478284932787,93.40147798013967,853.0,17.27,0
28.2688837955356,96.71911156761377,3419.0,30.99,0
25.259868206665224,93.96265858673276,1782.0,11.7,0
25.615,93.944,1723.0,25.36,1
28.18525,96.53256,1079.0,29.56,1
27.129861,88.266222,396.0,47.91,1
26.17756,91.76589,96.0,18.42,1
26.156533176774825,92.54149797153391,60.0,2.07,0
24.910619,94.321092,1052.0,30.75,1
23.459737,93.044479,1253.0,30.63,1
27.53187408528258,88.41396031841568,2364.0,21.76,0
24.24712646119223,94.37398516656656,171.0,1.64,0
28.12922947834532,95.3700311898438,221.0,0.35,0
22.101233037163155,92.52591956861158,307.0,16.87,0
23.72058121866515,93.56002968156156,1538.0,11.74,0
25.877753230860773,93.81322712675288,152.0,0.35,0
22.282529961279973,92.82426245227435,256.0,25.55,0
27.809028217437582,94.55279045782568,632.0,24.3,0
23.933904,92.673871,225.0,19.13,1
27.15572226411232,96.25996443490644,627.0,11.61,0
24.930056,93.797167,1405.0,12.97,1
22.405001,92.861,654.0,16.97,1
24.965627433008056,93.95742764521576,985.0,27.84,0
25.148760008438494,93.55027965777369,599.0,32.78,0
24.32,93.15,733.0,13.45,1
26.750637544416087,94.89071083892708,554.0,27.23,0
22.573833,92.917519,998.0,33.11,1
23.346456,92.851511,906.0,28.42,1
26.768833,95.086194,992.0,28.65,1
27.47072771238378,88.08410708144918,4602.0,30.35,0
22.99175812074872,92.6173455390601,237.0,19.71,0
25.04802253678809,93.79358685408184,1274.0,21.83,0
25.086106363351536,91.5412689213735,14.0,4.28,0
27.411306,88.516611,608.0,55.15,1
23.62833333,92.72333333,797.0,20.26,1
28.23726267098333,95.39487058702154,1486.0,39.27,0
25.89197466669678,91.06390217557524,70.0,5.65,0
25.434405746537628,94.7140371914928,1870.0,37.62,0
25.426194,92.180472,1360.0,21.29,1
27.420722,93.011083,481.0,23.86,1
26.845472,95.077639,254.0,25.55,1
25.519556,91.266444,1333.0,5.63,1
25.095282273212675,93.48854215309376,387.0,22.03,0
24.898443139148164,92.361338377449,22.0,1.12,0
27.10421926345976,88.54711226360128,1685.0,19.19,0
23.89138889,92.84888889,568.0,24.16,1
24.49454589161481,94.3119810535947,667.0,17.42,0
25.695552,91.903777,879.0,30.36,1
27.186611,88.206278,1671.0,30.58,1
25.23676764347861,92.57072345981165,912.0,35.47,0
27.1545,88.275667,755.0,29.29,1
24.304417,94.243889,702.0,21.81,1
25.899894,94.624047,1825.0,39.87,1
27.31125617420107,91.82220827142156,3474.0,33.77,0
26.075944778257888,92.51883088875522,113.0,6.22,0
27.4097,88.54371,1517.0,39.2,1
26.26336111,94.81563889,1298.0,16.45,1
25.034948,92.778753,88.0,28.65,1
23.319531261247704,92.53373871619108,876.0,9.41,0
25.010531122895383,92.1471549624506,14.0,0.34,0
23.367366,92.767304,1144.0,49.17,1
23.784060110735915,93.25495565186714,1834.0,36.75,0
24.900321678265968,93.28394444294857,218.0,25.32,0
24.62780092132388,93.83675331476304,775.0,1.02,0
27.26616667,88.72697222,1914.0,36.38,1
22.999076647749057,92.36128288713785,73.0,6.3,0
25.53939601816392,90.9222818764121,661.0,31.24,0
28.155083793315043,95.66640873576456,221.0,3.5,0
22.54118726690424,93.22600337655156,716.0,30.32,0
23.27527726927669,92.95696510620076,460.0,31.44,0
24.800125,93.700025,687.0,39.02,1
24.5606,93.13071389,464.0,29.18,1
26.760194,95.107778,899.0,15.83,1
23.95496661392326,93.41769022217704,1031.0,16.49,0
22.221548628850844,92.52356914746566,135.0,19.86,0
25.587111,91.498556,1567.0,17.52,1
27.54750638498327,93.25655189402696,1802.0,30.89,0
27.155306,88.390278,1198.0,41.82,1
24.665650336319064,94.63974275617016,497.0,22.54,0
27.88929747726949,93.7282056416175,2077.0,30.76,0
26.989112989840773,93.38061826194716,624.0,25.8,0
27.20028173264112,93.99954959492314,97.0,2.13,0
25.186389,94.52025,1458.0,19.57,1
27.22858300248867,92.20540975032566,2822.0,8.56,0
26.93795140246892,94.8969527187292,118.0,4.16,0
24.109896456569555,92.7159180057664,212.0,33.87,0
25.244199828565066,94.6628199205676,1744.0,22.22,0
24.32876476700946,94.41153955953452,175.0,5.68,0
23.222652,92.940269,409.0,34.75,1
25.61597,94.09208,2250.0,41.54,1
25.97337073291488,93.90084387243444,148.0,1.13,0
24.9166956985846,92.31233451284363,22.0,1.85,0
26.89074,92.12068,228.0,44.05,1
25.81,91.02,431.0,25.01,1
23.496347,93.310454,1523.0,11.49,1
23.20190443342989,92.34545504394174,310.0,29.35,0
25.03964513017345,91.57991017550128,7.0,7.9,0
22.403697591657743,92.80603590955404,263.0,28.38,0
25.003510343411747,93.80016291697386,1851.0,20.57,0
27.10954756444438,88.63449387297894,1815.0,46.87,0
25.172918,92.995982,429.0,7.41,1
25.12637277507743,93.45584325252824,814.0,29.33,0
25.40858138321744,91.28480626421371,1386.0,10.66,0
24.813889,93.245222,139.0,30.02,1
23.966917,93.041473,1106.0,39.17,1
27.68083629933133,94.22565193152326,1417.0,43.2,0
24.958102831067624,94.07508978291423,841.0,9.22,0
23.305259,92.809736,488.0,10.35,1
26.179958794956136,93.9882960053682,114.0,3.27,0
24.865153991786364,92.26151133097676,17.0,1.64,0
25.369972,93.260306,371.0,21.61,1
25.971897,91.562372,280.0,32.81,1
23.795444,93.04039,530.0,16.81,1
23.00011111,92.67905556,529.0,3.28,1
25.1,93.28,909.0,12.57,1
25.64635143194731,94.96508426830778,1332.0,37.44,0
22.241468734077745,92.80887782974048,396.0,14.79,0
26.52185065398377,95.21625380444657,2012.0,32.24,0
27.56236509745358,94.17000988181492,652.0,42.54,0
23.428061,93.339182,1294.0,31.07,1
22.826855,92.971519,1274.0,36.85,1
23.198961,92.590043,687.0,19.15,1
26.3214582627566,92.0918445024278,47.0,0.0,0
28.27138,95.90606,2413.0,42.17,1
26.1434,94.633527,1394.0,30.14,1
27.12322980069577,93.43846450863649,1270.0,37.02,0
27.937861,94.702139,913.0,33.14,1
28.260051,94.984752,286.0,19.67,1
25.039063395500094,92.2900062200064,22.0,0.74,0
24.751139,93.462806,477.0,38.24,1
27.327333,93.043611,804.0,14.24,1
27.12011795834877,88.69510463687618,1845.0,28.85,0
27.188528,88.501194,394.0,29.35,1
23.097,92.696358,927.0,23.2,1
27.994349756801483,93.27965157774476,2776.0,33.81,0
28.207796,95.807742,908.0,29.19,1
23.186133,92.735682,850.0,35.09,1
24.09816771861277,93.83062318939054,991.0,13.28,0
25.51776807662072,94.056582615118,2393.0,26.93,0
26.792579683905338,95.360618902876,645.0,26.05,0
27.10570556,88.35308056,489.0,25.51,1
23.737167,92.557167,734.0,19.44,1
23.479667,93.225722,1003.0,25.49,1
27.399256483526504,93.22115318418308,2409.0,19.89,0
25.14677778,93.03097222,483.0,22.34,1
25.356461,92.006278,919.0,34.45,1
27.24749902328965,93.91143587171342,175.0,4.19,0
25.002006415423445,93.28776288206826,355.0,18.17,0
25.185798506610432,92.75920828391772,1189.0,23.73,0
28.265532,95.549321,513.0,40.33,1
25.55389171483171,91.0096224821618,818.0,22.82,0
27.311231,93.04677,937.0,23.68,1
27.217667,88.234639,1196.0,28.78,1
28.609263,95.856878,679.0,62.67,1
26.627766159655227,93.1726107334332,69.0,7.23,0
24.14,94.07,1452.0,29.78,1
24.22,94.11,1158.0,23.49,1
25.631,94.174,1114.0,18.31,1
25.899241041505647,93.70353231698998,159.0,3.24,0
26.92666,92.73966,156.0,23.54,1
24.125294,92.805847,703.0,9.42,1
23.563776938833865,92.9385885949168,1418.0,36.52,0
24.517113993314112,94.38848099630768,373.0,19.24,0
28.06006,96.44636,652.0,39.39,1
23.235651,92.673058,886.0,23.93,1
25.22466367294935,93.4578336702828,1008.0,20.79,0
26.196222,95.020722,1349.0,19.86,1
29.042320463884053,95.83408390434012,2272.0,30.38,0
27.045066231397428,93.36245936109368,264.0,4.18,0
21.91760907537948,92.4951925137072,487.0,24.98,0
28.77177874542677,96.0060551732494,2898.0,34.81,0
25.70552108964985,93.8444553329443,352.0,1.73,0
23.899305,93.015587,1066.0,22.4,1
25.62905598694065,92.613324293643,745.0,7.23,0
24.49112222,93.62215556,1216.0,29.41,1
25.177028,93.020889,571.0,10.22,1
28.29543994739064,95.6765037742148,391.0,6.09,0
24.391361,94.154361,1312.0,16.7,1
27.51960894702936,93.69108339496113,1733.0,35.14,0
25.4622932811482,94.23832674673248,1465.0,7.43,0
25.348394,91.762714,1547.0,18.57,1
27.57021723832512,88.72628187797254,3789.0,34.36,0
24.413873,92.241309,57.0,1.72,1
28.360009938225627,95.8641907227637,1995.0,19.57,0
23.32351259912172,92.9699378337546,1533.0,30.36,0
26.42608,94.398916,865.0,45.88,1
25.439370874017445,94.240131672239,1979.0,36.83,0
26.03971176903013,92.65555373291602,64.0,4.89,0
28.0656397003685,95.82822006819649,220.0,6.54,0
24.764917,93.46125,458.0,10.52,1
25.238186355464336,94.62751435170192,2259.0,10.55,0
27.96325,96.40097,526.0,32.61,1
28.265803,95.570892,540.0,27.22,1
23.42561533961639,93.5344195779576,827.0,20.24,0
27.269861,88.178139,1312.0,39.08,1
25.652,94.121,1288.0,28.47,1
28.40481562016006,95.97795462960774,1316.0,35.17,0
25.585389,91.1765,1211.0,7.58,1
27.90772,96.34517,1155.0,32.24,1
27.795283465798327,94.82035193680817,730.0,22.42,0
24.1,93.28,1184.0,24.24,1
25.6074849592617,93.58980614436788,398.0,1.81,0
24.19,93.97,871.0,32.76,1
25.55994267317741,93.5885821458031,320.0,2.78,0
28.21909,95.791084,1009.0,42.36,1
28.1070491153964,94.89340441666651,832.0,29.8,0
28.25203,96.54264,1886.0,27.62,1
24.974242517815465,91.58459326250184,16.0,3.58,0
23.602028,93.083824,1167.0,32.36,1
26.91774263462769,95.13651732232906,197.0,7.26,0
26.95353191154477,88.49311950826107,1139.0,26.18,0
25.69540288833696,91.83516061759568,861.0,12.3,0
25.12178923084142,94.15211957587096,969.0,25.27,0
28.607425837399028,96.00731057031238,2341.0,32.67,0
24.67825682327483,94.5661149900976,229.0,1.85,0
23.630914,93.079723,963.0,19.22,1
25.86877248392511,90.96485121528826,219.0,33.5,0
25.18352981519852,93.48332751734787,1138.0,8.42,0
23.409674,92.750935,1183.0,29.28,1
25.671957,94.231096,922.0,20.42,1
27.757981601614475,94.21538731196424,801.0,25.67,0
25.643494,91.159222,1214.0,14.91,1
25.621,94.212,937.0,36.19,1
22.300229780909376,92.53631368374847,497.0,16.08,0
25.188327,91.761486,144.0,20.87,1
23.926427457736867,91.45254076001754,47.0,1.29,0
27.42604531175644,88.03261758115629,4279.0,24.97,0
23.900694,93.015587,1077.0,23.38,1
23.52722222,92.70055556,811.0,36.65,1
27.72321571487151,96.34478549520011,933.0,13.6,0
27.499316864977136,88.96905330025542,3900.0,10.06,0
23.76972222,92.74472222,1153.0,35.72,1
27.797806,93.96175,441.0,32.2,1
26.981322387216903,88.34700512701805,1473.0,19.41,0
24.74769981415444,94.8019532284959,123.0,0.74,0
25.435741634484955,93.80702151566148,1426.0,27.58,0
26.979710414033995,93.7854548496292,89.0,1.83,0
25.095525167095747,93.55788888666832,1327.0,10.0,0
24.506528,94.180389,1516.0,23.42,1
26.723,95.029139,720.0,16.69,1
25.240315,91.733388,1096.0,48.92,1
24.86908572936764,94.044195012218,787.0,2.41,0
27.212222,88.587889,1399.0,38.82,1
27.08095889707467,95.98474804530152,1701.0,4.24,0
22.58670148094741,92.5847253495672,312.0,41.45,0
25.895111,94.650258,2055.0,21.47,1
26.176111,95.023639,850.0,31.31,1
24.494794481099568,93.44692612677916,516.0,18.01,0
27.257083,88.65975,1642.0,24.1,1
28.223799973420288,95.70325019447124,231.0,2.56,0
27.216778,93.074944,1076.0,20.67,1
25.23235427021079,93.7943590153532,1643.0,7.5,0
23.41333333,92.73972222,1129.0,28.14,1
27.868950837226144,94.9013055213445,370.0,33.06,0
25.096611,94.551028,1650.0,23.29,1
27.317270829486308,92.86606829028015,983.0,41.02,0
23.490115862980208,93.49422629614638,1410.0,27.46,0
25.436875,91.06105,685.0,19.37,1
23.932181725660413,93.84658456963749,1677.0,18.36,0
25.23779060654804,93.66647947961044,843.0,40.85,0
26.845557232230057,94.95559950999755,618.0,21.52,0
25.790574594332448,94.59254661070668,1802.0,34.44,0
22.91745801283076,92.61553395817124,158.0,7.12,0
24.19111111,92.60222222,183.0,29.7,1
28.588692984349866,95.67734503295902,2624.0,25.72,0
24.112603661503627,93.68637779427992,1149.0,22.09,0
27.330435199368868,88.99346245784787,2778.0,40.92,0
25.02414354067072,92.26782921393368,13.0,3.5,0
26.958104847313965,88.08196310261303,1439.0,20.93,0
23.83111111,92.83138889,342.0,32.03,1
23.948917,93.038719,1053.0,26.77,1
28.963981,95.808627,1546.0,26.55,1
23.87964561600756,93.72048547172037,1306.0,34.48,0
28.254509,95.581558,423.0,19.47,1
25.243358,91.747094,1117.0,35.24,1
25.388553613150744,91.29441030060804,1449.0,3.16,0
25.781246,91.874475,698.0,8.79,1
22.65,92.67,371.0,19.41,1
28.99462630045128,96.01266297978016,3471.0,72.62,0
25.447378,94.049444,1357.0,25.13,1
23.288105,92.857432,862.0,42.57,1
25.488716311718825,94.77121942637636,2480.0,21.55,0
22.17,93.01,970.0,34.71,1
23.55198447439724,92.51760155431089,186.0,4.13,0
22.83528,92.80519,1229.0,28.61,1
24.22416667,92.97638889,672.0,5.53,1
25.03028090358857,92.9299221471335,353.0,24.55,0
22.673,92.844002,906.0,24.33,1
27.089394,95.729849,779.0,20.24,1
25.41163052179808,94.87193833780788,1634.0,31.99,0
27.078472,93.605639,234.0,13.87,1
26.093972,94.217417,1117.0,23.78,1
26.531196858997912,95.217384724342,1764.0,35.23,0
23.182466,92.487731,785.0,10.35,1
25.78311087383422,92.3698800558706,720.0,6.88,0
25.471556,93.726778,1534.0,39.44,1
22.458916,92.886108,945.0,7.78,1
27.130056,88.412944,1731.0,26.82,1
23.733222,92.557833,710.0,25.71,1
27.85447422981902,94.52763387266234,1584.0,34.89,0
25.2175575296405,93.91725885613292,1517.0,15.3,0
24.71810073982838,94.54518518016476,329.0,18.64,0
25.17483,93.019861,650.0,30.47,1
25.987385258793587,93.79893255046478,136.0,0.0,0
27.38155556,88.63883333,1696.0,25.61,1
29.10060437014509,96.06314149751184,2522.0,41.16,0
23.56332778,93.10553333,724.0,25.55,1
24.639311,93.691111,1272.0,31.19,1
27.72113611566584,93.770859236973,1883.0,23.97,0
25.27707832751902,92.93766830138746,658.0,7.54,0
26.601736798996622,95.23802151105475,1056.0,13.64,0
24.938765441490105,92.01934150760964,19.0,1.12,0
24.04,94.08,973.0,26.54,1
22.73847788344517,93.09994888029564,401.0,30.35,0
28.54600894572948,95.89796176414762,2397.0,27.15,0
25.818947,94.8075,742.0,27.9,1
26.037139,94.258306,1436.0,19.72,1
23.954563240003523,92.58955734032702,586.0,26.65,0
26.13231559562409,94.94249711979602,1431.0,23.81,0
23.70272,92.71631,1097.0,37.13,1
24.983194,93.500417,1225.0,12.58,1
22.375,92.858002,361.0,15.9,1
23.410218,93.343897,1307.0,21.05,1
25.34522002540479,94.67804897109286,1442.0,17.84,0
22.11,92.85,295.0,26.82,1
25.696,94.318,1511.0,30.62,1
23.036246228579746,92.5286000330039,271.0,24.95,0
22.77480399589162,93.103275457741,425.0,21.94,0
25.318161,92.687219,904.0,19.79,1
24.228111,92.287417,64.0,3.48,1
23.62358561507385,92.45237099736994,441.0,6.99,0
25.649428,94.737028,1797.0,31.96,1
23.460006938799,93.60814556347704,1331.0,28.99,0
27.936476168185028,94.0232603629312,1659.0,14.2,0
27.25884530026104,88.88069501762229,3518.0,63.26,0
23.21509545073664,93.40388819438952,909.0,15.73,0
26.424167,94.863889,637.0,25.08,1
26.57411,93.09811,89.0,15.8,1
25.24674863683548,90.9237039803321,551.0,10.29,0
26.571222,95.096361,1407.0,28.96,1
25.851617,94.528211,913.0,23.22,1
24.89581662699361,92.3363037636651,17.0,2.9,0
25.15139452857288,92.30995264458242,86.0,15.93,0
25.486262014738244,93.83352443914444,900.0,35.23,0
25.123,93.034,715.0,37.32,1
25.54985278,91.91202778,1635.0,19.21,1
23.74035095260757,93.53423975635909,1057.0,12.2,0
25.03875441995193,93.73161243294828,1362.0,21.34,0
24.633083,93.610222,846.0,20.23,1
22.904615,92.75705,1159.0,23.36,1
27.40389815858785,93.84439172561572,1362.0,55.64,0
27.01259128022297,95.31833161313688,304.0,8.15,0
23.747444,92.696194,792.0,26.9,1
26.699056,95.079417,754.0,41.87,1
26.426062631710533,94.50292473803223,631.0,20.8,0
23.46524184757904,93.45577763450602,1066.0,26.74,0
23.48076332386273,92.50147343151627,590.0,40.55,0
26.206111,94.223333,515.0,33.84,1
25.153472,93.712444,826.0,34.3,1
25.20283,91.20908,50.0,12.0,1
24.97,92.76,24.0,3.84,1
27.36977778,88.54466667,1735.0,34.19,1
26.3287,93.269194,328.0,20.63,1
25.287611,94.5295,1159.0,28.77,1
27.936727068671075,95.25182571959856,164.0,3.67,0
25.308028,93.471028,1594.0,25.92,1
28.49605119480257,95.99659948675028,3721.0,30.94,0
23.8106840347164,92.43576900985248,261.0,5.6,0
24.983528,94.158333,1118.0,18.51,1
26.116361,94.323778,1138.0,6.17,1
27.241,93.731417,408.0,24.47,1
25.116778,94.353917,1699.0,30.18,1
28.05544744278411,94.46999959659138,816.0,29.89,0
28.929983664175417,95.69807403613666,2250.0,18.45,0
26.105016051036905,94.69389503484967,1974.0,40.61,0
25.29967,91.46108,1047.0,17.95,1
27.44195319386259,88.2513894229033,2872.0,40.15,0
27.411944,93.010528,416.0,20.05,1
23.9421687807267,92.56454296321245,382.0,30.08,0
25.39630686197662,92.48680785442728,1032.0,6.4,0
23.773722183535103,93.44414026594085,912.0,21.04,0
23.160443,92.743261,863.0,17.25,1
23.25986389,93.16155278,1215.0,25.81,1
27.366447569171903,93.25712516786515,1675.0,22.8,0
25.082778,94.550694,1543.0,36.18,1
23.386777837550152,92.5785907981874,272.0,14.53,0
25.187817692801644,93.8669591426864,1459.0,20.36,0
25.44051349860217,94.70600686259546,1976.0,35.25,0
26.32628334911918,93.9419960847553,111.0,1.19,0
26.0049,93.9901,552.0,24.0,1
23.896806,92.283361,382.0,29.8,1
25.688833,91.653639,1046.0,27.77,1
28.06615767487008,94.5019853645634,515.0,32.33,0
27.906463342456167,93.7485140186333,2211.0,42.41,0
25.660275,91.144308,1177.0,8.62,1
25.172806,94.347694,1726.0,34.03,1
28.25195159856808,96.8064940421466,3948.0,31.39,0
23.54277778,92.72361111,701.0,16.26,1
27.52101548678552,92.866252555955,1149.0,25.11,0
27.39472222,88.62361111,1585.0,18.14,1
25.22421590612121,94.62786378601425,2010.0,32.17,0
23.397861,93.3845,1055.0,20.36,1
25.07709010058391,94.79761219103337,1027.0,21.22,0
24.6572107001009,94.04347377566393,782.0,3.19,0
24.734861,93.296,379.0,26.23,1
23.12161863585716,92.44373409143822,138.0,16.38,0
26.713089610577512,95.3143337135275,950.0,22.01,0
25.90939479612418,91.16244596244904,98.0,21.24,0
24.48308611,93.58860833,866.0,17.73,1
26.989453017573027,94.9521013981365,140.0,2.09,0
28.99915113232841,96.11522897588787,3376.0,27.99,0
25.23591628109869,91.28294397197854,692.0,6.69,0
27.297167,93.050889,1332.0,14.47,1
23.413178803065897,93.4465091269365,1239.0,25.41,0
23.322760888428714,92.52134616702206,627.0,32.51,0
25.929733,94.072478,511.0,44.62,1
23.502336,92.697334,706.0,32.23,1
27.6375,93.8555,1818.0,20.61,1
27.473410567310843,88.33183169965156,2750.0,40.49,0
25.85072,93.56682,250.0,7.93,1
25.632775146746297,91.25480368370474,1195.0,6.04,0
25.263528,93.390611,837.0,28.41,1
23.918461,92.741531,985.0,23.51,1
22.62340863490163,92.49042525878043,160.0,14.39,0
26.483630686048027,95.23157496612843,1375.0,40.92,0
26.666778,95.200833,1056.0,20.11,1
25.634299254093605,94.9512227991382,1894.0,53.19,0
24.798077,94.406137,1308.0,22.43,1
26.91134743192637,88.55563613192182,383.0,11.35,0
25.392389,94.454333,1542.0,24.33,1
26.11464,91.83886,175.0,17.34,1
27.201875,88.667278,988.0,36.75,1
23.927194,92.275389,687.0,27.08,1
25.66969,94.06267,1445.0,34.51,1
26.921526368261432,95.67077463101582,1523.0,31.3,0
25.716061602528605,92.4350829029232,920.0,19.63,0
25.471526,94.151784,1548.0,8.4,1
25.51028,90.21678,325.0,11.6,1
25.62978,94.19514,936.0,26.22,1
24.895,94.242972,1224.0,33.57,1
24.952611,93.487611,1187.0,27.57,1
25.11976088280773,91.99915096820752,15.0,1.53,0
25.043667,92.425444,216.0,32.02,1
28.662811231804643,94.23210856279094,3590.0,36.7,0
25.160398,91.489558,34.0,4.52,1
26.990559927238543,92.45823278029395,496.0,20.76,0
27.373928611391072,92.0700986250598,3097.0,35.72,0
27.503520202069083,88.77298343475799,4764.0,20.76,0
26.94872577153533,94.92556183401804,111.0,2.96,0
25.228356635554224,93.5840874495835,766.0,26.85,0
24.56864983423625,94.21878600561423,1333.0,21.14,0
23.204981,92.534603,776.0,8.14,1
27.03106,93.62292,312.0,8.7,1
27.23444444,88.49083333,361.0,33.68,1
24.5030247382888,93.46224340630464,547.0,28.17,0
25.74697,93.98167,885.0,17.66,1
25.74467,94.08672,1421.0,23.02,1
25.332523776313007,94.42892836296154,1115.0,18.6,0
25.941708759739647,93.79741824379236,143.0,2.53,0
24.68432871914281,93.83416900619125,822.0,20.84,0
26.337778,94.929167,1182.0,27.1,1
23.997079461265866,93.39783237744192,1510.0,39.13,0
22.95236828843936,93.0866066185351,777.0,25.05,0
23.16864,92.740342,800.0,14.2,1
26.18065733316034,91.48250982526427,73.0,16.83,0
26.590520350504026,90.64893509258503,66.0,0.35,0
24.985833,94.60825,1537.0,23.69,1
27.006961279899777,88.06654194585495,1917.0,23.49,0
24.028194,92.091861,152.0,18.85,1
23.077813,92.89844,712.0,19.75,1
28.388118418514484,94.59384029925512,1356.0,26.54,0
28.283273647642275,95.0314113110616,782.0,19.88,0
24.06661998204919,92.98492050176172,628.0,16.18,0
25.722,94.081,1288.0,27.9,1
28.15699656357161,95.52508239711864,286.0,2.37,0
25.04240675854172,92.05110814477892,14.0,2.13,0
25.51,90.21,264.0,15.57,1
27.284528,88.195583,1725.0,34.81,1
25.22895551264063,92.85791447881668,761.0,9.24,0
25.507611,94.661028,1540.0,18.3,1
27.76087512220538,94.89077812642437,257.0,27.81,0
25.614112,91.869632,1291.0,22.43,1
24.877417,93.460583,1389.0,30.82,1
27.668278,93.629472,1105.0,24.98,1
26.825,95.076778,395.0,20.93,1
22.880117,92.831108,575.0,13.01,1
23.301399,92.699109,401.0,42.06,1
25.548306,91.61775,1637.0,21.09,1
25.665,94.215,808.0,24.86,1
24.67043170220785,93.42307360636724,615.0,22.44,0
23.67425,92.587278,1048.0,23.64,1
28.257258,95.777764,649.0,32.31,1
28.504747671751822,95.57617223775536,2524.0,41.49,0
23.878353358256525,92.59910481676135,434.0,29.68,0
23.958944,93.022781,896.0,23.8,1
24.950361,93.482333,895.0,31.74,1
23.712236653635124,92.43165554610928,342.0,7.2,0
28.44745745763075,94.942818610307,1685.0,32.05,0
25.09691132335618,93.10111863576404,601.0,18.02,0
24.96291778180732,93.2437388247805,143.0,16.03,0
25.434972,92.18425,1274.0,27.09,1
24.48053797342421,94.04508775458092,891.0,24.67,0
27.724818508629767,88.3871233539047,5313.0,36.95,0
28.708361396271435,95.81833685523613,1363.0,40.51,0
23.003361,92.962914,663.0,30.23,1
24.974675715805223,93.8286382820501,1407.0,15.13,0
25.07703470513129,93.7343707150299,1277.0,10.64,0
24.46203950566992,92.87375664846182,102.0,4.47,0
25.187583,93.653861,600.0,34.99,1
25.161654712690662,93.59209459849706,905.0,45.24,0
23.3154,92.791224,620.0,31.96,1
25.525533,91.467683,1692.0,23.03,1
27.417444,88.621083,1406.0,49.51,1
24.32,93.36,769.0,47.03,1
25.05125,94.556111,1771.0,44.25,1
27.398083,88.614583,1628.0,41.79,1
26.076583,94.433611,966.0,19.79,1
26.073167,95.0785,2068.0,34.02,1
25.51877828807697,92.89665739727502,443.0,22.75,0
25.23660156101069,94.73972211901642,1592.0,24.8,0
23.669056,92.888889,487.0,25.62,1
25.175972,93.020167,590.0,28.43,1
25.14879,93.031636,470.0,22.18,1
22.41852481235461,93.23815902639264,1284.0,40.77,0
24.85406220927205,93.29686824039126,997.0,5.1,0
28.323125457641705,95.46893690281117,1322.0,37.44,0
27.34249213834391,94.07978031062687,118.0,4.18,0
23.150719,92.74826,881.0,24.78,1
25.552707,94.161461,1408.0,35.25,1
28.243417,95.538216,613.0,31.2,1
23.308778,92.858357,960.0,21.71,1
26.041658,94.5241,1784.0,29.11,1
27.978869937344065,96.28235431417612,1311.0,58.97,0
27.329361,88.649278,1390.0,19.06,1
27.309012,96.158495,264.0,16.66,1
26.62101267970899,94.86672363746456,514.0,15.03,0
26.016157717152687,93.90954278143492,141.0,2.14,0
26.226972,94.211806,532.0,23.82,1
27.11220180888472,88.73076750607775,2553.0,23.22,0
28.64324741995049,95.15039697637388,2207.0,39.17,0
25.399649277224103,93.7245123100534,651.0,9.89,0
25.838681,94.788925,568.0,26.73,1
26.360556,94.933056,1361.0,11.82,1
24.792333,93.658222,447.0,33.77,1
26.247414,94.819895,1311.0,36.53,1
27.110583,88.340472,324.0,42.56,1
26.34675992103496,91.6232623563806,47.0,3.59,0
28.46242622544468,94.79666734208796,1109.0,22.76,0
27.025231843465868,93.71691515328392,127.0,4.7,0
24.65677341472214,94.46135377208718,699.0,21.07,0
26.02497666510735,95.1253401002708,2432.0,25.49,0
27.77543151711181,93.27410674403838,2109.0,23.57,0
25.733,94.022,1019.0,26.45,1
25.098678019067307,92.57317692521292,1121.0,18.17,0
26.204380889991725,92.09285820332708,51.0,1.73,0
25.62897029597344,91.3586415064998,1451.0,16.87,0
24.12,94.02,1281.0,21.76,1
27.158579,93.74103,168.0,25.6,1
25.85487,93.56583,246.0,19.22,1
23.427681,92.714959,905.0,24.16,1
24.61526569352446,93.77346985270844,786.0,0.93,0
23.816,92.84,294.0,23.2,1
25.57780356437559,94.68585485758906,1556.0,34.4,0
27.591417,91.973083,2617.0,34.36,1
25.2621902105122,94.7314735586477,2080.0,21.29,0
25.34869875822769,92.92544356918758,512.0,35.5,0
24.79825,93.72408333,854.0,36.02,1
24.88114903269552,92.8219420187674,26.0,2.09,0
28.405747759082328,95.54646024421652,1686.0,39.49,0
24.11429043120868,93.67807723662852,1177.0,31.86,0
25.181194,94.524861,1317.0,29.35,1
27.163861,88.462306,1512.0,21.28,1
25.89125,94.202306,1379.0,12.94,1
27.268119482318905,95.46445680219584,155.0,2.44,0
25.7641421,94.0777917,1255.0,21.15,1
25.27077996803021,93.93535200238902,1509.0,20.64,0
24.30768611,93.58120556,735.0,9.78,1
27.090352133359108,95.97198590400556,1591.0,10.81,0
25.44233333,92.19447222,1331.0,6.48,1
25.912413673089613,90.93527777364191,452.0,30.58,0
28.68766989722507,95.08258316297542,2314.0,37.81,0
25.20836,91.725397,586.0,25.38,1
26.43346038636388,94.27850900199682,270.0,6.54,0
28.437068568627023,95.68897509539586,1563.0,29.85,0
27.04964185246369,88.5002087053753,630.0,20.25,0
28.088696130417933,95.54376838045349,194.0,1.93,0
25.34181191741973,92.25162686099767,1242.0,11.96,0
28.383817799859823,96.68089125989472,2846.0,48.95,0
27.61775,88.623639,1738.0,16.94,1
25.41783422457945,94.8102038453685,1802.0,29.99,0
25.81236,92.55156,493.0,16.91,1
25.597778,94.767,1753.0,39.34,1
23.272218,92.873298,970.0,31.07,1
23.657186,93.087169,1128.0,35.43,1
23.70444444,92.76333333,893.0,45.59,1
22.922528,92.752404,1126.0,15.9,1
25.317878,94.069389,1060.0,14.88,1
25.401873408954835,91.1173120171144,634.0,41.71,0
25.66517787804138,90.63502885598798,297.0,4.96,0
26.92356063655044,94.89268989881931,260.0,16.61,0
25.18430349945352,92.5211481892593,201.0,11.03,0
22.803709,92.815636,835.0,34.77,1
26.205889,94.221583,560.0,35.84,1
23.254534765060416,93.49358935290556,2050.0,37.63,0
24.692906,94.258355,1454.0,27.88,1
25.297296868370395,93.7903650097724,1411.0,23.41,0
28.03906089551086,95.69323691441458,161.0,2.17,0
26.552069344140723,92.90615148228557,71.0,1.47,0
25.65275,94.032,1675.0,20.38,1
25.785117664657083,93.53782762966011,198.0,1.73,0
23.99777778,92.68166667,544.0,28.22,1
23.46954985600192,93.12872947627642,1105.0,28.76,0
25.922356196144666,93.84903474198872,148.0,3.92,0
25.693,94.043,1059.0,22.3,1
27.011145827019448,92.43862684261072,931.0,13.79,0
25.581,94.863694,1229.0,37.75,1
25.61276111,91.17375278,1166.0,13.68,1
27.476285,96.40896,511.0,25.87,1
26.80524368483784,95.13649526216456,664.0,21.04,0
27.300150479682063,93.26442684814396,1950.0,18.76,0
25.978975,94.512064,1647.0,17.08,1
25.665,94.214,848.0,21.04,1
25.360389,94.529917,1461.0,29.18,1
25.066396948978063,91.2515940327167,13.0,3.74,0
25.95143872481552,94.93289627916518,869.0,15.56,0
25.196781,91.574727,249.0,16.05,1
26.15427778,91.79263889,78.0,7.86,1
25.12,93.02,750.0,23.21,1
27.745194,88.544278,2806.0,27.67,1
22.459,92.873001,673.0,27.11,1
24.15,93.3,1376.0,17.06,1
23.322039,92.859147,1006.0,24.54,1
24.028721,92.909301,1068.0,17.36,1
24.675912878852028,93.83503629300776,770.0,2.47,0
25.75933,92.52258,713.0,13.78,1
28.09758371091056,94.44165920526544,1125.0,17.08,0
23.394732,93.381271,1091.0,12.81,1
28.305228631856643,95.33418304030428,2667.0,35.11,0
27.127485524028955,88.67591229179162,1081.0,28.0,0
24.866698721287943,92.1895164299688,17.0,3.69,0
23.86694444,92.91444444,1026.0,37.5,1
22.30509029042605,92.85793887387504,225.0,31.97,0
25.798708147410085,91.1863332288382,574.0,26.81,0
23.08989,93.020531,1319.0,34.53,1
23.75888889,92.73336111,1217.0,29.4,1
27.102,88.458667,433.0,25.35,1
28.785279273699608,95.04463289074894,2922.0,38.65,0
25.972469,91.560822,278.0,28.01,1
23.71,92.692528,649.0,37.51,1
23.26874531649352,93.476509787127,1481.0,27.51,0
23.474472,93.322667,1471.0,17.86,1
23.745639,92.694361,934.0,43.86,1
24.067149907892624,93.71875382353792,1216.0,28.26,0
25.056611,92.801722,131.0,36.39,1
23.18675,92.735178,850.0,24.96,1
25.660539,91.635431,1389.0,9.24,1
24.85397,93.61937,501.0,12.75,1
22.80672312990356,92.52994536820188,364.0,20.18,0
26.829029604994243,94.8823114192168,174.0,1.19,0
26.045472,92.457417,364.0,11.91,1
22.954966,92.705765,761.0,21.73,1
26.678471729780583,94.81967522195302,662.0,27.08,0
26.34479967360297,91.7805334074638,54.0,1.31,0
25.576594,93.78377,1476.0,26.85,1
24.94125,94.220861,1184.0,12.81,1
23.63055556,92.72305556,860.0,24.19,1
24.492333,94.143361,1284.0,27.0,1
26.00826995673022,91.67859779068569,384.0,11.46,0
25.087917,92.357906,231.0,29.19,1
27.509720191279527,93.1405370764041,1566.0,33.53,0
25.165222,92.388389,423.0,36.31,1
24.37,92.85,348.0,22.48,1
26.724639,95.031528,675.0,12.36,1
24.781694,93.776056,991.0,16.98,1
24.92466912141033,93.14344845568051,74.0,4.93,0
23.501778,92.58575,849.0,13.03,1
24.758778,93.456889,440.0,30.28,1
22.62,92.64,83.0,1.77,1
24.831167,94.334111,1395.0,20.04,1
24.921103467006947,93.35963956393122,723.0,22.59,0
25.70994444,94.04122222,995.0,3.91,1
25.643770278701663,94.66955816395608,1300.0,8.0,0
23.57833333,92.71222222,903.0,13.16,1
27.4640740482612,88.69647750122876,3184.0,46.13,0
25.24249337975462,92.47797366756386,810.0,6.36,0
23.91777778,92.73805556,908.0,56.81,1
28.377315011924548,95.4788498725705,1383.0,48.77,0
28.1425,95.239194,550.0,31.78,1
23.131158,93.293979,1447.0,31.37,1
23.370167,93.120444,1404.0,20.33,1
28.772473,95.867921,1315.0,37.28,1
28.216997,95.790585,960.0,24.49,1
28.06222744947133,95.451510787831,150.0,0.46,0
27.214806,88.588083,1446.0,27.61,1
25.272552016380352,92.04269057771631,857.0,17.44,0
26.86892178173247,94.81987286426696,111.0,0.93,0
23.429338473698145,92.42684843989636,719.0,17.2,0
26.19236111,91.78080556,91.0,11.34,1
23.93333333,92.67305556,207.0,28.78,1
23.782249,93.148865,817.0,29.43,1
23.10851389,93.20975,1106.0,23.72,1
27.38375,88.808694,3940.0,36.92,1
27.722271402221462,96.34821927912128,890.0,19.9,0
27.495625399111425,88.6903771570624,4129.0,30.06,0
27.429482083909114,96.22314400883346,305.0,10.02,0
23.145016,92.908569,677.0,16.49,1
27.01735984628094,93.95570707599455,82.0,1.19,0
27.309745,93.047722,988.0,28.55,1
23.75969444,92.73241667,1190.0,28.11,1
27.396722,92.163861,1899.0,49.8,1
23.12683849122581,92.96213037367126,459.0,30.42,0
23.61611111,92.71722222,887.0,23.32,1
24.147673432300216,94.35778215050006,138.0,1.02,0
24.946889,94.155111,1071.0,23.95,1
24.79833333,93.65505556,430.0,13.39,1
27.470221,96.407798,556.0,38.27,1
23.50136847028732,92.52457889646924,276.0,40.87,0
22.48765,92.886806,1028.0,42.44,1
25.552402642911744,93.06313040281584,169.0,9.41,0
28.605528,95.105528,1279.0,25.2,1
26.083972,92.14525,76.0,13.45,1
27.37649348500917,92.45363883760288,2024.0,28.6,0
23.747111,93.378258,1400.0,15.02,1
26.20559015497412,93.86127584570384,118.0,1.47,0
27.441056,88.513694,802.0,39.17,1
24.925309258449207,93.27873595238758,419.0,30.18,0
26.06787925433173,92.5899170377088,64.0,2.45,0
26.99508013818049,93.51582050512287,535.0,19.0,0
26.220495526130176,93.99639593503562,114.0,3.93,0
24.51960646406654,92.39331167854814,26.0,1.72,0
25.827106,94.907639,1719.0,39.88,1
24.87416303210537,93.3937592273785,179.0,38.38,0
25.05357846174487,91.90569528532404,11.0,1.45,0
27.55892515717039,93.9406347935234,2397.0,21.17,0
28.39139436107529,96.46930110711916,2474.0,19.87,0
22.908737,92.930191,303.0,20.45,1
26.082972,94.267528,1511.0,15.27,1
26.88031176809431,95.15529283769308,542.0,14.43,0
26.262889,95.084667,1094.0,29.14,1
26.19322,91.77033,164.0,22.56,1
23.276999,92.850991,734.0,26.28,1
27.517278,88.539667,1317.0,36.51,1
27.053976,93.494166,223.0,24.47,1
27.84964888392777,96.1957123753549,217.0,2.1,0
28.436019,94.668744,504.0,33.85,1
25.889056,94.278361,1262.0,30.9,1
26.9066670189708,94.83478134804444,99.0,0.7,0
24.08,93.89,1116.0,26.22,1
23.0194939101966,92.86196992837166,796.0,12.11,0
25.165851886475007,94.23253822648422,1308.0,36.21,0
24.51552059711496,94.27504572133456,777.0,16.11,0
25.213277756627367,94.4331681643254,1481.0,27.94,0
27.73539033177881,88.7063660472225,5164.0,19.39,0
24.022376,92.77308,829.0,24.6,1
25.046181,92.408878,82.0,22.46,1
25.437954906231337,91.16884921964927,1072.0,21.38,0
24.02027778,92.92861111,1073.0,19.85,1
25.09917134960088,92.03009137066368,9.0,1.8,0
23.670389,92.964417,1059.0,21.69,1
26.835417,95.080444,279.0,11.86,1
25.375362261154745,91.13407666126687,564.0,31.92,0
24.975175,93.652939,944.0,31.31,1
26.23925,94.202222,335.0,17.92,1
23.479766,92.870601,922.0,36.1,1
24.424271887939764,93.25481783263795,306.0,22.79,0
25.45547768205184,94.2333308605364,1436.0,23.76,0
24.981109067864782,94.08446539339204,930.0,30.33,0
26.138417339442,94.93281596538291,1573.0,25.71,0
25.252943346521803,94.64149455190604,1700.0,34.93,0
25.16023,93.01084,591.0,20.4,1
25.850667,94.154667,1433.0,22.5,1
27.312184563860274,93.68000654813774,1548.0,26.14,0
27.488504970857512,96.5139910174954,480.0,20.15,0
26.731944,95.018361,574.0,31.3,1
27.99602505403179,95.0010467411937,820.0,22.14,0
26.006749946710983,92.16084512210296,376.0,9.65,0
25.222564,91.691398,528.0,35.35,1
22.988854037689368,92.51140890895196,139.0,20.33,0
25.71878585263539,91.79942427990606,778.0,17.78,0
27.478012427228204,93.11973486724511,1588.0,11.64,0
26.064111,95.03975,1658.0,28.52,1
23.74,92.715,1065.0,42.04,1
23.46954177670628,92.52507779374358,701.0,34.87,0
27.4829563670262,93.91203180892992,2558.0,27.61,0
22.291691628450216,92.9619872537722,441.0,31.0,0
27.091139,93.615667,343.0,16.91,1
24.5,93.12,555.0,40.14,1
23.636647,93.082939,1130.0,36.52,1
25.948833,94.025667,485.0,17.27,1
28.081814146220065,94.76307092098727,465.0,7.26,0
25.145735651229494,91.27837968207572,15.0,2.82,0
27.431424220775853,88.07055222723359,4492.0,10.59,0
25.136439803444123,94.67844252090708,2265.0,16.47,0
25.675,94.397,1420.0,34.96,1
23.387328,92.933397,979.0,21.05,1
25.577212,91.75219,1674.0,24.62,1
27.35701391069668,93.87089685358336,852.0,30.17,0
26.98322943520482,88.56922372443897,1375.0,28.21,0
24.12457217318918,92.73799223423268,172.0,29.69,0
25.17797544575716,93.86832821659318,2237.0,7.85,0
25.6,90.03,75.0,8.77,1
27.27625,93.795889,487.0,29.96,1
25.14702778,92.37883333,195.0,14.31,1
25.06367193801888,92.1725468599688,18.0,1.02,0
25.576992,93.809083,1574.0,34.64,1
24.04727334475972,92.18924155870172,91.0,3.34,0
26.93597,92.70455,143.0,17.02,1
27.772910360203,94.81472399540353,599.0,24.73,0
27.46370087212035,91.7179249701918,2640.0,18.44,0
25.45939722,90.70860278,190.0,22.07,1
25.11303,92.37394,52.0,15.77,1
25.83674797155299,90.36874443258417,202.0,3.11,0
27.33458599170004,93.71728417205374,1238.0,34.27,0
25.657361,94.750278,1706.0,22.8,1
28.114742,95.273582,382.0,17.45,1
25.33235758564726,93.9366302109393,1694.0,19.75,0
25.151764483335192,93.4538812230241,1546.0,17.4,0
27.59352134708149,93.09193457812871,1893.0,32.14,0
28.71127316733929,95.28838215900424,3143.0,21.68,0
28.816882,94.791032,698.0,40.41,1
27.104452012150027,92.8415120234806,563.0,34.85,0
27.595601835567944,93.7467092353843,2027.0,26.02,0
28.56844837593244,95.80648646746351,1843.0,41.74,0
25.92525,92.51031,362.0,23.47,1
27.3594332814314,88.02428709458839,2881.0,19.8,0
23.09951,92.782928,561.0,13.78,1
25.042408,92.434525,308.0,36.5,1
26.646917,95.074944,873.0,37.51,1
25.163909712854093,92.49735522287418,286.0,18.56,0
25.667744,91.597819,1280.0,11.55,1
25.747597,92.114167,893.0,24.27,1
25.75,93.97,998.0,21.38,1
27.118206428966264,88.75121496492619,2793.0,22.13,0
27.453940532382617,88.67141569055799,2057.0,34.86,0
24.41999929580117,93.89952364097492,771.0,0.93,0
25.222043980449133,92.46925553278696,766.0,12.14,0
27.71035315648708,88.4226046362151,4617.0,23.99,0
27.448293085905902,88.09408652996396,3944.0,33.34,0
25.423806,93.369722,396.0,7.21,1
26.96499786436177,93.58998811325068,155.0,14.62,0
27.01735112104548,88.67766113164998,1025.0,23.15,0
23.484639,93.278222,1130.0,33.43,1
25.425944,91.866,1576.0,30.49,1
25.56,90.34,745.0,15.5,1
25.223307,91.762345,524.0,36.84,1
25.291948647491747,93.78823841155192,1481.0,10.92,0
26.115139,91.837833,144.0,8.97,1
23.68916667,92.72055556,1063.0,18.44,1
23.207528,93.258861,1408.0,25.56,1
25.191611,92.155361,538.0,12.94,1
24.129083,92.277667,443.0,12.5,1
23.309822480817846,93.48723025973077,2048.0,31.77,0
23.410771,92.753123,1132.0,29.66,1
28.549318936440383,95.3602487522108,3145.0,36.82,0
25.523,93.898,2150.0,33.24,1
25.55979831676024,94.00064030274268,2423.0,39.48,0
24.895064540942425,93.90038390388892,799.0,0.8,0
24.806806,93.404806,298.0,14.78,1
27.49416961627107,92.72493787905908,2198.0,49.08,0
27.8917713883806,95.04216670040836,367.0,43.93,0
25.03429898444641,93.332130986915,586.0,28.29,0
27.592639,91.867528,2907.0,17.34,1
25.644222,91.158528,1205.0,15.97,1
25.598,93.848,1733.0,45.28,1
25.17998323545319,93.47350445488888,1292.0,18.06,0
25.745,94.338,1590.0,28.26,1
25.200853,94.134506,1304.0,34.33,1
26.34243820840568,94.0798126862653,116.0,0.35,0
27.11375,92.537583,1299.0,24.19,1
23.69972222,92.7175,998.0,31.24,1
25.6721,94.231075,938.0,27.48,1
24.73197222,92.75988889,19.0,1.12,1
24.47321038651053,92.98676959733514,234.0,18.91,0
24.806897956512728,92.99265314226488,31.0,3.24,0
28.18439,96.53453,1213.0,37.71,1
25.685,94.12,1397.0,25.45,1
27.359073987063493,93.91883094166536,884.0,27.07,0
26.74959907503348,94.7747226975357,493.0,14.86,0
23.70827778,92.71711111,1024.0,39.62,1
27.46088910042803,93.70064190846104,821.0,2.51,0
26.129583,91.938306,98.0,15.09,1
25.88309275306344,91.27961116026096,417.0,4.01,0
24.97037865962894,92.25243753040633,18.0,1.6,0
25.572085525589937,94.68423436003228,1304.0,37.76,0
25.641194,91.890667,1178.0,23.88,1
25.135333,93.667,1152.0,28.4,1
25.26305625316497,94.19149345201464,2025.0,10.29,0
25.64906111,91.89733611,1096.0,21.31,1
24.87529950716149,92.78919736284088,20.0,2.11,0
27.364574152580573,92.05126039362074,3845.0,23.67,0
27.49394789003,88.8163831051275,4754.0,41.8,0
25.012881590141408,91.86197879777518,14.0,1.03,0
25.16649,93.01092,648.0,31.59,1
27.96237631810912,93.9380897243389,2131.0,41.52,0
24.52611111,92.93694444,72.0,5.6,1
27.31716724272145,95.52060404895784,197.0,4.18,0
23.271227,92.874544,945.0,30.03,1
27.22237783709945,93.42777312920944,1162.0,42.0,0
22.31467378596339,92.92228253791836,615.0,20.61,0
24.02205084361526,92.46637981009005,143.0,20.66,0
27.103944,93.637611,421.0,31.62,1
25.451566427250327,93.2014404006748,306.0,5.46,0
25.654639,91.898222,994.0,28.34,1
23.71740833,92.70644167,896.0,23.92,1
25.95420681566516,90.99651925830014,56.0,2.26,0
24.47785019279852,94.49626867120966,185.0,3.23,0
26.043722,92.441472,443.0,26.48,1
25.69683611,91.64485556,1257.0,23.65,1
27.20258333,88.65547222,721.0,42.9,1
25.154917,93.711278,851.0,33.92,1
27.6295,88.692778,2073.0,45.89,1
23.73361111,92.84305556,676.0,37.38,1
25.164,93.040194,450.0,17.34,1
24.873274640313856,94.71657826429836,669.0,34.57,0
24.141694,92.322306,100.0,9.33,1
25.88969660136592,92.2859642823234,756.0,20.41,0
26.03164310168262,93.23479666547637,162.0,7.21,0
24.92716429819662,93.12295583414708,38.0,4.12,0
25.444333,94.006631,1674.0,35.72,1
25.53150358183704,93.32812462400948,362.0,10.26,0
25.583833,94.858,1203.0,31.27,1
25.327560451531067,92.94967026352312,249.0,34.92,0
27.60282394641481,88.53503480808025,3073.0,37.36,0
23.58277778,92.71333333,871.0,35.08,1
27.322582,93.048256,736.0,25.38,1
24.9541846281922,92.34551313784344,14.0,1.02,0
28.00611,96.42872,444.0,17.5,1
26.123806,94.294889,1218.0,38.39,1
25.09272734805001,91.81611689409296,10.0,3.79,0
25.79342998159053,91.9381818630632,738.0,2.56,0
26.238694,94.203944,339.0,21.21,1
24.929131777087395,93.39340043935609,177.0,3.84,0
27.37327917270784,91.80169025435846,2207.0,9.85,0
23.34333333,92.7775,783.0,30.62,1
25.32069444,93.12733333,289.0,31.56,1
25.096592,92.351017,146.0,33.82,1
22.41,92.64,91.0,0.68,1
25.403367274373256,93.7319324162485,640.0,43.26,0
24.41225581084292,93.7599642313316,772.0,2.09,0
23.105869,92.746616,740.0,16.44,1
23.71666667,92.85583333,882.0,17.46,1
23.603808,93.092328,967.0,21.23,1
23.32842788934687,92.92095775391068,820.0,34.54,0
25.218022,94.107603,1235.0,28.37,1
23.35655556,92.76958333,959.0,48.48,1
22.83885,92.89209,510.0,19.99,1
27.799862985685216,93.8031271070235,1054.0,28.59,0
25.563239,91.225711,1326.0,23.63,1
27.61426046961671,88.53069757831365,3708.0,25.79,0
26.787333,95.068917,852.0,43.65,1
24.834083,94.353028,1473.0,33.25,1
26.965533226066903,88.45857040863267,873.0,18.53,0
27.86105291508886,94.2514337806804,531.0,39.55,0
26.529444,94.837778,1041.0,24.9,1
27.40705707926592,93.92892679177754,447.0,17.71,0
26.673278,94.743833,885.0,18.03,1
24.75075,93.464944,508.0,28.92,1
25.405,93.133,306.0,17.27,1
25.362972,91.976278,1192.0,27.26,1
26.987568389350216,88.27435900539562,2254.0,11.83,0
25.124339363501,92.0424282679125,11.0,1.04,0
26.431,94.669944,1416.0,22.51,1
24.534017,93.680433,1005.0,26.51,1
24.965086482375465,93.28397831583992,464.0,35.52,0
27.068358,95.725306,963.0,40.5,1
26.270595037889887,90.4373527149163,38.0,3.27,0
25.998778,94.264853,1118.0,7.06,1
28.31911951441438,95.85774892518532,1737.0,15.3,0
27.595167,91.895444,2420.0,31.47,1
26.812984110320475,94.68937542902532,99.0,1.14,0
23.5925,92.71666667,763.0,19.9,1
25.22519838627448,94.21447420904134,1102.0,18.94,0
27.04400180013272,88.59739179439707,1233.0,21.86,0
28.76655398527206,95.04152104567795,2439.0,49.59,0
25.6715,94.06942,1551.0,21.23,1
23.379469,93.385565,916.0,31.07,1
22.484871798564026,92.42516069357744,91.0,4.73,0
25.671,94.21,836.0,17.35,1
23.018333,92.920555,793.0,31.6,1
25.410611,93.284,283.0,17.42,1
26.02530027758452,94.75566275208622,1517.0,32.06,0
25.625,94.335,1932.0,24.04,1
25.474938619325226,91.95140152539469,1744.0,9.62,0
23.745802,92.717053,919.0,22.63,1
24.955972,94.157889,1047.0,28.15,1
23.370519338141712,92.98601333805652,1385.0,25.67,0
26.480861134294614,94.6070555772357,509.0,23.64,0
25.552,94.289,1860.0,36.54,1
26.07829407950009,92.54939009757489,123.0,9.23,0
24.84563889,93.50202778,355.0,20.85,1
22.88093400171845,93.1216203219691,435.0,26.97,0
25.555290194101435,94.03509989303726,2531.0,19.26,0
23.79683499992594,93.60592493812938,1413.0,23.68,0
25.999744,94.030058,633.0,37.74,1
24.882174734779287,92.40100623961328,18.0,2.24,0
23.318568,92.852294,810.0,13.17,1
26.258889,94.8175,1354.0,19.15,1
24.09,94.15,861.0,26.18,1
25.690833,91.056556,923.0,12.28,1
23.44600189304849,92.44720551993848,207.0,19.6,0
27.367482563405776,96.52637561001008,933.0,10.83,0
28.0171047114168,95.45119338977048,138.0,0.93,0
25.85849680825802,93.88187799181848,167.0,1.8,0
23.6445,92.990194,1238.0,20.89,1
25.551225,91.232636,1333.0,22.94,1
28.774498663497088,94.9606950249103,754.0,38.24,0
22.803982,92.815475,806.0,42.44,1
23.33988875045717,92.57013299168516,496.0,32.81,0
27.20526839660897,88.00342492170672,3049.0,30.07,0
24.42230260418951,93.46371716605732,814.0,27.17,0
25.687431,91.648322,1133.0,31.21,1
27.150778,88.4385,1197.0,34.15,1
25.25419,90.21486,44.0,6.91,1
25.123361,93.656306,1227.0,36.89,1
25.809088,91.875238,594.0,18.43,1
23.305939,92.857538,922.0,26.61,1
23.975496838782377,91.61646220337909,38.0,3.09,0
25.328506688461232,92.29062921594635,1159.0,2.12,0
23.89939972543545,92.58064141628483,665.0,23.98,0
25.545939,91.284283,1425.0,25.82,1
27.268159333334925,95.04462572859336,111.0,1.05,0
26.70675,94.70475,756.0,27.72,1
28.450912963814503,95.77561094637396,1481.0,18.78,0
24.820222,94.352889,1599.0,32.29,1
25.65308889,91.89803889,1044.0,18.88,1
25.978803,91.860278,309.0,17.49,1
25.237221,91.679456,656.0,20.11,1
25.833028,94.050056,845.0,20.81,1
28.057822773354687,95.7707054245618,184.0,3.12,0
24.766667,93.458111,493.0,37.45,1
23.61694444,92.80027778,452.0,29.34,1
27.68182725766907,93.78685165541502,1552.0,15.4,0
23.72322222,92.70183333,920.0,31.76,1
25.487726984399625,94.2779107552034,1819.0,17.38,0
23.8980087073083,92.58925644399504,537.0,11.67,0
27.3848722982916,92.95673759705882,1059.0,20.16,0
26.251778,95.072111,1080.0,19.61,1
25.268703,94.045883,1305.0,21.15,1
27.782139,93.546139,1026.0,34.96,1
26.984719271492985,88.27523251531427,2100.0,20.2,0
25.29122514672125,93.91753744085182,1409.0,25.15,0
26.92216,92.7678,139.0,12.46,1
27.757417,94.716167,380.0,18.51,1
23.66345922245831,92.43276083039594,702.0,7.6,0
25.984456,94.031639,764.0,32.2,1
26.784222,95.069944,931.0,18.99,1
23.03821667,93.12529444,435.0,33.88,1
24.846167,94.323778,1320.0,22.95,1
26.112194,94.259111,1383.0,14.07,1
24.693502569819792,94.49036953763236,797.0,27.93,0
28.099705,95.284891,218.0,32.15,1
25.860488170480423,93.80064404789032,160.0,0.93,0
23.4291700125302,92.51967780105149,769.0,30.88,0
27.112222,93.694444,137.0,4.65,1
27.38853558918711,95.7796083896292,151.0,3.71,0
25.814897,94.970297,1693.0,35.26,1
25.078935,92.95379,1081.0,23.9,1
27.500230216262608,88.40826166715772,2691.0,24.92,0
25.39611111,91.99194444,1436.0,23.77,1
27.0146466217238,88.410963600712,993.0,19.8,0
24.964694,94.6175,1319.0,21.13,1
28.711003662605687,95.0998919524432,2450.0,24.2,0
25.490472,92.069472,1230.0,21.5,1
25.55685747468039,93.46003232094424,564.0,22.12,0
23.129048,92.742692,763.0,25.91,1
25.533631076766483,94.44218832540771,857.0,23.3,0
23.68352778,92.71338889,1005.0,21.47,1
26.39775388436551,95.12725191824404,1705.0,27.47,0
25.849947,94.916697,1526.0,42.97,1
23.791000771703366,93.674742157727,1291.0,23.6,0
23.466558336353867,93.59325857511216,1191.0,31.08,0
25.667,94.718944,1292.0,21.62,1
26.613036871206987,94.8722135554207,271.0,19.27,0
23.45083333,92.6825,903.0,19.79,1
23.379441,92.844081,930.0,18.03,1
22.68,92.58,250.0,23.54,1
27.148130704731777,92.34506746703089,2927.0,19.77,0
25.536141685292247,95.0251978489594,981.0,21.28,0
28.081652165684527,96.30116823394508,2035.0,37.28,0
27.267722,93.80125,389.0,29.58,1
26.425201122172705,93.26866862895332,773.0,4.19,0
24.871694,93.776861,1253.0,27.36,1
25.220414826177915,94.20896997780372,974.0,16.37,0
24.8,93.472222,637.0,46.01,1
22.08126195128449,93.27170073126186,918.0,13.89,0
27.165333,88.162028,1217.0,18.92,1
25.422278,91.867694,1713.0,33.5,1
25.686262584706817,91.26036465675487,1251.0,17.23,0
26.78149971623372,95.1577955924176,644.0,41.03,0
23.425424,92.716106,948.0,20.46,1
23.47405556,92.71008333,1018.0,31.06,1
23.870445,93.208611,1045.0,39.3,1
25.52036,94.1311201,1723.0,17.22,1
25.301676,91.923138,1193.0,27.92,1
26.97230803923642,88.5383929637582,948.0,28.82,0
28.158367620084714,95.66830583159718,205.0,1.05,0
27.205258986443123,93.43542369980938,1544.0,19.34,0
25.546,94.274,1745.0,38.97,1
25.494781646636568,92.96852052462316,287.0,12.49,0
25.039932081431267,91.55533816885716,13.0,1.48,0
25.071523568140776,92.0069611191837,12.0,0.8,0
27.43837842925993,88.0866900253892,4289.0,2.13,0
27.166864,93.755668,223.0,22.92,1
26.753791400133466,93.67824448511236,75.0,2.93,0
23.349857,92.780208,925.0,36.3,1
25.849806,94.057083,964.0,20.72,1
25.08029490673193,93.083518812842,1035.0,43.78,0
23.76327375207948,93.26899195151896,1397.0,4.73,0
23.87924425445767,92.55125468534284,433.0,34.61,0
23.25,92.48,733.0,17.52,1
25.235114564770583,94.7332875796402,1582.0,19.29,0
24.11679665459617,93.21183123217496,730.0,28.58,0
25.314558,93.094195,445.0,22.89,1
23.476989,93.377213,1394.0,30.92,1
25.23880556,93.03219444,569.0,18.74,1
26.494841889878487,95.00660664899728,1733.0,49.8,0
23.744303,92.720114,1148.0,29.01,1
23.378571,93.218843,749.0,41.34,1
25.054917,94.551306,1794.0,34.75,1
22.08358933612703,92.9654981267833,323.0,42.34,0
23.648967,93.291988,1653.0,21.41,1
27.131528,88.384417,1610.0,24.6,1
25.139639,93.669639,1129.0,25.74,1
25.49952889089443,93.19172980761698,245.0,14.79,0
27.323830728045444,95.7027921187117,143.0,1.19,0
25.90665,94.428758,1101.0,30.78,1
27.13608567393863,88.63874722786889,1018.0,26.88,0
25.849611,94.156806,1492.0,21.44,1
27.57943735023051,88.39092784081778,1541.0,47.56,0
24.56925833,93.177275,184.0,15.45,1
24.061004,92.925342,810.0,34.76,1
22.96023808010373,93.15885696870694,966.0,27.97,0
25.243258316681445,94.64059008916068,1999.0,29.42,0
25.21330938020721,94.40723310045828,1435.0,16.44,0
23.908806,93.180832,1004.0,30.05,1
23.184711,92.679962,871.0,27.66,1
28.308362816986484,94.4838173722784,1482.0,30.58,0
26.959988711528744,93.17946414104756,191.0,4.83,0
26.410327666913723,94.1919471966764,251.0,23.36,0
25.120226699880067,90.6721401886473,12.0,1.8,0
25.021042529749607,94.78280909067136,1091.0,22.11,0
23.38523985570044,92.47598576562574,272.0,23.03,0
27.5806,93.6348,1281.0,24.13,1
26.97058685521237,92.56219177749446,250.0,17.15,0
26.39023879387992,95.22597987497235,912.0,35.61,0
25.234922,92.095531,797.0,7.91,1
25.451814,94.049944,1387.0,39.64,1
25.68077778,94.10619444,1409.0,20.22,1
24.824608444769368,92.39878803850084,18.0,0.8,0
24.86269444,93.62405556,338.0,11.58,1
27.24396856574499,92.95071454072676,1411.0,22.04,0
23.442083,93.223472,1531.0,4.98,1
27.315083,88.506056,1476.0,20.47,1
25.875007,94.17886,1461.0,31.8,1
27.672970847188047,91.88287898673708,4423.0,16.95,0
23.537082,93.161682,1086.0,34.43,1
24.77647462828493,94.26232750458357,784.0,27.32,0
24.44,92.5,201.0,26.3,1
25.649222,91.899,1091.0,24.88,1
25.45176782940456,94.27914961842298,2336.0,22.23,0
27.6369,93.853,1805.0,19.79,1
28.613473886684925,95.28386450438606,1868.0,35.76,0
25.439081090411783,91.22656650596484,1204.0,13.76,0
28.32273673443884,95.6882796849607,770.0,33.8,0
25.07271861843769,91.70560769455244,10.0,1.3,0
24.068472,92.290833,269.0,27.27,1
25.047833,92.789306,95.0,26.71,1
23.762482,92.742799,1064.0,28.21,1
25.451978,94.137142,1478.0,26.01,1
27.892990614396187,96.48680297081891,1137.0,41.3,0
25.687815,94.0474583,1026.0,22.57,1
25.500876041320367,94.08308809422807,2125.0,32.28,0
23.022377,92.757759,803.0,33.66,1
26.78516209702611,95.21054210447944,1348.0,21.33,0
25.64089668678818,91.49068584193066,1229.0,5.38,0
22.844216708499456,92.28170887317847,124.0,11.76,0
28.352044399448022,96.38291903120702,3555.0,23.62,0
23.6995,92.71617,987.0,20.5,1
26.854687095029536,95.13947246375837,396.0,23.43,0
22.485666,92.985825,1141.0,26.47,1
27.214778,93.635667,513.0,24.17,1
25.059996905957377,93.13697443069309,930.0,21.32,0
25.339872,94.168736,1678.0,29.32,1
25.389639,94.457028,1558.0,22.1,1
24.854262457480463,92.77469693855754,25.0,0.69,0
25.91344627679913,93.56531323877338,224.0,1.03,0
25.797781,94.770447,588.0,23.7,1
26.002139,94.253972,1148.0,18.35,1
28.196906585415963,96.61940905298464,2956.0,32.39,0
25.57994,92.72822,446.0,17.3,1
28.255059,95.576996,460.0,15.43,1
26.34064860060349,91.95995492317516,53.0,1.48,0
23.73694444,92.715,1066.0,43.52,1
24.289019,94.073331,1368.0,24.69,1
24.513588843668128,93.99822525929042,775.0,0.74,0
25.43538048766808,92.39268978922608,1212.0,1.54,0
23.677509154099123,93.62506344486498,779.0,1.79,0
27.50536132427192,88.84769589381925,4593.0,37.77,0
27.69724871863668,91.60471374797592,4084.0,17.67,0
25.15822682611025,94.21753756992626,1302.0,29.1,0
23.246319111175,93.3907358580277,803.0,22.58,0
25.425,91.405,1563.0,18.51,1
27.89458846586583,93.74146831983964,2504.0,44.51,0
22.793307,92.819831,865.0,31.74,1
24.599639,94.358694,1119.0,30.22,1
23.73833333,92.81333333,391.0,32.38,1
25.004434852268805,93.35501525557363,172.0,7.49,0
23.10926496281428,92.9710861744862,512.0,40.38,0
24.60287740395501,93.8032976139375,770.0,1.02,0
23.63890624948643,91.79516517582482,113.0,10.94,0
26.41380303073188,91.597932553135,53.0,1.03,0
27.959917721096303,95.25799073562304,171.0,1.4,0
24.839306,94.22575,1228.0,38.56,1
23.833698,92.650724,117.0,36.9,1
27.187276647796825,95.47959815638023,170.0,3.63,0
25.918194,94.409611,1034.0,34.08,1
25.67720639827713,91.49463717546551,1097.0,18.48,0
25.320232,92.818091,1019.0,7.64,1
25.8,94.0,574.0,17.22,1
27.89536608640374,94.18497036207631,1521.0,16.25,0
26.15333333,91.77711111,73.0,12.82,1
24.986472,93.49425,1078.0,11.86,1
23.62096832103509,93.406580839149,1096.0,18.5,0
25.71,93.74,380.0,17.97,1
23.782218608924985,93.27595168723713,1529.0,6.9,0
27.79988211767984,96.40915467039416,1938.0,38.54,0
27.7774912037029,94.24337387827552,661.0,44.93,0
24.43834661830529,93.48519237862006,1355.0,18.52,0
23.07703572665484,93.4204939928451,1074.0,28.79,0
25.757139,94.246194,807.0,19.72,1
23.69,92.35,473.0,26.6,1
27.814777525480864,94.04077462871524,1593.0,35.79,0
26.034642,94.570032,1086.0,28.72,1
23.847246,92.927341,1788.0,15.66,1
27.621806,88.618694,1798.0,39.93,1
23.70825,92.71769444,1037.0,31.42,1
25.319717,93.123028,314.0,9.87,1
26.731563296319425,94.20612124782087,102.0,4.56,0
25.22191955190805,93.90612348569256,1241.0,16.37,0
25.676,94.083,1322.0,23.38,1
27.010136688356926,93.71996587211704,118.0,3.92,0
26.295278,94.835556,902.0,29.68,1
27.678119139964608,88.88993997651052,4111.0,33.55,0
26.956311852216896,95.26855384396562,361.0,9.37,0
26.92163311715622,88.25092858228643,1058.0,7.68,0
24.125631,92.805948,701.0,11.91,1
26.08536931183891,91.56894089689624,55.0,1.93,0
25.02,92.52,83.0,2.44,1
23.434706,92.854894,904.0,11.53,1
25.669,94.218,760.0,14.62,1
23.68054,93.020091,608.0,28.14,1
27.02130188044995,88.22003038757774,1644.0,51.09,0
24.90893658866525,92.22457143946068,17.0,2.82,0
23.664089436154505,91.93364572518756,225.0,11.14,0
28.412722,95.247722,795.0,22.26,1
23.700835,92.877449,527.0,23.81,1
25.951583,94.023667,494.0,21.04,1
27.158111,88.491722,1102.0,33.75,1
23.860361,93.203804,955.0,23.17,1
24.833889,94.346417,1469.0,29.49,1
28.084516912599103,95.46917301020218,171.0,2.52,0
25.02755177579553,91.55118085245952,15.0,1.02,0
25.585,94.137,1574.0,23.98,1
26.365000130356105,95.1017024517835,1812.0,20.79,0
23.45835,93.263247,828.0,40.52,1
26.00627276383837,91.49306672571764,50.0,0.81,0
25.38707265240432,93.73647010645178,430.0,27.05,0
25.284293237005908,94.69692130626991,1763.0,21.95,0
22.084564455611343,92.95585611570564,252.0,35.34,0
24.82496183108554,92.68664868855096,22.0,3.69,0
26.445518056905225,95.24168389945127,1799.0,25.44,0
24.635453277268883,94.5615556155204,239.0,9.2,0
26.031786,94.634392,2039.0,31.79,1
28.729999210879736,95.6553579773242,2214.0,29.49,0
24.612992,93.670236,656.0,18.45,1
25.301444,91.9245,1208.0,18.55,1
26.389556,94.616667,1359.0,20.78,1
27.520523902630284,88.42353490714191,2293.0,29.14,0
27.92293668842057,94.48262387759172,802.0,16.26,0
27.61644511872082,94.14812196938348,1991.0,47.38,0
26.237,94.212611,396.0,9.57,1
24.12573444748732,92.04642097206413,103.0,1.79,0
25.636562775725487,93.33498153015522,389.0,4.73,0
27.356416369834363,88.98003418877336,2602.0,27.71,0
28.31986095859248,95.55598001184012,1533.0,32.5,0
23.39813889,92.7485,1302.0,16.08,1
27.482215029404813,91.97970076737325,3798.0,47.82,0
23.21685,92.955475,534.0,35.23,1
25.7491204,94.0804548,1262.0,24.39,1
26.48208698553397,92.82960033050172,67.0,3.24,0
25.310147282531425,92.9398157146103,469.0,4.23,0
28.242997,95.772144,805.0,19.47,1
26.16405556,91.72827778,92.0,19.39,1
24.0763762658904,93.003101284103,425.0,22.12,0
27.621537724543384,93.9472354990907,1797.0,22.3,0
28.386722,95.240833,663.0,10.8,1
24.819975,93.576653,379.0,19.15,1
27.1084674107394,95.46496679356083,281.0,19.95,0
23.43416667,92.75222222,1082.0,44.68,1
23.595,92.81611111,622.0,26.66,1
27.163684551654843,93.88048780570608,117.0,5.77,0
25.148158,92.177172,177.0,36.26,1
25.240746678807227,94.73090911665552,1717.0,6.88,0
24.11712982887388,92.59062727070516,161.0,13.96,0
22.74,92.52,71.0,6.75,1
27.416487417578345,93.88864158128536,844.0,32.04,0
25.241135,93.007627,349.0,35.39,1
27.103639,92.76025,380.0,39.03,1
25.907167,94.041583,1036.0,29.47,1
23.297332,92.740677,731.0,28.85,1
25.428510020163703,91.17330209934482,1061.0,5.88,0
25.15669444,93.01766667,616.0,29.12,1
24.54,92.63,49.0,0.93,1
24.049180363258195,93.75783915545044,784.0,12.91,0
24.952742458533187,94.76256655063384,688.0,22.16,0
25.314972,94.5065,1390.0,27.93,1
24.10506389,93.09593611,319.0,22.92,1
27.401561530670325,93.19187068458966,2325.0,40.15,0
23.298044,92.648759,723.0,25.28,1
27.271824751054503,93.65160508330436,1220.0,33.26,0
26.395389,94.454528,842.0,28.93,1
25.636072383595188,92.6269557105808,762.0,15.2,0
28.06131446436924,93.8381586745839,1111.0,9.76,0
25.05449678821649,94.77269703459258,1177.0,19.81,0
27.663759630086528,92.7865028334042,2046.0,35.01,0
23.54805556,92.70222222,821.0,28.3,1
25.387912,91.762233,1768.0,29.96,1
27.13039653808121,95.3094474639819,121.0,0.35,0
25.2388483938284,94.7225554772118,1867.0,36.23,0
24.946506677814803,93.38564224540433,493.0,50.24,0
26.590556,94.764167,970.0,36.3,1
27.96258606427097,94.8061161377465,1257.0,12.73,0
27.012646162171023,93.70118815308028,123.0,1.83,0
25.561604441114724,94.08368158285832,2777.0,8.92,0
23.94138889,92.68305556,257.0,13.13,1
25.346653,94.159475,1416.0,23.69,1
26.30416652844808,94.02729483059778,115.0,1.73,0
25.4351,94.071111,1394.0,21.55,1
23.89125,92.288056,302.0,23.21,1
25.90692,92.64714,321.0,17.99,1
25.33624228329636,93.73792802417655,1441.0,18.41,0
25.297628,92.387525,914.0,20.11,1
25.14809915889161,93.56594125834596,608.0,54.51,0
28.356530336246607,95.37679659790666,2325.0,32.14,0
25.001224347300507,93.2258002134,171.0,18.6,0
22.705,92.842003,810.0,13.64,1
26.091861,94.101333,704.0,32.03,1
25.080389,93.611889,1085.0,9.32,1
26.17806,91.76083,61.0,12.77,1
28.308592,95.971041,893.0,32.12,1
25.88585381798472,95.21274435225882,1551.0,49.38,0
27.1139783075743,92.47395107649756,3040.0,36.4,0
25.37703568137993,93.65502978450392,594.0,26.26,0
28.14868598676483,95.52006770436348,267.0,1.4,0
27.594861,91.866444,2975.0,6.61,1
22.26,93.03,1371.0,32.11,1
26.955736441618,95.87906599252216,900.0,26.6,0
23.982,92.718028,687.0,15.32,1
25.269110652838062,94.8262975806462,1708.0,41.11,0
27.12825,88.292194,373.0,37.97,1
23.94385025176369,92.16791242974227,117.0,3.04,0
23.88808582518579,93.51697412992092,878.0,12.19,0
25.521,94.134,1718.0,25.47,1
22.290441358166145,92.94708434982914,751.0,26.39,0
26.61308067437265,94.26502084266868,109.0,2.49,0
25.05280402363348,91.87010477616096,19.0,1.48,0
28.11781,96.54906,939.0,45.21,1
25.104805318014563,91.66069169282918,18.0,2.6,0
25.145,93.158,1294.0,20.75,1
23.94722222,92.68277778,341.0,33.18,1
25.9559968410198,95.03730628837336,2477.0,29.58,0
26.0044,93.9789,448.0,18.94,1
25.4307815350755,93.81745117486852,1018.0,8.28,0
26.984318,95.510469,753.0,19.86,1
24.33836111,92.73377778,177.0,29.26,1
24.458325,93.09439167,443.0,17.28,1
24.284222,94.2805,526.0,15.53,1
28.783517,95.904106,1280.0,43.22,1
23.061745,92.770105,941.0,20.63,1
22.416,92.864998,616.0,31.37,1
23.28611,92.85748,823.0,28.99,1
25.688,94.12,1422.0,11.27,1
25.178417,94.52725,1296.0,20.43,1
23.61107209061912,92.51628714545586,201.0,18.33,0
23.431639,93.33925,1302.0,28.74,1
25.155542593844867,94.23839077618632,1438.0,5.6,0
25.972964,91.858336,337.0,32.38,1
26.57,94.35,183.0,12.98,1
25.163333,93.691194,1034.0,34.12,1
25.05627304040141,93.20798499250742,558.0,13.51,0
25.07069176512029,92.0211359543542,15.0,1.39,0
24.643252184091708,94.60687254555836,892.0,13.23,0
24.09,94.02,1466.0,25.5,1
23.336425,93.361493,779.0,54.7,1
27.317398064998056,94.0611400804093,108.0,0.52,0
28.238615,95.893348,2328.0,35.44,1
26.62835164264659,95.27605702141976,1052.0,28.39,0
26.1766696763477,94.74253232892306,2103.0,45.87,0
24.20462417474518,92.05406306294218,130.0,12.17,0
24.98575,93.497389,1165.0,13.52,1
25.743,94.242,804.0,25.55,1
27.174389,88.452028,1538.0,29.9,1
23.306338,92.666573,686.0,28.23,1
28.41430334533653,96.5354435006258,3582.0,66.21,0
23.407131710894767,93.46858536182526,1571.0,27.98,0
27.674600350519004,93.45529877864868,2396.0,30.91,0
22.163274669858914,93.23760922642064,820.0,26.75,0
22.98897818551999,92.5597459659135,493.0,19.49,0
27.912806,94.726972,656.0,36.36,1
24.26,92.67,191.0,15.57,1
23.486909,92.856282,1009.0,9.49,1
23.65416667,92.71777778,872.0,30.77,1
25.410333,94.542028,887.0,1.39,1
26.834778,95.080639,294.0,16.26,1
24.193682,92.946417,531.0,35.47,1
28.199873,95.811883,873.0,43.62,1
24.81750574126286,94.74501892461149,211.0,13.48,0
28.265561,95.562854,466.0,29.6,1
27.5152,88.56456,1393.0,28.76,1
23.183584,93.235031,1460.0,33.13,1
23.73777778,92.825,470.0,24.06,1
27.9889960110476,93.64189197095902,1435.0,30.91,0
26.9646032424801,88.12400759420476,2045.0,17.3,0
27.399708851926817,94.02338198654064,551.0,20.42,0
23.91561024770621,93.86043896138123,2106.0,28.01,0
27.51873167930741,93.95085101757248,2559.0,13.6,0
25.234966,91.690051,631.0,20.68,1
23.938583,93.213997,1044.0,25.82,1
26.101583,94.253222,1311.0,4.44,1
22.869707,92.753304,1077.0,54.14,1
25.895838,94.044886,1045.0,26.76,1
23.677967,93.087973,1157.0,32.12,1
23.651836603923734,93.41012743502034,1009.0,11.91,0
22.818676800342548,92.47958562986214,73.0,5.29,0
26.042139,92.27525,145.0,24.68,1
28.240521,95.866592,1856.0,38.69,1
24.799333,93.435417,926.0,25.06,1
24.41578502864575,93.75025316799068,782.0,2.82,0
23.89440130061472,93.87239122959951,1600.0,25.8,0
27.711265602761014,91.88851127627284,4408.0,11.03,0
23.570595,93.07382,1007.0,33.04,1
25.117806,93.647528,1226.0,23.58,1
28.80142721354329,95.02378637424606,2195.0,40.52,0
26.18789,91.79493,96.0,18.32,1
25.453611,93.371389,440.0,21.29,1
25.289444,94.309472,1171.0,12.09,1
24.995767617816824,94.74365422014957,1533.0,31.87,0
23.717553,92.716826,1028.0,24.72,1
28.628320394309554,95.73067981024084,1035.0,55.11,0
26.077620252681893,95.1521332851234,2186.0,37.91,0
25.671583,91.040889,959.0,10.86,1
24.90139,93.45389,971.0,25.34,1
25.65119,94.234544,1207.0,34.18,1
24.601465359399,93.84832347601863,771.0,3.42,0
28.65046039668116,94.84858655250748,2155.0,21.92,0
27.088394379962487,92.67633294477994,383.0,22.93,0
27.11859253479217,93.90480867374342,95.0,1.39,0
22.748023990787743,92.747982016061,348.0,17.5,0
26.38091650010152,94.23391958122934,223.0,8.96,0
25.44440893792569,93.92885973576324,1026.0,11.54,0
22.43,92.69,557.0,30.03,1
26.6275737052931,94.86845944613412,467.0,29.92,0
23.1351,92.748694,921.0,36.25,1
27.28899062741089,88.02118141853344,3297.0,39.14,0
28.333036559985576,95.37843691173398,2743.0,54.25,0
24.800778,93.702611,865.0,43.17,1
25.0288999424538,93.1200309818167,635.0,15.33,0
23.309295,92.860017,997.0,20.46,1
24.96221638397693,92.28979132438138,14.0,1.6,0
25.618222,93.918397,1665.0,17.69,1
27.14222989671454,95.9358062581018,832.0,25.56,0
23.45111111,92.68166667,908.0,28.74,1
27.760917,93.995583,426.0,38.05,1
22.28266551994839,92.87225285432623,569.0,28.55,0
23.72722222,92.85472222,805.0,34.0,1
27.23906670618865,88.86700180779268,2536.0,31.14,0
24.6735,94.270702,1320.0,29.6,1
26.7855,95.071861,865.0,22.16,1
28.85645587516109,94.98146246327514,2376.0,18.68,0
25.66059843023037,93.20898493750204,300.0,18.88,0
27.66567861222561,96.4531731994518,2087.0,17.89,0
27.51782532031302,88.24017517856338,5536.0,44.78,0
23.461248,93.012863,1453.0,15.86,1
26.988217715521976,95.6195855156721,2046.0,30.67,0
24.789504,93.66385,484.0,29.99,1
26.192556,94.484472,1080.0,23.77,1
27.69053976375009,94.5664368734126,926.0,25.13,0
23.281075,93.144075,653.0,24.64,1
23.882583,92.877639,882.0,29.92,1
26.179,94.182611,639.0,18.16,1
26.180157954323622,93.77376910216144,145.0,5.18,0
25.332836,91.934395,565.0,36.39,1
25.972322,91.561125,285.0,19.48,1
27.393699468681604,93.19299289772437,2583.0,44.57,0
27.246835993054663,96.34669684164562,814.0,17.34,0
27.124713142389805,93.08985628470852,1152.0,31.39,0
26.184324,91.855395,70.0,16.79,1
26.86498836298876,95.01836053009352,167.0,29.62,0
25.21995922004841,94.73889576550556,1343.0,25.29,0
25.84451434735215,95.11997021533917,1881.0,30.04,0
28.267285817943964,95.12724147757211,1108.0,41.73,0
26.22769102225141,91.46673560571624,50.0,2.93,0
23.382175,92.843876,936.0,22.97,1
25.04318534839897,93.95535759257594,866.0,30.42,0
25.576,93.878,1536.0,31.91,1
23.30958854009305,92.53344034304774,941.0,20.82,0
24.57249406264848,93.77488620426216,770.0,2.37,0
24.38697080753682,94.46899036968924,161.0,2.4,0
23.42330665555175,92.48087138869336,505.0,25.48,0
25.059167,93.604222,981.0,23.42,1
22.490999,92.964996,702.0,23.07,1
25.82897422484933,92.39003974785886,691.0,17.64,0
27.275542,95.965859,453.0,23.59,1
25.89626816757973,93.62300905833838,223.0,1.8,0
25.156,93.018,599.0,16.38,1
24.56016389,93.24426944,391.0,10.16,1
28.48295699458756,95.6227075978328,2336.0,29.92,0
26.89597037309704,88.3847933280915,700.0,24.04,0
24.222837,92.952639,599.0,1.92,1
25.59906156374231,93.39836203299558,253.0,6.17,0
25.664,94.101,1482.0,25.87,1
24.94676028201212,92.49393495978696,18.0,1.53,0
23.513436,93.074047,1065.0,14.21,1
23.900737908646448,93.8002234653756,1161.0,20.5,0
23.200655,92.5813,737.0,21.92,1
25.96794496818333,91.6489309215698,445.0,8.66,0
26.232556,94.472889,982.0,5.18,1
25.156583,93.019611,624.0,24.04,1
25.126972,92.388083,108.0,29.97,1
25.162028,93.733306,726.0,32.1,1
23.963755598415904,93.50033983129454,830.0,20.91,0
28.244975,95.914094,2640.0,51.22,1
28.31792854257085,95.68740819977177,503.0,5.76,0
25.75582229886292,91.16081138056198,757.0,28.86,0
24.303083,94.245056,695.0,23.48,1
25.404383829862965,90.2697837703734,115.0,5.78,0
26.303333,93.225694,262.0,6.09,1
25.249645759297028,93.55201346668396,1523.0,23.68,0
24.641528,93.623694,518.0,24.18,1
27.161858,95.757717,528.0,18.51,1
25.78363358063096,95.09470099179865,2261.0,18.56,0
26.122694,95.076861,1616.0,26.36,1
25.155,93.073,600.0,8.67,1
22.94633026241373,92.6553945535999,375.0,21.75,0
27.6756709339348,91.82334368891676,4299.0,24.09,0
25.31151571002479,92.25112212237347,1107.0,10.24,0
28.080151,96.472541,819.0,32.24,1
28.527944,94.309444,1405.0,34.53,1
25.115889,93.639611,1248.0,26.74,1
23.969001942977084,92.5637998688984,465.0,19.17,0
25.7802266,93.936165,907.0,16.05,1
25.68241926683772,91.75666991932567,932.0,5.82,0
23.52694444,92.65444444,397.0,26.98,1
24.1013193073114,93.19389320946868,1066.0,42.42,0
24.698023932232083,94.621450849374,768.0,21.64,0
25.049861,93.602389,933.0,25.62,1
25.295624,91.56964,1263.0,42.68,1
23.81722222,92.82805556,460.0,23.54,1
25.926408,94.469758,1757.0,44.88,1
27.54975833,88.57530833,1888.0,29.25,1
27.122872,95.672546,757.0,16.17,1
23.474528,93.241611,896.0,29.65,1
25.312667,94.509111,1448.0,24.0,1
27.076109660823345,95.8368140079511,1705.0,33.2,0
25.89434072179875,91.79712668259414,379.0,31.51,0
22.867741,92.898506,651.0,22.99,1
22.66,92.65,389.0,22.17,1
23.73528427791497,93.58960310908842,1066.0,34.24,0
25.84516,93.68408,185.0,6.94,1
25.53427226269244,95.0458743227568,790.0,17.39,0
25.640264,91.848588,1203.0,33.27,1
25.340833,94.160528,1519.0,26.48,1
25.288056,94.527806,1151.0,20.17,1
22.328888,92.769997,336.0,35.31,1
24.433972,94.249278,1329.0,28.83,1
23.617207590433708,91.76073831530454,173.0,11.69,0
25.77472130536646,91.93377579875086,863.0,22.31,0
24.271528,94.125667,1209.0,23.26,1
23.57222222,92.71166667,880.0,30.39,1
27.269861,93.802361,417.0,31.51,1
26.34144632658476,94.3427368773141,441.0,18.71,0
28.30749575818064,96.04308925744913,961.0,14.34,0
23.39457639388034,93.51894461016192,1362.0,26.42,0
23.11145514696789,92.47740226689452,141.0,19.35,0
25.24327,91.866626,921.0,15.42,1
27.17054167,88.38358056,1528.0,35.66,1
23.140846,92.751229,861.0,34.24,1
24.237794,92.805727,657.0,12.26,1
22.751808,92.838905,570.0,22.4,1
27.017006172867863,88.54168827560645,1114.0,29.64,0
28.181365,95.470102,380.0,38.28,1
22.45138,92.911942,654.0,26.61,1
26.06079235579997,93.87212690798034,134.0,1.39,0
25.20111,91.640451,412.0,32.03,1
25.587963109006484,91.96979991029072,1275.0,18.62,0
23.767139,92.533889,483.0,33.28,1
25.441734,92.892033,618.0,10.21,1
27.200742883142087,93.99665744920988,95.0,1.05,0
26.324934162620742,91.75831336349216,50.0,2.07,0
26.447753257683463,93.1292079848332,325.0,7.24,0
24.08,92.51,647.0,27.67,1
28.90231564047016,95.66889803731203,2729.0,29.66,0
26.22125,94.478056,920.0,14.84,1
25.64908889,91.899,1091.0,24.88,1
28.28296403860479,96.0920581116754,1172.0,40.6,0
28.06016309867009,93.26873208053176,1821.0,40.07,0
28.83680111228694,94.53836536888296,3006.0,43.55,0
23.32926548738993,92.97327367079804,1424.0,43.85,0
27.137582131618085,88.71661373084095,2220.0,44.94,0
27.248882,88.476747,461.0,28.19,1
24.775077017396164,94.72245469715116,313.0,9.2,0
22.529731,92.896699,852.0,24.69,1
27.776410835639243,88.86229375714308,4797.0,30.68,0
26.394980877829,93.36852421408692,708.0,16.18,0
27.705083000235337,92.97766590903636,2152.0,26.75,0
24.88196942689518,93.0368827671332,47.0,1.64,0
26.193,94.292972,902.0,5.51,1
25.17136774119678,92.76443593241872,1339.0,8.52,0
25.259972,94.543806,1225.0,28.6,1
24.841944,94.512972,1549.0,32.85,1
22.76731473797426,93.12614854621349,500.0,10.11,0
25.268942,94.044694,1300.0,26.84,1
24.819694,94.352611,1562.0,31.98,1
28.75230052675552,95.7156546537741,2775.0,12.25,0
27.756778,93.436761,1036.0,19.05,1
23.46777778,92.74111111,1328.0,54.33,1
23.850196528925377,93.47926868233282,1098.0,28.66,0
25.16553,93.02172,630.0,31.0,1
27.412111,88.626944,1402.0,25.58,1
25.169,93.74075,763.0,29.89,1
27.56366625885067,94.75086239319305,105.0,1.64,0
22.57609807125184,92.7704585115828,364.0,33.24,0
22.580217731028,92.7821678480152,267.0,16.07,0
23.306012,92.704212,433.0,29.59,1
25.12823636761913,91.34568832825612,14.0,1.38,0
23.73888889,92.71472222,1107.0,29.68,1
25.54184836321688,89.87019017066777,27.0,2.42,0
24.9155,94.578333,1128.0,23.35,1
25.50172232690316,92.32030831072422,1338.0,7.71,0
23.218283631233028,93.42234358738828,969.0,20.56,0
25.96133485158336,93.224158404868,179.0,7.15,0
24.775972,93.457139,545.0,36.99,1
27.62888137836681,92.851101418332,2339.0,10.98,0
27.29166667,88.22,1666.0,46.05,1
26.038585296987968,95.20777925584412,2216.0,10.99,0
25.87134801055499,91.74393909129031,530.0,21.33,0
25.67,94.109,1465.0,6.79,1
28.06131,96.49256,492.0,5.24,1
25.89075338515808,91.774517833115,383.0,28.01,0
25.554,94.148,1535.0,21.23,1
26.301694,94.616694,1040.0,25.96,1
25.318718398923103,93.94867409662376,1454.0,5.32,0
25.48598424201904,94.24103746774568,1895.0,15.81,0
25.52,93.72,1358.0,9.48,1
25.1327318280903,91.8155545006513,12.0,3.1,0
28.262879,95.551911,468.0,32.24,1
23.644236257181145,92.52663432136907,255.0,29.06,0
25.184194,94.522694,1408.0,30.41,1
26.00748218386612,94.74144287282466,1710.0,26.07,0
23.411417,93.343361,1297.0,39.34,1
26.213389,94.235778,352.0,19.38,1
26.111278,94.257194,1413.0,26.8,1
24.575899342010327,93.52641708633112,1143.0,28.37,0
26.93362,92.70757,137.0,9.69,1
23.77777778,92.8479,678.0,38.43,1
24.22922222,93.35478333,842.0,17.73,1
23.54361111,92.67722222,656.0,30.3,1
24.64,92.98,34.0,1.79,1
27.391639,93.011861,619.0,36.29,1
24.071212121777343,93.43195521834826,929.0,16.87,0
23.88833333,93.08638889,577.0,26.21,1
23.531417,92.573056,875.0,28.13,1
24.06638889,92.78194444,971.0,26.06,1
23.453389,93.2615,758.0,32.41,1
23.836421053761608,93.98829695237524,736.0,33.88,0
27.40796083116217,96.18052411153596,273.0,5.91,0
24.129888810537764,92.85607178668242,170.0,14.72,0
25.66897,94.04664,1591.0,23.56,1
27.465896060404017,88.67710303709825,2356.0,32.95,0
25.66883889,94.21054444,784.0,28.14,1
27.8559482549922,96.5031756282052,1539.0,45.72,0
24.98759434311297,92.8383710720186,168.0,17.23,0
27.537852431249547,88.27828522785391,4215.0,13.42,0
26.109222,91.939,75.0,20.76,1
25.357511044966213,93.96142311610288,1495.0,32.56,0
27.37919736665558,91.7326081050947,1499.0,16.53,0
28.410137397886164,95.34607055684296,1967.0,32.75,0
23.35691,93.301356,1174.0,22.12,1
27.213127,92.652213,1034.0,40.83,1
24.691821162291784,94.6319787405864,874.0,15.78,0
25.610627574224115,91.7015746985582,1422.0,31.77,0
25.42755434053433,93.6691343117074,842.0,16.47,0
25.767,94.229778,1097.0,26.2,1
27.91277776500171,93.23889597314732,1955.0,29.97,0
26.727889,95.040389,575.0,17.93,1
24.31,92.56,46.0,2.46,1
24.894944,94.323111,1340.0,32.12,1
25.9111760305879,92.0595057088212,685.0,9.96,0
25.905953,94.427414,1128.0,23.15,1
24.09510507283829,93.2012417897498,1065.0,56.89,0
23.401015,92.848482,926.0,19.22,1
26.46298447200986,95.14617757417771,1923.0,21.91,0
26.698583,94.635167,151.0,20.01,1
23.5325,92.65555556,463.0,24.25,1
23.71577,92.713172,956.0,44.82,1
23.866138,93.222809,1163.0,19.65,1
27.27635772866648,92.1469907618745,2868.0,49.23,0
25.867301050334778,92.8831163788692,76.0,1.48,0
25.558058,90.809919,405.0,29.03,1
25.047556,92.405806,71.0,25.18,1
26.59416,93.547361,162.0,12.37,1
22.95786210083998,92.64925992906842,660.0,20.13,0
26.469278509665312,94.92411170459864,792.0,33.59,0
25.27447389268025,90.86013754244868,305.0,16.99,0
23.749805,93.099227,1399.0,29.84,1
26.15461111,91.80086111,79.0,6.62,1
25.036777399476367,93.6989084501782,812.0,16.95,0
25.24400543304456,92.46597092097292,900.0,9.84,0
23.92391055213601,92.5479471389915,380.0,16.53,0
25.093851637992447,91.83612728792934,12.0,2.06,0
26.2149028280647,93.85318672937548,123.0,3.87,0
27.43409769721764,92.81679873877243,1040.0,28.82,0
27.490235402914355,88.7612165487571,4068.0,38.29,0
26.041611,95.075806,1486.0,22.29,1
27.182111,88.508,415.0,50.64,1
28.37095067552816,95.15772579490252,1893.0,32.59,0
23.7104,92.72237778,963.0,33.21,1
26.43,94.38,415.0,14.32,1
25.51120594121064,94.44407520750872,1063.0,12.77,0
23.73555556,92.80027778,362.0,8.26,1
27.502,88.5375,1231.0,19.56,1
25.59567808114099,91.39076020636443,1529.0,3.94,0
27.007056398468723,88.55093484900205,1437.0,29.6,0
26.99028196859683,88.21262980477799,1614.0,32.58,0
26.34846948990249,92.14853328248564,55.0,1.06,0
27.270257,93.798647,415.0,31.5,1
26.03696907628999,94.95458631573436,1008.0,33.97,0
27.421474993680235,88.19508071134355,2523.0,28.26,0
27.164472,88.213889,1415.0,39.84,1
25.67222,94.11083,1382.0,13.68,1
25.669,94.091,1326.0,18.42,1
27.069837,93.5542,338.0,29.02,1
24.39645573950909,92.99941299542824,228.0,10.87,0
28.098983805277307,95.4430029958666,191.0,2.17,0
23.30828265869176,93.18751791452728,1195.0,14.32,0
27.1076,93.6413,315.0,24.67,1
26.49407404933981,92.8502376740268,66.0,2.84,0
23.553368927887103,92.38014654591562,128.0,3.88,0
28.3754338662737,95.12920610261646,1285.0,27.51,0
28.71100345767876,95.12473925052946,2761.0,47.78,0
27.951306,95.074056,437.0,19.0,1
25.36103333,91.64700833,1449.0,26.2,1
25.761464,94.217103,735.0,30.62,1
25.40356341030725,94.86210805156274,1334.0,28.65,0
25.93234759674521,93.9629835454361,173.0,1.73,0
25.67414899807752,91.27857741319278,1383.0,6.86,0
23.7002691,92.7181685,1038.0,35.54,1
26.230405276510545,93.75489790322284,146.0,3.61,0
23.973684,92.683868,338.0,18.01,1
24.391659742683053,93.00038834038452,182.0,6.9,0
24.833278,94.349639,1501.0,30.85,1
24.02833333,92.89138889,1181.0,22.88,1
26.64697556875049,92.9816772094185,75.0,12.79,0
25.4652323071849,94.71086177166598,2266.0,22.79,0
24.323361,94.143556,1265.0,24.43,1
24.995900254398915,93.4160031777406,418.0,40.65,0
22.47906510594688,93.26630696757228,1455.0,21.76,0
25.216169,91.389142,162.0,18.08,1
23.27329400691544,93.39999740686282,1369.0,7.17,0
23.565,92.70777778,851.0,36.01,1
26.200752213571672,95.34730628671451,1394.0,28.63,0
25.4990764813056,93.5842591808842,869.0,27.97,0
25.647,94.378,1475.0,22.79,1
26.572889,95.098944,1427.0,25.77,1
25.333758,92.589778,1137.0,16.33,1
23.164508,93.270428,1524.0,2.22,1
25.745,93.782,291.0,8.68,1
26.93254101490476,95.67485482681133,1337.0,19.64,0
28.71064400684948,94.81319431615198,1191.0,47.05,0
27.126444,88.340444,1052.0,28.9,1
24.467401394386968,93.5285603010126,902.0,30.25,0
25.395431,92.990267,399.0,21.44,1
29.049523688336507,94.77708314290528,1783.0,32.58,0
25.4703065766299,94.77159942934958,2490.0,21.44,0
26.33078747999905,91.66101545250731,50.0,1.19,0
25.377068435305247,93.95243629615914,1030.0,20.63,0
27.56100254311371,94.60120981028751,104.0,1.05,0
28.376584154986915,96.12522535500176,1963.0,33.53,0
25.164759906478007,93.47295158891264,1520.0,18.15,0
25.658015502629485,91.76034486618616,939.0,7.04,0
23.230114,92.740067,781.0,16.16,1
26.149506670060305,94.6970444298498,1847.0,23.0,0
28.194898,95.807336,777.0,41.64,1
28.284225831294744,95.32378487871898,2208.0,40.28,0
25.15352495979988,92.4816410589454,189.0,14.63,0
27.49875553311959,93.98626468074116,2201.0,42.4,0
25.154121455324475,93.5693880472556,816.0,33.19,0
24.805342,94.322356,1174.0,49.67,1
25.24218452055101,94.24097940775394,1077.0,18.26,0
28.827069,95.9225,1655.0,29.21,1
24.73,93.13,26.0,0.51,1
25.724,93.777,411.0,24.99,1
23.84176154536821,92.4497143805828,270.0,25.9,0
23.49991667,92.70136111,901.0,24.43,1
23.283951,92.852551,813.0,25.94,1
26.283358563689944,91.78185539581642,53.0,2.22,0
27.50371534341196,88.43333494261788,2954.0,31.72,0
22.395,92.860001,568.0,30.1,1
26.004725786002734,94.9101246041038,1208.0,33.48,0
24.2337658080577,94.34404958431313,163.0,2.54,0
25.622,94.114,1644.0,31.48,1
27.11268272155204,88.75559827146138,2711.0,8.61,0
27.12355154034731,92.29217057752622,2620.0,20.82,0
23.67583333,92.715,997.0,25.3,1
24.27,93.11,749.0,30.5,1
27.368194,88.711167,3167.0,18.45,1
25.34555,91.891461,1529.0,34.33,1
26.27716358385248,92.2321031768168,55.0,1.73,0
23.032444,92.705917,706.0,18.52,1
24.974128,93.666128,813.0,34.7,1
24.9718789219091,94.37574352533343,834.0,29.21,0
26.314964,93.256408,384.0,15.77,1
28.27632668811343,96.46383631499276,1917.0,46.23,0
27.167139,92.587917,1735.0,33.27,1
28.81100790315582,95.19851660408118,1550.0,27.15,0
23.21641207634512,93.43693693162508,1135.0,17.93,0
26.121462932405628,93.89988011721958,126.0,2.12,0
25.990339,94.507711,1754.0,22.29,1
26.007083,91.909806,210.0,17.39,1
27.748764800105285,96.44977649433324,1486.0,34.12,0
28.469246561224743,95.53870305881196,1919.0,37.23,0
25.290089,92.799175,1084.0,10.64,1
28.258729451804108,96.70097581290617,2844.0,57.68,0
25.55144909085248,92.9980651967338,127.0,1.39,0
24.925194,94.337056,1493.0,35.26,1
25.331130347179734,92.8967198967716,739.0,9.52,0
26.58537565242833,95.28882411911952,713.0,6.99,0
27.326915723235164,88.91428519081376,4366.0,27.13,0
27.991228899122028,94.9261113640797,569.0,33.53,0
26.804028,95.003722,696.0,18.66,1
25.038333807817505,92.07234806601456,12.0,0.69,0
28.00952805113113,95.81763454056151,162.0,1.64,0
23.885195,93.202332,912.0,35.98,1
23.697889,92.568444,923.0,29.35,1
22.91312,92.754616,1182.0,44.43,1
23.604611,92.726417,845.0,22.9,1
23.42024212962184,93.46421221680862,1246.0,25.67,0
22.203071024677868,93.3468521255064,980.0,27.12,0
25.584519,94.792344,1081.0,22.69,1
28.56693518582931,95.41968959943765,3548.0,33.95,0
24.53278062461972,93.88643665242115,769.0,0.51,0
27.555389,92.960778,794.0,36.99,1
27.4034753791836,92.3430102740892,2415.0,25.13,0
25.011334379087444,92.22379698683817,16.0,1.6,0
23.9,91.75622222,201.0,30.08,1
28.255355,95.551658,543.0,21.61,1
27.39336667,88.52236944,1043.0,31.0,1
28.471388,95.852234,911.0,47.88,1
23.301381,92.853078,980.0,25.38,1
25.2375,94.113889,1026.0,34.95,1
23.899944,92.279222,501.0,22.41,1
23.513171511291656,92.04887792321284,169.0,7.92,0
24.15817222,93.02488611,570.0,21.37,1
25.05652512841179,92.6072521200924,201.0,13.81,0
26.37456,91.84561,61.0,3.4,1
24.200487,92.985172,269.0,30.91,1
28.057857388524017,95.71856196778702,182.0,0.7,0
23.70055556,92.87555556,464.0,25.71,1
24.681501432819623,93.43264147528151,346.0,26.88,0
27.00311522014091,88.6993640899234,651.0,19.95,0
27.2215,88.370667,1791.0,30.35,1
25.066861,94.6325,1325.0,29.62,1
22.72798077155888,93.16291176150698,1300.0,35.15,0
25.73583703572092,91.36035559293516,836.0,4.81,0
25.43785445684613,94.79219127777202,2556.0,19.56,0
26.390893514750648,92.99423164596782,502.0,12.71,0
24.909889,94.486778,1665.0,39.79,1
23.3057,92.852802,1023.0,32.57,1
25.599056,94.617222,1299.0,28.13,1
23.203903,92.576807,756.0,20.45,1
27.09700865901477,95.52261473494856,433.0,21.47,0
25.660583,94.755389,1673.0,34.83,1
26.714285135562022,95.51414708050986,1073.0,38.24,0
25.663384104508346,93.19465042820624,350.0,19.96,0
22.64194558365408,93.1205087278973,674.0,23.7,0
25.513213044330108,93.02493387914537,133.0,4.47,0
27.260194,88.302417,582.0,37.87,1
27.56638625030524,94.25051445665451,202.0,28.22,0
27.0392498198764,88.22406051051732,1204.0,19.0,0
23.76690058690784,93.3188602506264,1206.0,30.58,0
25.12878480907368,92.4672751458615,474.0,31.29,0
25.77790326612649,90.76422826261808,259.0,19.67,0
24.85644807330513,94.43485390559236,1222.0,31.34,0
23.34297778,93.057775,875.0,26.91,1
23.73305556,92.84777778,765.0,44.02,1
24.83398243511419,93.34213816120143,995.0,37.92,0
25.1306962531436,92.79255216753512,1003.0,28.63,0
26.393889,94.919444,769.0,17.25,1
28.217595,95.793032,970.0,38.32,1
23.942722,93.213531,1038.0,11.95,1
25.171264,93.020014,643.0,25.72,1
25.760611,91.88225,752.0,8.63,1
24.815528,93.43725,450.0,33.98,1
27.62885509068408,94.07605256266108,2397.0,19.36,0
27.051597795213866,88.27732743683072,1802.0,23.16,0
23.304746,92.862109,1005.0,34.54,1
25.16182368050195,92.51024376226091,230.0,13.63,0
23.64666667,92.71916667,560.0,15.91,1
25.304917,94.011444,1371.0,23.55,1
24.871528,94.234056,1210.0,33.05,1
23.65416667,92.69,867.0,35.84,1
25.624639,94.503278,894.0,33.9,1
25.36219322974112,92.75325725023762,900.0,11.31,0
26.91277807919327,88.46170858613897,387.0,30.78,0
27.327583,93.813389,908.0,40.96,1
26.065413132477843,92.67107983681412,66.0,2.66,0
24.851194,94.361722,1460.0,22.94,1
25.68805,91.66653,957.0,30.88,1
27.012415891422183,88.65202500911114,1323.0,30.9,0
28.555264145421035,95.95180005780762,3595.0,43.04,0
23.340405796093496,92.26121642948804,176.0,7.91,0
25.309155094288933,93.71368902861634,915.0,25.96,0
26.72108774192796,95.1581201549244,558.0,4.24,0
22.01615128799594,93.21527594883018,1342.0,39.9,0
22.23,92.93,608.0,25.59,1
24.18,94.07,1139.0,28.46,1
22.518,92.855003,744.0,32.62,1
26.504917,94.662417,979.0,20.62,1
25.36706686587463,94.78245404627128,1907.0,15.19,0
25.343111,92.584269,1089.0,22.21,1
23.07552690558636,92.43289667123636,156.0,14.99,0
23.612312,93.198942,894.0,22.61,1
25.78273951626003,92.40328660452607,946.0,17.19,0
24.971595818818123,93.21847021751644,170.0,14.55,0
26.8365,95.081306,281.0,9.66,1
24.297775,93.34159722,562.0,27.22,1
26.424472,94.67,1318.0,17.41,1
24.638613430263067,94.64203875331312,441.0,12.79,0
27.01196686380066,88.42595960429446,750.0,38.02,0
25.667597,91.063169,983.0,17.92,1
28.461089395762645,96.71794848386878,3968.0,39.76,0
26.091528,94.100806,701.0,30.22,1
26.722722,95.043361,512.0,17.87,1
25.166359483111204,92.67206789209732,1308.0,28.81,0
22.915587704132328,92.65353887520313,716.0,32.79,0
25.63417120797683,94.65624629442132,864.0,18.22,0
25.78072461093885,91.32792789569048,457.0,21.66,0
27.480472,88.531194,1010.0,40.8,1
28.033243157152217,95.32417124427924,157.0,3.41,0
25.931167,94.048889,721.0,30.97,1
23.625444,92.614889,1087.0,18.78,1
27.257581,95.936353,568.0,19.62,1
25.65747,94.08611,1581.0,17.48,1
23.476702,92.705854,1002.0,9.41,1
23.15114,93.283462,1430.0,23.97,1
25.95511290023815,95.0277597517181,2380.0,22.58,0
22.84808,92.79831,1283.0,15.28,1
22.22,92.62,199.0,12.12,1
25.23572,91.68776,722.0,34.85,1
23.285254388506345,92.42780904760292,165.0,18.5,0
26.19214840496673,95.10877964395348,1784.0,20.99,0
23.54166667,92.66472222,701.0,19.06,1
22.53,92.62,113.0,22.85,1
23.46805556,92.71638889,1135.0,27.75,1
25.76970748090696,90.51759440360628,156.0,14.76,0
25.201083,93.140806,498.0,9.0,1
27.60847633373765,93.38570182212844,2870.0,28.29,0
25.036048589512,91.50660872538364,10.0,0.74,0
22.862442,92.826431,1020.0,12.79,1
26.78725,95.068972,852.0,43.65,1
23.868917,92.735472,1258.0,26.41,1
28.045264632647115,96.31712589031976,845.0,26.97,0
25.34397804912321,91.82787462793,625.0,39.91,0
23.66379842368297,93.44588839002222,1200.0,21.15,0
25.08025,93.612278,1080.0,12.37,1
25.55162952778024,90.9584307373924,807.0,2.96,0
22.22651963593228,93.19368440316538,962.0,31.23,0
28.01992,96.443,444.0,2.89,1
24.95529084926436,94.29118208048428,844.0,22.92,0
28.100284,96.449538,1276.0,30.43,1
25.19152014896091,93.5407939134434,952.0,31.06,0
23.300787,92.853572,997.0,34.46,1
25.02570650173839,93.86378173924,1806.0,44.17,0
26.153418,94.590819,1801.0,22.69,1
25.436001171995724,94.20848517265854,1304.0,22.99,0
23.742861,92.725389,945.0,12.26,1
25.03506623822257,92.89292532058067,318.0,18.26,0
24.040972,93.078697,648.0,33.38,1
28.34613111976449,95.48761004342964,688.0,46.63,0
27.202417,88.391583,1655.0,29.44,1
28.133611,95.11125,272.0,36.54,1
26.05265450194231,91.64050850516102,234.0,22.63,0
26.32900974712283,92.3613398980436,59.0,4.44,0
24.52,93.07,189.0,6.05,1
26.012,92.264167,384.0,28.48,1
27.585158095423647,92.08173051644464,4525.0,6.03,0
24.023945,93.195663,1260.0,37.85,1
24.407989,94.240544,783.0,30.63,1
23.618917,92.642611,841.0,39.34,1
23.468374658016234,92.4788964003402,359.0,31.96,0
26.206528,94.223333,555.0,34.65,1
23.886723,93.200279,873.0,24.51,1
23.459019,92.856803,1058.0,26.12,1
23.005556,92.810555,952.0,31.43,1
27.476671443484864,91.9715888804548,3702.0,32.91,0
25.222528,91.765256,602.0,38.19,1
25.257919,94.091564,1015.0,22.21,1
25.958886,91.851242,357.0,26.39,1
26.608167,94.645139,633.0,26.11,1
26.159333,91.917611,106.0,10.05,1
28.614667,95.063611,870.0,30.01,1
24.18226897229271,92.87915161291278,193.0,7.07,0
25.303123380589906,93.7736153317144,1649.0,22.61,0
25.065704386874867,91.42689863083,9.0,3.2,0
27.496950844488094,88.96544583798037,3940.0,29.64,0
23.62277778,92.72444444,816.0,7.87,1
25.381107,91.756477,1774.0,26.71,1
27.142070838014288,88.86045565172216,930.0,32.8,0
25.968083,92.3575,646.0,26.79,1
25.37778551329249,93.61676086072632,1069.0,27.66,0
24.69311320756849,94.0554090343878,817.0,22.61,0
25.695,94.077,1173.0,17.38,1
28.013167,95.239333,256.0,16.28,1
27.427680082801825,88.26482093490063,2688.0,31.6,0
25.763469562587773,90.91918044865868,582.0,13.69,0
24.906333,94.482917,1635.0,15.39,1
27.96720486879416,93.76965309741334,1607.0,31.59,0
26.007375737458258,95.00526022811728,1132.0,18.74,0
25.80023128570674,94.6398848736848,1861.0,14.15,0
24.893094170350388,92.39410604415568,18.0,0.46,0
26.78106430222012,95.35650888413504,1030.0,21.74,0
25.287333,94.528333,1142.0,29.72,1
27.306806,88.375194,1607.0,38.62,1
23.73888889,92.69638889,1044.0,25.24,1
28.41315900279186,94.7829743323756,1551.0,26.81,0
28.284508061090005,95.30372280023605,1628.0,18.5,0
22.702165,92.836523,815.0,27.73,1
27.252527,93.804341,324.0,42.13,1
25.77309444,93.91229167,661.0,18.18,1
22.534,92.876999,567.0,21.48,1
25.31209779095989,92.95535410880366,387.0,15.21,0
25.2179954772196,92.64234499704996,1489.0,16.84,0
25.51,93.7,1208.0,37.6,1
23.7375,92.78805556,569.0,26.53,1
24.188117,92.595278,155.0,10.16,1
27.48402483799876,93.7882625266145,1212.0,20.05,0
25.7439067,94.0824993,1262.0,28.35,1
27.51491576955573,93.78027371727552,1379.0,10.79,0
27.465472542526143,88.76544806609904,4361.0,33.54,0
24.586856248342976,94.54219240677408,204.0,2.37,0
24.17812149638486,92.89086208549892,73.0,20.6,0
23.49444444,92.70416667,900.0,34.0,1
25.33323732911226,94.8473688284676,737.0,18.23,0
23.889517624469512,93.80677957046524,1366.0,30.38,0
26.9327984877126,92.55102931646938,119.0,1.74,0
24.345432330114523,92.29487400521536,48.0,1.38,0
24.97501932493288,94.30372852268124,896.0,15.89,0
27.750588010704792,92.08791977554988,4253.0,25.52,0
26.66412062361461,94.4302251049082,142.0,7.32,0
25.25615079047608,92.91126888160814,798.0,4.4,0
27.61356149785483,88.75899530047012,4267.0,34.29,0
23.71444444,92.72861111,855.0,17.12,1
27.163084,95.754775,560.0,29.59,1
25.945994543058607,93.87110319948648,149.0,1.73,0
25.549333,91.246583,1337.0,25.44,1
23.63472222,92.855,1036.0,22.68,1
26.661809993983542,94.4412456413424,142.0,6.62,0
27.302861,93.050917,1186.0,25.4,1
26.635667,94.703611,700.0,21.64,1
24.431056,94.259028,1225.0,33.01,1
24.97575325118887,93.92853613514174,1090.0,16.67,0
25.68002778,94.07266667,1265.0,19.56,1
28.258122,95.55209,550.0,32.34,1
23.55144060450701,92.4100705923102,544.0,33.95,0
27.27,88.179944,1328.0,36.52,1
25.353486,91.765544,1603.0,37.5,1
25.232417,92.178881,788.0,10.22,1
24.081533274220305,94.2002289942676,338.0,7.55,0
25.05108333,92.40219444,64.0,10.39,1
23.65839973882615,92.44423441219882,480.0,13.09,0
25.757639,94.223583,1057.0,23.42,1
25.59440597918957,93.6139873067821,437.0,12.75,0
25.01587271096508,93.2545741479592,176.0,11.84,0
25.01467859195576,92.18045011998456,13.0,2.66,0
23.131999,92.744413,807.0,27.63,1
23.705117,92.877669,501.0,13.32,1
25.063778,94.615,1012.0,17.74,1
23.606539,93.087476,1135.0,34.83,1
23.73055556,92.77888889,673.0,39.42,1
25.22632542947792,92.28252966856948,795.0,15.96,0
23.7385748,92.6941941,986.0,30.89,1
28.22675,94.225111,811.0,25.49,1
23.03814896332431,92.48585785552125,60.0,9.83,0
27.14340071637733,92.31190249279472,2695.0,32.9,0
24.686833,94.2605,1374.0,34.58,1
24.984331,94.228244,1060.0,33.09,1
24.536556,93.670047,1124.0,37.09,1
22.21,92.61,239.0,16.88,1
25.85,91.17,78.0,2.48,1
27.87242048440405,94.63074880683092,1460.0,25.06,0
28.100244,96.448173,1228.0,26.54,1
27.128972,93.705333,157.0,12.6,1
28.209018,95.80348,935.0,34.93,1
27.065779273433765,95.48427459319625,496.0,18.5,0
27.3515,88.273028,1529.0,27.18,1
28.29060694549064,95.40176455104464,1975.0,11.58,0
26.198420588596576,92.09229553331171,52.0,1.13,0
25.905494,94.769017,1387.0,33.66,1
25.78117222,93.80404167,448.0,8.25,1
27.703038704151336,94.9239401337898,115.0,1.33,0
25.077778,93.611583,1048.0,18.44,1
25.43572518670536,94.34677354756576,1383.0,19.86,0
24.70721222035579,93.57067479289732,810.0,18.48,0
27.144357344189075,93.47433723467276,1191.0,36.84,0
28.20984162485016,95.99957220901972,2519.0,28.32,0
23.357100789984475,92.9818520820304,1411.0,24.92,0
25.065715892538485,92.64037702241436,149.0,18.2,0
27.555583,92.963028,816.0,29.63,1
25.17623,93.01326,696.0,31.95,1
25.68348983623465,90.91369884937836,570.0,3.71,0
27.323867643156337,93.70282911550524,1536.0,12.13,0
25.161861,93.729917,750.0,15.68,1
27.37444054152999,93.88562968115116,457.0,15.21,0
23.504575,93.23805,1419.0,27.44,1
22.448,92.882004,504.0,12.09,1
27.48140017267077,93.16729127405388,1477.0,23.87,0
24.95625,94.520083,1512.0,30.61,1
26.273333,94.83,973.0,25.32,1
23.233349,92.744075,731.0,11.99,1
26.736494,95.261822,1314.0,31.93,1
24.194252,92.963806,330.0,7.27,1
26.14988889,91.77394444,116.0,13.04,1
28.234228835066546,95.03825430856432,789.0,11.21,0
24.496792,94.141878,1477.0,30.81,1
25.18,93.33,868.0,26.21,1
26.38130791695241,95.27794754558197,1188.0,29.6,0
24.27861950239688,93.89199854510842,811.0,4.57,0
27.596278,91.894333,2434.0,41.93,1
27.50504988422572,93.14188890311912,1479.0,10.27,0
25.20671179750201,93.4006579854759,1139.0,39.01,0
27.326444,88.219,1289.0,32.24,1
27.225556,88.240333,1572.0,27.93,1
25.648512,93.121528,351.0,19.72,1
26.77720766929138,95.16136424759593,701.0,49.13,0
27.283194,88.106667,1591.0,30.42,1
24.878894044987465,93.3100454651766,764.0,10.43,0
25.205,93.059,575.0,11.49,1
28.07643302797377,95.73229720981531,181.0,1.06,0
23.30803192131204,92.57839198542226,363.0,18.75,0
28.59069511154882,96.68143623504616,4499.0,46.44,0
23.14016,92.75191,859.0,19.05,1
28.067055254116063,96.71583247624558,2705.0,31.21,0
26.93438,92.729,154.0,8.9,1
25.467772,94.549483,1219.0,39.34,1
26.84758795271604,94.949423446051,555.0,16.45,0
22.18,92.77,168.0,17.5,1
25.79666111,93.80424722,236.0,31.87,1
23.274148,92.871011,1089.0,26.95,1
26.608503878357187,95.26153688538128,805.0,25.25,0
24.84701759526904,93.30487328584394,1259.0,21.61,0
23.110116396479977,92.96071507347824,458.0,36.69,0
26.77760776495941,94.66482652108527,128.0,3.02,0
26.01426964887204,91.39956940836754,58.0,3.54,0
23.31509294943365,92.55037302826292,743.0,40.23,0
23.40623359419433,92.57545038498913,321.0,22.71,0
23.74475832432899,93.23662820795558,738.0,8.2,0
23.204706,92.533825,775.0,13.08,1
25.11086973017201,91.4490066720882,10.0,1.12,0
25.010379,92.75482,97.0,12.99,1
24.030277865443004,92.54239784178333,238.0,18.46,0
22.68,92.57,582.0,25.06,1
23.303639,93.311361,1490.0,17.9,1
27.502180901437875,96.29879968756843,436.0,18.41,0
26.765236457004963,94.58872936117844,121.0,1.94,0
23.135434,93.368506,681.0,23.02,1
23.50694444,92.69638889,822.0,37.93,1
24.820728,93.575906,398.0,26.11,1
22.773795874449604,92.7576982894989,291.0,20.16,0
25.94027537343268,91.7802404204952,304.0,15.2,0
25.164,93.04019444,450.0,17.34,1
23.75467013706567,93.61071687094685,1548.0,14.48,0
24.188702,92.943036,486.0,31.4,1
26.24698,91.964383,62.0,15.65,1
25.465167,94.543694,1055.0,27.3,1
24.95152037215585,92.20157584306968,15.0,1.02,0
27.09698620709796,92.33010963608994,2303.0,36.19,0
27.68172403893414,96.34091586036288,635.0,15.49,0
23.888945,93.033974,913.0,23.8,1
25.06403728682848,94.82104705319368,831.0,20.51,0
25.779944,94.116556,1347.0,25.04,1
28.19557299120535,96.3709787970788,2506.0,37.47,0
25.46250013701948,92.718869443957,641.0,7.84,0
24.623913054900903,92.92601726425912,27.0,1.53,0
25.02184254619232,91.46344176502448,8.0,1.53,0
26.40534079497572,95.1976347587934,1354.0,14.91,0
22.93175175546726,93.04518741985105,560.0,32.76,0
26.39813869373856,92.40109519279454,55.0,2.45,0
26.6834248563008,94.92503037203234,840.0,20.85,0
26.483278,93.181306,169.0,10.94,1
24.04501619339791,94.29691002211828,134.0,2.06,0
26.19081,91.84528,67.0,21.14,1
25.07798292075152,92.53319053757288,675.0,24.34,0
22.19,93.03,775.0,30.79,1
27.282667,88.108278,1611.0,15.83,1
26.395930262460272,95.10949799871456,2345.0,36.21,0
28.516614230132664,94.93140538573414,983.0,29.51,0
27.01118182147524,88.46712459996166,248.0,6.97,0
23.53555556,92.69694444,853.0,43.99,1
27.25352778,88.60377778,1062.0,22.61,1
25.5714797946298,93.58749757393866,301.0,4.83,0
27.305527,96.224831,363.0,30.73,1
25.078478207143743,93.1104044347109,704.0,28.01,0
24.2552688187968,92.55958703227232,80.0,6.23,0
24.831859,94.335718,1422.0,33.97,1
28.226722,94.895611,293.0,25.6,1
24.1,92.51,579.0,40.24,1
28.383278845530626,94.7365583298774,1028.0,19.1,0
28.15331021476625,95.59192561756504,251.0,2.78,0
23.35406111,93.04156111,516.0,10.53,1
23.7155,92.556028,914.0,22.81,1
24.19,94.01,1252.0,25.01,1
26.11489460232304,93.68877862124594,236.0,10.23,0
25.721,94.084,1329.0,18.24,1
25.920367,94.641739,1878.0,35.89,1
23.510275,93.360333,1325.0,46.62,1
28.178861,95.228056,295.0,28.8,1
26.164247170367343,94.72881448357796,2190.0,5.32,0
25.610083,94.591889,1027.0,16.62,1
27.157291,93.739896,167.0,23.74,1
27.00370513278132,95.137172887454,122.0,4.57,0
22.42,92.992996,844.0,21.69,1
26.21695529075057,93.98662164768106,113.0,1.64,0
23.110975,93.21260278,1020.0,28.12,1
27.237889,88.346444,1582.0,24.15,1
28.4877175732068,95.75278062240967,2246.0,38.12,0
24.646393727933084,93.7739653291966,776.0,4.3,0
23.239077,92.745631,756.0,18.75,1
22.49,92.67,427.0,22.78,1
24.77472778,93.30506111,637.0,14.81,1
22.866318,92.776726,1174.0,27.97,1
27.922823690908142,93.62451229414106,1509.0,23.55,0
27.629122825490462,96.21509664773012,414.0,12.75,0
25.24,93.27,1086.0,20.21,1
27.272056,88.394139,1021.0,32.08,1
24.49928358567103,94.02479951558992,867.0,16.07,0
24.70662179948644,94.04505826760932,781.0,0.69,0
27.055530233051016,88.18373314033236,833.0,13.93,0
25.60228152884032,92.11147921158611,972.0,12.54,0
27.48796778884916,88.84041420404887,3899.0,13.95,0
25.186222857501345,94.58476220431844,1978.0,32.08,0
23.30351294424125,92.54420424748945,766.0,32.55,0
24.784611,93.659528,517.0,16.23,1
25.92792,91.87717,591.0,12.56,1
24.022188,92.771891,806.0,25.62,1
27.969626221975563,95.32886484060673,142.0,2.66,0
27.57939955457558,92.83174622860112,2581.0,4.66,0
24.489952685961686,93.72210234247645,832.0,1.45,0
28.299337615658644,95.35254884103796,2911.0,41.38,0
23.665375,92.96162,1094.0,10.54,1
23.49333333,92.70666667,1076.0,12.76,1
27.393139,88.310139,1537.0,28.57,1
25.62083,94.11572,1565.0,17.87,1
22.622070573571964,93.0587953844881,1380.0,30.91,0
22.97607809617316,92.61852777130356,187.0,23.76,0
23.657278,92.704583,898.0,21.65,1
25.067469448147005,91.37591733310092,9.0,2.89,0
22.27199101234538,92.97173891203708,497.0,34.72,0
25.667627250673487,91.7884931522349,1016.0,24.33,0
25.663,94.10439,1435.0,18.56,1
24.89160948539162,92.27233188396178,17.0,1.19,0
23.699081358641568,93.4439504131998,1362.0,23.51,0
28.38828473350891,96.00315707229323,2082.0,45.84,0
25.048417,94.332389,1457.0,23.44,1
28.399111,95.241361,621.0,30.2,1
27.664060781501817,91.71235483178796,1994.0,31.85,0
23.950195,93.125061,1429.0,12.02,1
27.1448,95.742566,576.0,28.0,1
23.383060245498672,93.67884811270044,1135.0,29.07,0
24.33300556,93.65357222,1160.0,4.77,1
24.62775,93.604611,908.0,25.21,1
24.04610988097121,91.858872319346,59.0,4.78,0
23.30386119992644,92.99599863788951,717.0,14.1,0
25.881917,94.035694,1102.0,35.32,1
27.169472,88.363778,1532.0,36.75,1
24.47668946203189,92.33465031947748,40.0,4.12,0
28.42834502533329,96.06607342463654,1890.0,29.45,0
27.05593455808627,88.33234756763486,1348.0,17.33,0
26.796839652822523,95.2000173467338,1195.0,11.98,0
25.711,94.09,1432.0,17.35,1
28.154222249677783,95.6165634158303,240.0,1.49,0
25.266822048664743,92.8971213801988,735.0,10.26,0
23.6375,92.72277778,843.0,37.77,1
25.038667403583204,93.12055815482884,898.0,24.11,0
27.67293338097685,92.83749951075976,2139.0,58.9,0
26.791038211141647,95.16112434850568,548.0,29.42,0
26.88905898750707,94.9090893270822,124.0,4.16,0
23.39897700717678,92.56082612199316,507.0,14.52,0
22.90708486354813,92.6204966046622,120.0,17.58,0
27.93318683342149,94.94587507363195,340.0,13.67,0
25.09707533444064,91.5940712520333,16.0,2.1,0
24.04014167,93.2915,666.0,22.39,1
24.824278,94.322472,1378.0,13.23,1
25.631,94.257,1146.0,32.87,1
24.314333,93.931361,1221.0,16.34,1
25.97255556,91.86241667,338.0,10.67,1
25.062454816431025,91.33342417835644,12.0,2.04,0
27.087667,88.416528,276.0,35.83,1
25.02569359367844,92.05934897589674,12.0,0.93,0
23.1044707843762,91.56528627951548,77.0,8.5,0
24.708417,94.198278,1314.0,24.34,1
27.0370531682968,88.25520642995372,1849.0,38.67,0
27.409778,92.132167,2072.0,31.17,1
23.336955,93.07526,1145.0,34.87,1
26.18866667,91.76694444,111.0,10.42,1
28.24806195745348,96.13512464769695,2082.0,50.64,0
25.100926364939777,91.75226867116768,12.0,9.53,0
25.259222,94.547417,1205.0,24.24,1
27.0265820183298,95.92239191300492,1300.0,22.39,0
25.110389,93.625583,1155.0,40.76,1
22.93,92.5,117.0,7.53,1
27.197293,93.782341,236.0,33.79,1
27.31684936928361,92.9542651897418,752.0,14.6,0
26.99523639841564,88.38701599918971,685.0,14.39,0
26.599147310906456,94.85253133352448,607.0,44.39,0
27.6756,93.8837,1377.0,26.36,1
25.419639,94.578556,1501.0,20.12,1
25.160222,91.527843,27.0,5.6,1
23.870567,93.215149,1127.0,34.66,1
25.300389,91.726722,1519.0,23.86,1
26.256139,91.711583,82.0,18.62,1
23.691722,92.575111,912.0,26.61,1
27.63825,93.857583,1791.0,16.47,1
28.0907,96.45238,1017.0,36.32,1
23.107222,92.693054,880.0,22.28,1
23.59250229149584,92.53555247581409,247.0,19.51,0
24.43753617109487,93.52917995532124,912.0,9.75,0
27.49155157166569,88.46736946190796,1587.0,43.57,0
25.10877778,92.92033333,269.0,12.36,1
22.813019,92.805801,936.0,41.53,1
27.01607872668139,88.26632300013887,1767.0,21.5,0
27.13689,88.276598,337.0,56.45,1
25.197881,91.139559,86.0,28.63,1
23.93,92.37,730.0,13.78,1
25.544210493906466,94.96088618594788,1219.0,29.51,0
24.71516519726341,93.86477784304324,773.0,1.64,0
24.987361,93.525333,1131.0,22.95,1
25.67,90.18,299.0,17.74,1
25.243543797662543,94.41831014118569,1317.0,23.19,0
25.01467076160897,93.2390233659344,230.0,16.67,0
25.47710259082841,91.97494972960912,1665.0,7.08,0
25.905833263472235,93.855046390279,154.0,3.48,0
25.051944,94.551111,1814.0,34.51,1
27.221112418299995,93.85853259580648,260.0,11.03,0
26.204028,94.238389,424.0,24.38,1
22.341,92.768997,338.0,24.2,1
25.473057089198434,90.41289126224784,1114.0,12.51,0
27.444632281787573,92.8635034119767,1703.0,29.66,0
24.0525,92.66833333,712.0,29.28,1
23.93388889,92.67555556,222.0,35.04,1
24.064267818172265,93.42315788286116,739.0,29.61,0
23.65861111,92.70583333,872.0,8.21,1
26.712306,95.012583,757.0,29.5,1
28.080301,96.472247,823.0,28.81,1
23.472239386632825,92.5301900919413,494.0,31.29,0
23.15893040888243,92.43040033988848,123.0,12.76,0
24.847436,94.325861,1201.0,30.38,1
27.683889,94.682444,296.0,39.24,1
23.618722,92.627389,1045.0,12.22,1
24.721643868244275,93.76357862942052,913.0,20.42,0
25.69430542372444,91.27048500799717,1249.0,14.66,0
23.704861,92.98575,962.0,16.34,1
27.82406131877621,94.87556162077252,502.0,26.68,0
23.10074722,93.18785278,978.0,25.93,1
23.382695,93.116001,1184.0,30.57,1
25.297797,94.044722,1144.0,39.7,1
27.53847270412632,88.26160031284839,4804.0,47.06,0
27.412275320940896,89.01471324944737,3312.0,36.57,0
25.080161,94.114939,828.0,16.07,1
23.696267001007048,93.41444927194904,1132.0,16.38,0
24.94960259822951,92.2625348187978,12.0,1.92,0
23.53315485118656,92.5098773388972,304.0,33.83,0
26.212028,95.000417,1596.0,28.5,1
27.548417,88.641944,1345.0,41.78,1
23.87211,93.335999,1196.0,17.86,1
26.98547309417976,95.83118650428187,1858.0,13.79,0
22.34,92.69,195.0,21.87,1
27.492459398142145,94.07202912952242,1017.0,32.26,0
27.372806,88.739139,3487.0,33.0,1
22.8024491212024,92.47084554663148,56.0,7.84,0
23.144687,92.750609,861.0,10.08,1
23.204595,92.73861,795.0,32.52,1
24.070436085457903,92.71616964631151,184.0,16.73,0
23.53222222,92.735,1001.0,24.08,1
25.62084774040826,92.13791376693148,876.0,12.52,0
24.98576060973165,93.37169008645824,261.0,11.84,0
25.839561112333744,92.31936501050822,673.0,11.18,0
28.440312924829072,95.70419451229526,1214.0,33.76,0
24.874523004903555,93.36285738897963,593.0,13.04,0
25.635471817833896,92.66453916919428,690.0,16.84,0
25.353114158806047,91.14708415117347,696.0,5.75,0
26.49235157487663,95.05532862613492,1404.0,9.78,0
25.170707000882587,94.70697429366842,2081.0,23.63,0
22.986791692851867,92.31633050794498,217.0,10.68,0
27.47055985549167,88.88688751064304,3382.0,29.5,0
24.08222222,92.79305556,922.0,13.48,1
23.462173,93.014317,1477.0,24.37,1
26.686961,94.544,455.0,19.99,1
27.50917203498764,91.7250036041352,1524.0,33.49,0
23.353111,93.299361,1174.0,24.64,1
25.34815,91.892506,1522.0,25.99,1
25.134972,92.380278,219.0,37.29,1
28.754928,94.8954,620.0,32.3,1
24.82494315428541,94.66513967620926,1007.0,41.08,0
22.94954464226947,93.11614989959894,656.0,28.72,0
23.76527778,92.85,774.0,33.27,1
26.302944,93.225389,255.0,14.46,1
27.00633760181535,94.99791951273986,111.0,0.74,0
27.364722,88.834917,3862.0,32.56,1
25.6188956766568,92.66578132778842,668.0,26.38,0
23.3045937553882,92.9611971953888,1087.0,32.75,0
24.14,93.57,777.0,28.07,1
25.571747,91.827526,1305.0,30.91,1
26.821722,95.078389,443.0,20.15,1
25.055278,94.56436,1709.0,30.89,1
25.944008,94.789414,1217.0,25.82,1
26.382806,94.66425,504.0,5.32,1
25.446512451532424,91.23937808015148,1332.0,1.73,0
21.938785629255765,92.82416050356376,714.0,29.1,0
25.589222,94.766083,1715.0,33.38,1
25.468,94.545083,1037.0,20.16,1
27.04357851522993,88.15179535108622,1504.0,20.54,0
24.8545,93.449036,989.0,32.41,1
27.48307355307478,88.2448758107314,4534.0,24.91,0
23.823222,92.674861,403.0,23.62,1
26.69742212715016,95.37015961600184,1610.0,12.67,0
27.177167,88.369611,1574.0,30.88,1
23.732185324844256,93.2629325162418,1110.0,33.53,0
26.9109209229686,93.8544098699396,81.0,0.35,0
25.901611,94.393694,737.0,23.75,1
24.13,94.11,935.0,20.83,1
23.182667,93.026138,764.0,4.77,1
27.01319804691792,88.63976411927274,1418.0,12.3,0
26.952173,95.519402,1346.0,26.61,1
23.5356,93.10656944,687.0,29.38,1
27.43456389136265,92.950042847823,1833.0,27.42,0
28.38855646918692,94.8931051497375,1194.0,54.14,0
28.026809590554027,94.01820243970056,929.0,48.0,0
24.36482103532684,93.4456733621219,1200.0,12.85,0
24.244770412630675,92.55720245641484,90.0,11.54,0
24.28,92.65,103.0,15.85,1
25.69483,91.11836,1095.0,15.15,1
27.32958781043502,93.4160494445356,2205.0,14.34,0
26.36034920361489,91.9396451362553,56.0,1.92,0
27.428833,93.025306,878.0,23.9,1
24.440033,94.184122,1458.0,31.48,1
23.395901400687023,92.5178078649219,721.0,28.64,0
25.93888473816158,93.79747783978448,144.0,3.51,0
23.48625743719213,93.5359648935222,1106.0,18.21,0
27.771305622262865,96.15520353684472,200.0,3.56,0
24.95159628224631,93.93196280818088,1097.0,26.2,0
24.835402776626072,92.9587737245945,38.0,8.08,0
25.217859572720133,92.92165559768686,616.0,20.64,0
25.903907,94.041235,970.0,43.45,1
25.394667,94.548917,989.0,21.29,1
23.657194,92.5905,1193.0,29.95,1
26.85238891882197,95.47978287607177,1910.0,22.22,0
27.153528,88.494389,1099.0,31.36,1
26.45869694354701,94.9230480613828,877.0,21.94,0
25.27788923230802,94.7811023795882,1181.0,7.82,0
24.75999344364628,93.56866958868989,1006.0,5.5,0
24.87453385966772,92.34945286172326,24.0,3.1,0
25.4013,91.45855,1563.0,25.08,1
25.079806,94.294111,1141.0,37.84,1
25.980008,94.580747,1760.0,37.47,1
23.73,92.75861111,926.0,42.75,1
25.49833333,91.73361111,1733.0,12.8,1
27.530081834380184,91.77565246826131,1781.0,35.54,0
27.167611,88.348889,1102.0,31.28,1
28.439344,94.669332,465.0,25.39,1
27.389925673790973,93.7582504175669,634.0,1.74,0
28.16440302971165,95.69680089091662,205.0,2.56,0
28.26599250387578,95.46686468204176,1756.0,47.47,0
25.513567,92.784825,323.0,10.87,1
25.580703,91.237361,1350.0,13.51,1
25.135840236327176,91.86034199152068,13.0,2.44,0
25.115444,93.638778,1229.0,32.6,1
23.733550432064973,92.31885341388367,140.0,13.78,0
27.22975,88.619361,1196.0,35.55,1
27.793917,94.728806,822.0,32.45,1
27.166278,88.144333,2039.0,37.74,1
24.639722,93.612222,809.0,30.36,1
25.150114230847343,92.52166625710072,168.0,18.62,0
27.15425,88.500333,998.0,32.32,1
24.11292598596213,91.92089835087448,136.0,7.64,0
27.30661727708006,93.9248761920369,512.0,30.08,0
25.147520235735165,92.76636956040306,1302.0,17.45,0
28.45187232265273,95.09054090986156,297.0,22.48,0
25.112861,92.877556,230.0,21.08,1
25.355042,91.767525,1621.0,38.22,1
27.225083,88.373333,2001.0,30.69,1
26.371667,94.943333,1156.0,42.86,1
24.19,93.4,1033.0,18.88,1
23.86972222,92.87611111,971.0,24.16,1
27.055652504449498,93.8024561823347,112.0,1.8,0
23.17252,92.611434,806.0,19.54,1
23.288812,92.864763,898.0,31.42,1
25.455817,91.086289,704.0,10.87,1
27.64177055207972,91.9671624244058,3850.0,14.17,0
25.202886,92.201147,646.0,12.45,1
25.31858081268049,92.19913286476356,1055.0,10.51,0
23.469833,93.314889,1405.0,22.28,1
26.76846312834145,93.49526320897394,75.0,5.9,0
25.653,94.123,1277.0,23.75,1
27.63372971219848,88.76479831087923,3466.0,21.51,0
26.9498,93.45291,182.0,28.44,1
24.372877835273645,93.80456910318162,776.0,0.74,0
28.093966837375778,95.80215447660107,232.0,2.1,0
27.256556,88.148722,1569.0,31.52,1
25.133063891727947,93.46671138999396,642.0,29.35,0
25.970062,92.054889,603.0,26.84,1
25.915925,94.824992,857.0,26.18,1
26.32179930698161,93.95544587289706,110.0,7.3,0
25.61,90.29,565.0,9.89,1
23.97083333,92.6825,320.0,25.26,1
26.439528,95.032278,1637.0,14.55,1
25.182472,94.523722,1363.0,30.21,1
28.06298853766796,96.2432470607367,1986.0,18.41,0
26.14944444,91.748,136.0,23.25,1
25.52103,94.13783,1667.0,21.19,1
24.864833,93.772583,1365.0,32.46,1
23.500083,92.585889,874.0,6.48,1
25.41715530820794,94.3982694614687,1097.0,24.26,0
27.624741227270512,93.7663858458732,2070.0,29.42,0
28.50659240366045,94.95344688838236,1702.0,39.58,0
25.711278,94.579944,1109.0,35.64,1
24.719214,93.508903,291.0,46.58,1
26.67148910042942,95.25355711830689,1584.0,27.84,0
28.072345795826944,95.63171893637904,174.0,0.35,0
23.493913,92.854305,957.0,16.49,1
27.383611,88.305806,1632.0,49.31,1
24.321889,94.147306,1267.0,23.96,1
27.183833,92.599333,1654.0,27.55,1
25.68,94.287,1682.0,14.29,1
23.937304643016105,92.58590331782322,838.0,11.05,0
26.425222,95.021694,1596.0,25.91,1
26.18159820586537,93.92947202377184,116.0,1.73,0
25.39086526120924,92.37381805064156,1255.0,7.54,0
26.61052312294383,93.81792406780352,91.0,3.88,0
25.173762753226743,92.48477521531603,223.0,13.2,0
23.528404417516747,93.49339962512482,1138.0,11.17,0
25.179306,94.526333,1285.0,29.02,1
23.672022,93.349595,1291.0,22.92,1
25.23651315537562,93.7615266180512,2037.0,14.19,0
24.9475,94.188889,935.0,35.3,1
23.197825,92.73502,741.0,11.59,1
23.732,92.75963889,845.0,32.47,1
27.57239230408057,88.83831094922893,4543.0,36.42,0
27.806724413944803,93.71266817912571,1447.0,57.96,0
26.576806,95.096889,1485.0,26.14,1
25.857789,94.523589,874.0,38.48,1
27.49571973679749,88.73977655364462,3836.0,31.79,0
27.23575,88.506472,429.0,39.27,1
23.41649161973896,92.50997259977292,648.0,22.79,0
25.832806,94.06175,747.0,24.76,1
24.00262544065843,93.69454669902858,1518.0,15.39,0
27.143556,88.373083,1272.0,20.61,1
23.740028,92.709861,900.0,38.44,1
25.280004131625564,92.91329473501968,670.0,5.48,0
23.875174,93.21302,1151.0,27.79,1
23.53105762990272,92.1629491733664,88.0,1.11,0
23.8,92.5,672.0,20.03,1
27.205,88.591722,1217.0,41.11,1
27.19488838831026,92.32402936815852,2413.0,32.73,0
26.654494709212447,92.81481627431226,72.0,1.64,0
23.03833333,92.67055556,388.0,20.07,1
25.164472,93.693944,983.0,31.23,1
27.2214924504369,95.62289854858932,230.0,16.56,0
24.34,93.31,388.0,21.55,1
28.10833127765549,95.01463381584256,552.0,43.49,0
25.34725,94.334444,1443.0,34.29,1
28.192581,95.804085,736.0,28.51,1
25.801053104069712,91.75334282531382,610.0,19.53,0
24.004867,92.677265,610.0,36.06,1
23.69333333,92.76694444,1010.0,38.48,1
27.25127278321836,93.8832852426624,253.0,10.9,0
25.394689335137947,91.35011363824836,1525.0,11.43,0
27.51850916711991,93.95487122953726,2559.0,19.43,0
24.718491824322573,92.98422279667564,36.0,3.88,0
26.42575,94.669417,1319.0,4.91,1
26.04022304591805,94.77940286525642,1668.0,19.35,0
26.25851668408099,92.19625363904753,53.0,0.69,0
25.22139129028516,92.28112984989944,823.0,3.74,0
25.77178333,93.90760556,627.0,22.39,1
25.421083972202126,94.71094749310924,1308.0,26.65,0
26.097986,91.980589,92.0,23.35,1
27.279972,88.186917,1737.0,30.42,1
27.25475,88.711,1033.0,50.09,1
25.77457,94.075897,1348.0,26.42,1
24.637278,94.1725,1482.0,24.43,1
25.866722,94.372639,745.0,27.0,1
25.175056,93.020417,574.0,25.37,1
25.535628,91.679575,1756.0,8.09,1
23.621722,92.623583,1101.0,16.75,1
23.74425,92.968472,714.0,18.66,1
27.07354668685553,88.73338698598852,2121.0,33.94,0
25.864158,94.047264,863.0,26.58,1
25.8503292235893,93.6328363088511,213.0,2.42,0
28.494378,95.825225,707.0,35.39,1
26.235736,94.805011,1379.0,32.95,1
27.656,93.877472,1578.0,20.49,1
27.191917,88.2885,1272.0,28.36,1
27.283444,88.192639,1686.0,25.46,1
26.376,94.463389,860.0,20.08,1
22.929410488818508,93.38760485072056,1100.0,21.31,0
28.72421127164196,95.3786356778804,3287.0,30.57,0
27.152417,92.561778,1618.0,26.21,1
25.111331,92.351128,260.0,44.02,1
25.786061,94.931447,1790.0,23.1,1
27.485674268164544,88.75162220268092,4318.0,4.91,0
25.553833,94.762389,1162.0,4.32,1
27.180528,88.518611,327.0,38.77,1
22.903454,92.760096,1160.0,27.97,1
23.984972,92.772028,600.0,18.55,1
24.22,93.88,818.0,20.46,1
25.617,94.113,1711.0,30.3,1
25.261511907464108,93.76305444057864,1811.0,18.96,0
26.7398648923049,93.58034294089448,64.0,3.89,0
25.62,94.485,1106.0,26.91,1
27.77575398750526,94.36611649669044,1330.0,39.6,0
25.979515458457225,93.85386036106404,145.0,2.53,0
26.4219453,94.3854377,798.0,47.55,1
22.87985486656665,92.62488801472072,139.0,16.46,0
24.851722,93.449389,1132.0,32.39,1
25.75561421143664,92.36554889214712,798.0,5.97,0
27.260167,88.171889,1312.0,38.2,1
23.25828611,93.15288333,1207.0,30.32,1
22.577583,92.870277,985.0,33.86,1
23.77166667,92.7605,1138.0,28.62,1
25.052824768330417,91.5554589605276,6.0,0.0,0
23.301117,93.330175,1258.0,22.92,1
24.851806,94.366083,1466.0,37.84,1
27.375139,88.542833,1818.0,47.72,1
25.317627369182,91.16357927284795,536.0,5.6,0
26.828258981181044,94.48550953406108,101.0,3.82,0
27.45177996343517,88.14487489946956,3595.0,12.1,0
27.033367496268763,92.99331747540454,911.0,21.38,0
28.198018,95.810448,813.0,47.64,1
26.31362394083218,92.50195624484766,60.0,1.19,0
25.92153,92.50753,367.0,30.15,1
25.671351669064464,90.84547397220466,550.0,13.76,0
26.2531347490442,94.2979711414034,442.0,12.54,0
24.44450307912312,93.6872744667623,1003.0,7.96,0
23.71,92.71611111,949.0,16.92,1
26.30261034445737,94.98924947639416,2230.0,18.41,0
24.314194,93.928861,1190.0,30.12,1
25.478867348849604,91.98659221171977,1603.0,16.1,0
23.114694,92.743931,835.0,32.81,1
27.914944,94.721806,740.0,42.36,1
25.57,93.871,1464.0,26.01,1
27.93313561608824,94.79338929181858,1186.0,40.71,0
25.282943,91.580161,970.0,30.83,1
27.902867233133268,95.04788469151242,366.0,17.05,0
25.673,94.101,1285.0,17.24,1
25.060262227254505,93.0570508891219,1134.0,24.47,0
23.136712,93.31485,1606.0,34.9,1
25.65443889,91.62390833,1469.0,11.6,1
25.222304,91.763619,641.0,37.68,1
22.45913686684168,92.80796408813733,374.0,16.39,0
22.31,93.02,1144.0,13.71,1
25.158915010918456,93.5573216547264,395.0,25.04,0
28.37583524231431,95.74432593741024,871.0,57.07,0
23.214239,92.740856,842.0,18.92,1
26.103667,94.363139,735.0,23.12,1
27.135067171981177,88.6273554450284,818.0,16.15,0
27.91750464887059,95.2358295395217,238.0,7.04,0
28.150741,95.275122,218.0,22.77,1
26.3478,93.7417,209.0,34.57,1
23.366694,93.380139,822.0,27.74,1
28.27126153233852,95.07710282863204,1407.0,27.21,0
27.371472,88.709722,3133.0,41.11,1
23.666722,92.890889,367.0,31.42,1
23.454968,92.854599,1003.0,33.53,1
23.844444,93.051361,1087.0,31.09,1
22.60650192303473,93.02950765854897,1018.0,23.78,0
26.239167,94.200611,318.0,14.19,1
26.16348273525793,95.18699604800946,1374.0,21.44,0
24.662664,93.62825,590.0,26.95,1
26.38079055003245,94.06859937029378,109.0,1.13,0
26.92532641419119,93.6173378139568,90.0,3.53,0
26.98284872500648,93.71256279028712,99.0,1.04,0
25.40288611,91.43424167,1527.0,16.76,1
26.34975087231808,95.06473786958036,2042.0,13.45,0
25.92047315225297,93.84183197161175,149.0,0.74,0
26.485274340734616,94.16121614068058,98.0,0.93,0
27.53907034419641,88.94356163691354,3830.0,33.51,0
27.40251944,88.51868056,574.0,36.54,1
23.135813,92.74814,872.0,25.36,1
27.95643986155866,96.18980022296992,291.0,2.8,0
25.53041836041166,94.04856374793148,2676.0,23.59,0
26.05925,94.244472,1445.0,21.14,1
27.27772481649433,93.61676405991076,1479.0,23.0,0
25.24597222,93.02827778,604.0,19.57,1
27.00007330579689,88.5513336959281,1648.0,39.87,0
28.24175,95.925012,2642.0,15.54,1
26.542778,94.944167,1205.0,37.92,1
27.760889,93.990806,444.0,43.16,1
24.60101967360279,93.86474492051218,771.0,2.22,0
26.901493392313693,93.68587645256233,79.0,1.14,0
24.817944,94.504472,1245.0,32.44,1
26.194204,94.554867,1552.0,22.02,1
28.309952524889496,94.18788841866431,940.0,17.92,0
24.010279,92.767056,715.0,29.89,1
28.45330624318061,95.57605026390112,2680.0,29.34,0
25.11114472098563,92.51709221392083,974.0,27.06,0
26.531679568128222,95.1693120777786,1232.0,16.44,0
23.635733,93.07666,923.0,35.81,1
26.03275,92.271861,168.0,25.3,1
28.181139,95.225944,296.0,38.29,1
22.186502688994025,92.32154918100414,94.0,6.35,0
27.49458819167188,88.38631801516064,3345.0,35.74,0
27.688,94.67875,285.0,20.89,1
26.86004468783312,94.4911611385176,100.0,3.18,0
28.14139622465952,96.04519301325568,1824.0,46.06,0
27.372333,88.617556,1894.0,30.15,1
23.330774769150445,92.97167668228808,1436.0,24.87,0
25.209456,91.646315,604.0,25.0,1
26.926347766399186,94.90823533256167,202.0,15.94,0
23.71583333,92.72444444,908.0,34.28,1
25.62347700813397,95.06371455522272,2171.0,32.76,0
27.409980340515315,95.81737313532072,146.0,4.46,0
27.57325657641784,96.42297044305306,660.0,20.04,0
26.066583,95.033361,1690.0,47.35,1
25.842897,94.786861,554.0,20.78,1
24.58101294124176,93.5266994530944,930.0,22.55,0
23.75972222,92.74083333,1038.0,39.27,1
25.74793526426956,91.74156946763982,778.0,9.91,0
26.995318527217663,92.69916930985876,143.0,2.08,0
26.3477,93.7399,202.0,29.52,1
24.374778797366822,92.29211265816195,43.0,1.38,0
24.66613255903896,94.80459746947984,180.0,1.12,0
27.216639,93.691472,461.0,30.74,1
27.9113657610264,88.4934739105861,4382.0,36.26,0
26.670687642378027,94.86194540252175,852.0,22.1,0
27.0734258142698,88.11396669873068,2278.0,28.71,0
25.914817301451304,93.91054441032382,160.0,1.46,0
25.10403455312185,92.01270028057276,12.0,1.39,0
25.1659411446698,93.459944439984,1658.0,19.17,0
24.814778,94.549639,1046.0,32.12,1
27.622850493874257,96.64709615703296,3003.0,30.37,0
28.694531,95.001999,538.0,22.16,1
22.94284062260402,93.22025154662958,1020.0,15.56,0
25.09470953779785,92.16005645645808,35.0,9.21,0
25.436528,93.4065,390.0,15.85,1
27.03041318414579,88.570772041527,1264.0,19.45,0
26.2905,94.393222,1077.0,15.03,1
25.221406,91.387092,246.0,31.89,1
24.698392,93.644183,860.0,18.98,1
27.63292360523767,93.9319571531465,2159.0,36.3,0
27.608868228972973,93.7319343946694,1755.0,33.34,0
23.36138889,92.77083333,1041.0,40.02,1
25.479617350418827,94.72863005361285,2207.0,13.53,0
24.26929966272878,93.4925173511809,990.0,8.57,0
26.794056,95.072861,730.0,7.53,1
27.175606,95.749935,882.0,27.38,1
22.5,92.73,584.0,9.35,1
25.893797,94.821944,559.0,18.82,1
22.616155726299368,93.06831610558817,1455.0,17.49,0
25.117665,92.847709,161.0,16.35,1
23.104623,92.747711,739.0,20.94,1
25.205078,91.57517,301.0,15.79,1
26.276306,94.58375,852.0,22.32,1
27.0784690894944,92.3504624860585,2034.0,39.81,0
25.529888448152533,90.88979162799784,653.0,7.44,0
28.335230741291124,95.46855519799206,1180.0,21.8,0
26.07643349313216,92.311671438042,115.0,15.15,0
27.72386086879838,88.64410770078572,4261.0,32.43,0
24.77403095471229,92.92154234826162,28.0,0.8,0
23.42815725154622,93.48131855556235,1479.0,21.86,0
25.943944,94.026556,525.0,36.67,1
24.12435110817978,92.8684711888544,190.0,15.12,0
23.655,92.71444444,859.0,26.86,1
23.617227,93.042191,709.0,34.43,1
26.833889,95.080972,277.0,16.42,1
25.13828254856376,94.71775609217912,2174.0,24.32,0
23.882833,92.241583,196.0,11.72,1
25.226806,92.090611,771.0,17.11,1
25.61942870605248,93.6302144590178,362.0,14.36,0
25.954389,94.022778,498.0,10.92,1
26.261504772619343,91.5874936425643,52.0,1.19,0
26.22480556,94.81236111,1750.0,20.01,1
27.066648,93.536536,314.0,15.49,1
23.080469361648305,92.49593935606988,213.0,8.46,0
25.27480556,93.14555556,497.0,12.65,1
25.446933,91.742919,1746.0,28.84,1
25.22614083124584,92.32489344818242,719.0,5.28,0
23.543891,93.232644,1380.0,24.05,1
28.312731,95.975665,913.0,32.37,1
24.0824898178912,93.002509737044,451.0,24.56,0
25.672,94.106,1412.0,19.85,1
22.111149909235728,93.36485028221432,688.0,9.04,0
25.20392456054289,93.9512219215373,1481.0,14.06,0
27.248114,93.805987,267.0,23.81,1
25.568611,94.783078,958.0,8.15,1
25.431877960915063,91.93975617989544,1226.0,38.96,0
25.860269721793724,90.82383643345052,296.0,20.34,0
28.673382323770944,96.021224185881,1880.0,41.29,0
24.24461111,92.69075,423.0,37.53,1
25.59875,91.86427778,1368.0,9.56,1
25.423861,93.369417,399.0,13.91,1
25.96272,93.46964,159.0,6.48,1
24.0,93.55,915.0,30.73,1
25.536889,91.206556,1337.0,24.81,1
23.386392401452262,92.4844798250519,290.0,22.62,0
28.181834,95.469828,375.0,40.49,1
25.370958038998342,91.28056370530956,1327.0,16.5,0
26.203251541688555,91.56046148877329,48.0,1.64,0
23.684707,93.088283,1187.0,22.41,1
27.81975,94.138722,1381.0,36.24,1
25.672,94.101,1325.0,16.96,1
22.9619636169766,92.59178543911553,125.0,12.89,0
22.66749983032928,92.38055702799268,31.0,0.0,0
25.70669809059517,90.925708416139,699.0,12.37,0
27.210556,93.628556,551.0,27.79,1
25.086525,94.078197,822.0,13.58,1
27.158139,88.344806,1361.0,32.12,1
25.478194,94.535111,942.0,26.11,1
28.35797818906332,96.01481888540772,2598.0,31.21,0
24.860347,93.572383,462.0,27.96,1
24.45838540539509,92.86383546774262,93.0,3.68,0
25.21172194816541,94.40148985836754,1555.0,18.02,0
24.531774141180577,92.99013022854147,364.0,23.86,0
23.363346283812493,92.55254551443409,433.0,26.0,0
23.33113011756758,92.5289511046948,699.0,25.05,0
27.01293851991529,88.23458750456119,2125.0,25.34,0
25.305169317086417,94.72909785038227,1892.0,18.27,0
26.538107156812785,94.26793426163592,197.0,5.18,0
27.8900095590298,95.43689315979744,129.0,0.46,0
26.28382643347984,95.28187834680676,1344.0,43.37,0
24.22972222,92.99333333,750.0,9.75,1
24.80225413111467,94.26720116018372,927.0,22.3,0
24.957333,94.50075,1498.0,23.97,1
25.29667,91.45986,1005.0,24.31,1
25.393691819359944,91.2870712248844,1403.0,4.01,0
25.631895563060827,90.87969678243518,654.0,3.84,0
24.27206266875158,93.2505511749596,362.0,21.22,0
27.714673815739623,96.50517728382344,1404.0,7.07,0
24.5503,93.25550278,248.0,20.03,1
25.453167,93.394667,414.0,12.65,1
25.17851656974196,94.58521104219125,1923.0,35.98,0
26.758306,95.112889,944.0,18.98,1
23.64166667,92.72416667,829.0,21.11,1
25.375719,92.610181,1035.0,17.27,1
25.045199710055403,91.88831925333729,13.0,0.8,0
25.635,94.252,1096.0,19.51,1
25.60840507774305,94.96691033909464,1443.0,38.57,0
24.14,93.47,864.0,34.24,1
25.571299,91.833183,1442.0,18.43,1
25.56939087468352,93.55533408790026,329.0,23.6,0
25.1100649458914,94.75459854064776,1748.0,24.82,0
27.670363578492307,88.48034587277965,3941.0,40.85,0
27.0073535886396,88.3536046176386,703.0,21.72,0
27.535333,88.497972,911.0,43.8,1
27.52022241308818,93.89919646923506,2001.0,7.99,0
27.32633333,88.59544444,1014.0,22.23,1
28.215862,95.795227,1068.0,13.35,1
23.9745024321852,92.03893382970688,101.0,3.57,0
25.143375,92.141861,40.0,29.41,1
25.583982957586265,91.08872142318484,934.0,4.44,0
27.59870930411296,93.10588533328657,1483.0,11.47,0
26.183504,94.812894,1984.0,37.6,1
25.79,93.8,224.0,8.22,1
23.61972222,92.78916667,269.0,21.02,1
23.82638889,92.8325,395.0,38.89,1
22.370569196714925,93.2278640349885,1281.0,37.42,0
25.626833,94.847053,441.0,23.0,1
25.607567,91.174906,1145.0,18.86,1
25.402333,93.407583,497.0,19.21,1
26.051943566325445,92.73016375748448,64.0,1.19,0
22.61473671880117,92.74955170019112,470.0,17.42,0
25.186167,94.342889,1656.0,31.86,1
28.34947316154889,95.55386026263672,1011.0,10.47,0
28.309002,95.754702,956.0,42.28,1
23.496736001917903,91.86363301886809,102.0,7.12,0
23.114225,92.746024,802.0,28.77,1
26.667690741783503,95.25437898246064,1593.0,27.35,0
23.609111,92.596306,1050.0,22.11,1
27.90759478096949,96.18036856412073,201.0,3.12,0
28.386720344797748,95.6656798712222,1485.0,34.7,0
25.43492596473701,93.88400677055108,2082.0,23.94,0
26.475410393150177,92.03533860196076,60.0,2.85,0
24.79742077799933,94.26591873369406,927.0,22.54,0
27.42142797668033,88.41786211562211,3088.0,37.12,0
23.312747,93.314456,1502.0,25.85,1
24.21,93.28,1271.0,12.97,1
25.616596,91.876562,1337.0,19.39,1
23.2388,92.636923,793.0,22.06,1
26.389028,94.434889,626.0,18.95,1
23.08623154726996,92.9529330341556,549.0,26.37,0
27.77476924775453,88.84248350660937,4697.0,31.76,0
23.868279,93.222557,1160.0,31.91,1
25.76939,93.80278,290.0,23.26,1
25.1619473910944,93.52225162998168,331.0,26.03,0
25.050335773412904,93.65908235613014,1310.0,37.25,0
27.2536,88.6043,1067.0,17.12,1
25.54261,92.10867,1138.0,15.17,1
24.491669,94.163786,1498.0,34.96,1
27.724721066435794,91.92450140532392,4515.0,14.34,0
24.69442068657954,93.42753360650676,589.0,23.62,0
25.50088492367432,94.80725945367504,2512.0,33.64,0
23.70277778,92.72083333,899.0,40.47,1
24.822953,93.710756,635.0,31.3,1
27.227506572209005,92.8002539593328,757.0,19.26,0
28.680972053358985,96.14111908465006,1786.0,35.1,0
25.85813694433494,90.16340490469416,90.0,8.21,0
28.085764338803017,95.37411900408446,165.0,4.19,0
21.97579816879896,92.865698820555,501.0,29.35,0
25.600736,91.177453,1079.0,17.24,1
26.84047327382718,88.32895932477547,636.0,45.8,0
25.298167,93.632222,1306.0,32.36,1
26.894836937993013,88.23015089951912,743.0,25.58,0
26.03205694525148,93.87286412643874,137.0,1.82,0
26.38280247870621,95.22547382098816,1119.0,19.75,0
26.1785,94.411778,992.0,17.14,1
25.72075,94.50163889,1152.0,27.4,1
24.668942538905764,94.61862870112978,966.0,28.78,0
27.178896653657382,93.25989066470376,1338.0,4.33,0
24.948083,94.535556,1516.0,37.53,1
22.462999,92.877998,695.0,31.47,1
23.001865,92.923225,752.0,34.91,1
27.045942776505576,88.18629579570853,1150.0,15.01,0
24.06,93.28,666.0,33.59,1
25.40121,90.71722,404.0,23.19,1
25.515222,94.660694,1535.0,26.36,1
28.25391188686369,96.450053571596,2329.0,48.99,0
27.173917,88.38525,1727.0,53.66,1
25.81428,92.55422,484.0,18.06,1
27.42588387662384,93.10428394797256,1058.0,27.95,0
24.15421054054208,93.84795589465818,785.0,1.39,0
24.88973889102997,92.99031552262782,100.0,3.83,0
25.598,94.31,2004.0,37.63,1
23.67388889,92.71472222,997.0,19.93,1
28.31982200701563,95.41894425135158,2083.0,33.36,0
28.468935935680022,95.0844740503041,697.0,11.76,0
22.46631409368412,93.27433925245391,1648.0,26.61,0
25.57822,91.86545,1459.0,7.9,1
24.489728,94.191686,1242.0,24.73,1
23.311082,93.323501,1413.0,23.54,1
27.58567558484172,88.41766316684343,2201.0,27.86,0
26.271389,94.453972,1205.0,12.01,1
23.620615275103024,92.20145353309265,280.0,7.25,0
23.293873,92.858395,881.0,14.0,1
27.854583,93.484722,847.0,20.71,1
27.103444,93.638722,402.0,34.33,1
23.43259946943185,92.54160809219348,263.0,4.21,0
23.007998,92.808693,947.0,12.21,1
24.52,93.09,180.0,27.39,1
23.890694,93.275024,1698.0,16.16,1
23.51444444,92.69805556,821.0,33.97,1
25.162667,93.009806,570.0,20.95,1
23.35333333,92.78138889,943.0,30.48,1
25.95931,92.51753,102.0,28.76,1
26.847556983993776,94.77277042849448,109.0,6.66,0
23.794253,91.553533,145.0,8.82,1
25.62153,94.19439,1044.0,26.3,1
25.16367,93.02478,520.0,10.89,1
22.525,92.864998,797.0,29.76,1
25.36263379318141,94.81254060378774,1367.0,41.73,0
25.51682209821328,94.928308607934,522.0,36.16,0
26.198528,94.487528,1012.0,17.55,1
25.990837069209235,93.89672367354854,144.0,1.04,0
24.96161979638485,93.29548253700985,203.0,9.6,0
27.4400458445526,88.25150574367687,2853.0,33.37,0
23.835361,93.052414,1044.0,18.51,1
23.99767683154159,92.5688722601776,312.0,29.89,0
24.912722724405672,93.30146240448651,153.0,6.38,0
24.684625,94.264253,1411.0,33.68,1
25.05277210666597,93.89656662768218,1557.0,21.7,0
25.502917,94.661194,1586.0,20.44,1
24.04531667,93.49220278,1340.0,15.04,1
23.34496633025272,92.38802055375577,90.0,12.23,0
26.479167,94.543806,537.0,15.67,1
27.62991311913701,88.76709511043096,3459.0,30.44,0
28.084325164057866,95.56531997527108,195.0,0.0,0
25.350166,91.972582,1071.0,26.15,1
25.167685119040524,94.75819520504652,1637.0,24.68,0
23.371537251181543,93.44006430946524,1026.0,19.21,0
23.603865,93.204311,1026.0,28.23,1
23.794195,93.025055,561.0,17.4,1
27.728696373845967,92.98449225433924,1005.0,14.18,0
26.18794182475116,94.3592690227348,438.0,30.93,0
23.867935199281906,94.12544710275976,545.0,10.62,0
23.1465,93.30625,1635.0,29.26,1
27.44085347349383,91.78991043908694,2343.0,23.9,0
27.133722,88.390833,1644.0,38.86,1
25.716594,90.822539,372.0,16.5,1
25.661,94.054,1364.0,41.77,1
26.032992,94.633639,2034.0,32.88,1
25.16344444,93.02316667,557.0,19.53,1
25.814625,94.971819,1788.0,21.69,1
25.518045887986453,94.0750059011325,2087.0,22.53,0
27.151531488350614,93.39943495052364,1542.0,10.44,0
25.577099333526647,93.38144595231408,259.0,7.91,0
25.47595370357616,93.79490437864403,977.0,36.84,0
27.397000951842458,92.95901644380824,1118.0,16.08,0
25.8817748,94.1887571,1411.0,28.28,1
24.947972,94.187972,918.0,34.36,1
22.34,92.65,118.0,3.62,1
27.095195957883185,92.896522477589,1021.0,28.54,0
24.42041079732506,93.90650957077696,772.0,2.1,0
25.82107627739533,92.09240171598984,1078.0,19.83,0
28.331741071105643,95.32728310700952,2116.0,33.82,0
24.70553333,93.33064167,371.0,24.58,1
27.184475337419528,93.00705714681956,1403.0,25.06,0
26.105698357892443,92.61807013187048,59.0,2.41,0
22.94776123119216,92.620756102476,89.0,6.06,0
23.590722,92.604694,999.0,9.37,1
24.033563,92.674267,767.0,22.92,1
28.69806177133721,95.6928401100644,2577.0,35.61,0
25.69866667,91.64517222,1228.0,27.09,1
26.48086856723293,94.95020951136568,1260.0,12.88,0
23.322995,93.092151,1139.0,22.06,1
27.546239359069897,88.40917748130106,2551.0,31.57,0
25.545139,92.104778,1252.0,24.02,1
27.269556,88.137861,1523.0,29.15,1
25.566,94.258,1860.0,27.65,1
25.955905017070485,93.94087110391652,159.0,1.39,0
22.938811033202388,93.24579800792978,972.0,14.52,0
24.864739,93.625244,367.0,24.55,1
25.544917,91.270722,1393.0,19.32,1
28.70913443571885,95.99270071183966,2177.0,43.25,0
25.437722,93.349889,393.0,8.16,1
26.970065431560943,95.13777612351896,157.0,2.56,0
24.322917,94.151,1210.0,22.7,1
27.449489469539333,88.8837103250831,3325.0,24.34,0
24.862290311352,92.50333997927513,17.0,0.0,0
24.555746627840914,92.07867008760894,18.0,3.09,0
23.55005778771765,93.4456813529595,1495.0,14.97,0
26.080917,94.481697,1176.0,36.11,1
23.298137,92.857412,929.0,23.5,1
28.09853033176345,95.6435004941166,192.0,1.96,0
23.296,93.340556,1168.0,9.65,1
27.52120055186157,88.74014866782481,4123.0,30.57,0
27.250889,88.715444,1225.0,34.58,1
25.267222426414712,93.90466722089238,1150.0,25.29,0
25.469506083163022,93.54814609233831,616.0,10.39,0
24.87145352818971,93.96332400174296,813.0,21.09,0
27.67473087344859,93.5449423509556,2188.0,18.53,0
24.98332705471201,92.30134893793962,18.0,1.12,0
26.70255657998276,95.33106685786348,970.0,33.44,0
26.08043459594161,94.7192592234294,1707.0,41.75,0
24.66512175800733,94.48836907632555,568.0,20.96,0
23.40286353899509,92.53962838787722,413.0,15.49,0
25.65060556,91.89945278,1111.0,16.4,1
27.511910054038832,88.00566200301164,4166.0,35.74,0
22.901287,92.882271,450.0,32.07,1
23.743694,92.679028,922.0,24.0,1
25.359923,91.883122,1518.0,36.67,1
28.371165123047906,94.8750111294302,1090.0,19.26,0
27.376306,88.629583,1818.0,36.39,1
26.075722,94.481611,1222.0,23.16,1
24.08500097249256,91.61629329072449,40.0,1.64,0
28.455806634457,95.46728544227562,1839.0,30.22,0
22.61,92.66,162.0,11.94,1
23.36966389,93.04609444,568.0,40.74,1
23.546048,93.147734,953.0,36.3,1
25.975243956189587,93.79096823402624,136.0,4.62,0
25.068719067640544,93.1039022643323,647.0,37.87,0
24.94038557649603,91.64104784981916,13.0,3.15,0
23.608389,92.596889,1042.0,21.07,1
24.425935515058395,93.525875251033,1092.0,15.63,0
23.89569444,91.76525,247.0,20.56,1
28.24352449015122,95.41545002783504,1371.0,54.96,0
23.671,92.888333,408.0,15.0,1
25.038076026865024,93.78022781522768,1278.0,22.58,0
28.14690366632029,95.6583878141366,215.0,3.85,0
23.53694444,92.6975,841.0,33.03,1
22.39,93.11,1335.0,15.63,1
25.804908,94.932467,2122.0,28.93,1
23.293623128641112,92.5121062330828,358.0,22.26,0
26.361532173083383,94.1535053131221,119.0,1.39,0
28.43211235558104,96.00933947335736,2228.0,49.29,0
27.858889,94.78875,422.0,17.17,1
23.96463807308924,93.69439815268544,1953.0,15.8,0
24.673582,94.270534,1305.0,28.4,1
26.096778,94.252611,1355.0,11.9,1
27.122,88.139889,1291.0,33.0,1
28.097285,95.28003,337.0,22.66,1
27.82837849442716,96.63238425542082,2078.0,40.17,0
26.37639,94.84056,1881.0,34.24,1
23.785444,93.024612,480.0,21.01,1
24.087453086462087,94.20106836348424,372.0,6.33,0
25.452278,93.394333,420.0,5.61,1
26.0045,93.9828,487.0,21.63,1
27.52180339809081,94.77570773107315,103.0,1.4,0
22.58747998903585,92.80304457473684,283.0,28.19,0
25.492431461123523,94.94203895321652,1502.0,44.36,0
28.344813584148888,96.14280727034097,1326.0,45.25,0
25.413306,91.871139,1650.0,45.4,1
25.572,93.787,1482.0,39.49,1
27.4219932962476,88.43610790500152,2761.0,34.6,0
24.21,94.22,586.0,17.0,1
25.00733138793876,93.10647517778352,661.0,21.08,0
27.97098906508053,96.26338317575944,841.0,37.84,0
25.241919440302272,94.47021846648803,1429.0,17.39,0
25.05450372380941,92.61815725790434,112.0,10.99,0
25.34625359821232,92.8817596817826,691.0,8.52,0
27.82514408762422,93.74365377735424,1026.0,35.16,0
24.444067,94.169767,1499.0,36.65,1
24.07980087794457,93.7012894156308,1805.0,28.16,0
24.987464,93.506244,1260.0,23.82,1
24.812083,93.433917,475.0,22.21,1
25.2,93.25,1193.0,20.01,1
23.079920340411185,92.62815735767126,501.0,30.12,0
23.181806,92.736868,812.0,24.66,1
23.52972222,92.69611111,803.0,29.46,1
23.1739,92.611378,785.0,12.6,1
26.442092888944,95.18440314386126,1298.0,28.1,0
26.325861,94.52275,1287.0,27.63,1
26.79523557033945,92.79472027040131,78.0,1.39,0
25.572312,91.828292,1326.0,40.5,1
23.93202778,92.87436111,486.0,35.84,1
27.009716963418064,95.6473843112855,1586.0,39.6,0
25.74730984835048,91.4121282785952,799.0,9.97,0
27.43189254795925,93.09675647174976,635.0,27.86,0
27.00025258724093,95.32043453743135,697.0,18.1,0
26.12205083587581,93.75376173551902,150.0,2.58,0
23.491497,92.705503,980.0,53.98,1
23.58583333,92.7,538.0,28.76,1
23.67666667,92.73138889,540.0,30.38,1
23.385211,92.844697,971.0,27.17,1
25.527846914593653,93.05471155037544,165.0,8.58,0
22.5273,92.870003,705.0,15.83,1
25.809417,92.474833,724.0,35.23,1
23.85194444,92.83305556,165.0,15.22,1
28.084252,96.459672,897.0,47.96,1
24.587442869785228,94.16347010954463,1183.0,25.86,0
25.354567755829184,94.70916303522212,1134.0,13.91,0
25.61189122479132,93.59944726512256,369.0,12.33,0
24.854806,93.573444,411.0,23.87,1
26.463333,94.8575,804.0,26.86,1
25.887917,94.795558,880.0,29.6,1
26.598509311202207,93.23772761318556,71.0,2.42,0
25.527197431975395,94.0393665341064,2691.0,19.64,0
24.80425,93.73286111,1165.0,28.35,1
27.33941667,88.60990556,1646.0,22.52,1
25.917361,94.452556,1631.0,39.77,1
27.116625,95.669825,808.0,21.09,1
23.08964,93.200974,1049.0,37.3,1
26.18411437410438,94.74099332089688,2265.0,31.35,0
27.550977433187693,88.29518398282288,3847.0,33.88,0
25.771605801805528,93.06376937681884,116.0,0.69,0
27.188551,95.703582,488.0,17.67,1
25.4025,93.392194,454.0,21.21,1
24.44871033195271,93.4130687944511,360.0,11.32,0
23.67701,92.87895,407.0,20.19,1
25.70106,94.14167,1189.0,13.78,1
25.14525,93.029167,542.0,29.23,1
23.876139,93.260445,1616.0,15.72,1
26.46108228663933,94.73509508015051,742.0,31.85,0
25.68375,94.12436,1348.0,18.7,1
24.683944,94.172778,916.0,36.54,1
27.97636389280973,95.70512692644768,153.0,3.28,0
25.134,93.045,665.0,14.36,1
27.590556,91.867667,2845.0,14.5,1
27.40459106754056,96.06873547419691,403.0,14.19,0
25.998847,91.863883,297.0,15.75,1
23.856861,92.743028,1367.0,23.25,1
25.443639,93.431444,451.0,4.32,1
25.168451644506938,94.2146441885518,1133.0,13.68,0
27.220972,88.397639,2033.0,33.14,1
24.109499375445143,93.18184963247882,1079.0,29.21,0
25.453212452130646,90.58803391997613,467.0,28.92,0
23.391352,93.376359,1144.0,28.9,1
27.373472,88.731722,3393.0,23.89,1
24.650928696875223,93.97047521978892,775.0,2.81,0
24.928838959366665,93.2739529718164,402.0,6.75,0
27.32716154235552,88.00794813547257,2061.0,8.42,0
24.93873365251608,92.05783858240424,13.0,1.8,0
24.117846382402952,92.58992144003965,162.0,10.53,0
26.0415,94.522444,1787.0,35.44,1
27.593139,91.873889,2933.0,8.51,1
26.2981957368103,92.00889830830606,51.0,1.19,0
24.0335,92.100694,107.0,16.95,1
26.141643459111467,95.31813044633256,1667.0,22.06,0
24.259221561207863,92.55235173792164,62.0,3.42,0
23.60083333,92.83027778,742.0,35.73,1
23.844165,92.930006,1841.0,14.44,1
28.81159857867304,94.97329550883092,1660.0,42.6,0
24.754288361177142,94.53026148678713,673.0,17.59,0
25.65000761843939,93.59241536585134,266.0,9.4,0
25.38471290301292,91.17420810647724,922.0,20.2,0
27.216933,93.066329,1060.0,29.73,1
27.546333,88.586472,1770.0,32.43,1
25.437111,93.403639,374.0,4.91,1
23.698330261664765,93.45472770182752,1341.0,21.46,0
24.39854406685128,93.40329713350194,366.0,9.39,0
23.67416667,92.72055556,915.0,43.08,1
25.22198210304941,92.54691220056932,521.0,15.25,0
28.362686182491228,96.01335658966892,2738.0,39.94,0
26.49574521759854,93.78370095236676,102.0,3.84,0
27.162502,93.746553,185.0,19.89,1
25.178194,94.527444,1285.0,22.91,1
25.961917,94.216194,1241.0,20.76,1
27.94083,96.38161,1533.0,30.19,1
27.304361,93.054611,1044.0,17.76,1
25.78180556,93.80180556,259.0,30.41,1
27.82795803306261,88.4783848356444,4224.0,17.28,0
24.82908333,93.50694444,360.0,23.99,1
23.62083333,92.7225,822.0,19.03,1
25.637187300881028,94.99742899538695,932.0,19.03,0
27.470242027947275,93.66859828330333,881.0,9.64,0
23.372266496604084,92.5728311670923,346.0,8.8,0
22.830414621932924,92.43076902450048,104.0,17.42,0
25.19158069337616,92.55383972526266,605.0,28.03,0
25.607,94.321,1847.0,25.67,1
27.56795879870918,88.28919693409176,3185.0,44.78,0
27.193425,93.780983,213.0,50.77,1
28.26358440905569,94.75030038377449,862.0,21.69,0
25.767670185600828,91.35582129241304,593.0,15.44,0
25.91608,92.50203,348.0,33.9,1
27.53607217048223,93.05467437829442,1452.0,25.6,0
24.092599322243053,92.21860511359546,69.0,2.23,0
23.7175,92.71972222,1082.0,29.63,1
27.076582,93.569035,326.0,20.55,1
26.336111,94.866944,818.0,16.2,1
25.875702530642904,91.7161070569345,438.0,10.34,0
24.470090945909863,94.02547517547043,1029.0,12.73,0
27.34027222,88.61273333,1738.0,25.44,1
24.05587966759092,94.3532974993542,208.0,3.89,0
25.076024875739687,93.83086824954653,1770.0,39.0,0
24.96,92.7,42.0,5.39,1
26.32744679123344,94.0560190940838,115.0,1.31,0
25.5208,91.25985,1358.0,19.87,1
26.5715,95.097639,1419.0,31.67,1
23.73361111,92.85305556,851.0,43.04,1
26.983178005306943,88.5879621883534,769.0,20.83,0
26.27028,94.75,1446.0,23.58,1
25.369056,91.775046,1683.0,29.02,1
25.095611,94.522944,1531.0,27.66,1
25.542694,92.096472,1304.0,23.06,1
22.970823,92.729607,609.0,21.82,1
27.224275850741154,93.8827313263238,236.0,33.96,0
25.85923336362064,91.82993048901253,730.0,7.88,0
25.29559256063291,90.79393797018407,491.0,9.84,0
25.163917,93.73625,768.0,25.09,1
28.141625356684983,95.38760540466488,275.0,5.03,0
24.51592753853203,94.48968024185062,190.0,3.69,0
24.47915730909081,93.98252378555895,785.0,0.69,0
27.273652887639383,91.84298521485012,3141.0,32.4,0
25.545206,91.276144,1406.0,19.18,1
28.113119,95.270938,373.0,25.52,1
24.025487,92.907485,1031.0,31.43,1
27.460278,92.110278,3244.0,21.84,1
25.061730669824865,91.69268827121738,11.0,7.25,0
24.987583,93.506167,1260.0,23.82,1
22.865286,92.754898,1105.0,34.93,1
23.859417,92.917333,1258.0,23.65,1
27.039503385969784,88.29579525133647,1208.0,34.95,0
27.438430499336363,88.74471349031222,3885.0,43.95,0
28.393753513264528,95.075026485431,349.0,13.44,0
26.93244064245018,88.27072542122316,1364.0,25.56,0
28.32376858926267,96.35315085582054,2737.0,29.89,0
22.61,92.54,79.0,5.46,1
22.968073,92.929916,674.0,28.91,1
28.483587786231343,94.95227769329264,1191.0,16.39,0
23.61027778,92.70527778,636.0,23.81,1
23.796268,92.54654,492.0,3.47,1
25.655776,94.233288,1186.0,34.12,1
24.668389,94.285472,1253.0,34.87,1
25.840361,94.152167,1399.0,18.96,1
22.445999,92.874001,482.0,32.91,1
27.692005587910312,92.08484316676336,4629.0,5.01,0
25.90829980279392,93.8738965339883,153.0,1.39,0
24.044755925287383,94.25247873337425,175.0,0.74,0
25.83750546997781,92.34713190667117,632.0,20.25,0
25.806861,94.237333,1084.0,29.6,1
25.39500330965882,93.05561497751692,259.0,13.23,0
24.12,92.36,117.0,18.51,1
23.28306161302925,92.95122982836318,459.0,20.2,0
25.06839143456117,91.62260672484892,16.0,4.31,0
25.595447845264097,93.18232600594663,285.0,16.85,0
23.69138889,92.72138889,929.0,32.35,1
23.684472,92.573694,968.0,29.83,1
25.081361,94.552278,1535.0,26.75,1
22.491822,92.970252,967.0,21.15,1
23.318159706993203,92.52069219901432,607.0,25.8,0
28.22506476684105,96.0218625200198,1645.0,27.82,0
23.602395,93.084222,1179.0,32.31,1
23.691167,92.055444,244.0,24.01,1
27.29525,88.102694,1952.0,19.44,1
25.604611,94.768083,1747.0,35.99,1
28.02025352425086,94.81611180704935,850.0,30.98,0
28.39563138726163,96.25579072789353,3478.0,29.78,0
27.334056,93.819417,974.0,32.5,1
23.66166667,92.72416667,859.0,36.79,1
24.95676027224753,94.74396091354956,818.0,23.03,0
28.34425939904406,95.30293665127272,1058.0,26.93,0
28.266807,95.789109,862.0,53.28,1
24.732417,93.483139,355.0,23.64,1
24.11,94.13,944.0,8.87,1
25.09825,94.513778,1556.0,29.76,1
23.500227005342424,92.46263059968454,356.0,21.39,0
24.186419848775515,93.71419120244732,1059.0,18.91,0
28.035111579875498,95.45181519670156,142.0,2.1,0
25.072528,93.6075,1012.0,17.64,1
26.0203685110098,91.4411178833041,51.0,2.07,0
24.735127545905577,94.42969496474385,889.0,21.93,0
27.24616264145257,93.89635413482246,232.0,18.04,0
28.817477,95.922181,1585.0,35.61,1
28.0225553939464,95.6171437367753,162.0,3.6,0
24.62367882017374,94.02333329616752,777.0,2.96,0
28.174625737546645,96.40439770323688,3052.0,41.47,0
24.272722,94.075111,1459.0,23.55,1
26.85765888761033,95.2407552408627,1227.0,20.24,0
22.28326511889217,92.45121153956435,223.0,17.79,0
23.11349,92.745057,840.0,22.94,1
25.077915340050843,92.5872272385094,726.0,15.23,0
26.17019174194113,92.55969068527072,62.0,2.37,0
26.641861,95.07475,886.0,37.16,1
26.925697,95.371448,385.0,26.75,1
26.87347907042282,95.1675699301422,535.0,36.29,0
27.5815508752144,93.05336994560788,1126.0,18.76,0
25.06005942301684,91.6248661770748,11.0,1.6,0
22.93,92.48,51.0,23.62,1
25.296,91.932,1090.0,26.76,1
22.301930595873635,92.88030878056163,631.0,17.56,0
27.4249229013209,88.06885996526911,4273.0,14.35,0
25.537972,91.602361,1626.0,22.38,1
28.29200740446953,96.3393759770164,3289.0,33.84,0
24.866972,93.7745,1302.0,38.39,1
24.40561778148166,93.96291759559686,993.0,24.9,0
25.65852222,94.12213056,1269.0,20.69,1
22.379,92.858002,403.0,14.97,1
23.889306,92.736528,1118.0,32.99,1
23.708377,93.053261,1004.0,32.96,1
25.879925,94.632275,1943.0,29.29,1
25.262947,94.079353,1297.0,35.56,1
23.66055556,92.72527778,888.0,25.14,1
28.31658,96.61508,1811.0,30.2,1
27.458960986705392,96.1268041871272,214.0,1.64,0
23.148209,93.321183,1606.0,29.58,1
25.95847,91.85406,339.0,12.07,1
25.71132569136144,92.57127690676916,808.0,14.37,0
23.832426100450096,92.42830116952884,185.0,5.35,0
23.395159,93.374335,1170.0,27.33,1
27.159361,88.09225,2228.0,26.6,1
24.88173111378532,92.08153685770144,14.0,3.11,0
27.282921,96.122193,394.0,24.13,1
25.687856,91.647944,1142.0,35.82,1
24.734806,93.296306,384.0,21.26,1
25.20655,91.744914,566.0,31.11,1
27.201278,88.665381,1008.0,29.8,1
25.197283,92.1991,611.0,17.56,1
28.03428696855893,95.11927928310482,1565.0,37.81,0
24.1488317997688,94.33644077334692,156.0,1.02,0
25.39766,90.70111,530.0,6.51,1
22.902414,92.829948,737.0,7.12,1
23.942716200429302,92.58329000718484,826.0,40.84,0
25.040277287491367,93.3786873031433,223.0,20.65,0
23.393889,93.309244,1166.0,28.42,1
28.446092000476337,95.42302283717424,2457.0,23.67,0
26.955004712279266,95.0651258210146,113.0,5.17,0
22.33,92.74,209.0,24.96,1
26.99218089800077,95.02890624261748,108.0,1.14,0
22.87,92.48,78.0,13.05,1
25.00900486686264,91.69309599063328,10.0,2.31,0
26.919823,95.545421,1689.0,59.4,1
25.489833,92.069033,1252.0,16.71,1
28.904181465843937,94.84155001781616,1608.0,13.97,0
26.076115004379883,91.57508822475464,52.0,1.82,0
23.43194444,92.76083333,1460.0,23.82,1
23.97,94.04,1167.0,14.43,1
27.80391091311834,94.49331331921712,858.0,28.07,0
25.618175,93.919236,1667.0,8.66,1
24.471357313277693,93.90177093719193,772.0,1.38,0
23.423114077607742,92.55526788148808,261.0,16.92,0
25.301150353933668,93.71669025363497,1124.0,24.78,0
24.723056,93.491833,194.0,30.53,1
23.282258,92.852377,777.0,30.88,1
24.44739053298733,92.04653845290557,43.0,1.8,0
25.70821926620789,90.913402231053,656.0,17.05,0
27.24777778,88.5975,1253.0,17.88,1
24.377253256027963,94.38740373409698,194.0,2.88,0
25.67,94.397,1389.0,32.68,1
27.251722,88.182972,1438.0,26.67,1
27.60299052312529,88.78284530086418,4551.0,22.96,0
27.951294838974235,96.57390420213063,2649.0,41.14,0
23.65701389,93.02799167,497.0,37.13,1
28.38203956139176,95.6250450584328,2044.0,36.56,0
25.030490677898133,93.35194873481905,260.0,3.45,0
25.790030433181936,91.79470853507917,625.0,3.27,0
23.43481,92.873933,753.0,28.03,1
23.54388889,92.70166667,788.0,24.16,1
27.128333,88.148833,1542.0,42.02,1
25.443512571324938,94.98563936794052,872.0,34.61,0
26.216456,94.681866,1798.0,40.51,1
24.00674715607348,92.52966386303709,47.0,2.78,0
23.72564045626524,93.29959496571622,1533.0,17.09,0
22.66028004215006,92.7775238007054,399.0,29.65,0
22.437107,92.946912,344.0,26.69,1
25.04004719452124,93.1189761188442,796.0,18.07,0
24.993362521625944,94.67989695661268,751.0,27.16,0
23.055076077043083,92.59909717426396,278.0,29.18,0
25.68309635160374,93.35160701313534,249.0,5.17,0
25.68094444,94.07002778,1190.0,21.43,1
24.776583,93.456056,538.0,31.74,1
25.43274226682048,94.6914891047204,1899.0,21.02,0
23.32101107877805,92.56376798703124,545.0,27.25,0
25.22742478503555,92.4370303934395,618.0,0.51,0
25.31183985451909,94.70202957456884,1283.0,38.92,0
26.387181,94.444132,936.0,22.77,1
27.381652445904187,92.85241500450748,920.0,45.23,0
24.37402778,92.71846944,217.0,26.1,1
26.16658333,91.71480556,128.0,23.41,1
28.074258544889528,96.63237262191544,2368.0,32.34,0
23.72583402314181,93.27650784806286,1421.0,12.65,0
26.185491,94.814241,2049.0,18.39,1
22.49,92.74,487.0,34.89,1
23.59527778,92.71722222,743.0,24.14,1
26.90163899808584,95.00327676331732,275.0,17.15,0
22.759520632654667,93.0698974567828,929.0,24.03,0
26.196333,95.019417,1353.0,20.99,1
27.00788197162236,88.51358741485984,1269.0,15.83,0
25.79595,93.99585278,506.0,31.24,1
23.470139,93.025944,1459.0,24.18,1
28.165711,95.46208,442.0,24.91,1
25.519577448352067,93.30086982476128,366.0,6.93,0
27.00127963186267,88.60923298770562,792.0,15.34,0
24.00213472895732,92.55437609224852,68.0,7.4,0
25.75800587589568,90.86210189209925,609.0,9.76,0
27.216639,88.392361,1566.0,33.25,1
28.262338,95.565698,472.0,36.61,1
24.05361111,92.66555556,607.0,14.9,1
23.5590674768864,91.90240855093909,152.0,9.41,0
26.156333,94.593611,1795.0,39.6,1
25.537636,91.208528,1333.0,26.11,1
26.230083,94.198,601.0,36.75,1
23.972222,92.68325,351.0,27.22,1
25.49041747436921,94.31090076955007,1863.0,33.13,0
26.990449680477195,88.76891675366258,425.0,13.28,0
25.552647,91.237072,1356.0,4.56,1
23.005587,92.720192,389.0,20.49,1
26.514404962927124,94.89529696351111,336.0,4.56,0
23.810083,92.833861,527.0,34.09,1
25.436698106714328,93.9114042099728,2163.0,56.32,0
25.22695773554796,92.91576589042177,788.0,14.12,0
24.59975694740044,93.04612709271905,135.0,20.51,0
25.576475243687664,90.91303746926548,729.0,27.62,0
25.63102515335241,92.51294714531214,892.0,6.14,0
27.8345,93.933694,457.0,31.0,1
25.22616771639399,92.90376558581164,679.0,10.45,0
25.64897,93.12083,346.0,22.27,1
28.487041,95.848265,845.0,28.73,1
24.17,93.3,1155.0,33.93,1
22.55,92.54,78.0,13.38,1
26.086389,91.879083,86.0,15.0,1
25.346972,92.008278,996.0,37.52,1
27.292444,92.391861,1784.0,28.62,1
23.316491,92.788798,641.0,28.56,1
24.063194,92.28225,432.0,26.99,1
25.48916885877459,90.4857755493862,670.0,14.08,0
27.246056,88.62575,1457.0,29.22,1
24.98455831649876,92.10940251815737,15.0,1.64,0
24.946944,94.191194,919.0,33.88,1
27.489990351389235,88.7996328410687,4769.0,43.41,0
25.54140477510745,94.0417958302273,2563.0,31.26,0
23.622446748105943,92.54443167181596,761.0,20.19,0
24.06,94.05,1126.0,33.7,1
25.662097078857627,93.72182055851135,466.0,1.04,0
24.57151389,93.141725,378.0,24.62,1
24.867139,94.566889,1000.0,34.06,1
27.214653437346414,88.9216757340868,2598.0,41.79,0
26.650333,95.125194,919.0,14.19,1
25.408497,93.283436,288.0,11.55,1
25.69583,94.10833,1368.0,23.43,1
23.801001,93.166359,593.0,43.48,1
23.009121520943854,92.54727906106096,658.0,13.62,0
25.44834575396641,93.91528147507364,2085.0,52.65,0
24.23847222,92.95591667,669.0,21.9,1
28.466260680717976,95.05812913056562,1403.0,50.59,0
24.90151821208855,93.18763362931186,84.0,10.99,0
25.10897222,92.92886111,257.0,11.1,1
27.78050312054912,93.28731903033304,2322.0,30.77,0
25.12647456682129,93.5192736831776,968.0,41.85,0
22.82402,92.608917,266.0,16.63,1
25.70598739845147,91.47979462196164,1071.0,3.27,0
22.792639683499484,92.48385592701898,76.0,2.39,0
25.65736256340649,95.13936373285176,1727.0,40.6,0
28.12543423988575,95.6138835765596,220.0,2.13,0
22.315691522825983,92.87807242816208,517.0,25.53,0
27.932542313294164,95.90342550389224,159.0,1.92,0
23.34111111,92.77666667,744.0,30.25,1
25.21022385030549,91.52365316174324,271.0,32.49,0
24.37,92.9,139.0,22.7,1
25.194287609790614,92.61034464370223,1481.0,20.12,0
23.083377058021163,92.47593037903265,157.0,15.52,0
26.271546337980933,94.68672812829612,1435.0,26.02,0
23.996482790341886,94.248337704433,168.0,0.0,0
23.442431092778914,92.53495444282592,413.0,34.17,0
23.78795836497822,93.90140967892538,1198.0,11.42,0
26.724833,95.025861,693.0,26.71,1
25.9235,91.574222,469.0,15.07,1
26.665626629980192,94.88843736110545,760.0,32.68,0
27.4544027186032,93.782172351846,1337.0,20.12,0
26.49,94.36,204.0,9.91,1
26.074645,94.423373,933.0,35.37,1
28.563572867172603,96.68103564948804,4012.0,6.98,0
27.866083,93.467306,880.0,40.31,1
23.685795,93.019874,629.0,23.91,1
23.136964,92.74724,845.0,34.22,1
28.05450174343907,95.9565314622333,322.0,3.77,0
27.122472,88.227611,463.0,27.39,1
25.51378,94.14089,1729.0,7.63,1
27.35648233570797,93.60739267607626,1980.0,20.23,0
27.49481043321164,91.9491902341257,2986.0,27.38,0
25.32965393171732,92.23925533824656,1211.0,5.28,0
23.35874891325837,92.50451035865704,642.0,17.84,0
24.21091667,92.67888889,697.0,29.68,1
26.31800232941812,92.19839050379444,56.0,1.39,0
22.4,93.12,1443.0,21.03,1
24.932553952373983,92.0768035835452,16.0,1.92,0
23.63759537735992,91.82623253508308,134.0,1.71,0
27.605710021982823,88.47436644744084,2649.0,34.53,0
23.99,93.55,794.0,20.91,1
23.081345,93.321054,1080.0,31.25,1
22.906252,92.93174,262.0,19.03,1
24.74552354215816,92.84430859746172,25.0,2.56,0
24.191114,92.943311,533.0,32.69,1
23.53908443542634,92.5128240575813,253.0,25.16,0
27.825694,94.747,727.0,23.87,1
25.269097,94.022569,1071.0,20.62,1
25.514,94.137,1741.0,10.55,1
25.569,92.71653,595.0,28.41,1
23.74340371619708,93.2382143376074,696.0,18.32,0
22.44784023539309,92.5173398047778,140.0,2.84,0
24.58992616471017,94.23735705472724,708.0,26.6,0
25.749622806567498,90.61210258611408,227.0,8.25,0
21.88408180205892,92.78805291100493,112.0,16.51,0
28.193263903125853,96.44747512332584,2900.0,29.65,0
27.339267,93.802581,789.0,28.75,1
25.388668306066755,93.99133620446813,1373.0,13.53,0
27.357779915307617,93.16152070537125,2417.0,25.62,0
26.725083,95.023861,674.0,31.04,1
27.55314167,88.62179722,1734.0,34.68,1
22.823553,92.628441,138.0,30.24,1
26.40908,94.96308,695.0,29.54,1
27.16186,93.747535,180.0,20.91,1
24.07879923771982,94.20978665260051,349.0,3.58,0
24.766849586880745,92.39287055406972,16.0,2.09,0
27.037555314634503,88.84188798613742,918.0,8.93,0
23.753222,93.377281,1402.0,32.09,1
25.518508332429192,90.88827386878542,585.0,15.82,0
25.193083,93.120417,657.0,12.68,1
24.15123182739047,93.64222941307054,861.0,3.48,0
28.290818195279485,94.49901136670636,1201.0,26.52,0
27.343614014893973,93.96650883886558,386.0,21.9,0
22.22,93.11,1382.0,31.25,1
27.205,88.442122,1299.0,32.59,1
25.50667,91.28318,1396.0,22.39,1
27.265389,88.788278,3521.0,30.4,1
26.330012234660064,91.60171543124622,53.0,2.85,0
28.378875990225044,95.38867795405858,2109.0,36.9,0
25.970516869073982,93.64249077533847,201.0,7.4,0
26.15717837749094,91.57168491507116,44.0,0.0,0
25.429097,94.108439,1349.0,26.26,1
27.671818021962952,93.7576397541528,1718.0,20.73,0
23.33927436043965,93.43209970112083,1165.0,8.14,0
28.800083,94.842265,1004.0,47.82,1
25.422194,91.869222,1671.0,31.47,1
25.351304,91.89353,1563.0,16.05,1
27.49454374901768,88.19935284698559,4085.0,17.91,0
26.902301358228613,88.26967219661665,900.0,27.0,0
24.950583,94.177778,930.0,30.36,1
26.784806,95.070833,907.0,14.8,1
28.4875,95.213417,1015.0,24.91,1
24.888472,93.473028,1413.0,35.34,1
27.313874,93.045623,909.0,14.54,1
27.474155044639723,88.68413945472645,3058.0,69.11,0
26.38301240969416,94.20620870300412,511.0,18.26,0
26.02661998611824,93.81412604384217,136.0,0.35,0
23.38519444,92.752,1342.0,27.31,1
25.034289,92.435222,366.0,26.48,1
23.33009032381088,92.54455054630996,539.0,31.69,0
23.64083333,92.72472222,827.0,24.02,1
25.70872556619082,92.04156891647756,900.0,2.61,0
23.33361111,92.78194444,693.0,35.38,1
24.98196694289855,93.21393294618842,130.0,28.83,0
28.41183199200344,95.73699545504928,2281.0,29.22,0
22.994673470489538,92.52196283982197,151.0,11.79,0
28.226864462335808,95.3953923494951,1600.0,25.86,0
27.542389,92.946306,1271.0,30.84,1
28.615893,95.859914,775.0,39.62,1
23.70888889,92.75083333,622.0,35.62,1
27.105556,93.699722,202.0,9.62,1
26.486389,94.448389,879.0,38.24,1
26.1916,91.80361,84.0,14.63,1
27.355813226158112,93.68191714781383,1594.0,20.03,0
27.34484433682267,95.85465091393726,152.0,2.77,0
25.786311,94.796825,920.0,27.32,1
27.53717208339727,93.1052649295034,764.0,28.53,0
25.01905104184965,93.3540314457848,217.0,22.72,0
28.1258567310251,95.79243388838997,258.0,0.93,0
25.24330972081024,94.34306846976328,1525.0,22.22,0
25.67153,93.11522,332.0,12.37,1
23.49510295731405,93.46680262325296,1181.0,12.25,0
25.85646246375952,95.0978721101042,1267.0,27.19,0
25.698539212836348,90.73762780099484,401.0,24.47,0
23.780864,92.577909,493.0,30.65,1
24.026556,92.911915,1044.0,36.26,1
23.468361,93.304222,1314.0,25.59,1
25.181528,94.523694,1334.0,17.95,1
22.905773671468804,93.3565112394409,1411.0,12.2,0
22.638971668452463,93.06356661940356,1019.0,42.67,0
27.160065,95.754919,558.0,34.47,1
25.54264,92.10214,1332.0,6.6,1
25.56921350906345,95.08830402212668,531.0,24.3,0
27.5435,88.628306,1289.0,38.7,1
25.83128,93.45257,196.0,29.43,1
25.38425003553444,90.8896991182139,516.0,14.45,0
25.070271089454025,92.5616277952115,392.0,18.81,0
25.11,93.37,992.0,38.17,1
27.11491046468513,95.36937704284472,151.0,7.89,0
28.07390638619973,96.70957711273095,3056.0,33.46,0
25.789309184496176,91.5587515192501,599.0,14.84,0
23.44002703727417,92.38857151793376,139.0,4.34,0
27.43148392524044,88.25317259622378,2611.0,43.6,0
22.866833,92.774925,1179.0,31.26,1
22.989914954835573,92.4869234058202,105.0,17.83,0
24.723556792192024,93.77695379645697,830.0,2.9,0
27.30788341388364,93.67791887725666,1508.0,14.95,0
27.152062471047383,88.6883024905687,1153.0,23.25,0
23.54294167,93.23821667,1546.0,25.57,1
27.69383477150352,93.1721084884268,1492.0,33.08,0
24.42876172737282,92.95604406612485,190.0,15.97,0
25.110244986760662,92.72738853431296,900.0,40.8,0
25.736,94.329,1669.0,22.27,1
23.57638889,92.69055556,540.0,36.25,1
25.970083,94.213639,1459.0,36.1,1
25.67703903826958,93.54726233787024,230.0,3.4,0
23.53388889,92.6975,817.0,32.26,1
27.270056,88.174444,1337.0,26.62,1
28.15308829796312,96.27619710775548,2625.0,40.45,0
28.163322,95.459813,421.0,20.82,1
22.98135260768427,92.61875494678608,205.0,14.27,0
28.39069353449868,95.73604205674278,1519.0,55.58,0
28.452528,95.239333,1055.0,23.63,1
26.81739086997465,94.38069500895196,93.0,3.74,0
23.822357262039898,93.89929401596268,1595.0,30.49,0
26.604257154035487,94.27374793192634,109.0,2.82,0
28.28386,96.58275,1848.0,36.37,1
25.435639,93.405944,409.0,13.24,1
27.194916,93.778683,293.0,16.92,1
25.49715065395967,93.017872229119,151.0,2.25,0
26.36932248244444,92.96762977093394,409.0,16.72,0
23.161889,93.2775,1460.0,23.97,1
23.497919,92.854946,923.0,20.59,1
27.95653946832648,95.94804919232844,188.0,1.19,0
23.887622525944657,92.58042424279472,755.0,39.29,0
25.16447395890266,93.4750382531969,1498.0,10.19,0
24.811333,93.42275,428.0,29.89,1
25.49869617931284,93.56936162660772,588.0,8.54,0
27.5247384438484,88.4261328503221,2156.0,28.52,0
22.77979013633911,92.92627367393214,193.0,17.53,0
25.189,93.226,1462.0,22.6,1
25.68739846959984,91.3691399420406,1310.0,13.54,0
23.573731,93.075313,966.0,38.58,1
27.02107003485679,93.95036946419832,85.0,1.74,0
22.042903172329325,92.53565104803634,240.0,12.79,0
24.18561111,92.94536111,452.0,15.37,1
25.911268007287,95.10013257286089,2564.0,16.82,0
25.496861,91.198556,1289.0,28.12,1
26.116972,92.440083,173.0,14.91,1
28.938381132589463,95.64172315599896,3513.0,35.23,0
27.33355909361936,92.7212749853858,1207.0,25.53,0
24.24463611,93.423125,1047.0,32.81,1
24.764917,93.45875,484.0,27.07,1
25.165833,93.699611,962.0,24.97,1
25.761355275883023,92.45416966133308,976.0,12.54,0
23.123927,92.739604,806.0,22.87,1
23.992805,93.043251,1101.0,32.96,1
26.18302778,94.81619444,1949.0,14.07,1
25.253228159625177,92.29757021760108,877.0,5.46,0
27.987542759545363,94.9081538183208,738.0,35.63,0
25.96886,92.51572,213.0,28.73,1
23.30028,92.741186,714.0,37.8,1
25.838592,94.788669,580.0,22.51,1
23.727194,92.242722,196.0,24.35,1
22.966381,92.705399,761.0,38.38,1
27.730487604349264,94.92878271952291,122.0,4.09,0
23.471889,93.246333,886.0,37.55,1
24.460056309603413,94.01702724925563,794.0,0.74,0
27.31795585598324,93.99015648697124,129.0,3.89,0
26.22816056534677,94.00228137431216,112.0,0.35,0
27.90417,96.35869,904.0,42.73,1
28.080217006757387,94.70813869763936,1039.0,29.06,0
25.91185897586349,95.12665235784088,2058.0,27.11,0
25.85568352159168,93.226244156278,168.0,2.96,0
23.678056,92.038028,195.0,26.88,1
23.36523234504307,92.57331581086515,465.0,17.02,0
25.09849244862504,93.47930542795127,360.0,27.02,0
26.48515546588925,95.13428324379132,1674.0,34.11,0
25.433449042796937,94.36934685005104,908.0,11.34,0
24.285781962695577,93.47441463520286,613.0,2.88,0
26.74571993304127,95.1730462839435,618.0,14.99,0
25.481492702907666,94.8253792916045,1858.0,20.26,0
25.909211415649104,92.21946816366476,636.0,13.23,0
22.98897012801872,92.38961594739544,52.0,2.82,0
23.973513,92.6839,338.0,18.01,1
23.470329,93.26728,954.0,21.11,1
23.07506024450576,92.4389482727154,105.0,14.79,0
25.254458763884173,94.67197840359222,2080.0,10.2,0
25.200817562114054,92.91534685953135,860.0,9.84,0
25.637189,91.93345,1324.0,27.15,1
24.13025687875417,93.85366523943696,871.0,10.2,0
26.22705017851636,92.6763988801121,71.0,2.43,0
25.40216759349283,93.75660765820857,742.0,17.85,0
25.637779,91.932565,1293.0,25.51,1
26.817417,95.072694,547.0,20.95,1
27.102944,93.640417,373.0,20.71,1
23.35756554747553,92.52334859114224,561.0,21.78,0
27.0276805273004,95.67263423590128,1019.0,26.97,0
27.6712,93.8974,1327.0,18.9,1
27.24883333,88.60191667,1145.0,14.64,1
25.26005556,92.38863889,792.0,10.61,1
28.40590228584238,94.95643404712216,895.0,39.6,0
25.542744,91.662067,1762.0,22.83,1
27.04190171927021,88.57515058519162,1245.0,29.36,0
25.34529345170108,91.52750488656028,981.0,30.16,0
26.32258009534139,95.10289977597596,1616.0,20.47,0
24.94775,93.492889,1231.0,21.38,1
25.644833,91.134778,1218.0,16.02,1
28.52593723804446,95.52296478862822,2872.0,38.41,0
24.73,93.17,100.0,29.12,1
28.76506323387765,95.25139563217697,2150.0,33.11,0
28.243182,95.921338,2675.0,26.44,1
23.53805556,92.6625,583.0,27.44,1
25.182222,94.522333,1355.0,19.52,1
25.51610226288049,91.04865083956172,844.0,7.65,0
23.31733260588727,92.44813667687616,508.0,24.58,0
27.326963815135564,93.74532188603854,1535.0,33.75,0
22.93658899460969,92.62156639435862,79.0,8.32,0
25.359306,91.885111,1472.0,35.53,1
26.096207722864868,93.36697790547782,356.0,9.94,0
25.226075540398952,93.78718021217834,1656.0,25.52,0
25.266770597790245,94.6445769118015,1534.0,27.9,0
23.64222222,92.72805556,842.0,26.98,1
27.280078453263872,92.1240769210178,2704.0,26.69,0
22.06002951764764,92.95761605242498,639.0,25.89,0
27.320111,88.177833,1696.0,23.82,1
25.452369,94.128022,1415.0,33.23,1
22.491,92.97076,984.0,35.01,1
27.83975,93.977444,634.0,39.23,1
23.323597377559963,92.9456762881732,687.0,23.21,0
23.363304112306245,92.530877429072,720.0,30.09,0
24.19963889,92.94088889,703.0,3.1,1
23.124069,93.145889,1256.0,25.54,1
25.90566705323302,91.25214308634185,72.0,5.3,0
26.00708142605768,95.11521202004384,2452.0,28.87,0
26.74488607823154,95.33579044431522,837.0,17.26,0
27.216361,88.199667,1946.0,35.98,1
25.62,90.33,681.0,4.37,1
23.303412,93.31066,1491.0,19.03,1
25.381389,94.279306,1692.0,23.79,1
23.692391,92.723348,794.0,27.22,1
24.883132,94.31281,1284.0,8.77,1
28.566312453953927,95.98151319016124,3125.0,36.19,0
22.490999,92.981003,1058.0,14.69,1
26.37575746546177,92.9659740871456,416.0,10.91,0
27.95672,96.39697,895.0,18.84,1
27.31842194602518,93.97444129137185,244.0,1.48,0
23.255288,92.888813,839.0,26.5,1
23.56785,93.10472222,659.0,19.08,1
24.89136463063204,93.33447052064142,800.0,26.8,0
26.89880721013257,95.10172647790992,224.0,21.91,0
22.33,92.65,134.0,5.87,1
25.232955044229428,93.46671061795028,1127.0,38.44,0
25.33078577419909,92.19290912794752,1211.0,5.79,0
27.265944,88.534556,1166.0,35.94,1
23.74972222,92.69833333,630.0,22.47,1
23.41361111,92.72361111,1132.0,26.69,1
27.373083,88.720028,3269.0,28.04,1
27.166306,92.587139,1730.0,28.59,1
25.71069052463261,94.94013086291616,1327.0,33.49,0
24.95794,92.73201,43.0,8.58,1
25.35366667,94.06508333,1227.0,16.11,1
24.087350728420752,94.2092196260002,305.0,9.64,0
22.99264557924888,92.5715100075298,306.0,19.46,0
23.46916667,92.72083333,1120.0,25.31,1
23.60027778,92.75888889,551.0,32.47,1
26.151521812307926,92.58514648810814,62.0,0.74,0
27.56379430559035,88.71524931359842,3635.0,36.53,0
27.49840594032584,88.82490911146617,4767.0,33.63,0
24.419611,94.182722,1312.0,35.54,1
26.53048883747857,92.97884196314696,71.0,4.45,0
26.82387293278276,94.23278169964466,88.0,2.35,0
24.984528,93.509861,1255.0,16.42,1
25.928096421676283,91.10594728387228,60.0,2.77,0
23.083611,92.70108,961.0,18.46,1
25.394917,94.630111,2226.0,26.49,1
23.60111111,92.75888889,569.0,35.86,1
23.580526079786985,92.5294139323017,327.0,7.64,0
23.710278,92.558056,965.0,16.29,1
25.23925,93.03152778,556.0,19.42,1
25.1879702935218,92.73588596789892,1332.0,9.92,0
25.55691928901194,93.1933435343551,312.0,9.26,0
23.451278,93.002944,1380.0,14.24,1
23.73361111,92.76444444,845.0,42.42,1
28.15425962922409,94.28007534051385,2378.0,33.67,0
25.149603,92.367964,300.0,23.93,1
26.848436902068023,93.869248228267,73.0,0.0,0
27.41946513656549,88.8458022861958,4322.0,27.2,0
22.2,93.13,1142.0,24.34,1
23.665806,92.892639,415.0,24.87,1
27.207039,88.446667,1321.0,39.6,1
25.01856,92.77011,80.0,15.79,1
25.108310222203222,94.84796848584634,939.0,11.43,0
22.710912728761176,92.39572595127149,82.0,18.81,0
25.22120129068946,94.60694251256318,1941.0,31.28,0
25.387781,91.877117,1450.0,31.89,1
27.435565537509746,93.78225148158376,874.0,0.74,0
25.759556,94.026056,714.0,20.08,1
27.172066,95.754546,817.0,14.7,1
27.9794818786835,95.94480541111096,207.0,3.11,0
25.165639,93.025444,516.0,12.99,1
25.703282550967945,91.82620413279518,867.0,12.24,0
27.625284439241,92.89450029402316,1452.0,28.55,0
23.0475,92.67166667,392.0,27.81,1
23.571363347764,92.52587214605092,223.0,18.39,0
26.159638783400982,93.63204885271784,539.0,16.67,0
24.496662954151848,94.41776752794392,427.0,26.1,0
22.455,92.959999,651.0,31.52,1
27.384043710607955,88.04060673101685,3953.0,25.29,0
27.32612383261996,88.03235507973619,2873.0,35.57,0
24.991833,94.603306,1506.0,16.58,1
27.739753939457284,94.78632378420164,296.0,19.33,0
26.00461944090432,93.85417192651732,139.0,0.35,0
22.15,92.78,105.0,9.59,1
29.01779099471482,95.94139457589296,3478.0,48.94,0
23.65675,92.70352778,899.0,19.44,1
26.845278,95.077167,246.0,13.93,1
27.02888614924723,88.33176189291441,1715.0,24.23,0
25.884003,94.792711,972.0,24.48,1
27.241333,88.233972,1651.0,47.97,1
24.919751,94.461919,1939.0,40.32,1
23.669694,92.592667,1020.0,18.48,1
27.93643056464068,88.48328182723291,5245.0,26.8,0
24.692373,94.257477,1447.0,34.36,1
27.150841505474865,88.00397254368472,3061.0,37.38,0
25.667417,91.092333,959.0,20.79,1
27.594419800779697,88.36534857670547,2746.0,38.92,0
28.676978153917148,95.19922294538485,2018.0,32.66,0
26.303266113118955,92.52916384067647,61.0,1.64,0
23.78244628277948,92.41819641857056,175.0,32.18,0
25.377274445643422,94.71257522588613,1429.0,25.01,0
25.945,92.66358,162.0,14.95,1
24.251011,94.0873,991.0,36.2,1
25.97664,92.51283,167.0,32.38,1
27.48018286827792,93.80952280276033,1446.0,29.72,0
27.177056,88.402611,1970.0,38.9,1
23.693667,92.719056,1005.0,19.48,1
25.462642938207924,94.22630602548232,1346.0,18.96,0
25.57159927655553,93.58889635991,308.0,18.81,0
27.459167,95.233639,117.0,2.44,1
23.75972222,92.73583333,1237.0,41.49,1
26.06902849113328,93.51112182113592,696.0,14.26,0
23.514297573207017,93.6402161425095,1333.0,25.43,0
25.54798535519547,90.97172818471628,814.0,7.25,0
25.208,93.121,678.0,17.71,1
27.34228735430074,91.81185312549351,3429.0,24.4,0
26.11173874488988,92.28633710445814,57.0,2.42,0
23.002401,92.923904,746.0,27.11,1
27.313722,88.189917,1294.0,42.69,1
27.812506055394937,96.29642542358448,272.0,4.67,0
27.793761,94.959097,224.0,28.04,1
25.65526920150121,92.41162036563465,865.0,22.35,0
25.629,94.274,1769.0,24.1,1
27.01261770555939,88.37976355945459,1072.0,33.11,0
28.11904553280479,96.63532685223,1453.0,16.44,0
25.08035089518013,93.0655072741448,1440.0,29.86,0
25.934889,91.714389,291.0,17.52,1
22.716513402956203,92.7716093350473,327.0,19.35,0
23.869930230927523,93.55588412844934,916.0,10.47,0
27.233312163858653,92.97382856300712,754.0,31.07,0
25.13427778,92.38511111,148.0,19.68,1
23.321890259511395,92.9828869829899,985.0,33.23,0
26.60335701641816,95.28880197947754,1206.0,13.49,0
27.986254502383257,96.5098854771964,2735.0,35.47,0
26.95345907420973,93.8856342604166,84.0,1.47,0
23.297521,92.689449,311.0,28.3,1
25.45317286524408,93.85996171352336,1648.0,15.83,0
22.902401,92.941025,424.0,48.42,1
27.101111,93.619222,350.0,11.21,1
23.88297795738638,93.79745249108188,1177.0,27.4,0
23.73053889,92.716019,1040.0,30.43,1
28.282312526072698,95.39730013720184,1380.0,20.52,0
25.689632921075468,93.02149687066044,236.0,15.07,0
27.44565213979218,88.30248128835532,2850.0,55.74,0
26.182283,94.586087,1813.0,36.08,1
23.57138889,92.71111111,889.0,28.49,1
26.36434980806911,94.23296898815572,367.0,10.82,0
26.368232502761707,94.20570067343704,547.0,23.24,0
25.40013740465504,93.96467691820952,1409.0,19.02,0
27.226901,95.905393,488.0,16.43,1
22.971217,92.925544,728.0,31.38,1
23.851361,92.742222,1300.0,23.24,1
24.91024955953354,93.54635483972504,349.0,26.19,0
23.64388889,92.72583333,822.0,27.09,1
25.148019,92.178114,176.0,31.26,1
28.320422874451683,95.05724628819796,824.0,29.8,0
26.250333,91.976694,70.0,18.71,1
24.37906753938721,93.91672296555248,851.0,6.4,0
27.99553911655667,95.77057659340568,160.0,2.37,0
22.13892271791962,93.07706474091442,974.0,39.41,0
26.47069041389452,94.24896581762532,252.0,13.96,0
26.32343891565712,93.59105703155568,764.0,9.33,0
24.670512432672577,93.4659124484509,967.0,28.93,0
25.098639,93.620778,1112.0,22.05,1
23.72968149037413,91.77091870794246,168.0,8.99,0
25.081611,94.506333,1654.0,33.54,1
25.261806,94.546944,1244.0,27.1,1
24.83725,93.494528,355.0,36.68,1
25.72,94.109,1343.0,11.89,1
24.012073608230462,92.54943371584712,124.0,14.06,0
26.129054033715786,95.27549403743376,1181.0,26.55,0
27.072331678567902,88.52615332154703,957.0,6.09,0
24.996444,94.021444,807.0,22.75,1
25.038361,92.43675,323.0,23.05,1
27.246268,93.804628,267.0,24.03,1
25.158348148953127,92.73113788841373,1373.0,13.37,0
26.84467566000589,94.96619871936784,446.0,20.3,0
22.284173264094623,92.40926090573764,342.0,24.53,0
23.49770959474792,92.48642843265164,811.0,21.85,0
25.17638889,93.11613889,564.0,15.44,1
22.670476609710214,92.77622210604748,365.0,36.07,0
27.58764636939921,88.18278808268298,4613.0,12.47,0
27.18338036115309,96.32010053574707,1007.0,27.61,0
25.71316667,94.03863889,981.0,20.43,1
28.053066367872,94.9179690824476,1062.0,34.83,0
27.132933,95.709803,579.0,31.59,1
25.430853,94.043697,1461.0,38.21,1
25.654,94.438,1554.0,37.93,1
27.59340756125168,94.18293352832497,388.0,31.02,0
25.054083,93.603694,963.0,21.63,1
22.526633948584777,93.12862343252476,490.0,38.13,0
25.042516359720555,91.40875739217014,6.0,1.64,0
25.826778,94.047833,978.0,19.07,1
28.1981049543527,96.15971354235332,2259.0,53.19,0
28.597570194626417,94.8773368958761,1323.0,21.97,0
25.04152205689768,93.74225040928076,1548.0,32.83,0
23.594772960298187,92.38410873616738,214.0,12.93,0
25.15572222,93.02277778,613.0,24.76,1
23.013629158785623,92.592085936721,77.0,1.38,0
27.90014773267351,95.1862562025515,261.0,7.59,0
26.20631762373357,94.00940392922382,120.0,0.81,0
23.31259,92.856415,1000.0,35.1,1
25.53496577578312,93.57346913468602,486.0,15.25,0
25.668469,91.975083,1020.0,29.34,1
22.319409806076337,92.4146195307709,136.0,11.77,0
27.07151755381424,93.92876115147985,91.0,0.74,0
25.114564406922657,92.74152175418604,1133.0,57.05,0
25.98059681369955,93.83889625636326,140.0,1.93,0
23.881971,93.250969,1542.0,29.18,1
27.137391819344955,93.9211573027199,96.0,2.44,0
24.824611,93.476528,467.0,7.04,1
27.91122872915032,93.77806564165084,2679.0,16.49,0
24.764730035940925,92.86173943654872,26.0,0.74,0
25.814525,94.806114,998.0,17.9,1
27.48562033755005,88.72897005118574,3713.0,41.03,0
25.6609,94.0536,1346.0,35.04,1
24.253611,94.100258,1034.0,38.28,1
26.857392769152288,92.84207331483174,79.0,1.14,0
24.0800781073344,93.67695398551032,1314.0,22.21,0
25.32765,91.893414,1449.0,17.02,1
25.8,91.01,554.0,12.27,1
23.083004,92.898277,726.0,26.87,1
23.146056,93.306889,1599.0,27.21,1
23.78649815097888,92.1818343023955,129.0,9.34,0
25.68798889,91.65838889,1032.0,28.27,1
24.66426238958317,92.6044644446692,22.0,3.59,0
26.21111111,91.68416667,65.0,15.13,1
25.363156,92.618839,1069.0,9.16,1
23.64222222,92.7275,856.0,28.76,1
25.66789164510842,92.86872683000948,126.0,11.81,0
24.893041491542025,92.95013404217256,32.0,0.51,0
28.76150732174098,95.0663849065889,3256.0,24.08,0
27.219917,88.276306,1540.0,36.21,1
27.07852303624792,93.9367790309124,89.0,1.19,0
26.831778,95.078028,281.0,6.96,1
23.60944444,92.80444444,357.0,22.08,1
25.44889,92.19417,1331.0,23.45,1
25.469296,93.728636,1519.0,34.04,1
28.121841446519344,95.981664428891,1610.0,30.7,0
27.19373422390163,93.8740884950683,158.0,2.44,0
25.27142,91.874884,1074.0,19.27,1
23.022804,92.755698,852.0,20.0,1
24.39,92.79,52.0,8.86,1
28.040171134464693,96.598921673396,660.0,21.34,0
25.228472,92.187806,752.0,11.04,1
25.196694,93.018583,453.0,23.45,1
27.28677258355249,93.9124978783235,231.0,14.64,0
26.994618,95.486818,720.0,26.24,1
28.93426887757837,95.72073712901778,2647.0,6.32,0
25.126008519418782,92.53232843980813,594.0,14.93,0
24.062429,92.922576,783.0,24.08,1
24.39106832019669,93.42372121181602,606.0,24.42,0
25.630403,91.8899195,1250.0,9.72,1
28.990571939952645,94.8254607517875,875.0,53.77,0
22.977497,92.70578,744.0,30.45,1
23.566631,92.876781,544.0,32.63,1
27.596291172684143,88.13425193981489,6250.0,7.09,0
26.96000166439241,88.36219649497997,1089.0,31.61,0
25.387,93.12,319.0,19.49,1
24.938490874772203,94.77183131591198,527.0,16.6,0
27.39750780982812,96.063340662003,427.0,19.0,0
24.983792677155737,93.42983123294005,191.0,1.39,0
25.832456110877573,91.9460559307787,820.0,11.97,0
25.83,91.14,384.0,11.53,1
23.637472,92.595278,1223.0,29.95,1
23.807324412706368,93.51520875712514,1218.0,23.53,0
26.0051,93.9795,462.0,29.51,1
23.193548,92.684456,928.0,35.97,1
26.023322506082327,91.78181815756577,389.0,19.0,0
24.493294,94.179533,1412.0,34.75,1
25.34807517416676,93.80298662307447,1527.0,20.06,0
25.18955,91.453997,187.0,30.69,1
24.977063609682062,92.54585438405488,19.0,1.38,0
25.77,93.98,542.0,1.39,1
23.644469,93.068299,867.0,22.44,1
26.10878058827808,92.38578048466564,434.0,25.14,0
22.28,93.08,996.0,18.43,1
25.242245001911023,94.68494101932384,1784.0,23.27,0
28.20853299989995,95.37837715856617,1011.0,37.62,0
24.67018148583012,92.93439293341184,29.0,3.24,0
26.92619344908258,94.8073311500056,98.0,1.39,0
28.350222226685023,95.47881531855914,592.0,0.82,0
27.730254428375936,88.41083501094089,4711.0,40.03,0
24.626389,93.604389,911.0,25.5,1
25.0825460148726,93.52038892906889,1089.0,30.79,0
27.34161671614724,93.93457504380665,368.0,20.27,0
26.339742569226694,95.13321387696226,1942.0,29.75,0
26.94912983275768,95.98792489288626,1533.0,33.42,0
28.611763427888835,94.764268253645,1540.0,47.22,0
26.055011,94.044322,434.0,16.76,1
23.73055556,92.75861111,893.0,36.49,1
22.74,92.63,446.0,18.98,1
26.222111,94.419028,1078.0,36.88,1
24.982915171994943,92.01598129498495,24.0,3.7,0
24.5061839607276,94.26737886175088,704.0,29.13,0
25.205581237768648,94.21241271558374,896.0,4.16,0
24.673474993345323,94.0025741556546,827.0,13.42,0
26.551608277509903,94.12961581682832,101.0,0.74,0
23.469219452535548,92.53749737338164,357.0,22.93,0
24.494228748448126,93.24404305937,298.0,32.03,0
25.9113436543582,93.9549122924305,186.0,1.39,0
27.919991343492374,95.53524844441888,128.0,0.74,0
23.50994,92.76861,676.0,32.55,1
25.325636314688698,94.38150992664276,1114.0,23.31,0
24.890167,93.707572,866.0,8.89,1
28.457775,95.853489,846.0,35.09,1
25.25784552091301,92.95014760028538,714.0,9.38,0
23.45055556,92.68138889,880.0,18.92,1
27.58679075376542,88.39074862825633,2083.0,57.32,0
25.1937151884087,92.91163262946696,764.0,12.06,0
24.184022,92.951257,453.0,25.1,1
25.75072612185771,91.34170447594704,831.0,22.07,0
25.054917,92.800333,116.0,37.89,1
23.96011204117837,92.17064547689468,90.0,27.85,0
25.374374341230748,93.90258698875562,2403.0,41.4,0
23.53019356770632,92.34058691693848,157.0,20.13,0
25.139,93.04,641.0,14.55,1
23.45194444,92.66944444,708.0,33.57,1
21.99423895243941,92.8357630019355,350.0,37.77,0
24.34222999317817,93.45076952095054,1177.0,26.03,0
27.754056,94.018528,340.0,34.64,1
24.024289,92.771361,856.0,6.54,1
26.465751322245765,93.6530385105261,424.0,9.81,0
25.59741783659155,93.55001039752968,269.0,1.39,0
25.450556798486023,94.41353596795324,1021.0,19.19,0
23.300699771500344,92.3439945619072,225.0,26.68,0
28.253599420167152,95.68307277733224,246.0,2.78,0
24.35,92.67,84.0,7.21,1
25.507586,91.708236,1777.0,12.75,1
27.7439588810696,88.94513850117357,4625.0,25.44,0
27.298506961989663,92.54055330667455,1279.0,23.82,0
25.216464,91.735629,883.0,21.36,1
24.647011,93.672828,975.0,23.64,1
27.510774557117667,96.02602935513622,176.0,3.2,0
24.35,93.28,592.0,27.26,1
25.201,93.122,604.0,17.17,1
24.36342865130368,94.3799940340098,185.0,2.11,0
27.28897170978909,94.03261789975758,105.0,1.84,0
25.242355762011908,93.72062245792132,1331.0,7.59,0
26.88032806726949,95.00489984587708,149.0,2.78,0
24.86375,93.598917,409.0,26.98,1
27.19476766410599,96.11583580387276,901.0,13.72,0
27.884039217224743,88.63857550330961,5592.0,54.61,0
24.940611,94.009083,818.0,6.16,1
24.13,94.07,1487.0,40.38,1
25.59673489294332,91.56917677381573,1640.0,19.61,0
23.199879,93.00705,956.0,37.91,1
27.357164787308395,93.12756516563302,1908.0,16.64,0
28.296668,95.92282,2125.0,44.89,1
25.761278,94.032417,596.0,18.45,1
25.97820428186328,91.6361210066424,412.0,10.93,0
24.97273740199063,94.28096938290804,1192.0,12.6,0
25.159028,93.699833,916.0,29.12,1
23.49216111,93.23695,1309.0,24.56,1
25.410667,94.598361,1682.0,26.02,1
25.65,94.122,1241.0,35.84,1
26.21222934995716,94.35511774318375,930.0,14.52,0
25.77,93.91,557.0,9.68,1
27.444354173550213,93.96176398469666,872.0,29.29,0
23.238785,92.744224,771.0,16.02,1
28.46151755877879,95.74200109141572,1647.0,39.99,0
23.99401581845025,92.1705245345753,103.0,4.65,0
25.566583,94.763722,1391.0,22.8,1
28.0740176709518,94.92058962612184,1063.0,31.51,0
23.119163,92.743039,833.0,15.64,1
26.96552070337356,93.6709127952368,94.0,4.06,0
23.66958,93.02425,538.0,20.26,1
25.435043404453864,94.37798580857262,958.0,30.91,0
27.839990313863552,96.5470008023664,2532.0,38.4,0
23.814880621895767,92.42533147955366,253.0,3.1,0
26.234722,94.21525,418.0,21.41,1
23.390204,93.311043,1203.0,15.01,1
22.43879734307073,93.27874976923368,1447.0,7.49,0
24.5244399897181,93.99419949725107,772.0,2.11,0
28.331725056001293,95.6888370664476,1189.0,36.12,0
23.84150687352239,94.07386168598872,740.0,17.45,0
23.47831,92.865466,961.0,26.18,1
23.24449989856465,93.43354126214491,1510.0,23.62,0
25.653361,94.734333,1614.0,32.55,1
25.390699182125264,91.32907277988951,1511.0,9.49,0
26.827950614870723,93.3444142808449,87.0,1.04,0
25.98214,92.51139,106.0,23.0,1
23.25583266340247,93.47270244256607,1537.0,15.16,0
28.26170141028794,95.42123232046038,818.0,47.07,0
27.3955,88.623556,1618.0,27.56,1
27.294944,93.072417,988.0,31.35,1
27.1055,92.556278,838.0,25.51,1
24.08,94.03,1006.0,21.29,1
27.0840618159036,95.1380940273622,114.0,6.2,0
24.002150972532792,92.56112085235227,175.0,16.66,0
27.061284110347664,95.8375607547143,1099.0,47.85,0
22.363992099704163,93.25486846308988,1718.0,38.23,0
26.838114245294616,95.15285871435488,553.0,31.78,0
23.202096,92.73698,767.0,28.8,1
23.37492,93.1185,1524.0,15.83,1
25.21022222,90.63220278,36.0,17.56,1
28.06964,96.50025,502.0,8.19,1
28.28331,96.58094,1706.0,32.94,1
25.848631080127337,93.05798433102083,136.0,4.65,0
28.244966,95.914872,2662.0,39.29,1
25.72894,94.0855,1425.0,23.26,1
27.0129025072452,88.49750306774453,1148.0,14.53,0
26.22758012699363,91.47904253522246,49.0,1.39,0
23.138981,93.288852,1435.0,31.09,1
26.98902591153553,88.33946430022293,1282.0,21.23,0
23.684222,92.599917,1102.0,42.44,1
23.208918,92.518692,795.0,28.92,1
27.07925,93.59430556,239.0,23.04,1
24.831301681360863,92.8612666613604,26.0,8.58,0
27.51473889,88.57758889,1415.0,15.77,1
27.137362392303373,95.99885994531536,1764.0,9.61,0
25.56,90.37,678.0,18.44,1
24.48556,92.212277,35.0,10.51,1
24.745805,94.348327,1355.0,25.8,1
25.641388,91.854928,1154.0,31.26,1
25.465141128260942,93.2365081344916,262.0,8.85,0
27.102163,95.644694,1091.0,37.26,1
25.0948,94.547461,1661.0,23.56,1
24.747778,93.424528,773.0,19.45,1
28.55006771855404,95.28606033506328,1734.0,19.93,0
23.139887,92.751646,860.0,12.31,1
25.49079829747569,93.2579854496288,287.0,12.34,0
25.65005850622257,93.4114044466868,272.0,10.67,0
23.005156,92.985893,958.0,31.6,1
27.015863890754865,92.54477955825774,715.0,21.42,0
23.375972,93.384639,873.0,34.61,1
25.796056,94.4315,1109.0,33.87,1
25.336791669754785,94.38720634114004,1012.0,23.85,0
24.24,93.18,843.0,24.23,1
26.479760731378786,94.30015402906176,197.0,13.04,0
25.401384831076648,93.7518767221222,692.0,14.37,0
26.84501462920189,88.22177510076627,1140.0,24.89,0
25.562667,94.608,1791.0,37.96,1
27.622016,93.841176,1631.0,27.55,1
25.04783,92.78931,95.0,26.71,1
27.2820369868548,95.505251443894,181.0,14.88,0
25.996029700690976,93.92621051268767,148.0,1.04,0
23.2695824721103,93.47379556832588,1448.0,20.65,0
25.41384722,91.67856111,1655.0,6.88,1
25.878861,94.221333,1420.0,37.55,1
28.817009,94.791755,683.0,37.39,1
27.859444,94.789222,420.0,10.92,1
27.673041159888545,93.7724605401121,1533.0,22.95,0
25.113472,93.636917,1237.0,35.85,1
22.7794978134174,92.75502966369169,434.0,33.22,0
23.39235047303724,93.60622746486166,580.0,40.74,0
25.202136584245405,93.53038137122525,926.0,29.88,0
25.24805557244416,93.90825871421023,1303.0,15.81,0
27.56330019050424,93.97203962707404,2353.0,0.74,0
24.849667,94.365306,1534.0,24.38,1
26.820806,95.077889,478.0,24.29,1
25.19757340805515,93.83164009976976,1143.0,21.07,0
25.687314,91.655378,1075.0,28.33,1
25.69983502209948,93.5421331304832,178.0,6.09,0
25.375508658642246,91.38040314363812,1537.0,32.11,0
25.718434224750297,92.90216905619242,118.0,4.87,0
25.391944,91.875028,1405.0,47.57,1
27.49437852455365,93.78198798808018,1369.0,7.95,0
24.84188371539328,93.29773216255772,1164.0,9.68,0
24.928561284453963,91.56047670775308,12.0,4.13,0
27.03123876864297,88.35266547536624,1512.0,23.09,0
23.23145268123142,92.41307298231752,55.0,1.78,0
25.191366,91.040468,38.0,23.23,1
28.167788332424376,94.8986093350004,1169.0,3.31,0
24.832817,94.330448,1399.0,40.07,1
25.02677478441068,92.99240751464204,1051.0,17.46,0
28.22797,96.54606,1617.0,32.4,1
25.626794,91.829725,1443.0,20.94,1
25.36834557572624,92.88600736791912,639.0,19.99,0
23.716111,92.712611,908.0,11.63,1
23.647375,93.303415,1758.0,36.83,1
25.827028,94.078139,784.0,31.03,1
25.182607962332444,92.91642796249204,1030.0,6.7,0
26.13214467008004,94.95781071372424,1275.0,24.05,0
24.33915833,93.66233611,1042.0,15.72,1
27.93294164388688,93.86815810757427,1223.0,19.74,0
24.488148227149125,93.26705059587692,226.0,16.89,0
26.082022335574525,94.93773499277862,703.0,36.62,0
24.06,94.04,1130.0,28.45,1
23.044434,92.772583,1058.0,25.81,1
22.259597183302347,92.86704364859725,469.0,12.83,0
25.653269801833112,94.90612650017556,2162.0,30.19,0
25.206,93.126,786.0,20.21,1
27.02904288172138,93.4441902043054,174.0,10.98,0
25.656690774833223,94.9762714063602,1775.0,51.66,0
22.8846,92.85128,456.0,38.88,1
23.65323603109029,93.43370576023888,1087.0,19.45,0
27.181222,88.309528,452.0,43.11,1
27.93358184889208,94.6215020349281,888.0,26.1,0
25.054942228721213,93.36676561388926,384.0,20.19,0
25.331209,91.67737,1613.0,37.26,1
23.32191638412678,93.46211142634851,1667.0,24.97,0
27.21821552326118,92.3497076760504,1693.0,39.78,0
23.77472222,92.76194444,1126.0,13.09,1
25.572058,94.784969,977.0,34.88,1
24.57505966015536,94.45273692199044,326.0,21.82,0
25.198684862494275,93.56746426923723,677.0,28.4,0
25.532803829469337,94.4685112362256,1343.0,27.44,0
27.122408,95.678718,731.0,19.48,1
24.239118,92.639369,129.0,29.1,1
23.33194444,92.78916667,654.0,25.32,1
23.934417,92.667222,194.0,25.88,1
25.526371701913032,93.0389648974636,216.0,13.28,0
28.142304,95.288126,172.0,29.7,1
26.508964539412936,95.15884592643783,1241.0,21.65,0
24.583471568444992,94.27084908210904,992.0,24.7,0
25.11219,92.86881,249.0,14.89,1
25.68658,94.05319,1143.0,21.45,1
24.958644316834,92.20030541448044,21.0,1.72,0
25.428398536616022,94.18532570578496,1312.0,20.28,0
22.389999,92.862999,537.0,39.26,1
28.70720624055588,95.29273610997934,3402.0,31.8,0
22.65500448220395,93.02271380227806,1507.0,18.09,0
23.4468892134228,92.44096036474797,344.0,14.45,0
26.40680075808539,95.15849360626152,1253.0,16.29,0
25.949278,94.025528,484.0,16.76,1
25.485859170914416,92.34791670681123,1270.0,5.15,0
27.494160277495887,93.92729358275648,2745.0,11.59,0
22.922224555869725,93.1816154430159,893.0,43.34,0
26.0116187530948,94.09555118947688,433.0,28.03,0
25.301383,91.922017,1192.0,26.78,1
23.36766553743225,92.58233743697951,287.0,9.13,0
23.075703,93.315391,1101.0,39.0,1
24.940944,94.201889,1001.0,14.18,1
27.112794057293847,93.08771356106811,1610.0,22.02,0
23.21594152505789,92.43894979031096,89.0,7.04,0
27.293539,93.050398,1218.0,26.5,1
24.626465434448686,93.9770605322514,776.0,1.53,0
22.85577616292597,93.32887432109138,1181.0,19.59,0
27.278417,92.426917,2519.0,34.85,1
26.031583,92.47375,264.0,22.7,1
26.17428492120825,92.31365121570865,56.0,1.8,0
23.53083333,92.73333333,1065.0,33.93,1
27.09960268406997,96.10565424969174,1140.0,5.18,0
25.85528173025173,92.24164853517078,838.0,22.75,0
25.673292,94.7597,1522.0,14.42,1
24.97885273783924,92.33756474153216,16.0,0.46,0
23.084101,92.795685,551.0,13.35,1
26.944780652768262,88.36462814711746,635.0,15.65,0
27.55183278787074,88.73785066103846,3595.0,36.48,0
22.846241,92.804893,1250.0,16.87,1
22.829491,92.760933,526.0,28.48,1
27.95759743925676,93.71620529551436,704.0,18.15,0
25.667472,91.066778,1010.0,27.58,1
24.9811063800188,93.2192446038903,150.0,5.91,0
27.078192,93.572402,338.0,26.66,1
23.015444,92.704414,681.0,21.14,1
25.944475,94.7888,1219.0,20.33,1
23.922639,92.736528,875.0,29.62,1
23.198568,92.734368,749.0,19.85,1
27.576806,91.993444,2632.0,22.89,1
26.62064722512447,94.81112380427034,311.0,23.18,0
27.162778,88.413222,1549.0,27.49,1
23.69916667,92.87416667,491.0,31.3,1
24.5953191219005,94.06183282345016,784.0,2.06,0
26.022094,91.832906,106.0,11.16,1
24.445222,94.230583,1360.0,18.61,1
25.176917,93.026556,452.0,23.36,1
26.104944,94.3375,1309.0,14.23,1
24.86461111,93.59888889,414.0,19.03,1
28.241041,95.866387,1860.0,24.74,1
24.624944,93.691556,1349.0,35.97,1
25.840229,94.435067,1758.0,20.56,1
28.08014,96.52356,582.0,1.48,1
25.43630556,92.19525,1359.0,13.35,1
26.19038889,91.80994444,94.0,20.42,1
25.23659315364172,94.748860584562,1655.0,16.06,0
25.236582,91.688857,708.0,18.76,1
26.34838,93.78208,235.0,7.15,1
25.169,93.155,960.0,13.35,1
25.7552647933548,92.8663623640669,91.0,6.31,0
25.0393967464236,92.58638599205628,610.0,32.96,0
27.267809,93.801259,379.0,26.98,1
24.19022778,93.35379167,1145.0,36.98,1
28.11470472326668,96.07016190608456,1207.0,31.19,0
27.483667,92.10925,3704.0,36.05,1
24.009751185215247,94.1305247921204,629.0,20.39,0
24.834917,93.459083,868.0,26.34,1
27.269778,88.144278,1478.0,36.39,1
23.392598,93.375863,1158.0,31.6,1
28.21633785434751,96.39414484966812,3575.0,26.26,0
25.682561970010497,91.24061313945852,1248.0,14.5,0
26.1816552134192,94.00346983725515,123.0,2.33,0
25.155611,93.022222,617.0,16.37,1
27.691907218212307,88.8013247289798,5066.0,42.35,0
24.985806,93.492972,1060.0,6.5,1
28.24903971354428,96.36302563265126,3890.0,35.16,0
27.64460631672981,88.39138408572508,3250.0,55.13,0
25.189106,92.079564,109.0,43.1,1
25.6630620832894,92.55948223664436,707.0,5.5,0
25.22170191898521,93.93115883270175,1962.0,27.02,0
27.043985967646872,92.38818423968854,1187.0,30.26,0
22.34,93.13,1878.0,36.14,1
28.572139141118303,95.3308742661073,2191.0,37.3,0
23.004031499393864,93.1769593737469,1364.0,21.03,0
27.316,88.559889,1255.0,21.58,1
23.75515867143512,92.40889154820846,249.0,18.18,0
28.814125088166808,95.10948144741518,1998.0,28.8,0
25.28662043644002,93.8065683308494,1584.0,12.28,0
25.21760477541668,93.7127464062646,1334.0,19.67,0
23.227602,92.923164,498.0,29.77,1
27.72160841568183,93.76389850479907,1717.0,19.87,0
28.219248769824546,95.06907530132658,1616.0,12.48,0
25.044417,92.423908,231.0,30.24,1
26.31335179636784,91.65982925388369,50.0,2.07,0
28.21489222884365,94.61775119592464,359.0,13.71,0
24.931333,94.228917,1340.0,34.19,1
23.41801053963991,92.53352710252226,524.0,29.74,0
25.792432580092136,91.81880470551016,672.0,3.44,0
25.9490607129192,93.90053267568054,154.0,3.48,0
27.554889,88.654444,1459.0,43.85,1
23.744167,92.730472,801.0,24.18,1
23.647593,93.068219,877.0,22.35,1
24.85527312285808,92.87306924260916,33.0,3.11,0
25.18915948388405,92.82030943972455,1224.0,3.84,0
28.47969935886721,94.79439892066776,1682.0,24.73,0
28.095602,96.453246,1170.0,39.87,1
25.13167372484594,90.63737197585016,16.0,0.51,0
25.016877815952384,93.93016461943928,1161.0,21.87,0
25.382694,91.877528,1381.0,45.4,1
23.66404771019085,93.47206798878062,1426.0,14.02,0
22.83653,92.80092,1100.0,27.35,1
25.978481,91.569575,391.0,22.91,1
23.025131,92.91922,765.0,20.06,1
23.300649686449653,92.55278885475218,829.0,23.78,0
27.65412288042452,88.5209781094272,4361.0,42.36,0
27.60310249028509,92.8170031969307,1490.0,27.71,0
23.198119,92.899566,904.0,15.26,1
25.373639,94.555333,998.0,18.4,1
25.76767524662835,92.81576507246491,98.0,3.27,0
27.61616001643658,93.5527894662339,1831.0,12.42,0
28.36917466284163,95.86146173635473,1841.0,37.17,0
25.77866183131036,92.61607535007794,534.0,15.26,0
28.524895465560306,95.286920543757,2568.0,20.34,0
28.312543357584747,96.42856672464254,3157.0,28.93,0
23.56031954284107,92.93914787248252,1352.0,53.46,0
25.43462701280533,91.93314400610682,1273.0,32.72,0
22.235300919596924,92.7487247493251,133.0,23.37,0
28.480740358738,94.98402667867944,1939.0,20.67,0
23.98724581713868,92.53251816507291,118.0,11.67,0
23.767755598560804,92.92161511760662,715.0,29.64,0
24.77925,93.781,921.0,27.41,1
27.27508733800962,95.85649417017508,214.0,6.43,0
23.522795445943924,92.48827912973978,718.0,33.28,0
25.352509803970523,93.7722765867465,1318.0,19.47,0
25.64137674111659,93.34506620256752,330.0,10.64,0
28.44201636883841,95.77917733610644,1071.0,45.92,0
27.1205,88.152722,1233.0,27.49,1
24.26944444,92.69222222,531.0,29.16,1
25.286369,94.036492,1040.0,30.04,1
26.176020600278715,91.53526227498914,54.0,2.41,0
25.745,93.784,305.0,17.04,1
26.412694,94.641333,1086.0,30.93,1
24.24134111280064,93.74085626205915,1203.0,2.88,0
27.4942692926552,91.9303448699802,3388.0,14.9,0
22.385,92.857002,384.0,15.64,1
25.561,93.858,1491.0,46.44,1
22.31496970877118,92.82684203580963,61.0,11.5,0
24.35,92.72,327.0,5.2,1
26.9098280473338,88.381227267533,1173.0,23.78,0
24.27691193700404,94.18997653769205,518.0,20.65,0
22.96825783157809,92.56159929704512,455.0,15.4,0
27.1929,93.7802,291.0,25.57,1
27.42175782193216,88.43571635192632,2778.0,34.35,0
23.843842386730373,93.45753201923156,1559.0,22.99,0
23.349538392789395,92.98747260816803,1186.0,20.36,0
23.32190767893213,93.5357358950763,1268.0,18.49,0
25.027528,94.316806,1208.0,24.48,1
26.62499427880341,95.2970324488972,1743.0,17.19,0
28.693837,94.973784,442.0,36.0,1
25.462717006648184,90.97983637118834,467.0,13.87,0
27.2594,93.796312,324.0,30.45,1
24.716568893034943,92.7089480853478,24.0,2.59,0
26.782472,95.009028,792.0,31.51,1
26.418059946111104,93.1954845866585,731.0,3.59,0
25.25709035262803,94.35640856556596,1414.0,29.43,0
25.30025579202734,92.93771479765768,638.0,11.4,0
27.496333,92.104333,4147.0,32.81,1
24.405664816783784,94.36456753830528,469.0,32.72,0
27.558876783691616,88.39237090163164,2192.0,23.25,0
23.022125,92.919952,798.0,14.98,1
25.76,93.96,785.0,16.3,1
26.42034067639964,94.1102751956541,102.0,2.82,0
25.266222,92.202528,695.0,25.94,1
25.53,93.74,1353.0,30.77,1
27.04589295559473,95.90230048034694,1650.0,23.03,0
26.146,91.756,92.0,7.03,1
24.768778,93.386806,266.0,18.57,1
27.385843279100392,92.56580695900934,1601.0,33.2,0
24.43050531096241,92.4339590729093,36.0,1.85,0
24.33,93.3,483.0,14.15,1
23.17367043438942,92.84660456141278,695.0,26.22,0
24.950583,94.186028,907.0,24.28,1
27.72426241707248,93.50139884154474,1363.0,27.58,0
27.70625,94.673833,276.0,6.18,1
23.199924,92.73481,752.0,19.46,1
25.739454,91.572107,903.0,23.37,1
28.035897953884344,94.7362665872374,710.0,17.74,0
22.828655071778147,93.20518149788656,1466.0,16.97,0
23.700556,92.715972,1011.0,35.47,1
25.66137363221521,91.5197729056674,1159.0,10.5,0
25.020445040335723,93.4004127898749,634.0,21.0,0
23.045416,92.705612,744.0,26.83,1
24.489749,92.170312,60.0,8.37,1
25.555256,91.234944,1338.0,14.57,1
24.91605790765433,94.0852686729327,1015.0,22.71,0
25.207314,91.592357,541.0,19.86,1
27.766214462865086,93.14972907727504,2031.0,39.97,0
22.2954478982058,92.88784734540992,609.0,28.38,0
25.746,94.078,1156.0,4.96,1
25.237361,92.096992,810.0,15.78,1
22.9792481801165,93.21701264301262,775.0,23.34,0
23.159515949536488,93.5837293390587,783.0,33.51,0
27.735278,88.54925,2733.0,42.18,1
25.46333,93.987388,1690.0,45.2,1
22.235881735194308,92.81425772108408,382.0,35.04,0
25.699,94.427,1774.0,47.75,1
27.294737026805848,95.8206048621158,190.0,4.66,0
23.43179,93.339128,1302.0,28.74,1
22.040519133333632,93.050935546313,447.0,38.96,0
25.055186,94.599525,1538.0,19.63,1
24.65577864198884,94.5419917601236,252.0,1.53,0
27.909278,94.736111,540.0,18.46,1
25.228005,91.687913,585.0,32.17,1
24.7758114899732,92.89146211773992,22.0,2.07,0
25.97616536758169,91.66901336812184,348.0,4.29,0
24.68465955118841,93.76124713040127,858.0,5.2,0
24.049856062879247,94.40007547887348,489.0,19.36,0
25.938447,94.7843,926.0,34.43,1
23.469712,93.248874,864.0,13.89,1
26.939264366648047,95.09562861649732,119.0,0.35,0
23.00949321352197,93.52218358566324,1509.0,21.9,0
25.584147,94.8582,1198.0,34.3,1
26.910783087343216,93.2087423450212,125.0,1.32,0
27.75554518395598,94.57261077142736,982.0,41.35,0
27.214222,88.608361,807.0,19.74,1
26.02560852522989,92.67383300649492,67.0,3.1,0
28.184714622669897,96.45931332916396,2136.0,46.8,0
27.180417,88.51025,394.0,38.0,1
26.97764221741137,88.49560709790043,1005.0,24.35,0
23.465558,92.855991,1072.0,16.82,1
26.161639,94.6215,1693.0,31.8,1
26.297778,93.211111,142.0,26.3,1
27.703903282621106,96.37429256131536,1566.0,35.3,0
26.80592315226788,94.29609294170848,89.0,1.4,0
27.542083,92.946,1252.0,28.31,1
23.650925,93.030704,466.0,16.02,1
23.18,92.49,753.0,17.49,1
28.617333,95.049556,579.0,18.31,1
27.544153199822297,88.36026750850192,3503.0,19.15,0
26.410542798825425,95.1585604424545,1147.0,32.54,0
25.624749482675856,93.55280593623957,320.0,23.63,0
23.71523056,92.71529167,1012.0,15.57,1
27.98749018243081,94.74820382858036,1024.0,24.73,0
28.492371000210976,95.56811425174595,2599.0,40.07,0
25.228344,91.693332,451.0,19.99,1
23.90419747732381,93.40904417298024,815.0,34.16,0
27.349976158039404,93.39688153867014,2368.0,19.8,0
27.02361119295136,92.54937601234997,651.0,15.54,0
28.454481,95.854029,841.0,44.45,1
24.626833,93.709444,1457.0,27.08,1
28.48915163774884,94.73176710178338,1461.0,41.5,0
25.817631019292843,90.9381689157657,337.0,14.09,0
23.849497,92.928202,1822.0,15.1,1
28.18481939467681,96.42018462324536,3348.0,39.79,0
27.281611,88.229556,1283.0,39.68,1
26.22073960902198,94.3591183276526,740.0,16.45,0
25.440961,94.046264,1455.0,51.16,1
25.42445201465844,93.88328874759868,1466.0,17.43,0
27.205047,88.689053,745.0,5.87,1
27.257972,88.548861,641.0,39.87,1
25.229556,93.1556,466.0,17.32,1
27.405861,92.133778,2022.0,26.01,1
26.041525,94.523238,1791.0,32.63,1
23.36805556,92.76138889,1140.0,37.54,1
23.3347663828562,93.50553093872767,1270.0,11.29,0
26.012889,94.044222,522.0,22.83,1
28.037400119775043,95.79639305670644,178.0,0.7,0
26.204153091038155,95.30360532717164,1208.0,31.91,0
24.63,92.74,71.0,11.04,1
27.1205212395668,95.07554761924791,106.0,1.95,0
26.34925789949408,94.17397205105354,135.0,3.64,0
23.152289,92.746243,891.0,10.8,1
23.610907618517544,92.21905660319612,370.0,15.88,0
23.68225,92.573694,947.0,30.16,1
27.185944,88.197944,1744.0,30.3,1
26.31681766024156,95.00135167899651,2151.0,25.69,0
24.849397833767025,92.27871641334217,17.0,1.06,0
23.05034805506349,92.61720027262852,455.0,26.56,0
26.642694,95.075306,876.0,40.51,1
25.228198991600102,94.46192048454591,1497.0,28.04,0
23.22076574646524,92.27112285334822,74.0,2.02,0
25.11077778,93.00458333,537.0,27.86,1
24.91396485320177,93.00349426219168,59.0,12.32,0
26.07256,93.928,130.0,1.06,1
25.985501198808347,95.09974988116406,2495.0,6.0,0
23.36852778,92.76575,1127.0,30.56,1
23.321765,92.8589,1023.0,31.83,1
27.476614,96.408544,509.0,32.49,1
24.379417,94.154139,1349.0,6.93,1
27.17111558059188,93.2306260947414,1430.0,19.43,0
27.337252445553187,88.92307527726705,4319.0,16.16,0
28.03841927502206,95.78150684021482,171.0,3.21,0
22.96200527721866,93.1100289515963,759.0,23.94,0
23.98397684021013,92.84062832687398,173.0,24.2,0
26.63635262019729,94.4239691375616,160.0,7.64,0
22.25053889624843,92.84132936044712,389.0,7.77,0
26.97106112519195,92.94609117564926,329.0,11.3,0
23.411228192731883,93.48310211250671,1739.0,15.43,0
27.494517856069805,88.18427968129991,3754.0,28.8,0
26.09150556,91.87898611,77.0,5.23,1
28.26843804777681,95.33623432809117,1986.0,36.3,0
24.050391,92.775525,966.0,36.12,1
25.565489,91.220686,1341.0,8.55,1
25.713,94.06,1041.0,29.44,1
23.028223016114254,92.55891074081246,306.0,20.75,0
26.348065220984545,92.99464861299136,425.0,4.48,0
23.746832,93.377656,1387.0,20.6,1
25.3881350421365,93.7898663637738,1407.0,28.41,0
25.408236,91.778704,1833.0,23.19,1
24.930278,94.149361,991.0,19.66,1
24.89202156489254,93.36772909452016,518.0,12.36,0
23.697694,92.071194,230.0,14.46,1
23.902755097471363,93.7834527954432,1217.0,18.39,0
25.404003898888213,93.6347294408889,1358.0,20.56,0
25.37268042569521,93.72103868634896,519.0,29.62,0
25.6999,91.642192,1260.0,25.22,1
24.94983058217868,92.27381661721702,13.0,3.89,0
24.89211625310351,93.40028393665074,208.0,6.51,0
28.10714,96.54489,984.0,42.64,1
25.447079558712872,94.20048923780934,1333.0,7.98,0
25.379611,94.146667,1250.0,19.62,1
25.114780671136288,92.65502832674156,1440.0,12.34,0
24.316639,94.138139,1266.0,33.2,1
25.958047,94.597519,1734.0,22.7,1
24.146711831757543,93.68827690137933,1183.0,28.31,0
26.807890208353385,94.81459591186776,178.0,21.67,0
23.3725,92.75861111,1282.0,8.47,1
28.15155205945796,94.91586897254837,905.0,14.33,0
27.675778,88.733417,2603.0,32.95,1
25.38803,91.46977,1529.0,6.54,1
25.50330599132544,93.55332746255628,583.0,19.83,0
24.25,94.07,1493.0,34.13,1
28.384833,95.233806,676.0,27.55,1
27.37211111,88.61671944,1872.0,25.09,1
25.699306,91.055556,887.0,21.14,1
23.306409,92.706083,415.0,26.64,1
25.52677843126132,94.04181973684524,2732.0,11.72,0
23.974895464921964,92.16567716693967,72.0,3.07,0
24.96581667867279,91.6529811367108,12.0,0.34,0
25.9365,94.047694,666.0,25.79,1
24.568088555647392,93.95433312777622,774.0,2.74,0
25.730414053210747,91.97250209022026,1098.0,21.26,0
26.79159596860019,95.61645725313085,1920.0,28.79,0
27.57486806249576,93.6939821057515,1676.0,16.99,0
25.65575291,94.1505873,1152.0,14.18,1
27.374583,88.542333,1836.0,41.67,1
25.65508538870701,91.41238963198936,1212.0,13.39,0
24.1,93.96,1599.0,19.73,1
26.95620790295228,88.15806825373205,1588.0,19.17,0
23.718641547333483,93.27083147834468,1129.0,20.18,0
28.33026652203908,95.67005806940328,867.0,26.23,0
24.52,93.11,482.0,29.34,1
23.336221311292785,92.97699258822658,1256.0,31.55,0
23.597403,93.094131,899.0,33.91,1
26.426417,94.668444,1313.0,24.81,1
23.424417,93.167306,1035.0,30.77,1
23.99016,92.68075,485.0,15.93,1
25.620269,94.801031,687.0,36.47,1
28.228528,94.904278,291.0,19.52,1
28.094144,95.282568,306.0,10.54,1
26.903880379464585,88.64453479480252,197.0,2.76,0
25.34051640290863,94.66471242499216,1446.0,28.04,0
26.177902076509977,94.35123943520227,412.0,9.76,0
28.237514143293467,95.42570237772053,943.0,40.58,0
23.771587,92.732129,1295.0,35.29,1
23.77166667,92.84805556,735.0,31.59,1
27.35191721660248,95.753550703812,139.0,2.85,0
23.47433275369972,93.45665110159356,1090.0,15.85,0
23.753417,92.687556,687.0,27.47,1
27.220917,88.385083,1582.0,37.61,1
28.519231838308954,95.7691456946292,778.0,36.37,0
26.56252,93.05658,92.0,1.04,1
26.18308283443818,94.7459568756171,2033.0,36.07,0
25.332083,93.334639,549.0,26.34,1
25.403073518195143,93.6915960368543,569.0,23.37,0
24.47,92.76,135.0,14.51,1
27.705431711302825,93.51933608475017,1705.0,19.56,0
25.95028556149256,90.93115875580207,57.0,2.12,0
27.7182,93.947,661.0,34.69,1
23.71571389,92.72659722,865.0,24.98,1
23.177692507696253,93.49199959395492,1657.0,17.38,0
23.626307232141897,92.51566037410792,121.0,12.77,0
27.35131787233085,92.59293901322908,1289.0,39.0,0
28.92718165870416,95.91114248861766,3758.0,19.34,0
25.43891737964243,94.74312774314733,1654.0,25.72,0
24.437169,94.18495,1420.0,39.74,1
25.44778689078395,94.20980035343736,1337.0,21.9,0
27.01709497230878,94.92811589053504,106.0,1.14,0
23.390804905152173,92.58660305731536,292.0,9.66,0
23.589167,92.590111,751.0,30.64,1
23.736778,92.694528,961.0,22.94,1
23.708507,93.05583,1040.0,40.21,1
22.71,92.7,171.0,0.74,1
25.56292,94.14544,1648.0,8.2,1
26.192667,94.282194,1010.0,4.85,1
25.63593381044624,93.62242006103313,339.0,26.4,0
27.448414282812006,93.693170145565,735.0,36.23,0
24.759667,93.462694,432.0,21.93,1
28.230405717430017,95.71107739477772,232.0,1.05,0
26.67260864494546,94.8430627077024,1446.0,26.38,0
25.264639,94.062167,1399.0,28.09,1
25.99570367271636,91.76598599835005,446.0,10.89,0
28.243545347674942,96.28333114674533,3001.0,47.93,0
27.64286887034207,92.6904925263362,1295.0,19.76,0
23.39333333,92.75805556,1296.0,30.29,1
26.911522458025512,95.6700591577861,1925.0,33.0,0
25.536530335237547,94.03099658207816,2571.0,32.0,0
25.728405301772284,92.6712054023278,487.0,11.54,0
24.55116552726147,93.87813319312554,772.0,1.72,0
23.014982,92.720505,475.0,29.5,1
23.618331345567164,92.53142409719932,331.0,14.08,0
22.981377497469698,92.57313928236653,278.0,24.68,0
23.936806,93.340668,888.0,30.83,1
26.728556,95.031944,685.0,25.2,1
23.605864,93.20387,1036.0,38.43,1
23.607873,93.351351,1408.0,40.24,1
27.788639,93.539667,947.0,27.75,1
25.271034748458103,94.25860447049246,1205.0,24.52,0
26.946470718127472,88.47335658085125,888.0,27.24,0
23.71294093849309,93.55558592058372,1345.0,27.39,0
25.725,94.031,999.0,16.82,1
27.79988578204143,93.20344303309244,2041.0,24.43,0
25.06726206744409,93.73437926847868,1397.0,41.68,0
23.88386111,92.87505556,823.0,36.51,1
27.093592671668205,88.59079092511274,1519.0,25.01,0
25.23314100563801,93.67932989890969,1066.0,40.61,0
25.157,93.066,491.0,19.01,1
28.262806,95.565421,469.0,37.77,1
25.08093165411768,93.96948121641866,1117.0,29.27,0
23.587111,92.601667,949.0,41.83,1
24.60719444,93.46784722,1112.0,22.37,1
26.02853027604623,92.94358725615996,75.0,1.61,0
28.63547432882389,95.23754430500082,1377.0,31.09,0
22.86623812892556,93.1261276037989,482.0,31.21,0
26.30545693140123,94.66975430648644,747.0,17.98,0
28.246512,95.541646,591.0,20.78,1
24.984722,93.524917,1161.0,23.31,1
26.108417,92.440222,247.0,14.99,1
25.04554217667876,93.93630319483132,1100.0,21.77,0
27.43653039713423,88.6800015132039,2943.0,44.06,0
24.948667,94.4835,1766.0,28.73,1
25.27197,91.874872,1078.0,20.19,1
23.681531,92.718606,1171.0,21.82,1
22.71,92.54,89.0,12.54,1
27.33908369391765,93.93271740373793,441.0,29.07,0
25.088639,93.619722,1158.0,16.09,1
24.817028,94.534528,1122.0,25.1,1
23.805528,92.120417,146.0,19.12,1
27.95791219431284,93.4175682479774,2041.0,30.46,0
24.835028147371364,92.36492646716776,17.0,2.13,0
23.71972222,92.79777778,215.0,19.0,1
23.203253,92.735838,708.0,19.44,1
23.21339365108697,92.3286186153935,183.0,23.4,0
25.56544,94.17208,1373.0,19.59,1
23.02425649412195,92.52892077890986,433.0,25.17,0
26.16950162919337,91.58791966104648,44.0,0.0,0
27.913805734501025,96.55139079944816,2089.0,29.64,0
23.28328,92.831766,575.0,29.78,1
25.939139,94.649311,1989.0,30.14,1
23.321505,92.854734,950.0,33.53,1
24.24,93.1,800.0,4.16,1
27.723611,88.550472,2714.0,27.16,1
23.300447775569605,93.00685432336148,514.0,23.8,0
25.189556,93.096417,535.0,23.64,1
26.99333918027228,92.7102272943012,127.0,0.0,0
26.00742696649992,92.63717210773368,66.0,1.06,0
28.095632,95.281371,332.0,25.51,1
25.479026847986567,94.78099407725544,2927.0,10.44,0
25.972325,94.509267,1697.0,32.28,1
25.786214452694644,91.16813949990996,703.0,7.22,0
27.175995827903968,92.38003793658946,2323.0,11.7,0
25.715072875647767,92.4637338578044,921.0,10.91,0
22.044503596455147,93.1515094405355,1673.0,19.38,0
25.850458,94.530347,923.0,27.5,1
25.228869319973068,91.31115307973484,553.0,20.78,0
27.493256724242617,93.69940587862776,1214.0,7.62,0
23.21068583,93.1212325,1126.0,19.21,1
25.667,94.253,1560.0,27.19,1
22.76433708119441,92.92080112773796,270.0,25.21,0
27.275917,88.254278,1100.0,21.58,1
27.197111,88.208722,1862.0,34.14,1
24.62,92.84,39.0,7.77,1
25.521,93.964,1742.0,31.33,1
27.452833,95.239,117.0,0.0,1
22.710602735814835,93.16923006873184,1067.0,31.44,0
27.514047984067364,88.15261264553824,4585.0,53.01,0
26.60516395768772,95.2328289501556,1355.0,27.78,0
25.8721572224132,93.81459196295472,156.0,2.12,0
25.253731797344123,94.74300145152932,1825.0,31.75,0
27.143872035076395,88.68302279729765,1625.0,34.28,0
27.39279620409376,88.1500148022831,3564.0,34.3,0
23.832642585530177,93.93952332054889,752.0,25.01,0
23.4210835604736,92.42268009928532,564.0,32.97,0
23.73111111,92.70222222,862.0,18.21,1
25.167923368558657,94.20491825751004,1062.0,14.38,0
25.436972,93.454111,472.0,15.17,1
28.094573034201467,95.40026642329596,172.0,2.86,0
25.48586,90.7005,290.0,13.68,1
23.777805,93.00489,582.0,22.08,1
25.07524586077405,91.35745753374356,9.0,0.74,0
27.58741667,91.88694444,2589.0,6.72,1
22.739860607204804,92.39805229169028,35.0,0.5,0
24.796319,93.737025,1161.0,46.85,1
27.096142228066743,95.200556889849,114.0,1.81,0
23.038879,92.773703,1120.0,23.71,1
25.991186079528983,92.69590249829346,67.0,1.64,0
22.01316932212596,92.97095176745712,309.0,23.69,0
25.512611,90.658611,366.0,2.76,1
24.82627975503188,93.14670089265012,70.0,8.52,0
24.700417,94.199306,1293.0,40.1,1
25.652,94.122,1249.0,31.53,1
23.72805556,92.76583333,749.0,22.87,1
24.122087717876145,92.7253169602814,149.0,1.39,0
27.109398,93.61692,373.0,8.09,1
26.4707882633576,94.92940984079394,886.0,30.04,0
25.91,91.4,55.0,0.0,1
26.435556,94.863056,768.0,17.3,1
25.172141775620155,92.5621923592927,440.0,22.01,0
25.358972,92.003131,973.0,35.83,1
24.899201664451528,92.91787697599122,58.0,10.27,0
25.16400556,92.38702778,393.0,25.94,1
25.375917,91.876,1492.0,24.85,1
23.93027778,92.6525,194.0,18.12,1
28.371516426154766,95.45610457155723,660.0,17.29,0
25.24575012556935,94.66630246422312,1864.0,33.7,0
25.107140972214022,91.74455019874144,14.0,0.74,0
28.63824352149333,96.09099834011847,2501.0,35.37,0
23.6385278,93.13694722,949.0,19.34,1
24.74471598121682,94.7497040951962,120.0,0.34,0
25.617,93.941,1699.0,12.63,1
22.196048478363505,93.32070551291096,2171.0,15.41,0
24.32773611,93.57937222,781.0,22.39,1
26.47577623840655,94.30687382231004,181.0,5.51,0
23.790138,93.394447,1392.0,23.55,1
22.821659,92.804405,1046.0,35.09,1
27.115545,95.733337,550.0,27.76,1
27.02107704133072,92.78536341914894,133.0,3.47,0
28.35851567192404,96.09739999797654,2077.0,48.85,0
26.95052,93.45136,177.0,9.47,1
23.98,94.03,1469.0,14.08,1
25.243350090589992,94.36329765201614,1611.0,24.51,0
27.758889,94.059833,734.0,37.71,1
23.132035,92.745362,818.0,30.6,1
28.242387988320672,95.48109063490249,1413.0,42.49,0
26.110742879490765,95.18258571775056,2521.0,20.99,0
25.01026414017248,92.84369059561452,375.0,30.42,0
25.224417,91.689893,514.0,29.18,1
28.472863,95.858934,827.0,34.02,1
27.50994444,91.85486111,3278.0,24.22,1
24.17,92.33,72.0,11.5,1
26.30699463693263,95.16161600530404,1339.0,25.79,0
28.140623518688653,96.067108848109,1738.0,38.85,0
24.861264,93.627742,386.0,33.65,1
23.46062437042561,92.47196841403373,309.0,22.98,0
27.933611,94.703472,974.0,22.65,1
27.541416010655578,88.20028057711563,4756.0,27.24,0
28.093992962599128,95.58179819396403,208.0,2.1,0
23.52777778,92.69861111,809.0,28.19,1
25.08062273550735,93.99440336631837,1081.0,24.78,0
23.790871177195008,93.64367176924148,1904.0,35.94,0
25.52246944,94.19153333,1197.0,11.98,1
24.31,93.13,808.0,12.88,1
28.17613937361584,95.99108427525545,1857.0,13.53,0
25.49968843562696,94.0777776008213,1841.0,33.06,0
23.091749,92.695419,879.0,20.36,1
28.25154134138913,95.1353154917066,1329.0,15.84,0
28.2805,95.201556,651.0,22.17,1
27.169583,88.462361,1659.0,27.7,1
25.864186,92.571047,508.0,24.25,1
25.14,93.31,1060.0,21.65,1
25.884206,94.026203,620.0,30.41,1
28.757402974990303,95.009350725089,2037.0,36.04,0
25.981157272461346,92.43560014527768,572.0,4.14,0
25.84444,93.45331,200.0,14.24,1
22.887474,92.836769,655.0,38.76,1
25.4384395617848,90.23121309937945,130.0,3.43,0
27.101083,88.3615,345.0,51.23,1
28.0039763856727,96.169119797282,346.0,4.29,0
25.770389988644794,91.9437680073139,874.0,29.52,0
25.292155570557195,94.23476148525336,1097.0,21.72,0
23.485194,93.274236,1133.0,35.84,1
25.942111,94.04625,645.0,28.61,1
27.52723277411672,93.880331159151,1941.0,19.92,0
27.6478,93.8737,1662.0,28.61,1
24.676323,94.253976,971.0,29.78,1
27.983720372206868,96.519155314396,2652.0,42.15,0
25.340433,94.166631,1650.0,27.07,1
25.42743481309785,91.28366596762828,1412.0,11.92,0
25.66666667,94.19602778,1079.0,18.19,1
22.96882326478268,93.13512815880335,341.0,13.77,0
25.359611,91.889417,1560.0,25.2,1
27.649,93.8744,1645.0,36.62,1
23.6377,93.066302,867.0,20.3,1
25.09805293711089,93.56303914123362,1096.0,5.68,0
27.896842996948862,95.47273389203956,131.0,2.51,0
24.037395,92.922461,908.0,25.19,1
26.2272613,91.6922458,67.0,12.12,1
25.659,94.089,1526.0,10.64,1
25.764292,94.714094,701.0,24.85,1
25.574611585991057,93.98644470932447,2110.0,45.21,0
24.32,93.79,932.0,27.34,1
26.22085471575432,93.00069636877676,95.0,1.31,0
25.4699056638995,93.22765605964037,191.0,13.38,0
27.127784869988343,93.52366652766092,952.0,23.66,0
27.31502734041161,93.19400499862785,1135.0,31.27,0
24.23738889,92.95508333,658.0,13.22,1
22.15,92.62,151.0,1.38,1
24.51122819194216,93.30468092035734,546.0,25.44,0
23.500156,92.701436,900.0,15.06,1
25.595898,93.829722,1595.0,19.47,1
22.525999,92.888,714.0,15.41,1
26.112083,92.091028,71.0,11.73,1
27.122611,88.343389,897.0,30.37,1
25.62752099368446,95.0132200074028,654.0,26.68,0
23.22881880242602,93.45876128791532,1946.0,29.82,0
27.15625,88.430722,1468.0,39.81,1
23.711722,92.858394,867.0,32.04,1
25.191485306045102,92.51317414459756,472.0,7.05,0
22.915902391498413,93.0782348258689,926.0,13.94,0
25.24447132944736,94.65758625139324,1945.0,30.28,0
24.383194099183108,92.43578263467484,47.0,2.09,0
27.190861,92.607806,1567.0,25.13,1
24.51042447272779,92.37147652540042,43.0,5.2,0
26.114222,94.254417,1298.0,21.47,1
25.90781127543553,92.2425476457507,698.0,21.29,0
25.1604392265474,94.72071155426396,1769.0,30.78,0
24.05955814233937,93.4192274803896,718.0,19.78,0
28.104967323522462,95.63779379859552,197.0,2.31,0
22.72357671676716,92.75969961337763,266.0,16.97,0
26.179679478799027,94.74914199169064,1756.0,28.46,0
24.1,94.07,916.0,34.85,1
28.49789848546513,95.7593334309618,1495.0,33.63,0
23.201584,92.736877,747.0,27.24,1
27.543782335379465,95.9112092129198,165.0,4.78,0
25.479090126116724,94.23589858896196,1637.0,6.58,0
28.35559689802444,95.37576233307072,2437.0,52.12,0
23.64702778,92.72583333,804.0,18.3,1
25.105668261770035,91.53147445995494,12.0,0.35,0
25.2203375377338,92.31548982814462,593.0,12.67,0
26.82955485921728,94.92097490509876,276.0,15.36,0
25.569,94.283,1835.0,30.28,1
25.517,93.957,1820.0,38.44,1
27.624819990687044,88.4204134393205,2953.0,46.05,0
27.437889,88.601694,1788.0,24.41,1
27.45420379206469,92.92406601024106,1581.0,22.83,0
27.561083,91.911528,1922.0,18.97,1
27.12295456441002,94.06050987822653,91.0,2.61,0
22.135792161187663,92.9309435617602,277.0,17.76,0
25.914996618355914,91.7934643128844,342.0,16.41,0
25.98570399824137,94.93471714856317,1500.0,31.01,0
28.12085980052828,96.71126408053678,2411.0,53.1,0
25.181917,94.522306,1350.0,11.49,1
23.33277778,92.78722222,646.0,25.07,1
26.967426982281246,95.19929897731396,382.0,19.71,0
25.875929233282417,91.94733411004228,692.0,6.23,0
28.830919,95.880901,1563.0,30.58,1
27.378306,88.770083,3824.0,19.76,1
25.392444,94.29875,1608.0,16.97,1
27.740944,88.545361,2762.0,26.78,1
25.560931,91.227694,1308.0,26.22,1
25.47145756784245,94.22992593078126,1361.0,15.84,0
25.114997,92.358378,104.0,18.05,1
24.860639,93.62675,329.0,2.53,1
25.15219780472519,91.965533894863,14.0,0.35,0
24.347457570270027,92.44777711107344,80.0,18.83,0
26.774513573901515,95.17961247389324,1041.0,16.59,0
28.824703,95.93119,1531.0,27.59,1
23.321016,92.861601,902.0,28.21,1
23.640073,93.315306,1687.0,24.51,1
28.209443964701023,94.65654925469312,531.0,36.13,0
26.45849246010417,95.18340539472044,1640.0,34.51,0
23.73305556,92.82527778,524.0,28.07,1
25.645633,94.008403,1859.0,12.34,1
24.00475518389951,92.19708410550436,69.0,2.53,0
22.552301,92.883888,1010.0,18.52,1
25.60902222,94.12846944,1559.0,22.01,1
23.475392,92.605749,965.0,21.96,1
26.00437321672405,93.86287390979288,141.0,1.8,0
24.136316653672893,93.80278569544625,1101.0,4.86,0
27.296928,93.088111,830.0,42.52,1
24.612372,93.670775,634.0,23.48,1
25.82296313615296,93.88360496533151,700.0,19.41,0
23.57694444,92.71305556,906.0,14.76,1
23.918694,92.740389,1039.0,10.85,1
26.024167,92.475,222.0,19.79,1
28.2823,94.863031,330.0,14.31,1
26.80243827004911,95.7500308064921,778.0,27.68,0
23.880530803468645,92.1696152884986,202.0,17.3,0
27.495584037575,88.07905342498287,4722.0,18.3,0
23.08373,92.757679,754.0,11.62,1
23.229765,93.127521,1009.0,28.79,1
26.89127975010713,88.61474098897057,180.0,0.0,0
22.530001,92.890999,702.0,31.95,1
27.55280396169993,92.20826123653504,4317.0,31.32,0
26.471889,94.454667,896.0,26.41,1
27.37075,88.679444,2632.0,32.27,1
27.2858578,93.798472,560.0,30.42,1
27.422639528651725,91.82331505885938,2501.0,45.08,0
25.415438,91.867487,1752.0,36.87,1
23.145214,93.287063,1460.0,36.78,1
23.803055,93.160164,471.0,21.52,1
23.020853459862728,92.58410229908642,86.0,4.73,0
26.117851013582555,91.00209566130904,41.0,5.16,0
27.07711695227384,95.44652134900656,256.0,6.54,0
25.359922,91.882943,1518.0,36.67,1
23.91276537118143,92.1885144956194,139.0,3.18,0
27.20675,92.537389,1228.0,33.62,1
28.09324037813404,94.86346366241344,605.0,17.83,0
28.694778,95.001887,524.0,21.9,1
27.439011611705865,88.40704205816154,3448.0,26.24,0
25.315176,91.923021,1031.0,34.69,1
23.848883944108813,92.4508365453802,399.0,38.9,0
23.467623,93.250867,889.0,22.24,1
24.80014366355576,94.00984369698138,833.0,12.02,0
28.133918136407804,95.67124222959832,195.0,1.93,0
27.166107,93.750907,207.0,32.49,1
25.326032,91.659568,1368.0,40.33,1
27.05727288139863,88.67509999686129,1784.0,31.37,0
25.152361,93.67325,1054.0,23.51,1
22.954469260789025,92.6504323184125,692.0,8.76,0
26.37445953557794,92.99105423229078,446.0,9.45,0
25.189109882382727,92.9187596221814,989.0,2.66,0
22.478001,92.966003,472.0,30.52,1
26.246642995487065,93.95025840876744,112.0,2.41,0
25.447664,94.041483,1411.0,43.77,1
24.57090296440924,92.53961292036902,78.0,3.49,0
25.437203,94.042989,1311.0,35.58,1
25.20167669401376,92.8544960044029,852.0,20.87,0
28.585103525378763,95.73765386621729,1742.0,24.5,0
27.311560974308552,91.92914477113436,3737.0,30.78,0
28.03105337438577,95.3936244972466,144.0,1.83,0
25.13342689318448,91.22197656544807,9.0,0.74,0
29.11130023142565,95.8158212571484,3014.0,42.16,0
25.704,94.118,1104.0,19.26,1
28.06711192666531,95.46589242482382,152.0,1.83,0
25.18871204235641,91.91955550673102,182.0,7.84,0
28.258251731328848,95.48484998843212,1570.0,41.74,0
28.227891,95.541082,505.0,20.01,1
24.87558230990354,92.57724320239592,14.0,6.08,0
22.24,93.1,1328.0,29.58,1
25.168806,93.742111,761.0,32.51,1
27.51706494410289,88.396749549662,2969.0,44.98,0
23.93162218253024,93.49138996258512,958.0,25.29,0
25.16715608314401,94.7240693009892,1746.0,23.19,0
25.023056,94.449306,1915.0,28.64,1
27.099083,92.626306,605.0,24.4,1
23.7827138602394,91.79179341129183,145.0,13.26,0
22.955112,92.836403,835.0,27.39,1
27.39385997908052,96.31223461151428,1077.0,10.32,0
23.473258,93.241869,913.0,28.43,1
23.477108,92.857281,1022.0,26.31,1
28.093066375337347,95.9163501712443,528.0,5.92,0
25.88726685186095,93.73581535686615,153.0,4.89,0
25.376992,91.038136,612.0,8.88,1
24.407017916121315,93.38806527893402,442.0,18.85,0
22.65,92.66,176.0,16.02,1
27.198400323576617,92.8398319052471,588.0,32.65,0
23.075896,93.315313,1101.0,39.0,1
22.525,92.865997,770.0,6.8,1
23.69984348223769,92.423969983045,532.0,10.77,0
28.123077904304512,94.31311840460778,1604.0,26.35,0
27.14871944,88.28128889,382.0,33.79,1
23.59638889,92.81583333,603.0,35.33,1
23.74372,92.72417,979.0,19.08,1
25.341567456202995,92.92653782585076,471.0,12.89,0
23.45769,93.041184,1286.0,21.2,1
25.779111,94.115583,1330.0,18.89,1
24.957833,94.162444,1099.0,26.76,1
27.229417,88.378444,2042.0,37.93,1
27.25102,88.460004,422.0,55.22,1
25.222589124408067,94.2679106725544,1224.0,12.86,0
27.040767033768315,88.53167029008188,704.0,23.27,0
25.561903,94.778178,1019.0,12.87,1
25.35908333,91.97433333,1189.0,33.43,1
26.229389,95.051694,1293.0,25.78,1
23.74916667,92.7375,1017.0,35.0,1
24.53,93.07,131.0,20.21,1
23.315273,92.856524,971.0,32.83,1
26.84325,95.080306,273.0,16.42,1
28.23395373546091,96.4175436737956,2747.0,54.04,0
26.87830646972098,95.27130469063074,1056.0,24.5,0
27.844596201221087,88.61537840798145,5701.0,12.29,0
24.1,93.95,1497.0,22.48,1
25.199722,93.016722,418.0,26.8,1
26.065862882596143,92.72841769606116,67.0,2.56,0
27.88364526955875,95.23033034864264,166.0,0.46,0
26.114866,94.63475,1179.0,21.64,1
23.573887425572764,92.39949242278148,265.0,38.18,0
25.147883,93.085354,804.0,25.97,1
25.596206101785143,91.08602091639524,966.0,11.21,0
23.50973461781512,92.52521352986392,208.0,31.29,0
25.468873692994947,94.4354862228236,1167.0,22.23,0
26.87383766570641,92.94324919578672,96.0,0.74,0
28.05168276121913,95.54107022883365,171.0,1.4,0
25.644688649598034,89.87984547406494,25.0,3.62,0
26.945132970083822,95.24589074862575,365.0,7.0,0
26.717936754813845,95.32699482931464,1135.0,23.57,0
27.380861,88.812361,3965.0,40.21,1
26.50402884458188,95.01297751852276,1824.0,28.72,0
24.45,92.78,52.0,14.11,1
26.791833842401665,94.19355998290382,86.0,1.8,0
24.2005,92.94105556,703.0,5.54,1
28.16425,94.792417,277.0,32.06,1
25.84512,93.56682,260.0,8.68,1
27.66407450673081,96.5479959442607,2734.0,18.06,0
23.445560962931523,93.51497425239766,1460.0,25.14,0
26.185140658961075,94.34644951856971,428.0,11.34,0
26.639472,95.075083,910.0,35.66,1
27.481382513230347,88.67630880404808,3026.0,36.36,0
23.134009,92.746247,795.0,22.02,1
24.15,93.55,642.0,26.45,1
24.24449722,93.55275833,1018.0,21.92,1
28.246948906883688,96.45086336663223,2445.0,14.63,0
25.576,94.351,1519.0,26.48,1
27.553583,88.577194,1873.0,47.07,1
26.039074635130948,92.57925770313489,79.0,2.22,0
25.752581288504263,90.87296068078368,554.0,12.13,0
23.35634329522786,92.57726985551406,482.0,3.98,0
24.33568012612387,93.42384288844671,1716.0,11.16,0
28.212211,95.801273,951.0,29.71,1
25.266788,93.190998,493.0,18.15,1
27.250556,88.53325,500.0,29.87,1
26.818167,95.072417,538.0,20.51,1
24.806278,94.377056,1491.0,29.46,1
23.440648,92.703726,603.0,26.67,1
26.63513979872478,93.0122706145253,69.0,3.24,0
24.907743569093537,92.17773510710082,15.0,1.92,0
23.32154259658541,92.54882289793004,574.0,15.96,0
27.081618034041124,88.61181053607751,1808.0,27.3,0
25.7345,94.777417,1600.0,35.99,1
26.86562933827525,94.73087324871956,99.0,2.75,0
24.93,92.84,51.0,5.68,1
25.20852406055041,94.19924564346002,1044.0,23.48,0
24.84128863107983,92.46400136408522,16.0,2.1,0
27.496754049773216,96.23941108764453,319.0,27.05,0
25.241431788283272,94.44703299802626,1551.0,18.55,0
25.8314561539306,92.30314530376246,841.0,17.59,0
23.61277778,92.80083333,424.0,16.33,1
24.4712836528494,92.96138488564432,160.0,34.59,0
23.72521461430267,91.28285337700068,18.0,1.39,0
24.04303741799428,92.43911186551053,100.0,5.46,0
27.24854432505173,93.9366571381268,128.0,1.74,0
28.175556,95.221861,324.0,46.08,1
27.75124120463601,93.69878556431928,1007.0,19.41,0
22.25,92.63,178.0,19.13,1
25.416889741656043,94.84904383271576,1190.0,14.18,0
28.106823905340747,94.91882579868272,1252.0,27.39,0
23.613347744665017,93.6243646966996,666.0,39.71,0
27.725270930074352,94.3280504356841,234.0,15.4,0
25.00390420746409,91.82254719409212,14.0,0.74,0
23.411071788832167,92.40049317432783,157.0,16.06,0
23.56238611,93.12376667,762.0,23.44,1
25.60597909476201,95.05446289590748,2102.0,32.31,0
24.314206,92.225824,87.0,7.91,1
23.163158,93.280821,1512.0,30.39,1
27.153444,88.095639,2280.0,29.03,1
26.921038462312588,95.20103445487692,585.0,21.78,0
25.61,90.31,671.0,5.17,1
22.233668022334523,92.76559526073012,153.0,10.77,0
26.83567901730349,95.17237053867817,871.0,31.72,0
25.927972,91.877194,591.0,12.56,1
28.788247900088017,96.0506570720012,3962.0,25.51,0
23.67705840522226,93.41381418148347,1082.0,17.03,0
27.383806,88.633083,1751.0,11.86,1
27.19430870598885,93.3592298008972,1355.0,27.9,0
24.387045113460108,92.37136958927236,85.0,19.93,0
24.039744,92.780045,877.0,39.97,1
23.666361,92.975972,1175.0,24.47,1
27.93895384799411,96.66454866740322,1556.0,38.23,0
27.582929239569253,88.40704437939478,1682.0,65.97,0
26.37175,95.000806,1379.0,37.74,1
24.860889,93.463222,1276.0,22.29,1
25.142,93.04,669.0,10.33,1
24.831719,93.514025,422.0,23.78,1
23.57472222,92.85277778,1072.0,36.29,1
24.477533204155616,93.51870521872505,1015.0,28.2,0
22.792834515625472,93.15612633529364,924.0,23.66,0
26.05307273865205,95.14589838242112,2321.0,23.4,0
23.32201,92.85822,1038.0,18.72,1
28.51461177980845,94.42814443438604,1181.0,37.73,0
28.96842836095902,95.71458865381304,2784.0,29.87,0
25.149433240557155,94.19834102089176,1065.0,25.52,0
25.639977971233787,90.97620634341298,796.0,7.63,0
22.443315179711004,92.81082871059009,202.0,25.51,0
25.214151627011248,92.69412910642266,1170.0,12.15,0
24.322772849831374,92.38256175743962,66.0,5.67,0
25.694,94.103,1341.0,13.16,1
25.54379889862448,94.45283203439408,821.0,34.89,0
23.554599345399016,92.4164397907079,564.0,12.09,0
25.871453,94.450788,1633.0,31.16,1
23.70027778,92.71611111,1031.0,22.75,1
22.490999,92.984001,1124.0,28.5,1
24.777153505271887,93.98831176002508,781.0,3.36,0
26.110944,91.887917,141.0,4.03,1
27.212583,88.399333,2019.0,37.72,1
26.389722,94.920556,800.0,27.24,1
25.382428,91.874568,1514.0,31.12,1
27.00918603566228,93.67929229403065,136.0,0.52,0
23.72276944,92.70665,961.0,39.25,1
27.4987188527164,93.96414003099495,2762.0,30.12,0
23.98,93.99,1364.0,31.14,1
25.156389,93.018389,614.0,18.17,1
25.94885356802618,93.87148790190956,145.0,0.46,0
26.757479405335047,92.87237921880796,73.0,0.52,0
22.427999,92.947998,270.0,22.24,1
27.453197,96.444944,592.0,41.57,1
25.47116612023495,94.29682767694482,2015.0,14.81,0
26.545,94.941389,1221.0,35.36,1
25.624,94.348,1786.0,30.08,1
25.502720422906755,94.79989786247336,2399.0,33.36,0
25.16094677842437,91.92991510840989,14.0,1.06,0
27.64993374325985,96.29541893562372,382.0,3.76,0
23.47388889,92.70972222,1009.0,24.37,1
25.41051342950264,94.86282676747967,1546.0,8.87,0
26.429361,94.623,1310.0,16.88,1
26.104220493781792,91.32540575529929,42.0,1.19,0
23.72138889,92.85777778,792.0,34.17,1
27.467849,96.409616,534.0,19.36,1
23.463222,93.015694,1484.0,17.56,1
27.988124950190265,95.45500338156232,136.0,1.48,0
23.66055556,92.67277778,1017.0,16.59,1
24.868302162984804,93.13884964333089,36.0,2.82,0
24.85799888519866,93.30461523104611,1021.0,17.12,0
25.168486652972387,92.85248689316872,1006.0,7.18,0
25.483694,94.530194,1003.0,31.22,1
25.602683,91.180708,1060.0,22.11,1
26.6575,95.012028,875.0,22.04,1
25.528366245458,92.17086547260736,1319.0,3.85,0
26.09961111,91.87811111,86.0,8.34,1
25.609085,93.90642,1620.0,21.56,1
25.042677419382144,90.969769461952,7.0,0.74,0
23.974733649435308,92.07433216794296,124.0,13.55,0
25.545380696895585,93.6048026224941,612.0,13.59,0
22.56497462457912,92.41623420667251,125.0,5.3,0
26.304881498903704,95.18588823553904,978.0,30.19,0
27.18936586189448,88.83166207400787,1549.0,29.08,0
25.2185,93.01311111,494.0,32.14,1
26.97311870036353,88.40190668200509,865.0,43.57,0
27.121611,88.145528,1127.0,32.84,1
25.97967027282156,91.66183721997912,458.0,16.06,0
26.311559853552776,91.67207522402316,54.0,3.55,0
24.636937507811485,93.07897877761546,54.0,3.11,0
25.278917,93.253194,880.0,27.9,1
25.40547,91.53712,1461.0,16.66,1
23.80418634119087,91.75144214688528,81.0,14.58,0
25.305659177646675,94.6641141580923,1428.0,41.78,0
27.43558692596081,92.76514900510574,1097.0,31.44,0
25.07325846589546,91.03295096967145,7.0,2.37,0
25.844694,94.195833,1345.0,14.43,1
28.237425,95.897823,2363.0,48.34,1
28.11999471210768,95.74787154585184,201.0,4.22,0
27.182278,92.599889,1667.0,34.35,1
25.464759497942133,91.92032193612184,1833.0,0.93,0
25.549502360970543,90.9638623981612,802.0,6.14,0
27.395444,88.623583,1618.0,27.56,1
24.66895556,93.33700556,832.0,31.15,1
25.79300105047016,93.17808378795958,336.0,14.23,0
23.05895487712801,92.6199514556623,573.0,39.1,0
24.830202,94.357821,1666.0,31.73,1
23.817333,92.661222,133.0,24.55,1
27.115204132671646,93.22953969267505,1526.0,31.9,0
23.83888889,92.83194444,262.0,24.44,1
24.637769,93.612292,790.0,34.24,1
23.839508969920107,93.9204879169318,1386.0,14.15,0
28.02336938161683,93.54192811743448,960.0,42.48,0
25.1655,93.02556,516.0,12.99,1
28.392080692333003,95.60866019867277,1247.0,25.44,0
23.58591667,92.71777778,960.0,19.4,1
25.639417,91.044806,926.0,11.36,1
27.178567,92.583154,1453.0,50.36,1
25.478045575014583,94.332738580934,2050.0,32.45,0
25.439372,93.354197,397.0,12.92,1
25.421333,93.370361,391.0,3.9,1
25.71001187631329,91.39647247449196,987.0,20.46,0
23.77792736012488,91.96647598902922,244.0,24.81,0
23.010895,92.924156,757.0,18.01,1
26.02285192052981,94.70700966023236,2389.0,23.43,0
23.76002304320248,92.91817093562034,516.0,7.58,0
23.45083333,92.67944444,854.0,31.53,1
25.428828399568232,93.82894331415233,812.0,26.37,0
27.66296306426113,94.02385842165936,1935.0,24.52,0
23.307833,93.311672,1543.0,15.21,1
24.614883,93.696186,1455.0,32.5,1
25.668,94.051,1394.0,49.82,1
23.65583333,92.86111111,975.0,28.38,1
24.144002933214395,93.6409179072797,934.0,11.76,0
24.17072222,91.76697222,79.0,9.01,1
26.1895,91.787167,70.0,11.67,1
25.35553043601264,94.71166753571704,1217.0,15.01,0
23.635,92.72361111,837.0,34.97,1
24.815617,93.686672,601.0,22.15,1
23.57888889,92.7125,888.0,28.49,1
23.548173,93.131588,835.0,38.96,1
23.83725771958217,94.122941485116,214.0,3.47,0
24.67491587958656,94.54165472029182,275.0,4.88,0
26.706194,95.110333,1017.0,14.31,1
22.48117670989573,93.3154567693875,1959.0,26.03,0
27.611333,88.655222,1673.0,40.27,1
26.183084897636693,94.0181648519821,134.0,2.45,0
22.79241281069207,92.4152609851574,99.0,11.18,0
23.908269286686807,93.66812586140824,940.0,32.88,0
23.09758333,93.21623333,878.0,29.02,1
23.61611111,92.79777778,397.0,23.58,1
23.90754546309225,92.55241671658747,642.0,29.81,0
25.265743,93.21778,619.0,21.16,1
24.890964698920268,93.17617055958368,72.0,3.11,0
27.045393865958182,92.50575595045072,1403.0,24.94,0
26.64712349097792,95.6011547280606,672.0,38.66,0
23.74,92.71416667,986.0,40.14,1
23.722111,92.681472,684.0,32.17,1
25.49489588383837,93.1852071413845,206.0,22.24,0
26.824278,95.077,398.0,25.89,1
25.576671,93.815779,1612.0,34.76,1
23.81178395012165,92.44414785757763,270.0,18.45,0
27.32320833,88.60986944,1564.0,47.29,1
23.145231,92.687721,882.0,16.26,1
27.42450101904824,91.96125047944706,3181.0,13.54,0
28.216135755278582,95.369920948427,990.0,33.53,0
28.497917,95.191639,879.0,15.93,1
25.13156459786285,91.35928649220442,13.0,1.79,0
27.442865861439685,88.41237872810729,3463.0,37.27,0
22.54,92.69,411.0,17.14,1
25.919689,94.839167,624.0,38.5,1
25.31848,91.45262,1393.0,23.72,1
25.7973578334512,91.96705832767134,926.0,14.36,0
27.79618004688601,88.58142712565429,4350.0,32.9,0
26.4765751522092,95.18403446855548,1816.0,14.96,0
25.073228,92.814734,255.0,20.89,1
25.182417,94.523556,1363.0,30.21,1
26.19642685030586,92.37848367048608,56.0,3.7,0
25.368418865514457,94.90649599920069,840.0,44.88,0
26.879765798311844,93.62218864168204,79.0,1.81,0
24.07648198674708,92.72856408756856,165.0,26.64,0
24.76863061650321,94.27370230375816,833.0,17.48,0
25.229167,92.2235,468.0,24.2,1
26.95127793695531,95.1970236637134,381.0,7.77,0
28.37452848343176,95.41170702221326,1766.0,42.87,0
28.24955964752728,95.3456092546339,1856.0,29.57,0
28.28778,96.57928,1696.0,48.53,1
27.48247480095824,95.09055396380214,114.0,0.74,0
28.48860950534308,95.28139674322368,1193.0,21.48,0
27.04885413829024,93.74960374109304,146.0,4.93,0
24.078041,92.914114,777.0,23.74,1
23.208823,92.53749,726.0,12.64,1
24.94756,92.73097,61.0,22.27,1
27.246194,88.625694,1452.0,26.39,1
24.75865588614919,92.5977937007953,26.0,1.06,0
25.16804,93.02503,485.0,21.7,1
25.94962256540549,92.79819971415652,71.0,0.81,0
23.313871,92.792739,596.0,16.48,1
24.36,92.82,327.0,23.08,1
27.85500121941927,88.61601638333173,5135.0,42.28,0
24.130093163306785,92.73176533452208,186.0,10.06,0
28.3322240687968,95.064371178083,509.0,15.91,0
27.491699008173786,92.21944400005856,2275.0,37.8,0
28.609361,95.088583,1205.0,20.76,1
23.462917,93.04575,1242.0,14.16,1
26.89899521538885,92.61399846449974,110.0,0.93,0
24.948236938876995,93.87215505995296,836.0,1.38,0
28.38091042560734,95.40693988767592,1290.0,44.62,0
28.39731156430464,95.32875673333405,1837.0,37.25,0
22.197445827291173,93.21806858322326,1357.0,18.72,0
25.818124851110788,94.6507443555828,1151.0,25.06,0
26.5585,95.097417,1425.0,29.33,1
25.48389196721469,91.99458118888538,1352.0,23.19,0
27.594833,91.866417,2975.0,6.61,1
24.12529162342145,92.74421797129908,208.0,17.76,0
25.616,94.484,901.0,34.77,1
23.641988418396203,93.48124977318324,1394.0,15.51,0
24.89435463234373,94.70189119470932,723.0,35.8,0
25.376966308050743,94.94374974224262,1516.0,15.2,0
25.447775326448216,94.22052449804592,1254.0,20.26,0
24.858383936705764,93.31074237684707,1150.0,20.08,0
22.995411799028847,92.39424107887446,49.0,1.18,0
27.462074766656915,92.74659338828276,2129.0,17.08,0
27.44298357328484,93.64330905614489,1106.0,11.66,0
25.949469676041144,95.12773959265716,1965.0,14.35,0
24.85,93.497583,257.0,13.3,1
23.418808,93.163009,1077.0,10.52,1
26.372667,94.71375,1306.0,10.49,1
25.54364525245585,93.04240914896586,181.0,18.77,0
25.21,93.25,1210.0,21.42,1
25.600306,94.613222,1264.0,22.72,1
27.2275,88.220278,1774.0,35.13,1
24.11,93.52,823.0,30.39,1
25.36958608169361,90.48304053278343,433.0,14.67,0
26.438861047037395,94.24097514360297,210.0,3.43,0
25.862222,94.450333,1667.0,39.76,1
24.01,93.96,1639.0,23.81,1
25.159333,93.017,685.0,6.2,1
23.087177,92.853889,712.0,21.2,1
27.119935443428865,88.72927826990953,2712.0,8.04,0
26.526817,94.675462,698.0,27.71,1
22.68,92.56,513.0,66.41,1
26.415417,95.053667,1627.0,34.65,1
28.145847,95.273686,324.0,48.07,1
24.16119235431188,93.80313278727644,944.0,16.09,0
25.13138032253342,92.48169602033964,262.0,9.23,0
26.880405698562125,95.77526747747376,1151.0,30.88,0
27.10475155567143,88.77247793778818,2452.0,19.15,0
23.10357,92.748737,724.0,26.55,1
23.046939,92.772748,1026.0,15.47,1
26.00294,91.86692,405.0,8.92,1
23.180354,92.486971,744.0,9.04,1
25.26709412857794,92.95422192971088,598.0,18.71,0
25.022553113967923,92.15272327258448,14.0,3.15,0
23.667083601260288,91.7972148283791,127.0,2.56,0
27.369306,88.691583,2802.0,35.15,1
25.119591379693468,90.36556017375696,14.0,3.02,0
24.85534,93.62409,379.0,25.82,1
24.986861,93.506028,1244.0,21.96,1
26.481269512734663,95.1057558979102,1547.0,26.38,0
25.30540809412561,92.90159619393484,392.0,30.46,0
25.09423218468622,94.17929884674024,1155.0,35.74,0
28.354759043658763,95.5719188381002,1391.0,35.3,0
23.567768727406992,93.47104666144806,1243.0,19.66,0
24.24,94.08,837.0,8.37,1
27.652861,88.607,1953.0,42.25,1
25.649,94.121,1231.0,23.39,1
26.980541384846955,92.44901551895308,426.0,24.8,0
23.113066,92.891212,677.0,17.3,1
27.81301214197084,88.607802012975,4421.0,25.42,0
25.068454593701663,93.70079028949712,1446.0,33.05,0
24.938806,94.549278,1526.0,37.92,1
23.70638889,92.72055556,875.0,35.97,1
27.375833,88.726722,3335.0,29.11,1
22.8358681863357,93.1039745903902,594.0,32.86,0
26.060543254229,91.59255834906244,51.0,1.46,0
24.246228,94.070389,1312.0,33.92,1
25.770917,94.357322,1449.0,32.54,1
26.367056,94.472861,942.0,16.36,1
25.073731,92.370786,103.0,29.45,1
27.17232985520708,96.4161400909764,1298.0,14.87,0
27.05507885663633,93.7892627392698,106.0,1.74,0
28.401928941238285,95.39281240170466,921.0,8.01,0
26.9490666139371,88.6927736138244,305.0,3.74,0
28.512056,95.1805,828.0,23.13,1
26.95253570366391,88.161736906884,1533.0,24.56,0
27.68200169059744,93.74583716280549,1640.0,25.85,0
27.893389,94.842194,702.0,12.08,1
25.8828661548844,91.81490262374626,370.0,5.66,0
27.40780115846725,93.90786381242349,1222.0,28.1,0
27.330778,88.49225,873.0,27.19,1
27.298972,96.046398,217.0,17.53,1
23.34161973368092,92.46035654683998,139.0,3.1,0
27.200108629209648,92.02474284079408,2145.0,35.28,0
25.552544,93.732253,1262.0,21.77,1
22.255302529143624,92.53006120735024,576.0,37.46,0
28.31211,96.61719,1593.0,49.32,1
27.047848,95.729657,1082.0,38.49,1
27.592667,91.866222,2944.0,10.68,1
27.994849719020824,93.54911573131513,516.0,11.28,0
24.233808,92.978777,587.0,17.11,1
23.474194,93.229667,1024.0,19.21,1
25.952871807779967,91.4504346110997,53.0,0.35,0
27.33972222,88.62055556,1861.0,27.45,1
23.467987169492105,92.51950340893872,786.0,14.82,0
24.94791532558613,94.28288008926242,979.0,22.98,0
23.554749599721013,93.45760201079464,980.0,12.98,0
27.79665891797109,94.48387532430692,684.0,42.7,0
23.188799,92.55249,595.0,9.91,1
26.9174,92.77163,110.0,5.38,1
26.08945,94.264217,1473.0,15.62,1
24.549852411399428,92.25202059238345,36.0,4.15,0
25.23922542668864,94.1730228120036,1959.0,12.31,0
26.06074400492253,92.35602642242728,265.0,15.47,0
25.476047,94.146074,1599.0,20.08,1
25.282017193901712,94.63095026250416,1522.0,24.33,0
22.42203046279334,93.32074201269477,1992.0,34.83,0
25.59375879660838,91.98682208305672,1332.0,4.32,0
22.8097821512032,92.33739327860552,273.0,30.87,0
25.47696209607876,93.26510627866028,291.0,8.34,0
28.213846729884303,96.13344113823618,2602.0,43.53,0
25.31439541426976,90.8155755812336,583.0,10.87,0
24.66386762942172,93.40152380278992,455.0,6.12,0
25.53725,91.206972,1333.0,20.06,1
23.05805556,92.67583333,706.0,4.52,1
23.673858932626853,92.42630050410408,571.0,19.21,0
27.371494571405044,95.7586746988228,148.0,3.2,0
25.208313,91.606889,656.0,24.08,1
27.03295216991664,93.7869512403662,104.0,0.52,0
24.818713,94.355182,1610.0,26.47,1
26.824968844775825,95.25232738672366,879.0,21.8,0
26.9294514045595,88.32922279264778,1887.0,24.39,0
23.136654,93.314856,1606.0,34.9,1
27.433056,92.123583,2362.0,32.92,1
23.803364,93.159164,419.0,25.72,1
26.973693849889862,88.5277170177723,1316.0,20.97,0
24.12,94.05,1303.0,14.36,1
23.44489349207896,91.8528350314038,102.0,6.14,0
22.813087573761745,93.1611411136016,1047.0,33.89,0
25.6055,94.800833,1123.0,29.83,1
25.098809239513013,91.56216265584932,13.0,1.72,0
28.00223533909116,94.7139441858555,689.0,5.8,0
27.294886,93.803328,646.0,42.88,1
26.3336131637358,91.6519526592838,57.0,1.73,0
27.077807323786104,95.88314280450302,740.0,35.48,0
26.749444,94.999444,663.0,6.05,1
23.333984,92.781878,712.0,29.75,1
27.125528,88.384556,1330.0,19.94,1
24.33,93.53,1361.0,13.29,1
26.17700407577708,92.09666531019032,61.0,1.39,0
25.981861981876623,94.90641695629144,1620.0,8.09,0
22.35715591894329,92.42876615724894,95.0,10.82,0
23.206,93.329028,1660.0,34.66,1
28.723166,94.959687,360.0,47.46,1
26.36563435927884,95.1836448299324,1599.0,27.79,0
27.463923950827223,88.73722449798665,4013.0,22.94,0
23.226843,92.740266,757.0,17.38,1
27.01878918386225,88.75520227848138,641.0,25.06,0
26.74511674869322,95.1677719235188,747.0,20.59,0
23.33645039627861,92.54324506698734,571.0,38.4,0
25.764694278787672,91.7267411468234,755.0,11.28,0
27.195307615249423,88.80149441770585,2455.0,41.04,0
28.78066778111597,96.13521572899243,3882.0,14.22,0
23.222778,92.92778,436.0,22.81,1
24.317619,94.003678,1082.0,30.07,1
26.07530430152336,93.03930352973012,86.0,3.51,0
25.04664683694918,93.93380969079284,1042.0,25.45,0
27.714918343373903,93.57827798882262,1471.0,18.52,0
23.58638889,92.71583333,919.0,23.07,1
25.54261,92.09842,1318.0,10.26,1
28.145306,95.239167,591.0,37.24,1
25.161361,93.732333,728.0,26.46,1
24.805138,93.23716,190.0,32.84,1
28.4597081466651,94.98588694519265,2183.0,48.59,0
27.365056,88.655167,2337.0,37.79,1
27.224476336017386,88.91593626810224,2382.0,21.8,0
23.905027,93.185776,1003.0,27.98,1
27.288808760669298,93.2221504242236,2046.0,20.83,0
23.67882052519111,93.4085554327648,1088.0,13.08,0
25.299931,91.726268,1524.0,27.68,1
25.940872,94.586361,1799.0,25.27,1
26.97332815332677,95.20818177919962,303.0,22.02,0
26.015488,94.535665,1639.0,34.28,1
24.225579,92.805884,609.0,25.18,1
23.842167,93.373917,831.0,24.58,1
27.35862247372462,93.87293049848576,859.0,25.68,0
25.02901414922125,92.66620287804736,196.0,3.24,0
28.10913102550852,94.49796719992172,964.0,29.38,0
26.213111,94.208917,605.0,30.17,1
26.070806,94.408028,909.0,11.89,1
28.09311,96.53622,587.0,29.29,1
28.4915,95.202944,950.0,34.61,1
25.322897,91.927752,1080.0,35.34,1
22.943753905553628,92.6419700050952,160.0,25.59,0
24.06540205578468,94.2733081764267,158.0,4.28,0
25.606193,91.856276,1193.0,31.02,1
25.04881300696169,93.21219678832904,372.0,16.8,0
27.0109595490404,88.41961045480296,977.0,20.6,0
25.652121996957938,92.34907739668684,988.0,24.47,0
28.00436867002046,95.41870482837145,147.0,1.15,0
27.33369599122245,95.8642133341602,158.0,2.83,0
23.809559706535406,93.71835629020217,772.0,21.21,0
27.27075,88.167417,1366.0,30.71,1
25.28724501481612,92.45483401397082,876.0,13.64,0
24.87667081065286,92.45198850420437,20.0,1.19,0
28.19885677608313,96.62901080526385,2684.0,39.74,0
25.119166980329258,92.07911297371206,15.0,1.92,0
24.615955764317693,93.77727790270674,782.0,1.38,0
24.3309,93.66054444,1049.0,8.06,1
27.07869294964592,88.78309705034287,1929.0,60.71,0
26.39000054441503,93.58973894509786,362.0,16.3,0
26.997579758777967,95.910041837193,1078.0,24.89,0
22.899078,92.721306,763.0,26.08,1
22.1912649515557,92.43651436419393,199.0,17.79,0
28.057911635172506,95.3668477211301,169.0,5.9,0
25.794837523811147,91.73808653140564,668.0,16.27,0
23.0170115800314,92.50760424996844,104.0,15.43,0
24.26335280670132,92.42083062461944,170.0,13.43,0
25.967,92.51617,221.0,24.26,1
28.093628745686544,95.91230024371778,504.0,11.35,0
26.91710241195235,93.64271929487464,83.0,1.4,0
28.748358590523644,95.062899773569,2251.0,48.74,0
24.776028,93.457083,541.0,32.86,1
23.75193772081528,91.47269325360588,65.0,5.1,0
24.153386028647446,92.744543586618,191.0,17.24,0
23.82166667,92.83055556,438.0,26.24,1
25.00116349646807,92.15629722279226,12.0,1.03,0
23.852722,92.743306,1255.0,20.78,1
22.434999,92.945999,346.0,19.52,1
23.43814209342284,93.52945693960206,1180.0,22.63,0
25.140735397961706,92.78576323638552,1098.0,29.32,0
25.22385711247019,93.47064531979846,1260.0,13.16,0
25.01813308262828,92.34359526534386,17.0,2.24,0
25.545642,91.325403,1507.0,17.66,1
27.886918669918213,94.25937113503213,940.0,28.97,0
24.36,92.83,389.0,4.66,1
27.25677,88.55359,698.0,37.65,1
25.266142,93.197997,552.0,27.92,1
25.22016856525857,94.20255800623828,1037.0,23.45,0
23.872055,93.094276,608.0,22.97,1
24.36,93.65,1167.0,22.29,1
25.061755652185976,92.5678710923783,211.0,25.27,0
26.68947559269154,94.93257200616851,716.0,30.89,0
25.534101329399824,93.0385876507886,170.0,9.76,0
27.226556,88.308861,658.0,43.64,1
23.4275,92.71416667,930.0,34.32,1
27.53140043706112,93.04708779397946,1436.0,46.98,0
24.43694478833362,92.98801011541153,371.0,13.37,0
24.691389,94.255917,1485.0,27.36,1
26.91061803671772,92.85539497450785,85.0,1.47,0
25.035058918215373,92.8888078927752,398.0,24.26,0
24.50772222,92.76961111,213.0,26.83,1
27.838620425420693,94.5174663269968,1138.0,42.26,0
26.298499961909613,91.50068935639446,50.0,0.35,0
25.67585571987474,91.33082099109863,1309.0,19.2,0
23.466951,93.311834,1359.0,16.14,1
25.30369930770783,93.88212872184508,1883.0,30.45,0
23.74194444,92.71027778,784.0,17.55,1
26.259083,95.085972,1038.0,25.01,1
23.498802,92.8546,894.0,32.28,1
23.40555,93.360549,1255.0,32.8,1
26.22755191940789,93.92678861928827,116.0,5.18,0
22.34,92.74,179.0,18.44,1
27.240861,88.486278,424.0,35.9,1
27.690698470575143,94.27112857046956,558.0,32.3,0
28.16552565801728,95.67006108956996,207.0,1.58,0
27.4795,88.528472,884.0,28.39,1
26.886635277268525,95.27813047208824,617.0,22.13,0
25.323080573058345,90.79970802913206,336.0,12.18,0
24.8917439443824,93.92925377276636,793.0,1.39,0
25.04418543223539,93.75110349485526,1399.0,21.76,0
28.261514864995988,95.48054483210107,1503.0,35.78,0
25.546,94.27,1643.0,29.95,1
25.045111,92.4215,176.0,33.42,1
23.005594,92.703522,682.0,37.82,1
26.726667,95.027278,678.0,12.1,1
25.22014607862781,94.44613101463972,1745.0,25.14,0
25.236729308333874,93.7278077003464,1078.0,14.62,0
23.71805556,92.86638889,821.0,51.82,1
25.668417,94.543194,665.0,29.18,1
25.974098695497936,95.09169134134832,2657.0,40.46,0
24.699641037997864,92.98691079673308,29.0,1.72,0
28.223864696549683,96.61848955601884,2555.0,30.12,0
28.01785049762644,95.82800255669912,173.0,3.48,0
26.92194598902499,95.03137345584896,139.0,8.16,0
25.8816564,94.1902346,1399.0,27.22,1
24.07814,92.790905,936.0,27.63,1
25.224506,91.704403,515.0,22.87,1
27.19406505178308,92.25015530131232,2301.0,37.32,0
24.26,92.69,353.0,29.77,1
26.035278,92.470861,271.0,21.23,1
25.28925,94.526861,1141.0,35.07,1
24.53,92.63,33.0,4.17,1
25.23660048084734,93.57256069090224,1174.0,30.42,0
22.724300553718383,92.7568823137684,331.0,32.95,0
22.866131,92.772713,1098.0,22.27,1
25.24194444,93.14319444,624.0,23.24,1
22.69,92.72,481.0,7.92,1
23.750722,92.744,893.0,28.93,1
27.22628095940404,95.81421631369324,536.0,26.73,0
22.68373985439669,92.78970158133332,332.0,27.41,0
22.848185,92.886963,612.0,37.37,1
25.86580363480791,95.1583450663538,1599.0,27.25,0
22.846123,92.796333,1211.0,20.26,1
25.11894911666496,92.4570792306944,887.0,15.75,0
26.016333,94.254306,1246.0,32.6,1
25.163444,93.023167,557.0,19.53,1
25.1775,93.02622222,484.0,16.29,1
25.706437347193024,92.88169248495848,98.0,2.59,0
25.14869180955967,91.20132942348556,7.0,2.12,0
27.83791529293101,93.22620315090062,2228.0,39.07,0
27.317532625315863,96.6455122882452,2175.0,21.92,0
23.546,92.574556,953.0,19.68,1
25.646,94.378,1453.0,19.08,1
25.037682427513527,93.38573199887492,271.0,13.5,0
25.40975,93.475944,690.0,26.25,1
22.873812,92.902039,677.0,25.39,1
26.723072195582507,94.48158540443936,116.0,2.94,0
23.71873,92.72298,967.0,26.45,1
22.21,93.12,1057.0,54.2,1
25.288467,91.224269,687.0,25.0,1
23.2981490139884,92.50008707980888,381.0,33.15,0
24.037574,92.922489,908.0,25.19,1
27.273861,88.398722,960.0,38.56,1
28.243461,95.894049,2377.0,45.89,1
25.070872896342188,92.66669361419294,206.0,10.99,0
25.876536073172804,91.71346793232011,446.0,16.53,0
25.325408,93.037147,460.0,16.66,1
23.683417,92.601222,1097.0,28.31,1
27.165,88.444444,1380.0,32.31,1
24.96383296085988,93.40285490864667,432.0,27.54,0
22.32,92.73,134.0,6.99,1
27.401040542467346,93.78565065833428,940.0,13.13,0
24.117825566654428,93.74815110516651,872.0,17.9,0
27.348185201661845,93.93166883713415,385.0,15.86,0
25.417778,94.077222,1528.0,42.84,1
26.326389,94.858056,922.0,24.92,1
28.11142,96.54528,1030.0,56.25,1
28.097043,95.274751,360.0,30.25,1
23.693,92.054472,253.0,20.9,1
28.297476,95.791016,632.0,29.54,1
25.09980316667877,90.95520468627907,10.0,2.9,0
26.152278,94.241056,948.0,33.67,1
23.66694444,92.72194444,978.0,43.25,1
26.42,94.38,646.0,26.55,1
26.327522876292782,94.77881423801072,1160.0,10.88,0
23.468389,93.27075,984.0,19.33,1
23.62025012345266,92.51932286996932,121.0,20.49,0
23.168705,93.108017,1216.0,24.04,1
25.448191811283124,91.96740512917572,1663.0,2.14,0
26.336650199023875,94.05693653370302,112.0,4.85,0
25.393914,91.872066,1588.0,26.75,1
23.683824,92.963188,1120.0,11.14,1
27.482583,88.52875,916.0,36.96,1
28.088588403814395,95.71841896607434,183.0,2.37,0
24.18291667,93.53441944,785.0,27.83,1
24.618623835108234,91.95075504525089,31.0,2.75,0
23.86472222,92.88194444,945.0,33.28,1
23.279612,92.869602,988.0,31.81,1
25.826931397266524,90.6021038332496,94.0,9.77,0
24.16221692610461,91.90788586848872,178.0,13.96,0
23.971408175978173,93.48105751187634,1145.0,39.05,0
24.797,94.409028,1291.0,32.23,1
27.086667,92.585278,299.0,35.84,1
26.090056,94.256167,1312.0,22.82,1
27.479713312704995,88.68242564993733,3392.0,19.96,0
26.04578582296656,94.71792662027596,1681.0,28.13,0
26.25332936145324,93.45131085076032,793.0,14.29,0
25.631,93.999,2083.0,40.2,1
23.353485,92.780193,884.0,47.89,1
22.97952293465488,92.6007183739874,121.0,4.21,0
25.01910743496571,92.89723411170156,369.0,25.4,0
27.614536119580208,94.14634117714066,1777.0,34.35,0
23.87694444,92.84,362.0,32.81,1
25.095611,94.384778,1714.0,20.96,1
27.643326692170128,94.1297152621888,1061.0,31.26,0
27.57686600068256,93.50988774742616,2045.0,23.12,0
23.720833,92.978,905.0,20.39,1
25.11219354745737,92.54316815544796,892.0,30.65,0
22.868416741351588,93.38667272022074,995.0,26.79,0
24.808639,93.735722,1205.0,26.02,1
25.888852569895946,93.8151153373248,153.0,5.46,0
27.694790128230352,93.15505022411672,1373.0,28.82,0
23.595779719654647,91.90526660949612,115.0,7.06,0
25.840167,94.115194,1133.0,20.69,1
22.963112,92.835556,833.0,29.83,1
23.811938,92.570804,625.0,19.02,1
25.750922,94.178869,730.0,26.69,1
26.13959553860556,92.51469114496231,63.0,1.8,0
23.660361,93.285548,1405.0,30.98,1
24.7071508731688,94.08044751537686,846.0,14.62,0
23.819269,92.826983,445.0,31.24,1
23.015005,92.765065,959.0,25.64,1
23.76944444,92.73583333,1255.0,35.29,1
25.16841136134888,92.82903848979946,1127.0,2.81,0
24.46301568411674,92.62000092163773,62.0,5.91,0
25.737289,94.787844,1238.0,18.68,1
23.123517,92.739803,811.0,13.93,1
25.77,93.82,267.0,19.9,1
25.702807691256755,93.24438074180796,239.0,14.17,0
25.36333514146571,93.67787513927205,517.0,27.21,0
22.77592988083198,92.91119403354966,413.0,25.15,0
28.836083,95.963806,1451.0,20.74,1
23.792443377986107,92.43648782476949,304.0,22.34,0
26.97013,92.63363,140.0,13.23,1
25.619861,91.875111,1233.0,29.41,1
23.463981,92.736875,1246.0,43.88,1
25.69007,91.67085,888.0,6.59,1
24.070611,92.290944,276.0,20.21,1
23.715797213896234,91.91206900437196,159.0,8.29,0
25.67517222,91.8983,1015.0,17.09,1
28.451543769308508,95.4132713346712,2766.0,43.4,0
27.36884243300604,93.37148691135651,2892.0,2.79,0
27.258306,88.245306,1142.0,31.61,1
27.13864270289688,95.58633611442458,888.0,16.42,0
26.93884264780609,93.72310188446129,85.0,1.47,0
24.978611,93.528278,1215.0,12.51,1
25.13726105311548,93.5603010216392,1177.0,35.97,0
25.50286958999528,94.06228688676389,1991.0,21.57,0
23.732867,92.825842,526.0,29.21,1
25.43946176761769,94.8549919936836,1863.0,12.57,0
27.170833,88.086361,2364.0,17.63,1
25.17859775956697,90.91351126275732,257.0,11.39,0
25.07592376139379,91.95068087369076,12.0,1.19,0
27.873663342008992,93.56717742771812,1953.0,15.65,0
22.91,92.46,61.0,11.42,1
25.0308183163848,93.3267477469314,378.0,15.32,0
25.15,93.37,975.0,35.04,1
24.87598160277621,92.28688419250788,21.0,3.1,0
25.033316258168966,93.38314760788208,242.0,20.66,0
25.941525,94.652408,2005.0,35.26,1
23.35390839722282,92.32307250562236,137.0,18.02,0
25.700668,91.596815,1345.0,15.21,1
23.307093,92.856289,981.0,19.59,1
25.362583,93.257722,389.0,15.08,1
26.49051957239221,94.94033351308306,1026.0,16.78,0
28.58956297274972,96.04217052479252,2315.0,34.18,0
28.021587267980912,96.02600111486969,296.0,2.78,0
23.70555556,92.84805556,577.0,32.21,1
27.417972,88.623361,1396.0,33.46,1
24.5292565572538,94.27943790299813,946.0,16.07,0
25.161694,93.731306,740.0,30.04,1
25.14872222,93.03191667,451.0,27.65,1
27.08154841465321,88.53435402221395,994.0,17.78,0
24.862903,93.616397,330.0,11.35,1
28.43602541570157,95.94745817834782,2242.0,41.15,0
25.13263066757501,92.5352020463165,179.0,26.83,0
27.9330777540498,94.03904722733708,1676.0,25.18,0
25.271618418609968,93.72934479049972,684.0,10.28,0
27.370972,88.710111,3154.0,42.19,1
23.73446546924612,92.12486423891072,282.0,20.61,0
28.809270548848254,95.1043589726172,1797.0,30.05,0
25.041174249213867,93.83467546893118,1759.0,25.94,0
23.971930993477702,93.47133394301898,966.0,20.75,0
27.162111,88.491444,1129.0,25.51,1
23.3305,93.096806,1215.0,20.27,1
25.91775,94.415028,1100.0,30.59,1
23.309286,92.850807,972.0,23.28,1
26.406506108115813,94.25910193242574,207.0,17.78,0
25.52186904101821,94.44790993155048,842.0,22.8,0
25.6375,94.757556,2096.0,37.42,1
23.11707053411472,92.42105368213198,255.0,16.15,0
28.516083,95.178028,807.0,21.94,1
27.647537766847847,93.7146708912732,1352.0,29.31,0
25.936583,91.563917,474.0,34.06,1
23.314651640905986,92.36049883464362,95.0,4.92,0
24.784611,93.462278,628.0,24.85,1
25.82985639460642,93.29052042978718,208.0,8.63,0
24.706726863579128,93.7795837659259,800.0,0.51,0
25.282485,91.57685,1034.0,28.7,1
23.60416667,92.85472222,1151.0,33.4,1
28.911558714546203,96.14937074004332,4483.0,15.69,0
25.01028337695248,93.8625454648082,1610.0,18.2,0
24.9864445820933,91.54244852404096,6.0,0.93,0
23.286001,92.857178,836.0,32.67,1
25.1885373340899,92.79164021790776,1148.0,17.19,0
28.375757422430446,96.0452752476383,2981.0,30.1,0
28.08132883680689,96.08860228849564,821.0,46.79,0
25.572,94.168,1277.0,19.72,1
25.01527819712724,91.79805285145738,13.0,3.45,0
27.68202592123813,91.8249197115036,4019.0,9.69,0
23.70270871990709,93.4237449591257,1068.0,24.27,0
25.40022390846548,91.26580831082292,1300.0,16.33,0
23.66,92.72638889,891.0,19.81,1
25.2802403791804,92.0062307614161,782.0,31.64,0
27.552639,92.965861,904.0,33.47,1
25.82396275246005,91.76883609174678,799.0,8.02,0
22.224598766949946,92.4913333956668,204.0,16.19,0
26.479897725805817,95.1728268843793,1883.0,27.76,0
25.689238403198647,90.0281894320197,34.0,0.74,0
25.43505556,92.19836111,1350.0,12.37,1
24.86451124407372,92.98792279588343,32.0,1.92,0
24.21152017019299,92.73808257132929,104.0,15.86,0
24.649829414289023,93.79156879573657,768.0,0.0,0
23.317543,92.858683,1030.0,23.5,1
23.97361111,92.7225,711.0,7.99,1
22.694448416459004,93.0512065252349,1628.0,54.16,0
26.62,94.5,483.0,35.1,1
23.196642,92.735456,744.0,17.04,1
27.260722,93.780306,325.0,20.18,1
27.12556042980517,92.8759281059854,597.0,11.43,0
24.99306,93.4975,1196.0,13.41,1
26.17258225756178,94.74886756688056,2041.0,32.93,0
26.191278,94.484833,1088.0,16.02,1
24.63598683248713,92.92300266888996,30.0,0.74,0
28.01549454790501,95.43696911205473,145.0,2.97,0
24.272053572628817,94.1793941697369,551.0,26.39,0
24.410906827486627,93.446071273762,777.0,20.73,0
24.6498330924234,92.65532951237532,45.0,8.99,0
27.157694,88.306806,854.0,29.43,1
25.135861,93.6675,1154.0,29.25,1
24.284240856550017,92.39304158427686,66.0,6.19,0
23.097061,92.752235,744.0,17.2,1
27.85743642305724,94.49919844541915,963.0,43.96,0
25.409306,94.596417,1678.0,23.67,1
23.56413333,93.11378889,740.0,14.59,1
25.257286,91.871763,986.0,23.36,1
23.61138889,92.80722222,411.0,28.97,1
27.67732998375615,93.38427961458488,2085.0,28.63,0
27.94903,96.39158,967.0,39.41,1
25.329306,94.524639,1197.0,20.66,1
28.723800515533707,96.13354660606343,3103.0,27.85,0
24.484171683658232,93.96417852480128,783.0,8.09,0
27.236583,88.509611,426.0,31.81,1
23.715278,92.697611,750.0,32.64,1
26.14093452559388,92.35019881309287,58.0,1.46,0
23.723733261060733,91.81042158555256,102.0,4.73,0
22.48,92.73,781.0,2.27,1
24.81540564331268,94.67471780304592,1251.0,11.86,0
27.913333,94.737472,475.0,30.31,1
25.52434620495896,95.08198816664142,1026.0,27.96,0
24.480713668991893,93.21674966764112,194.0,22.13,0
22.393487529331527,92.47425234165132,251.0,12.73,0
27.254917,88.390889,1800.0,30.92,1
23.482322,93.310052,1563.0,18.39,1
27.126472,88.31675,354.0,38.69,1
28.784231,95.906188,1251.0,21.82,1
26.851845614075216,95.71992708040274,1547.0,8.47,0
27.158417,88.420139,1594.0,30.4,1
23.58138889,92.71416667,911.0,28.16,1
26.004528,94.039583,494.0,48.91,1
25.53945121345461,94.02124214455831,2449.0,14.21,0
23.30929674113462,92.98292480505756,1317.0,20.17,0
25.231383,92.2215,413.0,30.32,1
23.71416667,92.85805556,879.0,28.06,1
23.5567550998599,93.5351477251338,1420.0,6.3,0
28.086662239175222,94.76816829657898,584.0,6.69,0
25.67943940189962,92.5892324957462,745.0,7.63,0
27.898806,93.408444,877.0,27.33,1
24.29,93.12,745.0,19.9,1
26.33702986263497,91.95047651498024,58.0,2.78,0
25.106400589384563,92.642140353808,824.0,37.27,0
25.0636060846184,92.70303026024273,300.0,17.93,0
27.244472,88.350472,1598.0,51.81,1
26.05380988593588,94.94757682471727,1216.0,33.57,0
27.45766567198936,93.93364305887548,1531.0,16.25,0
23.54027778,92.70111111,870.0,27.65,1
27.25,88.301889,536.0,42.63,1
25.218732,91.740262,970.0,21.79,1
24.12682222,93.54013889,765.0,22.41,1
27.43912341738365,92.34310857248512,2686.0,23.11,0
23.894444,93.019279,1071.0,34.13,1
26.9194817212007,92.9459387349082,107.0,1.47,0
28.534633188878374,95.94078196386693,2499.0,29.33,0
22.901035,92.87265,377.0,23.03,1
27.278715799727927,93.66390320757954,1212.0,42.14,0
27.43732562181619,88.75036222076292,4169.0,44.18,0
25.9106764084425,93.82784955504808,147.0,0.35,0
25.67270157275929,91.30702493826598,1261.0,18.15,0
25.644944,91.158153,1201.0,15.07,1
26.219417,94.477028,935.0,13.62,1
23.75005,92.7355,1036.0,39.68,1
25.68698889,91.64812222,1171.0,38.43,1
27.03794286517484,88.50518480742315,907.0,24.37,0
26.050286,91.880072,73.0,11.43,1
24.10257334001437,93.0110422407992,193.0,47.9,0
23.72341552871473,91.86060887743648,135.0,16.0,0
27.960062531266107,95.41825441264908,135.0,1.05,0
25.72,94.085,1321.0,19.46,1
23.970878139861888,92.50508342786046,559.0,40.15,0
25.784650729554457,91.92973653927557,756.0,17.53,0
26.984347040957264,93.13169641823508,303.0,14.75,0
25.2182323866118,92.67164560185871,1179.0,22.45,0
25.835978431360047,91.94092861336954,891.0,11.66,0
24.51,92.9,81.0,13.67,1
22.82106,92.637703,115.0,21.85,1
27.599806,91.876111,2933.0,4.75,1
26.34879741600392,94.20168671906175,217.0,13.59,0
25.016375,94.021711,815.0,30.19,1
23.80750556,92.83417222,558.0,33.69,1
26.724278,95.042833,521.0,16.88,1
22.78945507345809,93.1554311692267,1144.0,24.63,0
25.110472,93.625389,1183.0,53.35,1
23.11040326089077,93.59293588003676,1233.0,36.87,0
23.35638889,92.77027778,1016.0,26.58,1
23.01492806546622,93.21267755354133,768.0,20.89,0
23.14808539218291,92.31009081980946,82.0,2.45,0
26.232694,94.473083,980.0,12.06,1
25.885962081087225,91.95516456451708,670.0,21.7,0
23.57099205550956,92.34478563495972,333.0,42.17,0
23.3417248122092,92.98991287780326,1130.0,33.99,0
25.033778,94.43625,1984.0,28.27,1
28.582776060286506,95.92109391169978,2045.0,34.53,0
26.490833,94.82,1279.0,20.95,1
24.35,93.67,1097.0,26.92,1
24.30564965346781,91.98033503021873,50.0,5.27,0
25.299369,91.325575,1139.0,30.52,1
28.0368974350672,93.74534259070718,1359.0,28.63,0
26.327167,94.508056,1189.0,18.75,1
25.696,94.104,1338.0,20.48,1
28.08061,96.51294,509.0,4.53,1
25.28236861,91.73874417,759.0,35.87,1
23.46925,93.273139,997.0,25.83,1
23.91259558190072,92.5916788921412,733.0,10.61,0
26.015816807785185,92.60210716847864,73.0,6.09,0
27.27925,93.796444,495.0,31.05,1
25.472506,93.727181,1531.0,37.3,1
25.191111,92.003389,176.0,10.95,1
25.625331,91.182614,1176.0,23.77,1
28.33836,95.781715,761.0,30.78,1
25.268825,94.048439,1363.0,30.67,1
25.470581618490908,91.001903939873,449.0,17.09,0
28.375834676167912,95.58448695414388,2000.0,44.22,0
26.211111,91.684167,65.0,15.13,1
27.966668418949144,93.32001169617315,2679.0,23.92,0
27.05942417797752,95.2443798473256,131.0,2.94,0
25.574,94.295,2036.0,21.14,1
23.69,92.49,739.0,33.46,1
25.81485650945905,89.87272889021953,22.0,0.0,0
25.68,94.117,1500.0,2.07,1
26.99217988624808,95.0446778800213,113.0,1.47,0
23.201111,92.681946,1055.0,40.27,1
27.8604026519537,91.82481949837204,3756.0,21.02,0
25.417653,94.084694,1537.0,23.37,1
25.677,94.0202,1540.0,13.34,1
23.037238162136305,92.42330620472764,387.0,3.8,0
27.14142436547086,88.88109728005203,1491.0,25.94,0
25.89751,94.463135,1887.0,31.24,1
25.353860656680364,93.83699620427625,1582.0,11.62,0
26.78970908757235,95.3650825186686,788.0,31.35,0
25.34347856088936,91.2894171640168,911.0,28.81,0
25.423947951183084,93.61136161325534,1065.0,37.62,0
25.770935,91.656497,776.0,11.53,1
27.369778,88.456833,1507.0,27.75,1
25.117852200792665,91.23288690057784,8.0,1.02,0
25.36317127619096,93.6885008668986,471.0,22.41,0
23.43081245074984,92.5145866679307,962.0,21.9,0
27.06421027773689,92.82013349130644,210.0,11.97,0
25.06747782033932,93.18865490756248,190.0,14.8,0
27.410265933559955,91.89114898687522,2899.0,28.97,0
23.318805,92.853099,825.0,14.66,1
24.924914529889698,93.94329902422704,1069.0,25.93,0
27.619035878854305,94.87324109346324,110.0,1.4,0
24.784226367439786,94.1802017020124,1231.0,32.32,0
25.70490852101243,90.43028362159843,353.0,16.5,0
26.24843314231251,93.14051714154654,96.0,3.11,0
22.91414630923878,92.6447911941895,305.0,14.14,0
23.21035,92.539589,689.0,26.57,1
27.293556,88.642056,1454.0,32.55,1
26.70744,94.70858,758.0,14.9,1
26.509718,94.68195,494.0,18.59,1
27.25941667,88.55038889,641.0,39.24,1
22.18,92.61,223.0,15.9,1
25.37437074242682,94.9167579811619,1073.0,22.35,0
24.69635864137526,94.48206708453648,813.0,19.18,0
24.0,93.98,1510.0,34.31,1
25.88740638675965,91.81424669084429,439.0,25.57,0
23.716278,92.727694,821.0,17.33,1
24.34,92.77,84.0,17.03,1
27.92284622985634,96.44810377495712,843.0,16.37,0
28.258137928122657,95.13707233251496,1382.0,23.61,0
23.4946,92.7044,929.0,44.58,1
26.494722,94.824722,1216.0,26.24,1
25.359278,94.527806,1473.0,29.28,1
24.27138889,92.96,776.0,22.75,1
23.5,92.70111111,885.0,25.43,1
27.515717524287915,88.3965423330061,2935.0,42.07,0
24.57922838230844,93.56198414093306,1315.0,8.33,0
25.124583,92.989111,526.0,19.45,1
27.86463904708538,93.59280176480122,1887.0,54.09,0
23.436999,92.875456,719.0,6.04,1
27.804361,94.715056,961.0,37.9,1
24.618583,94.308778,1236.0,40.67,1
25.37733074715733,91.32663165295438,1474.0,11.65,0
25.867778,94.168056,1471.0,27.06,1
27.790489,94.958147,185.0,34.78,1
26.7015,95.079361,742.0,51.2,1
23.41694444,92.71805556,1095.0,22.72,1
23.277886,92.840388,646.0,27.58,1
23.14001512926318,92.43380343043177,126.0,10.12,0
27.357083,93.026361,798.0,32.5,1
24.24,92.36,91.0,6.83,1
26.041059728789424,91.09995428282188,44.0,1.8,0
25.438723,92.912025,561.0,20.54,1
24.03831371833496,92.16988638061774,84.0,7.66,0
27.240556,93.750417,395.0,27.0,1
23.93281071391531,93.52724194371024,1260.0,4.81,0
27.6607,93.8833,1545.0,30.93,1
26.07197268222167,91.66900785270244,191.0,28.61,0
24.080881799737185,92.72184375702209,178.0,15.91,0
25.15561111,93.02222222,617.0,16.37,1
26.876990485299245,92.89808330168954,86.0,0.35,0
28.540139,95.168667,867.0,20.49,1
28.4725620609219,95.9868713035613,2896.0,23.5,0
25.25039302830428,92.01077316769792,760.0,11.05,0
27.05986104791732,88.56912932766025,1393.0,26.94,0
27.23575,88.507972,390.0,23.99,1
25.204882,91.742535,542.0,37.75,1
25.77115002688972,91.30930772276628,733.0,14.44,0
24.022347,92.772075,806.0,25.62,1
23.33093477156348,92.95851658978108,1144.0,36.93,0
25.276222,94.555889,1612.0,27.35,1
26.109352,94.387308,352.0,11.11,1
24.001167,93.037613,1188.0,27.38,1
25.77566541153205,91.72093820957993,742.0,6.4,0
28.02547130812684,95.85654082869516,198.0,0.46,0
27.668514544247884,88.44430298314084,2934.0,3.13,0
22.63231891771648,93.00663563148116,1046.0,23.72,0
23.492577960608507,93.52255628619083,1406.0,24.17,0
24.26,92.81,710.0,12.54,1
25.72088889,94.04036111,965.0,22.82,1
27.98016177687981,96.53629303532288,2818.0,24.58,0
23.16307076162554,91.62026255827428,49.0,1.85,0
23.701047,93.190913,1139.0,50.86,1
25.628631743980296,93.63223241966404,362.0,3.71,0
24.87432307719921,92.55058374416149,14.0,0.0,0
25.11011111,92.99877778,572.0,30.96,1
27.14876214773639,96.17904462405636,617.0,13.87,0
23.56666667,92.70888889,852.0,13.63,1
25.528,93.872,1623.0,42.94,1
25.78430883219936,91.18621729757086,606.0,17.93,0
26.92555499388041,88.61912908569599,501.0,15.31,0
27.36388889,88.62083333,1702.0,27.09,1
24.267944,94.111556,1228.0,16.11,1
25.322717,94.067492,1091.0,39.78,1
26.94123750505199,95.100188354973,124.0,2.45,0
25.361056,91.034889,536.0,17.74,1
25.769417,94.037639,721.0,23.42,1
25.240539,94.114492,1032.0,23.74,1
26.90426940228479,94.9777281851083,148.0,4.15,0
24.600083,93.725528,1024.0,36.63,1
22.459,92.952003,583.0,26.42,1
24.511306,92.693028,45.0,4.43,1
28.30984,95.984084,1138.0,18.77,1
26.99410640399964,88.14048645306406,1973.0,43.27,0
24.685,94.171278,907.0,35.66,1
22.52,92.71,323.0,21.68,1
23.414620915308827,92.5149025586601,542.0,18.77,0
25.96256,93.46922,162.0,3.46,1
28.157043193902155,96.65119027649604,1088.0,31.15,0
26.57436,93.10647,116.0,21.7,1
26.555,94.9525,1131.0,27.56,1
26.62654334559853,93.7047420570808,101.0,0.52,0
27.284802188130826,93.97638919965996,169.0,6.01,0
25.487213257170264,92.30034910513024,1347.0,13.65,0
26.57708,93.65836,202.0,15.46,1
23.34919649142227,92.30347072609727,159.0,14.1,0
25.62509167,94.11405278,1578.0,22.47,1
25.186031039131606,93.45426178702004,1123.0,36.51,0
24.578647812191456,93.56077194801564,1342.0,16.0,0
27.329089620665968,96.4070539910573,552.0,14.92,0
26.100402185128868,92.52751974070247,71.0,1.73,0
26.37191351960921,95.18600605027925,1698.0,24.74,0
23.426989410619665,92.50320250892229,528.0,23.18,0
24.26386428045644,92.14807512529366,42.0,2.1,0
23.66461111,92.72383333,831.0,42.95,1
22.66,92.67,477.0,13.5,1
22.089839850922896,93.26120448804252,516.0,5.63,0
26.675734936035163,94.43523063201982,126.0,1.04,0
25.74473429213395,90.75749109437436,456.0,3.51,0
28.54838379731103,95.626331338618,1123.0,32.12,0
27.228056,93.568972,713.0,33.73,1
23.93055556,92.65638889,122.0,14.74,1
25.044778,92.430333,266.0,44.9,1
27.227794807519828,93.95191115282694,120.0,3.11,0
25.427100483477755,94.3967500234852,855.0,21.7,0
25.969225,94.634053,1209.0,29.37,1
24.2,94.1,1265.0,28.55,1
27.228167,93.799111,341.0,21.78,1
28.21671502015956,95.37550315734526,1139.0,24.83,0
26.26730846341728,91.81780912574114,52.0,0.81,0
23.37083333,92.75833333,1192.0,30.62,1
25.85167,92.58089,465.0,22.93,1
23.931508359119704,94.3225346720867,318.0,17.66,0
26.8698198012568,88.46275439429105,187.0,1.19,0
24.199114,92.992916,257.0,43.58,1
26.872765506819707,88.12390990404559,1434.0,32.1,0
26.239056,95.058194,1205.0,31.19,1
25.057829036744305,93.09576139834334,221.0,15.72,0
27.28871795628692,96.2782798472632,854.0,26.63,0
25.064444,94.620278,1115.0,18.2,1
23.224314998137388,92.39751293803954,97.0,4.31,0
22.517,92.879997,739.0,39.77,1
25.16563889,93.02544444,516.0,12.99,1
28.19898410129504,95.34977202876765,961.0,13.67,0
23.73027778,92.85333333,801.0,25.4,1
27.575444,88.651417,1619.0,39.29,1
27.02230224155313,88.41728173182744,546.0,35.74,0
22.842268,92.951981,1209.0,22.42,1
24.68,93.11,45.0,3.28,1
25.02053962546832,92.07712116062211,9.0,2.47,0
25.699947320843343,90.6372743899869,235.0,10.21,0
21.945769341448216,92.65972657158932,375.0,6.78,0
22.962434388007207,93.1382700926925,375.0,23.42,0
24.920818715402145,91.64472761884882,8.0,1.12,0
28.252176,95.775797,687.0,39.96,1
25.45468258228618,93.2076218073396,320.0,22.56,0
27.57502778,88.65402778,1483.0,41.6,1
24.54263333,93.39741944,560.0,40.96,1
23.481049441577543,92.51825977247016,436.0,22.72,0
26.89714002558536,95.24550259078536,863.0,38.42,0
28.476622706182404,95.5165942308914,2458.0,50.97,0
25.62,91.88272222,1266.0,11.38,1
26.394,90.48,56.0,11.79,1
27.12922,95.684101,662.0,22.38,1
25.971456,94.818392,1141.0,24.83,1
27.33369748957897,96.4894373809922,954.0,18.93,0
23.95025520392912,92.49734862686714,659.0,29.06,0
27.13469444,93.74347222,131.0,2.61,1
25.216881,92.982245,666.0,5.81,1
23.788693667218,93.5465696035107,1092.0,15.82,0
26.15428,91.79264,78.0,7.86,1
24.751111,93.459361,464.0,34.34,1
27.48997690499914,88.66596955349875,3488.0,31.69,0
25.6495419,94.1068683,1514.0,14.48,1
25.49137,91.821688,1713.0,23.38,1
26.93641,92.70308,130.0,5.95,1
23.50527778,92.6975,848.0,30.25,1
28.16096964424701,95.9260946190574,1451.0,47.6,0
27.633,93.8464,1722.0,18.51,1
24.311521355084547,92.0671170622409,137.0,9.32,0
23.979472,92.684139,389.0,21.23,1
27.02486403105784,88.56740698361217,1542.0,23.96,0
27.71675826030527,94.79024037155884,494.0,44.97,0
25.959256874501296,91.6594291519326,430.0,14.2,0
25.106956,92.991363,576.0,21.19,1
25.136222,93.667639,1158.0,23.42,1
28.16963187375777,95.64984501846268,227.0,1.4,0
23.896194,92.296667,156.0,9.16,1
28.0071729608095,95.98532688109692,250.0,4.8,0
25.060944,92.80675,126.0,11.85,1
23.49484913097338,92.45520378199976,228.0,25.01,0
26.523955981325805,95.18164655778202,1840.0,17.08,0
28.78717874902318,95.05600577065574,3274.0,35.53,0
24.15343552057733,93.6749287552354,1102.0,3.97,0
27.172020424088075,93.2688617809104,1357.0,28.07,0
27.15627904441408,95.57860421583516,747.0,9.83,0
27.813630369635625,96.38822727026763,1631.0,46.73,0
23.70527778,92.71138889,1070.0,36.59,1
26.87601055578302,92.0071964584522,409.0,10.87,0
26.550528,95.099583,1426.0,35.62,1
26.217361,94.419417,1040.0,17.06,1
24.909542,94.316778,986.0,40.71,1
27.43422113157796,88.80637279215432,4223.0,32.49,0
25.202161097506675,94.74246096332344,1442.0,15.56,0
26.1295,94.136111,580.0,25.66,1
26.472991493569097,94.11411435252872,92.0,2.1,0
23.91473990641369,94.15376756149529,268.0,24.61,0
25.07269717217806,92.497653250956,234.0,17.47,0
25.96493426842272,95.22743360438116,1677.0,24.26,0
27.199028,88.350417,1158.0,36.31,1
27.02510507361737,88.33302728409072,1484.0,26.1,0
25.326204,91.932463,996.0,32.22,1
25.22,93.32,974.0,13.16,1
24.841012399217163,93.29465224941868,1100.0,31.64,0
28.68402552690934,95.75429426582316,3023.0,23.36,0
26.227896,94.55032,1216.0,29.27,1
24.05,92.38,649.0,31.16,1
25.788847,94.856314,621.0,9.32,1
23.641567358219724,92.50496229677458,232.0,19.81,0
25.664111,91.089556,914.0,26.94,1
25.261372375081663,94.66154606184128,2118.0,30.92,0
27.592778102914608,88.5235561318132,2827.0,42.62,0
25.52160473403677,93.3944035557582,448.0,16.62,0
23.205961,92.538406,762.0,15.35,1
22.20292885778709,92.4429788550766,283.0,3.07,0
22.92990733241647,92.98696870495694,418.0,16.71,0
26.074417,94.423667,916.0,34.28,1
28.622722,95.043528,547.0,32.79,1
25.307482431325763,94.42492997564884,1184.0,13.16,0
27.152256353099684,93.50582349528266,1579.0,26.28,0
27.513674710212843,93.64498545353676,1060.0,31.22,0
22.086797972388027,93.02308139539676,1132.0,27.65,0
25.326722,94.510083,1274.0,25.36,1
26.57447,93.66297,197.0,6.6,1
27.45363903485541,88.71715147853243,2822.0,29.89,0
27.513421104239747,88.30510954843214,4107.0,5.52,0
27.48283537887768,88.34537494854368,3293.0,34.81,0
23.659891,93.349052,1173.0,19.99,1
26.208417,94.204389,640.0,32.36,1
23.95,92.37,772.0,15.84,1
27.00548425703333,88.61115180415237,709.0,34.09,0
23.73132778,92.70821944,885.0,13.71,1
24.0445895121176,92.47100781644272,90.0,18.22,0
26.68489245558337,94.93423811062404,607.0,23.75,0
26.127222,94.306444,1160.0,27.42,1
26.074,95.083833,1982.0,28.53,1
25.587167,94.514361,1411.0,28.1,1
25.247014,92.096144,885.0,10.4,1
23.726694,92.557778,834.0,45.18,1
25.6800383617486,94.65672289547142,820.0,16.53,0
24.36555556,92.93,592.0,32.09,1
28.266271,95.609385,477.0,26.98,1
26.02422527065745,93.26422743295078,128.0,11.56,0
25.297212246391428,92.94191722456272,614.0,12.31,0
27.56943458180997,93.83927463260883,1571.0,13.41,0
28.070533276621003,95.83905564848727,240.0,4.29,0
26.276667,94.8275,916.0,17.99,1
26.05428538898021,94.78918098129589,1783.0,35.86,0
24.03,93.57,828.0,13.24,1
25.10024941951034,93.5018227603401,857.0,36.6,0
28.11192192694037,96.08709850562732,1711.0,38.37,0
21.919971734191584,92.7158491691988,96.0,11.17,0
22.77987923696928,92.44310660510786,188.0,21.05,0
23.319412,92.855415,950.0,25.41,1
23.640693,93.084944,1130.0,36.86,1
28.42636,94.6774,558.0,17.19,1
23.699218194081453,93.478658545518,1391.0,29.67,0
27.956898646158663,95.84886840997304,156.0,4.34,0
23.65388889,92.72444444,742.0,25.02,1
27.266667,92.404389,2619.0,27.84,1
25.079207842986342,91.67703788829007,11.0,2.12,0
24.62699829719818,94.07047372127847,789.0,0.34,0
27.77710139176871,94.80761832908446,1074.0,24.61,0
27.060775694163443,93.72554837303464,352.0,35.92,0
25.164056,93.692861,1004.0,38.39,1
23.6150580205854,92.4949640928874,311.0,19.92,0
28.18200082565613,95.98875047059336,2268.0,59.06,0
28.42822138176864,96.05009773058958,2027.0,42.71,0
26.32853024700833,95.10053963920664,1489.0,22.31,0
24.325444,94.232583,413.0,37.18,1
24.987667,93.494361,1110.0,15.51,1
26.421667,95.011306,1621.0,25.38,1
25.471806,94.543,956.0,26.45,1
22.20250829989926,92.51554142688596,280.0,2.67,0
23.73055556,92.71527778,991.0,20.95,1
23.47472218924017,92.44245749582164,283.0,21.92,0
24.95833318730463,93.3340835782294,252.0,8.93,0
28.423776900237232,95.08360058618032,296.0,16.14,0
26.21819374773157,95.25867341374062,1722.0,16.45,0
25.06401588022649,93.03581016642846,1317.0,36.31,0
25.561306,94.780778,1061.0,17.09,1
27.503400982888067,88.03801001008549,4369.0,45.52,0
24.75,93.427528,739.0,38.91,1
24.738208506214765,92.97067219988618,23.0,1.12,0
28.09891456548268,93.84090102597878,1695.0,18.93,0
22.849134,92.809334,1138.0,19.98,1
24.677303,94.253445,988.0,31.8,1
24.652048348649764,94.52516575188848,453.0,24.04,0
22.59532826305867,92.4762425726294,251.0,16.86,0
25.40047669830089,91.12315524552744,747.0,29.61,0
26.421389,94.975,687.0,20.32,1
25.667,94.089,1332.0,11.59,1
25.34094701858382,93.77669758615032,1414.0,12.8,0
25.675902825551848,91.41370291724654,1451.0,14.62,0
26.603681673870515,95.26938806703092,818.0,28.78,0
23.301901,92.649401,725.0,23.12,1
25.34499689732704,93.92256148008474,1560.0,10.67,0
23.373153180752794,92.56715816054351,340.0,20.16,0
28.27787124151867,96.44770211059816,2080.0,35.89,0
23.73111111,92.84638889,698.0,24.52,1
27.08465349983205,88.65155060125771,1998.0,29.18,0
27.09996424913591,88.650986113911,2325.0,32.12,0
23.176575,92.979797,1117.0,29.83,1
24.699761,93.650047,859.0,24.87,1
24.95054,92.731458,46.0,14.72,1
28.149568,95.277177,207.0,19.51,1
28.207066700260857,95.69789803776384,223.0,1.85,0
25.525094,94.135798,1716.0,12.35,1
27.096928773435334,93.39604027960056,929.0,24.01,0
27.01002161195789,88.30785589842397,1771.0,26.13,0
25.17595010828277,94.00560971453544,1216.0,18.55,0
23.467715,93.313017,1363.0,19.67,1
27.292167,92.391889,1787.0,27.77,1
22.356001,92.791,251.0,11.41,1
27.170773458787693,93.90831526395964,105.0,3.39,0
23.35694444,92.77027778,1024.0,22.08,1
24.19,94.11,1347.0,34.82,1
28.14251,95.27439,396.0,21.4,1
27.248583,88.117444,2009.0,35.91,1
27.553556,88.581222,1837.0,29.2,1
25.446056,93.408583,401.0,18.95,1
27.94619896553411,93.5659175759198,1595.0,27.53,0
25.90088003885975,92.7607651108356,83.0,2.83,0
25.55,90.33,744.0,3.91,1
27.198856,88.638725,588.0,28.98,1
25.31458,91.45242,1308.0,45.19,1
25.56118030937761,90.96338717756464,832.0,5.82,0
24.908778,94.333417,1358.0,31.67,1
26.04556721970113,94.7956480118992,1404.0,25.31,0
26.867208249367057,88.3161979258179,726.0,24.37,0
27.978454886792,94.85875331354484,1165.0,38.07,0
26.98465604689092,95.18817655341434,354.0,9.87,0
24.971389,93.559056,732.0,21.07,1
26.330556,94.875833,657.0,29.17,1
26.28503437107596,92.0351354833792,55.0,2.43,0
23.37060654397087,92.55141904136072,412.0,27.17,0
24.779889,93.663889,463.0,21.18,1
25.311336,90.969222,382.0,14.46,1
27.962664909866195,95.82043093601555,147.0,0.93,0
25.53894643037217,90.03370201488025,71.0,3.4,0
25.90653,92.65819,273.0,16.59,1
23.54777778,92.70166667,794.0,39.66,1
27.01067306035717,88.50242904428369,1185.0,11.17,0
26.90879530909177,95.78300163326716,1442.0,41.14,0
24.29,93.68,822.0,1.91,1
28.24113908349452,94.68518292731756,317.0,43.41,0
24.58605,93.21056389,72.0,21.96,1
27.94175,94.695694,836.0,20.9,1
24.091359,92.796008,916.0,29.53,1
25.81932862901185,91.96208237634838,756.0,11.21,0
28.262989,95.59932,495.0,24.83,1
25.0621803670505,93.23238186819474,808.0,23.56,0
24.95688430739855,93.22087659459132,166.0,10.95,0
24.719397,93.509003,315.0,39.36,1
26.27520720475897,93.32542293593995,852.0,21.7,0
25.301258210217743,93.6928053484812,853.0,31.15,0
26.036262,94.591057,1301.0,33.0,1
23.314408,92.808662,483.0,33.48,1
27.99608494370888,95.34520310700232,142.0,1.19,0
26.286222,94.364167,740.0,33.19,1
25.124639,93.92575,1262.0,16.57,1
27.255389,88.388944,1863.0,27.32,1
25.715956,94.810833,1324.0,23.59,1
26.488056,94.821389,1329.0,25.59,1
25.314363619666,92.97747654493894,409.0,8.59,0
23.382417,93.384944,979.0,20.96,1
25.54328,92.10478,1272.0,28.4,1
25.283172434488435,94.64634328176312,1382.0,25.0,0
25.637365,91.932235,1299.0,28.37,1
27.246131,93.804711,270.0,25.74,1
23.24231111,93.17726667,647.0,16.19,1
27.82754893477481,93.71208337644558,1951.0,12.23,0
24.30153315497984,92.38828516453164,53.0,1.02,0
27.19,88.564472,573.0,35.13,1
27.11364985294231,88.55194328495904,1321.0,33.89,0
23.111578,92.789795,795.0,19.65,1
26.03932058126461,93.6563939254909,206.0,6.55,0
23.328168021969283,92.40977565797807,224.0,29.72,0
25.271890232330104,92.4380998808892,764.0,7.44,0
27.65789515708497,91.9640438801741,3945.0,15.55,0
22.246548250124672,92.4951325605032,130.0,15.66,0
28.27065186175343,95.43235423201538,1392.0,42.67,0
27.41340571480273,95.86043047607382,153.0,3.13,0
27.6402,93.8628,1775.0,12.62,1
22.574112,92.873337,960.0,33.81,1
27.37027778,88.67361111,2508.0,14.94,1
27.1275,93.73164,140.0,4.7,1
24.11104722,93.10374167,584.0,25.45,1
25.605,94.051,2528.0,54.21,1
25.285946780531045,91.1274475571928,220.0,9.65,0
26.51098970008861,93.76324086608254,100.0,2.63,0
23.157418,92.744221,853.0,20.73,1
27.395639,88.621667,1592.0,33.4,1
27.29539469427121,92.57974203660945,1425.0,21.51,0
24.976064994006027,93.92911643921596,1112.0,29.67,0
27.30827029116607,88.02799182115923,3202.0,46.77,0
27.174473434278863,92.29014600571614,2211.0,28.67,0
25.18972,93.02011,500.0,5.85,1
23.27598056,93.14351667,663.0,7.36,1
25.726,94.435,1125.0,31.0,1
28.17413378572997,96.6589430712173,1373.0,34.49,0
25.867346592378887,91.95223516012676,794.0,36.46,0
27.925999637491422,93.70002054508012,1306.0,36.15,0
25.05173313134634,91.84180184021494,11.0,3.1,0
24.87352046811345,93.39100034397472,245.0,7.65,0
27.420003931776925,92.79565898255952,1076.0,27.68,0
24.122562574022748,92.60756096072434,118.0,4.63,0
23.60360833,93.14173056,707.0,9.65,1
27.27072738509024,92.50444271321383,1719.0,20.65,0
28.099858,95.282975,214.0,26.24,1
25.201,91.234,18.0,1.73,1
26.420556,94.973056,692.0,24.36,1
23.46243,93.262259,862.0,28.5,1
24.51186511513201,93.47303506458486,481.0,32.14,0
25.148091216396168,92.64886763092372,1212.0,22.86,0
24.4972294962355,94.2894704088488,538.0,21.44,0
28.30235359215348,94.7259376955818,511.0,33.04,0
28.069579945105826,94.72091931926816,808.0,11.4,0
27.08386,92.587656,222.0,34.13,1
25.700278,94.767222,1352.0,33.6,1
26.904445,95.360399,428.0,21.45,1
22.85558,92.69914,414.0,20.69,1
26.05813405135753,92.3444918342737,200.0,11.43,0
23.195853530495768,93.41935403178124,1199.0,24.37,0
27.977745243457587,94.03703118021882,1898.0,45.81,0
25.977325965479235,91.66632680706726,347.0,12.69,0
23.91951111,91.87873333,106.0,4.65,1
26.592167,95.012111,547.0,6.43,1
22.5898732413437,92.73010889006608,617.0,22.27,0
22.25,92.62,228.0,13.1,1
24.842538,94.325233,1306.0,26.09,1
25.76682109838482,93.643382972049,183.0,0.35,0
25.568528,94.784806,999.0,28.92,1
25.18665288651049,93.82643039848888,1029.0,25.06,0
25.146306,93.942167,1287.0,16.37,1
24.13,94.06,1426.0,29.29,1
27.591528,91.880444,2767.0,21.97,1
25.44999304084748,94.2101922488849,1388.0,11.68,0
24.16,93.96,1501.0,33.38,1
28.14445467407103,96.74402749843144,3431.0,46.32,0
24.41534767705493,92.96812075391178,514.0,3.27,0
24.859576,93.576244,412.0,29.42,1
26.8183623064013,95.2377888156128,1194.0,27.22,0
23.75527778,92.82777778,308.0,31.31,1
25.45351667,92.18784722,1272.0,8.7,1
25.445965485513664,91.93081857903825,976.0,36.19,0
26.924001264606645,88.46930066619075,383.0,19.34,0
25.4365,93.402333,376.0,13.1,1
27.572114113547663,96.59860139273924,1353.0,35.66,0
25.843222,94.053139,949.0,23.69,1
28.09804663672788,95.43829289830708,188.0,1.74,0
27.621697446629287,92.10974924836783,3978.0,19.16,0
27.28346101622717,94.06947990091092,98.0,2.08,0
26.318806,94.453611,1070.0,29.05,1
24.262455331016085,94.42058352672896,150.0,4.22,0
25.359985,91.882639,1518.0,39.8,1
28.357774676615094,95.71600341445492,1244.0,34.25,0
25.13144011666554,91.72552155252158,14.0,3.45,0
27.297139,88.388472,1511.0,24.99,1
25.27728056,91.57445,1334.0,48.45,1
26.9231,92.76755,154.0,14.56,1
25.892028,94.274528,1310.0,30.04,1
28.04390184644865,95.14955120292372,1449.0,32.13,0
26.314688939416182,91.56328147017912,48.0,1.81,0
26.111335,94.257114,1413.0,26.8,1
26.02367832540865,94.76697914741798,1549.0,24.05,0
25.215303851592587,94.43256324830506,1428.0,23.35,0
23.747519,92.853155,808.0,31.06,1
28.442078206248706,95.11000911071264,821.0,13.39,0
24.497811814929985,93.95776633617596,776.0,0.93,0
27.47868226191361,88.46084627494537,1878.0,33.78,0
23.78138889,92.67638889,441.0,39.61,1
25.71611,94.08883,1449.0,16.13,1
28.199720435827214,95.6007857070799,301.0,2.38,0
25.107694,93.623556,1144.0,67.56,1
23.92479867132398,92.52714404744503,86.0,5.16,0
24.892726475624805,92.87990940227364,24.0,1.48,0
24.863414,93.598719,411.0,36.25,1
25.493958,93.657962,1228.0,11.86,1
25.17425,93.00244,768.0,12.3,1
23.634231262831776,92.45956286563217,622.0,32.11,0
22.26,92.63,186.0,11.98,1
28.322133317862853,95.38454872003362,2310.0,25.48,0
22.946223370802084,92.33406203794075,133.0,22.71,0
25.419,94.578639,1509.0,19.36,1
23.76583333,92.71527778,556.0,24.06,1
28.215926,95.799557,1017.0,24.77,1
26.331028,94.279167,879.0,20.19,1
24.475287854270007,93.67369382068216,1665.0,48.01,0
25.296967701189192,93.75152343851978,1351.0,30.02,0
25.08672067909642,93.21791562225704,277.0,14.97,0
23.55242041763972,93.48938643712636,1267.0,15.82,0
25.796657,92.143462,821.0,25.4,1
26.169389,94.24675,776.0,33.69,1
25.69463611,91.64577778,1204.0,25.95,1
22.3897150716403,93.28222319336048,1578.0,21.55,0
25.97448384516144,93.91288516196464,153.0,1.73,0
25.42087407092162,92.4865258377192,1136.0,12.05,0
27.45359844699341,88.42799245979892,3236.0,28.63,0
25.966861,94.2215,1269.0,23.12,1
22.85697,92.70764,560.0,22.92,1
24.33791795684404,93.875931867821,816.0,9.57,0
27.2080616673792,92.22038057483458,2994.0,25.21,0
25.2680714923494,94.80384825807798,1840.0,21.96,0
27.14376874665349,88.91804491188958,1432.0,35.02,0
23.396738,93.368237,1195.0,31.37,1
23.774,92.848,670.0,32.55,1
24.74,93.16,36.0,0.8,1
28.606804,95.864088,704.0,34.0,1
27.4602156541862,88.1480235713673,3301.0,35.83,0
27.96884818862897,96.53277155438256,2121.0,44.07,0
23.508465176329835,92.41626475288392,798.0,29.38,0
27.760436940991216,94.83433257650556,339.0,33.75,0
25.84152,93.45138,196.0,16.94,1
22.27248849084249,92.54333652486532,520.0,15.27,0
28.021678,94.536256,559.0,29.16,1
25.227249,91.748917,479.0,29.06,1
25.259615844160816,92.9290358701335,723.0,15.03,0
25.116111,93.640417,1242.0,34.69,1
23.5275,92.65472222,407.0,30.15,1
25.611931,92.452931,993.0,10.93,1
28.2756561864556,94.62259863274176,860.0,32.65,0
25.62262671948729,93.24208710437708,494.0,14.96,0
27.156806,88.5225,601.0,36.66,1
25.79,93.78,242.0,19.9,1
27.368751592406216,88.03135789542486,3383.0,42.06,0
27.817094346649,88.6902156331767,4217.0,51.84,0
24.892847480538805,92.7037418854427,15.0,5.11,0
22.993093347288845,93.44549318303034,1173.0,15.25,0
29.073987224384407,95.8606805085424,2246.0,36.54,0
26.552222,94.788611,1063.0,42.36,1
24.99561,93.16261,203.0,28.68,1
27.804944,94.719861,899.0,26.04,1
23.223055,92.931114,399.0,20.07,1
24.664737,94.290345,1243.0,34.87,1
24.969586192372148,94.78817728983958,620.0,26.5,0
24.270806,94.125139,1156.0,35.26,1
28.234199,95.777037,864.0,29.4,1
23.200073,92.734654,752.0,19.46,1
25.155722,93.022778,613.0,24.76,1
28.40305806672285,94.91668502647296,909.0,22.31,0
26.192444,91.764222,101.0,14.16,1
24.024826,92.888859,1195.0,17.55,1
28.170176570526586,95.52851439969092,307.0,2.09,0
25.048080593197383,92.0708726328085,14.0,1.8,0
25.22292244595943,93.78672432462602,1677.0,11.86,0
28.62267,95.856377,804.0,27.6,1
28.337187277509194,95.07152838643243,802.0,23.52,0
27.97851824076908,95.95209621655276,197.0,1.8,0
26.23675,94.209639,378.0,29.34,1
23.092076,92.752286,754.0,22.47,1
22.88408,92.72978,853.0,18.38,1
24.898438,94.328686,1353.0,33.3,1
25.587071508778106,92.96000020309772,147.0,11.9,0
22.952304579014125,93.1192506762998,974.0,34.26,0
23.61472222,92.80111111,395.0,23.24,1
26.923613521961084,93.54231090679652,99.0,2.54,0
25.64317272207878,90.9130232603404,640.0,26.5,0
25.02787401394144,93.2463827728867,256.0,22.04,0
25.60761020402501,93.1799039025475,282.0,10.62,0
23.85,92.33,188.0,12.27,1
25.157667,93.6845,1032.0,29.92,1
25.223769,91.740164,968.0,31.02,1
27.44965916393315,88.1968975207086,3269.0,37.56,0
25.128222,94.321722,1802.0,22.25,1
25.096417,94.531778,1603.0,34.97,1
27.303510925141467,88.96233485609126,4137.0,12.12,0
26.0074,93.9988,698.0,33.35,1
28.574732602230625,94.76130346201153,1875.0,32.76,0
27.497847340225604,96.08937269316198,196.0,1.95,0
25.954889,91.858667,424.0,19.14,1
27.482696386399148,92.8575572833167,1798.0,25.3,0
23.412993673850927,92.5071673528166,762.0,26.29,0
25.646,94.479,1352.0,32.64,1
28.25428589124435,95.10900745930311,1992.0,20.01,0
27.49854051107814,93.71468481894551,1134.0,20.17,0
25.660194,94.7535,1673.0,15.14,1
27.506778912227816,88.38203289050278,3477.0,41.13,0
28.273544,95.789425,787.0,51.06,1
27.21280292527567,92.85810863197368,1494.0,31.9,0
24.71938056,93.26740556,825.0,26.03,1
23.475139,93.241028,887.0,25.07,1
27.462444808603585,88.68353834408393,2675.0,27.06,0
26.301639,94.588361,609.0,33.57,1
24.42575801533462,92.91529089030486,44.0,9.94,0
26.0043,93.9803,472.0,19.25,1
24.87557507593021,92.5494349846864,14.0,0.0,0
27.24276050300543,92.9180310241888,1076.0,24.68,0
28.311405324257446,96.0702101404422,882.0,27.26,0
27.91669,96.33833,1263.0,21.19,1
25.840139,94.006528,1275.0,26.2,1
25.569333,92.202139,1233.0,21.23,1
24.83278,93.46333,773.0,28.05,1
25.48204562660744,91.9677052189913,1611.0,6.88,0
24.820833,94.504167,1289.0,22.51,1
25.287722,94.530583,1187.0,30.44,1
25.032630558677223,94.7346344614418,1571.0,31.36,0
22.87075,92.75403,1149.0,6.5,1
25.215645030673592,92.31245281663875,594.0,6.28,0
24.25806,94.28722,314.0,27.46,1
23.324731819487177,93.58628466647816,845.0,15.01,0
28.907250829666324,95.69176873494048,2472.0,27.44,0
26.43606824426586,95.16512476571744,1324.0,32.1,0
28.91793751554931,95.7048739786176,2260.0,16.53,0
26.855739681092057,95.24403147452072,1277.0,17.78,0
23.72916667,92.76583333,754.0,29.06,1
27.56078512196784,88.36457360144796,2810.0,36.79,0
27.87469,96.35986,425.0,23.97,1
22.58476623895208,92.4742187948731,293.0,21.13,0
26.897502,95.542612,1425.0,19.11,1
28.23428407017501,95.36294034593344,773.0,40.12,0
25.43184501345464,93.94582618404004,1006.0,35.37,0
23.92690216552318,91.19294082212028,5.0,1.06,0
22.399,92.964996,148.0,13.15,1
27.819317017477275,94.05457146321058,1524.0,41.2,0
26.65206000749226,94.92794527762952,427.0,35.59,0
22.88,92.49,98.0,8.61,1
27.40825,88.571167,1662.0,28.96,1
26.070306,94.280586,1481.0,20.74,1
23.34896374056673,92.983557720541,1332.0,37.39,0
22.985518875428987,93.40162516108266,1058.0,23.57,0
26.49,94.37,261.0,19.6,1
25.044733,92.423675,207.0,36.97,1
24.365611,94.1665,1212.0,36.08,1
25.74658061469497,92.79861929407912,151.0,7.33,0
25.69688611,91.64176667,1285.0,11.43,1
24.045278,92.775169,959.0,27.47,1
23.39553951474537,92.45103359878676,283.0,17.9,0
25.21006699090473,91.31837783874968,79.0,20.74,0
27.032124,95.562208,673.0,13.1,1
28.04378031832947,95.85416990480392,228.0,10.4,0
25.78875,94.234111,644.0,25.75,1
27.035961425057565,93.41760548479934,241.0,9.08,0
24.920137994655363,94.82147362626992,261.0,7.85,0
25.282849313766587,94.4194092340436,1073.0,6.54,0
26.0178417,94.6092667,1895.0,34.38,1
26.313591755894173,91.58124045676186,49.0,2.08,0
23.99905825532565,92.60827030104566,330.0,15.8,0
26.388127472063854,94.1132165713417,108.0,3.51,0
25.152472,93.673667,1046.0,26.12,1
23.33529167,93.11214167,1144.0,30.63,1
23.76388889,92.73388889,1203.0,39.15,1
25.421656,94.071,1500.0,31.47,1
27.531291613692925,88.15325319476571,4781.0,32.86,0
25.906472,94.428039,1129.0,32.32,1
26.46788677192328,95.14608834143812,1803.0,23.32,0
26.4445343438794,95.1248092611476,1968.0,33.22,0
28.388659836535982,95.35699360295668,1609.0,28.57,0
23.85760672210029,93.93282603029508,1031.0,26.76,0
28.00069702640187,95.68968070197413,152.0,2.66,0
25.293697248972613,94.22523936085932,1108.0,15.65,0
27.37091041610866,95.3427679732548,121.0,1.74,0
27.92860047851523,96.2574438846657,476.0,18.35,0
23.170376,92.739585,754.0,26.83,1
25.23348655035727,92.30204106073649,665.0,15.02,0
25.86632292446617,93.92642763499678,240.0,31.89,0
27.383361,88.702611,3164.0,34.47,1
28.201838,95.812004,913.0,54.24,1
22.897877,92.934364,406.0,25.82,1
27.2701803617224,95.8592133726288,229.0,19.99,0
27.20597116617941,88.93733806520746,2744.0,23.61,0
25.65967,94.09297,1479.0,13.17,1
27.18666535390017,92.41158224707289,1991.0,26.85,0
27.39339203844449,91.94048437449432,3429.0,38.07,0
23.739417,92.699917,1002.0,31.57,1
25.63202487755661,92.12839432630707,892.0,17.74,0
23.314208,92.858096,1059.0,23.2,1
23.05222222,92.67027778,430.0,14.94,1
25.08571835467742,91.64400100209708,18.0,2.91,0
23.478601,92.858505,1029.0,30.19,1
23.333165,93.057945,1193.0,28.68,1
23.67605677074136,93.4471509241686,1033.0,14.45,0
24.65018056,93.20256667,230.0,20.41,1
24.949745707233483,91.61220491064584,10.0,1.06,0
24.90725,94.335333,1362.0,30.35,1
24.22,93.3,941.0,21.87,1
27.220833,93.698194,503.0,36.62,1
24.7895,93.774222,1070.0,25.37,1
26.66725,94.614028,520.0,34.58,1
28.618542,95.858124,775.0,36.36,1
27.288167,88.102778,1751.0,41.09,1
27.258222,88.704778,1216.0,13.3,1
25.865894,91.880278,550.0,18.31,1
28.44239906077225,95.72993483152612,1009.0,30.75,0
25.07230453309872,93.11434640752842,716.0,30.37,0
23.011667,92.720558,448.0,24.49,1
22.96276287834188,93.13793038504004,373.0,28.71,0
23.607347,92.879114,586.0,19.82,1
23.3076421223816,92.58794997983664,349.0,7.77,0
24.240194,92.247861,144.0,30.9,1
27.051810043988752,95.24206720742548,130.0,1.04,0
22.812588,92.807343,920.0,27.05,1
25.365263,91.878497,1545.0,23.37,1
24.858310852023344,92.95679020830852,33.0,3.03,0
28.42525585889216,96.01456449959583,2079.0,63.77,0
23.384222,93.145528,1208.0,30.75,1
24.06,94.03,1291.0,22.6,1
25.846727864217726,93.91701340870236,435.0,27.94,0
28.67070184153378,95.9907346649788,1313.0,25.49,0
27.6847377491952,92.92059601108124,2649.0,20.87,0
27.33910376513153,91.8940220613504,3958.0,18.21,0
23.05214,93.307373,1181.0,59.92,1
28.667561988608725,96.08231812655464,1326.0,38.08,0
23.33678196950237,93.4497036401558,1202.0,21.14,0
23.66,92.72805556,859.0,24.07,1
25.214944,92.073917,674.0,19.19,1
27.00096872626429,88.34584686330784,704.0,26.41,0
25.667,94.254,1564.0,30.56,1
25.957472,94.036278,660.0,15.73,1
25.633944,94.733056,1937.0,33.47,1
27.4432,88.6087,1570.0,29.85,1
28.277716,95.789358,726.0,47.1,1
28.3213438796542,96.8095961021614,4327.0,42.32,0
25.632,94.257,1138.0,25.62,1
25.841423885397443,91.71724722808894,630.0,13.1,0
25.698667,91.054778,865.0,15.94,1
23.72694444,92.79527778,256.0,20.23,1
25.924954,94.458712,1679.0,40.4,1
25.073624001639697,93.0922520387222,554.0,22.09,0
24.895806,94.243944,1231.0,24.79,1
24.16647222,92.69555556,725.0,17.32,1
22.53544,92.893059,788.0,21.38,1
27.302253,93.050932,1189.0,24.03,1
25.158828,93.720131,772.0,29.63,1
24.84754595086896,94.45056367852516,699.0,35.54,0
23.94113743027189,92.59218859002652,624.0,14.34,0
27.42487809455508,93.79106182119976,1209.0,15.87,0
28.309676,95.967453,782.0,38.58,1
24.786938,93.657893,560.0,29.59,1
25.079028,92.359111,250.0,41.63,1
27.43618105881187,92.89745623634208,1970.0,43.97,0
28.775381,95.898382,1290.0,57.36,1
23.47812778034441,92.45871408674076,262.0,13.93,0
27.27192409925261,92.95454624298289,958.0,14.27,0
25.35525,91.767889,1623.0,37.31,1
25.523,93.899,2130.0,38.41,1
27.51948005855164,93.24079765063873,2825.0,46.1,0
23.101925,93.20426111,1121.0,27.57,1
25.18546095617928,93.51577080560216,822.0,24.66,0
26.143985,94.579865,1666.0,31.37,1
25.36862409183062,94.70530632821652,1626.0,15.39,0
25.12906,92.97418,720.0,29.82,1
23.860102,92.834056,202.0,25.66,1
25.34013830311576,92.2923482755882,1196.0,1.73,0
27.97395519155739,95.86443252924836,165.0,1.96,0
22.1,92.85,129.0,21.59,1
24.05808333,93.49808333,1244.0,11.22,1
27.039914,95.73282,1020.0,17.03,1
25.530029595780928,94.94460378859377,1436.0,40.35,0
25.067487811193995,93.89578459314804,1772.0,22.76,0
25.598711410453333,93.58579652123709,341.0,20.93,0
25.53633,94.23894,1703.0,19.45,1
24.069444,92.287167,299.0,30.23,1
27.71410340978292,93.84118491149697,1789.0,30.13,0
24.766389,93.457722,476.0,31.62,1
23.663722173033086,93.43400499860412,1101.0,5.51,0
26.9870530671429,95.78046658443112,2084.0,17.99,0
26.976731,95.423103,763.0,29.31,1
27.08110725924746,92.44256884300624,1824.0,49.78,0
22.68434563360552,92.38373034528618,54.0,13.9,0
22.45961903221629,92.41732645483152,178.0,21.94,0
25.935998206181967,92.19302095525538,848.0,3.8,0
22.9801331416388,93.37883739585608,1204.0,9.99,0
28.13236868290373,95.5109447579617,228.0,1.4,0
23.727694,92.736,720.0,27.42,1
24.269144,94.107397,1249.0,30.36,1
25.341478,93.133718,292.0,17.46,1
27.48603,88.53269,1059.0,22.88,1
23.53611111,92.69777778,917.0,34.62,1
24.869028,94.234611,1193.0,31.93,1
27.73800482973009,93.70304532225852,1336.0,13.48,0
27.159185685057324,88.00379635603171,2987.0,40.14,0
25.324806,91.942194,834.0,26.27,1
25.054722,94.526528,1478.0,36.44,1
25.68863902942365,93.54997751595712,186.0,1.73,0
26.0508073790612,93.83154769075156,135.0,1.39,0
25.334333,94.08275,1066.0,36.8,1
25.582694,94.785139,974.0,36.63,1
23.71996389,92.73328889,812.0,25.52,1
24.970875779183327,91.83412475110656,12.0,3.33,0
25.923416592782225,92.16789723582934,726.0,26.19,0
27.99697181401453,95.10714138401164,715.0,8.87,0
24.8610449613384,93.0994211717277,63.0,6.52,0
25.534359914806743,93.37903143122293,650.0,17.49,0
22.475,92.877998,733.0,27.07,1
26.93980032470016,88.2524978892166,1527.0,10.94,0
24.495,94.186181,1219.0,31.04,1
23.439894,92.702301,588.0,37.7,1
24.656306,93.580806,1083.0,38.25,1
22.5306442447632,93.1744408305027,1116.0,33.01,0
26.93957263048076,92.5413675953978,118.0,2.16,0
27.543778,92.982806,641.0,34.07,1
28.85985832820584,94.9502303197048,2246.0,39.75,0
25.61134167519828,92.90939957321264,167.0,6.88,0
26.094578,92.135144,85.0,15.39,1
27.178695,95.735218,880.0,41.3,1
25.648759,94.10616,1558.0,19.72,1
23.457031,92.857686,1049.0,39.87,1
23.734427,93.08625,979.0,32.19,1
27.7425159544984,93.77299139716226,1400.0,27.87,0
25.21606585723165,93.53281491810516,1034.0,26.65,0
25.817164,94.975969,1842.0,27.73,1
24.0,94.0,1138.0,33.17,1
25.74277507956872,92.2216487621412,788.0,3.11,0
25.560028,90.833917,576.0,14.2,1
25.2608,91.8736,1003.0,18.03,1
27.56144008147409,88.13600672082342,4959.0,22.07,0
26.069879997124275,91.6601275745747,144.0,5.87,0
24.60966155316376,93.78140828122916,777.0,1.72,0
27.822556,94.135417,1317.0,27.43,1
24.35,93.53,1124.0,17.11,1
28.09719884306994,95.65588351225126,182.0,2.97,0
26.674139,94.74625,906.0,16.41,1
22.19440905444693,92.53004670130856,156.0,14.0,0
22.56,92.67,492.0,30.59,1
23.877806,93.267609,1668.0,51.07,1
23.59944444,92.72019444,762.0,22.41,1
25.559,94.249,1488.0,28.47,1
24.29270954796421,92.44907598409873,334.0,19.46,0
23.54194444,92.67638889,636.0,37.3,1
26.018177,94.577412,1594.0,17.37,1
25.27884627137939,90.5392425932387,138.0,15.55,0
26.16344131917576,92.28618212034618,59.0,2.14,0
25.14221718582731,93.50023611989342,253.0,8.37,0
27.487261717543408,88.23039519234517,4659.0,55.7,0
24.938111710917727,93.27057045404166,273.0,26.24,0
23.70213889,92.71822222,1060.0,40.3,1
25.039722,92.781889,99.0,34.86,1
28.546605463910247,94.90686046347118,2008.0,28.72,0
26.473059905541064,94.96991335806332,800.0,23.38,0
26.410556,94.961944,657.0,29.19,1
25.651,94.119,1311.0,17.24,1
23.855535,92.648953,73.0,35.74,1
27.357327202837634,93.8944823415156,1089.0,36.45,0
24.80111111,93.65311111,419.0,13.81,1
23.458593,92.905313,906.0,20.78,1
26.249568376733546,93.92347193685748,118.0,5.65,0
25.687,94.12,1404.0,18.94,1
27.5953513119868,93.7000056890869,1726.0,18.07,0
23.339889,93.357889,790.0,25.93,1
25.157592,92.239928,95.0,14.61,1
25.950944,94.019611,473.0,29.76,1
27.077728,93.57163,332.0,31.71,1
23.811369064239443,93.24429551916806,1745.0,38.83,0
25.336054,92.82053,1018.0,8.12,1
25.006838957687847,93.37732585662232,206.0,9.79,0
27.53497323881306,88.70697900253246,2784.0,40.91,0
25.641,94.730878,1762.0,40.2,1
25.7746019,93.9148756,669.0,27.59,1
25.095131,92.350111,168.0,38.18,1
27.31510154171996,95.72400872850515,143.0,5.11,0
27.15193504864581,95.30496305836124,120.0,0.35,0
27.213529305156847,95.12444827636708,113.0,2.13,0
25.43183703313332,93.56179117749971,1275.0,23.91,0
26.860271853795098,94.86530887543697,475.0,21.31,0
28.022249,94.535672,557.0,27.36,1
25.9,94.78917,1047.0,24.7,1
28.26986,95.610757,477.0,23.7,1
23.3765,93.384861,891.0,34.61,1
23.25836551498137,93.41269148539656,1474.0,16.89,0
23.49888889,92.7025,917.0,23.38,1
24.43,93.85,771.0,1.72,1
27.240639,88.306056,963.0,44.51,1
27.57937199197712,93.0677232586934,1530.0,19.15,0
26.951015969118394,95.70846125121012,1123.0,29.49,0
25.453994058302843,94.71144700300408,2224.0,31.7,0
25.46911783520148,94.21493746395558,1704.0,9.29,0
25.505130756357826,90.95326503688447,652.0,10.39,0
23.32944444,92.78861111,695.0,36.01,1
27.274387,93.797815,459.0,22.04,1
28.852213,95.863907,1356.0,42.44,1
27.197417,88.4905,388.0,45.32,1
23.292534509240934,92.51419170409235,340.0,16.53,0
25.36293209389153,91.11430941939084,358.0,34.23,0
24.197474,92.947295,584.0,29.87,1
24.5107501511158,94.29784940127745,676.0,22.42,0
24.29,92.95,968.0,12.52,1
25.696489,91.644528,1244.0,26.81,1
25.552849063114824,94.41564561235369,1083.0,24.41,0
25.205260589734188,93.9212908979624,1474.0,22.91,0
25.771977,93.905846,614.0,10.03,1
23.76083333,92.8475,789.0,29.75,1
25.14980105894101,91.965588477451,19.0,2.82,0
25.81863683699551,93.26184513155582,310.0,12.6,0
24.49854469318211,93.2312406218342,303.0,33.5,0
28.03230778356705,93.46375916895852,674.0,22.69,0
27.088278,93.66925,182.0,9.29,1
23.580139,92.591139,848.0,10.38,1
22.216414699875617,93.23908356599532,1083.0,34.55,0
27.39976323176961,95.82741203253126,147.0,2.85,0
24.92307231654941,93.89961639452108,804.0,3.17,0
27.121293113425192,93.91966827927688,92.0,0.7,0
25.119,93.018,750.0,21.12,1
26.180944,94.249472,660.0,27.0,1
25.742901202619,93.53885466744872,200.0,2.48,0
26.017472,94.254389,1258.0,28.38,1
25.59291781606491,95.11109802892084,762.0,33.27,0
23.412879,92.75401,1105.0,29.8,1
26.5,94.43,443.0,5.16,1
27.47966060566468,92.75351907314962,1711.0,38.56,0
25.13561111,92.3805,178.0,24.94,1
25.0776762996794,92.01135114812318,13.0,3.1,0
24.83,93.88,784.0,3.69,1
25.74181446916727,91.08504582551882,699.0,20.17,0
28.421262552934287,95.3526165041304,1617.0,48.95,0
24.99346769120419,92.22783912256212,16.0,3.1,0
25.09589840327662,94.1865584848325,1251.0,3.43,0
23.563943143349075,92.94596075993952,1542.0,35.7,0
23.64555556,92.72444444,805.0,33.12,1
23.639272,93.066239,876.0,9.19,1
28.265963,94.983464,343.0,21.99,1
27.10348058234223,88.60599089399042,1547.0,24.76,0
27.606621647183605,88.81676598176772,4672.0,22.13,0
25.360132,91.882043,1511.0,27.66,1
26.19349438175328,93.98951198413818,117.0,4.22,0
27.450053285493127,93.21798026543286,1975.0,39.19,0
25.723698782671097,92.20467681240316,807.0,5.18,0
27.545694,88.636,1376.0,31.43,1
28.621593,95.855998,810.0,35.92,1
22.584315284694654,92.7796385694536,334.0,9.27,0
25.63131538231833,92.18831310581088,1051.0,7.06,0
24.783194,93.774694,1007.0,21.46,1
27.375818015226585,93.97586837239196,428.0,11.66,0
23.69277778,92.72055556,978.0,39.33,1
25.181707846439544,94.00732122056166,1125.0,24.28,0
28.80778033924607,94.95936220319652,1542.0,32.5,0
25.622,94.212,915.0,21.16,1
25.33396103090654,92.95523166566552,404.0,18.26,0
25.811075910957303,91.39695834165938,253.0,16.96,0
23.69972222,92.71694444,1002.0,36.11,1
27.571012172612,96.71026744571606,2327.0,33.44,0
25.733444,94.780361,1576.0,43.58,1
24.288014,92.946017,923.0,27.63,1
27.21275,88.391444,1555.0,39.3,1
24.07462,92.91518,764.0,34.78,1
27.230200011730567,88.84257476199332,1692.0,10.97,0
25.21225,92.047306,580.0,13.2,1
24.32,92.84,305.0,53.36,1
22.5,92.74,531.0,27.14,1
27.16483074694855,92.7728571721118,514.0,24.08,0
25.283442240681183,93.91918256594874,1316.0,24.7,0
24.193061,92.992877,249.0,25.51,1
28.77462367628828,96.07569266207857,3670.0,35.11,0
25.86809581918015,93.91912496686764,199.0,8.79,0
25.03559118564377,94.77142421493424,1561.0,21.19,0
27.32888889,88.60777778,1445.0,33.5,1
27.64622029189996,94.8251191873444,115.0,0.82,0
23.714694,92.728694,852.0,22.67,1
25.684,94.119,1444.0,18.94,1
23.38852106272661,92.54698593549296,462.0,28.48,0
25.162306,93.691111,997.0,31.84,1
27.079763,93.573921,332.0,31.39,1
23.53972222,92.71777778,900.0,27.38,1
23.141077,92.75109,870.0,32.36,1
27.382674751873616,93.7368363315974,872.0,39.53,0
25.692,94.11,1415.0,24.2,1
24.401596777416632,93.43316702845088,967.0,40.03,0
23.791511,92.730515,1174.0,34.95,1
28.71637831199572,94.78428811828924,1313.0,35.58,0
28.69785866518321,95.96707008256838,2163.0,34.42,0
24.994546591852203,93.43479757316588,177.0,3.2,0
23.212713,92.930771,707.0,15.13,1
23.21475,93.261139,1452.0,30.22,1
27.30275201218589,93.6790851504776,1445.0,22.46,0
25.95414475662736,95.16195679108772,1729.0,30.23,0
22.486,92.882004,704.0,20.34,1
23.61222222,92.80527778,450.0,24.81,1
25.619381281327342,90.68649376398004,385.0,5.0,0
28.150559454560543,95.7065504029228,206.0,1.05,0
23.902859919567007,93.93910861638356,1493.0,28.52,0
24.277639,94.127278,1244.0,20.13,1
25.683,94.119,1465.0,16.32,1
26.077167,94.542306,1690.0,10.62,1
24.73764287409645,92.56010194525297,27.0,1.85,0
24.98,92.72,37.0,1.79,1
26.97332340404401,95.01849876983631,129.0,0.74,0
25.455333,93.374472,424.0,17.63,1
25.80168709571497,91.82015506541956,658.0,10.55,0
23.43632179914841,92.3353645831211,89.0,4.77,0
27.89452854242872,93.58691641959533,2323.0,13.27,0
25.68690556,91.64915278,1124.0,20.62,1
28.610911862775847,95.77429679182728,1279.0,38.37,0
24.639246068322706,93.8020072287577,768.0,0.0,0
27.422136840545264,93.73810830053456,862.0,20.55,0
28.366191688634363,95.12160850557451,993.0,5.32,0
26.597721451854675,94.85641517063708,615.0,28.42,0
23.320289,92.854914,962.0,30.95,1
23.71707043778098,93.95233602721709,942.0,23.29,0
26.840099386405413,95.63842284116193,1697.0,23.13,0
22.73056127612037,92.36457039252711,198.0,13.32,0
27.529639,88.598139,1464.0,24.18,1
28.254464662522643,95.26803146446662,1319.0,30.19,0
28.6165486578313,95.7179904152484,1377.0,32.37,0
26.58607243532556,94.28980666846893,123.0,1.48,0
23.64638889,92.72527778,836.0,20.13,1
23.41638889,92.72027778,1088.0,30.5,1
26.98139006126989,94.87727117530147,95.0,0.7,0
25.461894,91.830791,1732.0,16.1,1
28.62646837967648,96.0273365549906,1697.0,38.78,0
27.54991273893796,92.86121896064604,1206.0,32.19,0
27.49850857320456,88.39065557950558,2975.0,39.93,0
27.531667,88.606333,1458.0,35.08,1
28.359932228370635,94.73697554274284,1680.0,37.64,0
25.672917,91.06475,990.0,8.45,1
25.13961111,93.01955556,741.0,21.18,1
25.400639,94.620639,2028.0,29.2,1
28.189071904405136,96.66726866931344,1675.0,38.69,0
25.877111,94.34325,840.0,22.3,1
27.257139,88.697556,1390.0,24.52,1
25.54979523345481,93.22409982536294,287.0,8.95,0
25.855647565427365,91.5669252889559,391.0,16.62,0
23.986109,92.681581,448.0,14.72,1
24.199201,92.993156,247.0,41.19,1
25.433396514414344,93.91133921055858,2349.0,45.62,0
23.239137,92.744468,764.0,11.79,1
26.94529326286541,95.2502536854841,382.0,10.67,0
24.229303,92.819002,493.0,13.66,1
25.72903805901087,95.00657907130145,3015.0,59.32,0
25.100967459186634,93.52803278906524,1592.0,7.01,0
27.310871968926943,95.79447411864663,141.0,4.23,0
25.36565,92.5314,1022.0,12.89,1
24.246076,92.948994,696.0,13.76,1
25.47704743,92.16831285,1405.0,10.4,1
23.588444,92.597417,898.0,29.12,1
24.589386165741963,94.26776045783784,712.0,20.23,0
25.622,94.206,985.0,36.97,1
25.660825,91.143689,1162.0,12.6,1
23.08750215904248,93.41693048924424,1032.0,27.73,0
27.46814786778001,88.75963736466534,4388.0,35.4,0
27.57858021801395,94.61966779550886,106.0,1.96,0
23.424128933854373,93.48744051246844,1702.0,32.38,0
23.66194444,92.85416667,834.0,19.7,1
22.908125,92.767128,1061.0,23.22,1
26.95767544137993,95.23570861735168,442.0,14.6,0
27.26063889,88.71438889,1294.0,38.47,1
25.553768027952085,93.50416431025448,330.0,8.3,0
22.884092,92.736252,854.0,32.51,1
22.501471,92.891663,927.0,28.23,1
25.671439,94.225017,861.0,25.31,1
27.0566380884818,88.20569346968381,1152.0,23.79,0
27.726083,88.54975,2702.0,32.63,1
23.5425,92.67666667,656.0,12.77,1
25.652,94.154,1127.0,15.06,1
25.924744,94.454833,1637.0,22.04,1
23.53944444,92.66527778,599.0,22.81,1
23.53861111,92.71805556,912.0,25.4,1
24.842039368189976,92.50467897910632,21.0,1.38,0
25.245012658899043,92.29592139845238,800.0,12.95,0
22.57,92.68,475.0,21.23,1
25.881707576467168,93.83999026001162,150.0,2.07,0
23.34277778,92.77805556,823.0,33.64,1
27.827472,93.972556,723.0,27.89,1
26.212396811454973,92.43813571750782,66.0,1.73,0
26.956697696757377,95.31550369066538,635.0,26.12,0
24.97838058563873,93.37041530589696,346.0,11.8,0
25.46314445798692,94.72195028800355,2317.0,9.58,0
27.348722,88.600556,1259.0,29.25,1
22.889551,92.728073,840.0,19.89,1
25.962494,94.818667,1130.0,27.96,1
25.84,93.98,510.0,20.1,1
25.01809940456851,93.38744749413536,320.0,7.45,0
27.552861,88.622306,1739.0,30.17,1
25.56194444,91.88055556,1552.0,19.22,1
27.39584200073949,93.36417004750776,2749.0,16.71,0
23.891083,92.288361,288.0,26.48,1
23.53324744464835,93.44610715707928,1362.0,18.14,0
25.646762782783565,91.42634777331668,1281.0,3.09,0
23.36556111,93.05125278,696.0,21.54,1
23.83996191849244,93.9661215087616,655.0,23.19,0
24.786357,93.657951,581.0,41.35,1
27.316583,88.178917,1559.0,31.19,1
24.14700504964484,93.78205164225548,848.0,21.83,0
23.056194,92.70047,900.0,5.12,1
22.358999,92.779999,248.0,29.87,1
27.034067189969434,95.78720280041726,1516.0,16.38,0
26.1325028010014,94.9233964097273,1655.0,30.25,0
24.16,93.31,1052.0,32.58,1
23.88375,92.866778,694.0,27.81,1
27.03656678816856,88.30712519156533,1678.0,24.66,0
22.60098807898949,93.06193871210756,1007.0,18.96,0
22.86025,92.70778,533.0,24.28,1
28.58899869954777,96.09957693592324,3867.0,29.48,0
25.226751,91.754441,514.0,28.5,1
27.4927734484538,93.83304732190884,1759.0,14.27,0
28.659535097440784,95.73655724788384,2313.0,26.81,0
23.88139,93.243027,1356.0,30.6,1
27.239972,88.332778,1298.0,18.55,1
28.111496612699227,95.95569436451328,788.0,22.8,0
24.757507516835588,92.69950365271272,34.0,5.53,0
25.03036359777831,92.15226000215112,13.0,0.69,0
25.692,94.444,1302.0,15.16,1
26.045806,92.450778,419.0,28.32,1
26.016389,92.48225,240.0,28.4,1
26.069278,95.023806,1877.0,37.01,1
24.31379722,93.33684722,367.0,28.73,1
23.69925,92.044694,108.0,17.71,1
25.00830934742164,91.73421571928266,11.0,1.72,0
28.43252529043009,94.05464666517231,1088.0,20.81,0
23.53944444,92.685,525.0,32.11,1
23.45138889,92.68,894.0,24.74,1
25.656408,91.900528,947.0,14.93,1
24.55271256875809,92.48483168095076,47.0,8.85,0
27.66060670023236,92.98675878448554,948.0,26.83,0
25.835778,94.429778,1750.0,29.62,1
24.354814,94.258094,832.0,31.1,1
27.296223,96.013675,293.0,26.59,1
23.213892,92.904892,854.0,28.05,1
25.654559969566936,91.52015796719398,1090.0,17.57,0
24.51,92.64,60.0,7.87,1
27.438139,88.527028,1280.0,27.48,1
23.66070769390505,92.44444183582176,413.0,9.06,0
22.853046,92.81588,1154.0,6.19,1
27.46745805165846,93.57389115821786,1105.0,23.31,0
23.695088,93.041426,755.0,33.41,1
27.59071562337872,93.36580009943988,2457.0,31.08,0
27.15901235018076,95.94869698085245,1371.0,20.05,0
28.259561,95.568965,458.0,20.78,1
26.67451748581196,94.41732995895616,127.0,2.78,0
24.948444,94.1555,1033.0,19.88,1
28.129394213938813,94.98146314329864,1528.0,29.47,0
23.397126,92.757203,1253.0,27.45,1
24.6273,93.20404444,184.0,13.27,1
25.207136907759104,92.3134197617546,554.0,42.81,0
23.934222,92.730611,798.0,22.06,1
24.94640790531439,93.3760742435032,496.0,16.15,0
22.873062,92.817093,891.0,27.7,1
23.038668,92.794441,892.0,23.52,1
26.88969,92.12266,261.0,43.8,1
23.299806,92.694901,347.0,24.5,1
25.04414766527922,92.99710626413156,665.0,21.85,0
25.294778,91.930833,1115.0,13.51,1
25.72264420161228,91.7840436323882,790.0,13.2,0
25.617949,94.207166,907.0,35.41,1
26.150124,91.727915,80.0,21.81,1
22.63111755478712,93.1716132804253,1008.0,23.43,0
28.332631207408376,96.03793534392982,2126.0,27.96,0
28.05939,96.48397,503.0,10.05,1
26.98546604538545,88.6612347836192,502.0,4.19,0
23.76111111,92.84777778,790.0,32.57,1
26.022278,94.257556,1314.0,28.41,1
27.554796859399648,94.69126016652572,105.0,2.43,0
25.454017,94.124572,1396.0,19.25,1
25.663,94.097,1422.0,19.04,1
28.470696939110187,94.76297111361606,1671.0,38.78,0
27.121917,88.139472,1256.0,37.11,1
23.59508091968213,92.32629555633088,181.0,20.56,0
25.535056944100667,94.43906957151216,1003.0,31.18,0
23.656556,92.964611,1200.0,24.82,1
23.45081492096037,93.45214197843498,1090.0,3.13,0
22.214504048238272,92.84680625755227,258.0,32.1,0
24.1,92.42,141.0,10.46,1
28.38728829352954,96.4156168131826,3747.0,48.32,0
27.428656307943584,88.40731909305497,2722.0,43.27,0
25.199792116651217,93.41995335698566,756.0,18.76,0
25.36638144428337,93.66126260139002,434.0,12.64,0
22.940655,92.833038,781.0,29.73,1
27.308143,93.059302,1114.0,33.92,1
25.45265178767524,90.61102053627016,453.0,11.01,0
28.64372840346473,94.65318120941843,888.0,17.56,0
24.256583,94.093111,1288.0,29.43,1
26.50742751576665,94.99291873772096,1678.0,24.45,0
23.75204101936485,91.46645739724256,63.0,4.3,0
23.133568,92.64373,174.0,13.65,1
27.17576802152577,93.495751199718,1879.0,37.49,0
27.035069,95.56864,695.0,25.24,1
28.238144,95.774758,846.0,29.96,1
27.763444,93.608278,1006.0,38.1,1
26.3466,93.7356,190.0,18.65,1
24.86254615950318,92.3782568809015,14.0,0.0,0
27.628083,88.685306,2036.0,42.55,1
23.72786111,92.73955556,746.0,26.73,1
24.78986029703256,94.70851683381616,487.0,12.45,0
27.514972,88.565472,1395.0,24.22,1
27.102944,88.404667,922.0,25.51,1
23.02851735659201,92.58330103116448,99.0,7.97,0
25.280528,92.380042,912.0,18.29,1
27.5491343548512,92.78305075602658,1400.0,16.27,0
22.796106,92.991173,1201.0,34.46,1
24.49102741185636,93.74777243333604,783.0,2.46,0
26.789026118529947,95.47127767239432,1446.0,33.96,0
23.38533,92.855433,811.0,19.03,1
23.012404485470896,92.56836199293636,311.0,11.64,0
24.15402778,92.94444444,501.0,30.09,1
28.813805,95.919362,1592.0,31.47,1
27.575588651043937,92.68440630917878,2364.0,30.41,0
25.18425,94.522667,1408.0,30.41,1
27.96756,96.40189,414.0,17.92,1
25.640581,91.89212,1188.0,21.03,1
23.234538,92.637234,817.0,20.66,1
26.056167,94.3065,978.0,32.67,1
23.43954456317629,93.50505699629896,1404.0,20.7,0
27.106944,88.43375,864.0,33.51,1
25.75184858642781,92.4148186150965,955.0,2.08,0
26.77565384810971,92.40858203272334,105.0,2.09,0
28.84850042409156,94.71609950080368,872.0,43.16,0
24.38,92.82,213.0,19.08,1
25.11965118462221,91.87029059820044,11.0,2.06,0
27.06507629755295,94.0172917598629,84.0,1.14,0
28.242444,95.536828,594.0,27.79,1
26.239663872901563,92.26593625239872,75.0,8.52,0
26.45427906849613,93.30612018804538,645.0,17.26,0
23.72972222,92.85305556,767.0,33.25,1
24.812611,94.581278,799.0,22.16,1
25.24881585126858,92.75081450586896,1188.0,14.61,0
27.50505860001753,88.69097161595646,3395.0,24.95,0
23.75083333,92.69527778,766.0,28.6,1
22.880322,92.747818,957.0,36.3,1
23.60861111,92.80972222,498.0,26.65,1
25.36497222,91.02411111,398.0,13.64,1
26.231028,94.217083,453.0,13.67,1
23.408528,93.361278,1260.0,26.45,1
25.602682,93.896846,1564.0,30.63,1
22.71,92.66,608.0,15.56,1
24.87073963804569,93.04961037842838,35.0,6.05,0
27.616380667298984,93.72450633823476,1555.0,14.36,0
27.362444,92.243972,1594.0,41.69,1
27.591833,91.865056,2925.0,17.83,1
23.426031539643,92.540437135316,509.0,27.84,0
23.163136,92.7444,839.0,23.34,1
27.301507481316246,93.57275201893763,1755.0,19.36,0
22.24,92.6,202.0,11.62,1
25.78,93.93,775.0,12.5,1
23.477806,93.310111,1538.0,35.54,1
25.926264425872244,91.45528918326904,62.0,2.92,0
26.929639010589742,93.71441400063,81.0,2.94,0
24.798278,93.394306,345.0,18.49,1
25.45075,92.19452778,1354.0,18.99,1
25.667072,91.091972,969.0,21.24,1
27.5156203297782,88.33485267595354,3766.0,49.92,0
25.25207362534365,94.21620417011084,1299.0,24.55,0
23.34707696099265,92.49972363020892,365.0,27.7,0
25.14584591706961,92.49416455219963,121.0,21.01,0
24.73838889,93.30909722,264.0,25.34,1
25.95825,92.51414,288.0,30.49,1
28.452953328881023,96.44020030845188,3325.0,48.33,0
22.809043887263112,92.19863746819016,87.0,13.63,0
26.89966931626001,88.58477899380769,456.0,31.67,0
26.132333,95.01675,1561.0,22.81,1
25.01649203128352,92.64608351736396,340.0,26.56,0
24.9253403862539,93.13633112803493,86.0,3.55,0
27.6177982065237,93.72640448730552,1546.0,15.5,0
25.062222,94.61475,1020.0,30.03,1
26.871807373717967,95.4949786386928,2017.0,15.97,0
24.73751967219824,94.2896861407728,982.0,24.62,0
23.655417,92.957167,930.0,20.33,1
28.43265634569728,95.7022731564578,1584.0,26.43,0
25.039097,92.436869,331.0,28.77,1
23.73829005146976,93.97871779083655,1316.0,21.79,0
23.195661,92.73562,750.0,22.77,1
24.298028,94.123583,1302.0,32.56,1
23.201084,92.580803,732.0,26.8,1
23.157667,93.279722,1433.0,23.6,1
24.50365600267255,94.27830188942596,721.0,31.68,0
23.59089790854701,92.52699025899844,284.0,16.42,0
24.90574067393064,93.85932746383163,808.0,5.27,0
27.149585747106784,88.77548427846077,2227.0,26.19,0
28.47793324619533,95.65685765395752,1753.0,38.97,0
25.096083,94.515806,1544.0,35.86,1
25.13996114490727,92.69879012518264,1352.0,9.38,0
23.881361,93.257027,1568.0,16.0,1
25.043833504935147,93.75953441908663,1315.0,23.08,0
25.177416,93.00975,691.0,20.98,1
23.4672,92.7193,1197.0,29.74,1
23.241722,93.098254,1162.0,28.21,1
26.065167,92.150639,102.0,23.55,1
27.57955719280024,93.4764181541406,2339.0,31.4,0
23.712306,92.649528,353.0,41.04,1
28.065824761808766,95.53227513222836,176.0,1.06,0
25.407667,94.587222,1679.0,32.98,1
26.41955589380972,93.01397822570476,472.0,7.18,0
26.159667,94.4995,1106.0,35.15,1
26.080139,92.032667,199.0,3.59,1
27.762524707182344,91.82753797050412,4566.0,33.66,0
27.220778,88.279917,1517.0,42.4,1
25.39612331572251,94.3597858816475,1302.0,28.64,0
25.462836112794346,90.41363558654912,1162.0,7.07,0
24.22,94.09,1604.0,37.02,1
26.13825584555933,91.52510010013128,44.0,0.0,0
25.528,93.871,1572.0,42.58,1
23.70166667,92.71944444,1044.0,24.13,1
25.801184133703057,91.2936038204181,336.0,6.0,0
26.91707498230421,88.05104762768869,1154.0,30.97,0
25.496081,91.117675,981.0,18.89,1
27.49136323323322,88.84983191345702,4205.0,43.95,0
23.540457,93.379051,1590.0,33.35,1
25.65,94.03,1510.0,22.7,1
23.447639,93.223611,1487.0,24.91,1
24.921167,94.563361,1238.0,33.75,1
23.145,92.613693,820.0,19.65,1
25.5502,91.618106,1660.0,17.46,1
24.747833,93.462778,513.0,37.36,1
25.14904176903704,93.44414713747548,1300.0,46.54,0
23.60638889,92.7775,376.0,11.94,1
27.10288826020464,88.63897018738061,1992.0,24.36,0
27.093889,92.591389,265.0,30.36,1
27.467539515538054,88.69672406877015,3363.0,32.92,0
23.797361,93.040916,552.0,32.58,1
27.76966913139564,91.74863276309094,3298.0,23.57,0
22.472,92.969002,424.0,29.43,1
27.46973649610219,88.04568553411548,4514.0,38.06,0
25.734508,93.685507,245.0,33.01,1
26.710611,95.020278,689.0,20.27,1
27.221444,88.376167,1632.0,40.12,1
24.795814,93.230263,261.0,33.13,1
25.02815126522298,93.84836329146344,2138.0,6.85,0
22.706999,92.841597,860.0,34.09,1
24.991444,94.2345,1124.0,33.86,1
26.12865150255105,94.81526796376424,1284.0,23.56,0
23.799166,93.132919,1032.0,17.29,1
22.1,92.86,335.0,23.6,1
24.787667,93.666667,662.0,16.67,1
25.46319242930883,93.22966312783754,324.0,13.06,0
27.899454580337984,96.42808342245895,1823.0,50.92,0
26.59242965331984,95.21368327026012,1475.0,19.51,0
25.297993397983323,92.93948948348864,631.0,19.55,0
25.196108556993646,90.96938248804328,14.0,3.4,0
28.28768035927748,96.44952945802964,2054.0,45.33,0
25.481594,94.141694,1699.0,18.01,1
25.43679561457158,90.19233436821168,122.0,5.28,0
24.64528611,93.28593611,570.0,25.85,1
26.984135813240314,93.30227798036977,671.0,39.8,0
25.133289,92.225272,138.0,33.88,1
28.402417,95.245944,593.0,32.49,1
26.343929318743804,90.21748186146694,44.0,2.43,0
25.679,94.07,1269.0,26.73,1
27.524791339905736,94.6686540971095,104.0,4.09,0
25.347697280022143,93.8598295229322,2166.0,13.56,0
27.158111,88.512472,805.0,26.07,1
23.61184179483426,92.52872314224032,361.0,16.18,0
25.47217,94.15433,1489.0,16.42,1
23.892427730316715,93.73235397833712,1019.0,23.11,0
25.38172077836006,92.89252465758094,335.0,49.27,0
25.79725168335769,93.50168689396754,221.0,7.67,0
26.131005838487003,93.05210565233868,86.0,3.17,0
23.478389335582584,93.44240083827282,1179.0,20.95,0
23.316221,92.856217,987.0,27.16,1
25.559,94.251,1557.0,29.03,1
27.10326181816984,88.61117002700767,1535.0,41.76,0
27.6685534477963,95.13669697598006,114.0,1.48,0
27.436722,93.003639,658.0,33.63,1
27.044784640369137,92.44445947820417,1348.0,38.13,0
26.706389,94.631167,139.0,12.95,1
27.64,93.858,1818.0,29.63,1
27.574306,92.999556,527.0,28.27,1
26.968215821439845,88.4777063508043,966.0,20.35,0
23.855028,93.041695,944.0,26.51,1
25.76,93.94,752.0,36.67,1
22.54602148113903,93.09825689797977,418.0,35.1,0
23.277412,92.870285,1000.0,34.65,1
26.11428258171589,92.52335849776972,76.0,2.1,0
24.8842738636352,92.55957938180246,19.0,0.69,0
25.761278,94.072194,1127.0,18.56,1
27.065617661684275,88.15315237102956,1513.0,18.8,0
23.543014469153,92.9316237779652,1351.0,26.93,0
25.6884171401621,92.47082247181048,826.0,10.35,0
22.16,92.8,503.0,36.24,1
23.60111111,92.81305556,565.0,14.05,1
25.645,94.034,1587.0,27.85,1
23.73055556,92.75916667,920.0,37.47,1
23.45027778,92.6825,883.0,17.31,1
26.907480028090696,93.5864954871252,87.0,1.8,0
25.643591,91.890859,1173.0,11.15,1
27.1105,92.537444,1203.0,25.21,1
24.03789728816113,91.8345660305614,61.0,2.08,0
26.356119948643595,91.65408600733214,56.0,2.58,0
25.152167,93.713083,819.0,20.9,1
26.16836808646957,91.48103182740552,52.0,3.74,0
28.295336779796724,95.0662534288806,960.0,26.1,0
25.082747903358698,92.03752528166795,16.0,4.48,0
24.796417,94.398786,1376.0,23.62,1
26.028595754936006,91.45731387971644,47.0,0.52,0
25.59043736869772,91.0913335111834,997.0,9.53,0
22.83664,92.80347,1238.0,41.64,1
27.25675,88.148611,1569.0,31.52,1
27.368710202237104,92.84717321269343,1061.0,7.99,0
25.449746361827145,93.90932368240676,2293.0,17.15,0
22.54095780638784,93.16169446786463,763.0,22.36,0
27.09589,93.62284,365.0,15.07,1
23.630797387102888,92.28075411847942,90.0,4.86,0
24.658497381731845,94.0878887068188,800.0,1.12,0
27.50235517720136,93.60826785429455,1273.0,22.15,0
25.9295365468978,92.13232953476444,753.0,16.69,0
22.25,93.03,1103.0,35.72,1
25.692,94.068,1014.0,34.93,1
23.89638889,92.73638889,1081.0,52.44,1
25.264806983679183,94.72501415922534,2228.0,30.54,0
24.68625,94.170694,913.0,20.12,1
22.83779,92.795959,1164.0,48.06,1
25.806112763874086,91.93401401839148,847.0,20.07,0
24.91080766513316,93.89496323379728,801.0,1.45,0
26.077122,94.559107,1835.0,28.33,1
28.32007859264891,95.64690127287896,910.0,24.67,0
28.029713846454825,96.24888609463608,1751.0,20.75,0
23.88,92.5,761.0,35.23,1
25.14517724935004,94.57085371484216,2375.0,22.53,0
25.141832670321904,91.93671370877486,17.0,1.92,0
23.741389,92.739528,961.0,20.66,1
23.10354167,93.18202778,959.0,20.26,1
23.339144,92.786128,682.0,25.37,1
23.88264195981496,92.082691193165,107.0,18.7,0
24.285871,92.94599,904.0,24.72,1
25.67,94.382,1639.0,33.43,1
25.872268,91.213965,253.0,31.31,1
25.657223891094432,93.74024822795752,473.0,17.12,0
28.117222,95.273075,337.0,25.46,1
28.039330886580448,94.69717748564295,1078.0,25.3,0
25.067548383726727,92.12849499259994,17.0,3.74,0
25.11775,93.647222,1221.0,24.46,1
25.104200165788964,92.68201300286948,979.0,31.91,0
26.994246798289687,88.46592076210175,588.0,18.41,0
25.559222,91.229639,1313.0,23.68,1
23.298166,92.858694,907.0,21.22,1
22.996810473325223,93.34812647691238,1123.0,21.24,0
25.403061,90.724166,360.0,18.07,1
22.963255401314456,93.39753941999506,1082.0,27.27,0
27.25649,93.795077,282.0,6.93,1
23.467262,92.740634,1269.0,40.44,1
24.96756,92.74392,34.0,13.86,1
28.822525,95.93415,1487.0,16.05,1
25.65320105327991,91.74106476993052,1006.0,7.8,0
27.38221671918032,93.59884916231964,1606.0,18.55,0
25.832878930464084,95.20864239079438,2716.0,36.14,0
24.004313,92.904068,906.0,36.18,1
25.100889,94.526556,1526.0,29.11,1
25.07195100472517,91.5455151082692,9.0,0.51,0
23.32531633966953,91.22816019457488,10.0,2.07,0
25.191,93.192,771.0,16.12,1
25.96403,92.51631,267.0,30.86,1
27.04462353450508,93.433906783802,330.0,8.42,0
27.026807593375207,88.32927949908795,1699.0,33.93,0
28.217171134011245,96.7919872553988,2956.0,41.16,0
25.454083,93.375972,415.0,15.11,1
25.415678,94.085361,1532.0,22.28,1
27.16285828922608,95.95594369412945,1082.0,24.11,0
27.361222,93.035778,419.0,36.9,1
27.32687875593502,92.46586734758868,1419.0,45.64,0
24.88503488357276,92.6081108641126,20.0,1.45,0
25.042556,92.435028,302.0,38.33,1
28.430979645780848,95.74166263712112,1293.0,42.27,0
27.782359574910213,88.78739309594982,4605.0,16.45,0
27.35663380490137,88.93774264638023,3844.0,33.2,0
25.703,94.338,1810.0,28.36,1
23.135979,92.747589,860.0,29.99,1
26.381279326489675,94.06970336422684,102.0,3.91,0
22.513,92.992996,945.0,51.32,1
22.29353907850731,92.86585786518708,388.0,20.23,0
26.320806,94.537972,1145.0,16.78,1
25.647,94.361,1705.0,39.56,1
23.618083,92.645028,851.0,22.24,1
26.588056,94.549111,699.0,17.79,1
23.41888889,92.77333333,1263.0,38.41,1
25.25420026939465,92.92412895075203,783.0,8.47,0
26.93911266213208,93.56878166804,105.0,1.4,0
27.58672457642937,93.2137180631078,2436.0,30.3,0
23.808111,93.041779,840.0,14.28,1
26.99691150909429,88.59672547195674,706.0,36.67,0
26.10694722,94.25328889,1374.0,7.97,1
25.037722,92.439556,340.0,27.62,1
25.751980535649096,92.27289379154988,908.0,8.43,0
25.388734307243183,94.76045970788496,1514.0,12.24,0
25.337098851173284,94.7558347809584,939.0,35.29,0
23.545,92.70333333,858.0,34.55,1
27.68953386340897,93.79127472337017,1558.0,24.97,0
25.27340276266744,92.46878635256252,828.0,2.75,0
26.21200292764724,91.63108990051455,50.0,1.47,0
25.662222,94.719444,1364.0,28.5,1
26.57725,95.095694,1484.0,36.76,1
22.38,93.12,1478.0,26.98,1
23.12247802887525,92.484655132006,360.0,16.05,0
22.771872,92.840324,648.0,38.11,1
27.773847,93.595528,731.0,6.35,1
27.654513429794143,94.8429266962634,114.0,1.14,0
25.546553,91.235222,1324.0,23.73,1
23.687031,93.203106,1152.0,38.64,1
27.281692159796894,88.0150302402569,3217.0,24.23,0
27.595817104965093,93.92839201272454,2361.0,21.28,0
25.025639,93.537222,1159.0,26.99,1
22.76767544145212,92.75402007461784,326.0,15.42,0
26.36450451030971,91.75522983282852,50.0,2.85,0
25.094333,94.522528,1540.0,41.78,1
26.13038815336489,94.81452172566009,1347.0,22.73,0
24.37,93.52,995.0,2.46,1
24.944035722993988,92.09143575393536,12.0,1.12,0
23.608306,92.850583,1111.0,31.37,1
24.8175,93.54908,409.0,29.12,1
28.69906271785464,94.38498717945086,3033.0,28.28,0
28.46293003912453,96.67008170474008,3428.0,38.65,0
27.152722,88.190833,1053.0,18.44,1
23.54294,93.384772,1482.0,42.03,1
27.76265263134045,93.74183847282488,947.0,39.08,0
26.02720834180286,91.67211697921478,338.0,9.81,0
28.22053588362165,95.69346048089868,229.0,4.79,0
24.34,92.84,459.0,24.43,1
22.26,93.05,1106.0,5.96,1
27.586694,91.871444,2808.0,6.35,1
23.59397173054249,93.49756844099984,1373.0,3.85,0
26.19530684970616,93.95358213472866,115.0,0.81,0
27.245028,88.524389,467.0,34.79,1
27.4150051255586,88.22589982668879,3214.0,21.26,0
22.88042,92.821692,872.0,22.71,1
27.35861111,88.62027778,1685.0,36.13,1
24.28840278,93.58591389,798.0,24.98,1
23.112483364766263,93.48149008428882,1371.0,34.92,0
27.711100782222115,88.45038446044052,4150.0,38.2,0
23.460792,92.855527,1056.0,13.16,1
24.16,93.97,1276.0,21.54,1
27.444809487095323,93.22747160197412,2205.0,29.66,0
27.4029573370366,93.68824285278068,1129.0,22.23,0
25.025621188319327,92.31471432834236,22.0,1.39,0
26.711222,95.074222,500.0,23.14,1
25.685408900441463,95.00984450235592,1819.0,17.78,0
24.49702333729075,93.41818457578366,746.0,28.25,0
25.129867422350763,91.73476736995605,12.0,3.37,0
28.208784215670075,96.08303518540012,3039.0,34.82,0
28.314610742657788,95.36441960389202,2975.0,36.9,0
23.37533333,92.75472222,1242.0,40.63,1
25.67661,94.02364,1435.0,29.21,1
25.685,94.059,1219.0,21.02,1
28.787486,94.819425,556.0,20.04,1
22.777763,92.833969,661.0,45.96,1
24.97444236144995,94.30084494309511,963.0,11.4,0
24.702722,94.198722,1261.0,31.35,1
23.716556,92.699056,765.0,21.49,1
24.39350685334803,94.39535673747837,187.0,1.03,0
25.56739905916121,93.5294505771631,354.0,2.07,0
26.03853,94.58648,1191.0,23.79,1
27.39614342610305,93.83715060840824,1811.0,32.89,0
28.514083,95.178278,776.0,32.66,1
25.061417,93.604889,976.0,22.03,1
23.42924707861352,92.49657919813724,456.0,25.31,0
25.78,93.82,440.0,31.17,1
24.06,93.57,788.0,15.67,1
23.8665,92.74215,1426.0,39.12,1
27.45045885798675,93.0898716213515,1089.0,31.38,0
24.9755,94.155,1165.0,29.03,1
27.796917410413663,94.62593864636172,508.0,12.32,0
27.35463967511048,92.0536255611152,4056.0,31.72,0
25.88818072019528,92.34003666209549,569.0,8.88,0
24.65608142151194,94.08069609482492,814.0,6.06,0
25.627333,94.211735,939.0,28.96,1
27.03594104149457,88.14439806793753,1526.0,18.42,0
26.93439503345808,92.5840691902542,128.0,1.19,0
27.6384,93.8578,1801.0,20.87,1
25.204556,93.138889,602.0,16.22,1
25.526,93.766,770.0,45.69,1
25.883333234839725,93.25525562967276,197.0,8.84,0
25.650111,94.510556,1214.0,36.2,1
24.645686,94.38249,649.0,39.15,1
25.62790278,91.88801944,1257.0,10.44,1
25.67702312557837,90.65864067538811,302.0,11.32,0
23.45857032555624,92.42949847165336,529.0,21.9,0
24.806570268467155,94.68106781864418,1005.0,17.64,0
25.207389,93.122778,683.0,16.69,1
25.47998563813429,94.3014382834903,2179.0,18.77,0
22.993277,92.72374,426.0,40.48,1
23.735086,92.829525,609.0,23.76,1
28.575932211414514,96.111739652403,3843.0,35.94,0
26.959624913596528,88.3400914538263,1412.0,28.64,0
22.788323,92.833817,745.0,13.31,1
23.784278,92.597111,422.0,17.56,1
27.095969,95.634872,1083.0,32.33,1
28.680880428862032,95.77232944731595,2511.0,46.78,0
24.190378225489813,93.77685414829486,1380.0,30.63,0
22.779978,92.833778,657.0,35.97,1
25.033695986683234,93.72658508390502,1088.0,36.5,0
24.175046158031734,92.88564056334651,166.0,25.72,0
28.291703,95.77618,1081.0,39.42,1
26.919096134491145,94.89308279347182,185.0,13.53,0
22.58856108803175,92.59302951174824,315.0,23.12,0
24.615887971555548,94.50426846463094,505.0,26.33,0
24.18252778,92.94991667,449.0,19.84,1
25.013022200940004,92.35620435770753,24.0,2.06,0
24.49713654634224,93.18723168014635,257.0,19.47,0
25.171564252500925,93.51634321103867,323.0,13.52,0
25.42955,94.053333,1458.0,38.38,1
24.959611422733342,94.28916727329324,917.0,21.7,0
25.646389,94.766389,2011.0,27.12,1
24.09,94.03,1249.0,31.6,1
25.15069444,93.02583333,672.0,16.09,1
23.988570609184123,94.31411640152056,142.0,2.82,0
25.316589,92.687186,915.0,24.24,1
23.533361,92.572139,922.0,11.92,1
23.206253,92.533605,791.0,14.92,1
25.73277778,94.02216667,1037.0,23.87,1
23.63611111,92.72333333,860.0,24.68,1
27.91897,96.33108,1284.0,31.32,1
23.98164723111949,92.84548551550137,236.0,26.25,0
28.25419893998033,96.10384719560956,1972.0,35.23,0
27.39866667,88.62358333,1742.0,27.29,1
25.24016950179694,92.3076054294434,653.0,20.49,0
27.549306,88.644889,1308.0,23.0,1
27.36000907071375,93.23504619573852,1717.0,19.79,0
25.223553,91.671157,898.0,31.94,1
26.477592540794497,95.10197617974238,1637.0,27.91,0
24.884889,94.613222,768.0,25.43,1
23.30536557239568,93.00015753741071,644.0,27.74,0
27.16833372202282,88.97816838453201,2783.0,30.05,0
27.207264,88.672817,739.0,28.09,1
27.10992300898329,88.59563072395407,1789.0,25.42,0
23.630006014441783,92.47025803926329,726.0,26.55,0
23.045388736937173,93.37881747955012,766.0,7.86,0
27.257417,88.418889,859.0,35.01,1
27.06053754266083,88.07997254058024,2304.0,23.84,0
27.358194,92.24325,1584.0,25.18,1
28.401926010551573,96.1493140783131,3177.0,44.45,0
28.402139,95.243944,601.0,15.93,1
23.64333333,92.73444444,724.0,13.78,1
23.68416667,92.85708333,970.0,11.13,1
25.22112245871195,94.63198491512584,2184.0,15.62,0
28.153344384555467,94.88238768085198,1154.0,37.24,0
23.3757285745074,92.68654262306453,302.0,9.23,0
26.107333,94.339139,1268.0,38.22,1
27.11946787687418,88.76361754248063,2594.0,29.1,0
22.236867249638543,93.26910198452126,1910.0,32.77,0
28.0466022953582,95.40012783097826,142.0,1.4,0
25.742030955507065,91.10137310954,672.0,10.16,0
25.214944,93.021611,618.0,20.29,1
27.457369912286403,88.93695245924755,3641.0,4.66,0
23.51611111,92.69833333,774.0,20.88,1
26.339833,93.099972,360.0,22.62,1
27.43758828717369,92.9242459878949,1746.0,13.81,0
26.24450183284211,90.62840258462646,97.0,22.14,0
27.54496607396149,94.0213667807664,1577.0,44.31,0
25.673,94.077,1424.0,26.22,1
27.417154677468123,93.14919146503938,1875.0,17.47,0
23.14572,93.306544,1613.0,25.96,1
27.195703,88.625444,555.0,44.87,1
24.492268359560065,92.97915129516636,175.0,33.81,0
25.24552585976557,94.44249364602858,1549.0,22.48,0
24.926783203828283,92.1665904084327,16.0,0.46,0
26.49928221185148,95.28917027036223,1821.0,10.4,0
24.769556,94.116778,826.0,29.62,1
27.63617117413964,88.82012521388351,5002.0,19.79,0
26.47620295453081,94.9146598166708,574.0,20.58,0
24.889261850213227,92.43076586941378,21.0,2.85,0
25.820367,94.820367,908.0,26.72,1
24.810604073740883,94.66813707120016,1213.0,7.36,0
24.091664,92.796134,898.0,23.4,1
25.199311,91.858857,559.0,15.25,1
23.804193,93.035248,670.0,30.89,1
25.81854981365494,91.809125386748,599.0,8.22,0
26.1107864817188,92.49403900606308,219.0,24.38,0
26.033556,92.468056,280.0,22.21,1
23.74722222,92.71805556,966.0,36.63,1
23.340722,93.081083,1051.0,29.5,1
25.01007022064448,93.873126673543,1356.0,24.08,0
24.887722,94.610194,717.0,22.03,1
24.13,93.99,1285.0,14.09,1
24.82,93.89,778.0,2.13,1
25.65072,94.03294,1703.0,37.83,1
26.98302438789424,88.01531944054786,2312.0,24.37,0
26.21039888659721,93.55963356261464,913.0,27.42,0
25.73341724237304,95.02325439985552,3294.0,27.43,0
23.367333,93.380083,845.0,38.59,1
23.0983,93.17597222,979.0,17.97,1
25.952861,94.021028,474.0,26.82,1
23.72669444,92.69519444,897.0,30.62,1
22.36543601474804,93.20432952450408,780.0,7.79,0
26.788611,95.068194,819.0,16.49,1
25.98291190415076,93.88645815330176,145.0,1.61,0
25.915344,94.828308,667.0,27.61,1
27.296611,93.099056,740.0,24.03,1
23.187661,92.735055,823.0,21.06,1
27.558537017380218,93.13092104311096,1479.0,24.79,0
27.2745,93.797833,459.0,22.04,1
26.08125,91.798278,106.0,24.36,1
25.157361,93.016083,641.0,26.99,1
23.674167,92.596889,1029.0,37.67,1
23.5575,92.7275,697.0,30.04,1
24.83483027841073,93.98934481537844,787.0,2.13,0
27.163556,88.458833,1478.0,30.62,1
25.646,94.033,1564.0,16.27,1
26.23022175666065,94.36583739852205,672.0,13.84,0
27.882886153824924,93.56891040327714,1755.0,16.84,0
23.972940439736263,91.96722982263462,77.0,6.23,0
25.571605398165644,93.66399964147924,585.0,24.47,0
27.299744,95.987092,359.0,23.22,1
23.20209123409716,92.41365262852712,90.0,11.84,0
25.523083,91.268972,1352.0,19.03,1
28.261379,95.566909,478.0,19.1,1
25.236142,94.101983,1110.0,15.49,1
28.2225830169312,95.13109666730378,1713.0,37.38,0
25.714,94.087,1380.0,22.17,1
23.977569110812563,92.83016598025156,205.0,16.66,0
22.93536279691082,93.20429737382266,1119.0,13.66,0
26.59126521306668,94.906832769029,407.0,21.2,0
24.835145,94.340419,1260.0,36.42,1
26.096107429344777,92.66428895804036,64.0,2.1,0
27.5401,88.56929167,1966.0,52.31,1
25.842531,94.787211,552.0,18.33,1
27.26066667,88.53383333,955.0,28.49,1
24.4120452273614,93.96015520801696,888.0,9.19,0
26.13961,94.634561,1355.0,20.93,1
26.941228174810448,95.18850091207908,804.0,13.9,0
24.02804845741701,94.23615032980364,176.0,1.11,0
26.18096,94.81309,2019.0,35.73,1
25.440153,90.881372,538.0,29.67,1
25.192422,92.37705,653.0,23.26,1
25.336950381488105,93.8473643828113,1952.0,20.0,0
28.00766857006011,96.17324947635386,420.0,8.28,0
27.847111,94.783139,522.0,27.54,1
27.184248,92.579624,1374.0,26.03,1
25.116333,94.356833,1709.0,24.49,1
24.89029858252431,92.7554982087139,22.0,3.24,0
25.19,93.3,731.0,28.45,1
24.930944,94.151639,1010.0,21.52,1
24.93490300863956,92.49183920582595,20.0,1.39,0
24.97060256739308,93.89097552468888,859.0,2.53,0
26.028806,94.638389,2004.0,23.3,1
23.684301,92.715511,1036.0,18.47,1
24.410375148262297,93.76706130278951,782.0,2.54,0
22.6595497902026,92.95621766146496,962.0,22.41,0
23.53666667,92.6975,857.0,37.78,1
23.143888,92.909447,650.0,32.94,1
23.393194,93.378917,1121.0,15.22,1
24.751667,93.461667,475.0,34.14,1
25.197888,93.02683,449.0,7.9,1
28.430622,94.674225,534.0,31.14,1
25.77,93.9,565.0,17.39,1
25.53426870217332,94.03383878492448,2591.0,19.41,0
24.62166548251938,94.22716466317614,1090.0,32.08,0
26.049081710578275,92.71533456464206,63.0,3.11,0
25.70087778,91.642902,1247.0,18.34,1
25.16939354758275,93.51149149634902,502.0,16.42,0
24.242764,92.955406,675.0,18.13,1
27.28348623237253,92.99105023851229,1321.0,9.14,0
22.96230251747405,93.16831830366714,1103.0,23.85,0
23.448278,93.207472,1382.0,24.45,1
27.102625,95.645631,1069.0,33.36,1
24.987893201137204,92.34391325321717,19.0,1.02,0
